ISO-10303-21;
HEADER;
/* Generated by software containing ST-Developer
 * from STEP Tools, Inc. (www.steptools.com) 
 */
/* OPTION: using custom renumber hook */

FILE_DESCRIPTION(
/* description */ ('STEP AP242 Edition 2',
'CAx-IF Rec.Pracs.---Representation and Presentation of Product Manufa
cturing Information (PMI)---4.0---2014-10-13',
'CAx-IF Rec.Pracs.---3D Tessellated Geometry---0.4---2014-09-14','2;1',
'CAx-IF Rec.Pracs.---User Defined Attributes---1.5---2016-08-15'),
/* implementation_level */ '2;1');

FILE_NAME(
/* name */ 'Arm_lower2 - Part 1',
/* time_stamp */ '2026-05-19T16:30:27Z',
/* author */ (''),
/* organization */ (''),
/* preprocessor_version */ 'ST-DEVELOPER v20',
/* originating_system */ 'ONSHAPE BY PTC INC, 1.215',
/* authorisation */ '  ');

FILE_SCHEMA (('AP242_MANAGED_MODEL_BASED_3D_ENGINEERING_MIM_LF { 1 0 10303 442 3 1 4 }'));
ENDSEC;

DATA;
#10=SHAPE_REPRESENTATION_RELATIONSHIP('','',#1054,#11);
#11=ADVANCED_BREP_SHAPE_REPRESENTATION('',(#1052),#2388);
#12=CONICAL_SURFACE('',#1121,0.034,0.785398163397448);
#13=B_SPLINE_SURFACE_WITH_KNOTS('',3,1,((#1436,#1437),(#1438,#1439),(#1440,
#1441),(#1442,#1443),(#1444,#1445),(#1446,#1447),(#1448,#1449),(#1450,#1451),
(#1452,#1453),(#1454,#1455),(#1456,#1457),(#1458,#1459),(#1460,#1461),(#1462,
#1463),(#1464,#1465),(#1466,#1467),(#1468,#1469),(#1470,#1471),(#1472,#1473),
(#1474,#1475),(#1476,#1477),(#1478,#1479),(#1480,#1481),(#1482,#1483),(#1484,
#1485),(#1486,#1487),(#1488,#1489),(#1490,#1491),(#1492,#1493),(#1494,#1495),
(#1496,#1497),(#1498,#1499),(#1500,#1501),(#1502,#1503)),.RULED_SURF.,.F.,
 .F.,.F.,(4,2,2,2,2,2,2,2,2,2,2,2,2,2,2,2,4),(2,2),(0.,0.0625,0.125,0.1875,
0.25,0.3125,0.375,0.4375,0.5,0.5625,0.625,0.6875,0.75,0.8125,0.875,0.9375,
1.),(0.,1.),.UNSPECIFIED.);
#14=B_SPLINE_SURFACE_WITH_KNOTS('',3,1,((#1726,#1727),(#1728,#1729),(#1730,
#1731),(#1732,#1733),(#1734,#1735),(#1736,#1737),(#1738,#1739),(#1740,#1741),
(#1742,#1743),(#1744,#1745),(#1746,#1747),(#1748,#1749),(#1750,#1751),(#1752,
#1753),(#1754,#1755),(#1756,#1757),(#1758,#1759),(#1760,#1761),(#1762,#1763),
(#1764,#1765),(#1766,#1767),(#1768,#1769),(#1770,#1771),(#1772,#1773)),
 .RULED_SURF.,.F.,.F.,.F.,(4,2,2,2,2,2,2,2,2,2,2,4),(2,2),(0.,0.0625,0.125,
0.1875,0.25,0.3125,0.375,0.4375,0.5,0.5625,0.625,0.636725688261298),(0.,
0.915294467952415),.UNSPECIFIED.);
#15=B_SPLINE_SURFACE_WITH_KNOTS('',3,1,((#1805,#1806),(#1807,#1808),(#1809,
#1810),(#1811,#1812),(#1813,#1814),(#1815,#1816),(#1817,#1818),(#1819,#1820),
(#1821,#1822),(#1823,#1824),(#1825,#1826),(#1827,#1828),(#1829,#1830),(#1831,
#1832),(#1833,#1834),(#1835,#1836),(#1837,#1838),(#1839,#1840),(#1841,#1842),
(#1843,#1844),(#1845,#1846),(#1847,#1848),(#1849,#1850),(#1851,#1852),(#1853,
#1854),(#1855,#1856),(#1857,#1858),(#1859,#1860),(#1861,#1862),(#1863,#1864),
(#1865,#1866),(#1867,#1868),(#1869,#1870),(#1871,#1872)),.RULED_SURF.,.F.,
 .F.,.F.,(4,2,2,2,2,2,2,2,2,2,2,2,2,2,2,2,4),(2,2),(0.,0.0625,0.125,0.1875,
0.25,0.3125,0.375,0.4375,0.5,0.5625,0.625,0.6875,0.75,0.8125,0.875,0.9375,
1.),(0.,1.),.UNSPECIFIED.);
#16=B_SPLINE_SURFACE_WITH_KNOTS('',1,3,((#1916,#1917,#1918,#1919,#1920,
#1921),(#1922,#1923,#1924,#1925,#1926,#1927)),.RULED_SURF.,.F.,.F.,.F.,
(2,2),(4,2,4),(0.,1.),(0.0995214280101425,0.102387854242999,0.105254151419088),
 .UNSPECIFIED.);
#17=B_SPLINE_SURFACE_WITH_KNOTS('',1,3,((#1928,#1929,#1930,#1931,#1932,
#1933),(#1934,#1935,#1936,#1937,#1938,#1939)),.RULED_SURF.,.F.,.F.,.F.,
(2,2),(4,2,4),(0.,1.),(0.0995220718856452,0.102388524329956,0.105254868847317),
 .UNSPECIFIED.);
#18=B_SPLINE_SURFACE_WITH_KNOTS('',3,1,((#1965,#1966),(#1967,#1968),(#1969,
#1970),(#1971,#1972),(#1973,#1974),(#1975,#1976),(#1977,#1978),(#1979,#1980),
(#1981,#1982),(#1983,#1984),(#1985,#1986),(#1987,#1988),(#1989,#1990),(#1991,
#1992),(#1993,#1994),(#1995,#1996),(#1997,#1998),(#1999,#2000),(#2001,#2002),
(#2003,#2004),(#2005,#2006),(#2007,#2008),(#2009,#2010),(#2011,#2012),(#2013,
#2014),(#2015,#2016),(#2017,#2018),(#2019,#2020),(#2021,#2022),(#2023,#2024),
(#2025,#2026),(#2027,#2028),(#2029,#2030),(#2031,#2032)),.RULED_SURF.,.F.,
 .F.,.F.,(4,2,2,2,2,2,2,2,2,2,2,2,2,2,2,2,4),(2,2),(0.,0.0625,0.125,0.1875,
0.25,0.3125,0.375,0.4375,0.5,0.5625,0.625,0.6875,0.75,0.8125,0.875,0.9375,
1.),(0.,1.),.UNSPECIFIED.);
#19=B_SPLINE_SURFACE_WITH_KNOTS('',3,1,((#2217,#2218),(#2219,#2220),(#2221,
#2222),(#2223,#2224),(#2225,#2226),(#2227,#2228),(#2229,#2230),(#2231,#2232),
(#2233,#2234),(#2235,#2236),(#2237,#2238),(#2239,#2240),(#2241,#2242),(#2243,
#2244),(#2245,#2246),(#2247,#2248),(#2249,#2250),(#2251,#2252),(#2253,#2254),
(#2255,#2256),(#2257,#2258),(#2259,#2260),(#2261,#2262),(#2263,#2264)),
 .RULED_SURF.,.F.,.F.,.F.,(4,2,2,2,2,2,2,2,2,2,2,4),(2,2),(0.,0.0625,0.125,
0.1875,0.25,0.3125,0.375,0.4375,0.5,0.5625,0.625,0.636725688261298),(0.,
0.915294467952415),.UNSPECIFIED.);
#20=B_SPLINE_SURFACE_WITH_KNOTS('',3,1,((#2283,#2284),(#2285,#2286),(#2287,
#2288),(#2289,#2290),(#2291,#2292),(#2293,#2294),(#2295,#2296),(#2297,#2298),
(#2299,#2300),(#2301,#2302),(#2303,#2304),(#2305,#2306),(#2307,#2308),(#2309,
#2310),(#2311,#2312),(#2313,#2314),(#2315,#2316),(#2317,#2318),(#2319,#2320),
(#2321,#2322),(#2323,#2324),(#2325,#2326),(#2327,#2328),(#2329,#2330),(#2331,
#2332),(#2333,#2334),(#2335,#2336),(#2337,#2338),(#2339,#2340),(#2341,#2342),
(#2343,#2344),(#2345,#2346),(#2347,#2348),(#2349,#2350)),.RULED_SURF.,.F.,
 .F.,.F.,(4,2,2,2,2,2,2,2,2,2,2,2,2,2,2,2,4),(2,2),(0.,0.0625,0.125,0.1875,
0.25,0.3125,0.375,0.4375,0.5,0.5625,0.625,0.6875,0.75,0.8125,0.875,0.9375,
1.),(0.,1.),.UNSPECIFIED.);
#21=B_SPLINE_SURFACE_WITH_KNOTS('',1,3,((#2356,#2357,#2358,#2359,#2360,
#2361),(#2362,#2363,#2364,#2365,#2366,#2367)),.RULED_SURF.,.F.,.F.,.F.,
(2,2),(4,2,4),(0.,1.),(0.0995214280101425,0.102387854242999,0.105254151419088),
 .UNSPECIFIED.);
#22=B_SPLINE_SURFACE_WITH_KNOTS('',1,3,((#2368,#2369,#2370,#2371,#2372,
#2373),(#2374,#2375,#2376,#2377,#2378,#2379)),.RULED_SURF.,.F.,.F.,.F.,
(2,2),(4,2,4),(0.,1.),(0.0995220718856452,0.102388524329956,0.105254868847317),
 .UNSPECIFIED.);
#23=B_SPLINE_CURVE_WITH_KNOTS('',3,(#1421,#1422,#1423,#1424),
 .UNSPECIFIED.,.F.,.F.,(4,4),(0.,0.00975954551123676),.UNSPECIFIED.);
#24=B_SPLINE_CURVE_WITH_KNOTS('',3,(#1426,#1427,#1428,#1429),
 .UNSPECIFIED.,.F.,.F.,(4,4),(0.,0.0142319699478073),.UNSPECIFIED.);
#25=B_SPLINE_CURVE_WITH_KNOTS('',3,(#1504,#1505,#1506,#1507,#1508,#1509,
#1510,#1511,#1512,#1513,#1514),.UNSPECIFIED.,.T.,.F.,(1,1,1,1,1,1,1,1,1,
1,1,1,1,1,1),(-0.0023560189029278,-0.00157067926861853,-0.000785339634309266,
0.,0.000785339634309266,0.00157067926861853,0.0023560189029278,0.00314135853723706,
0.00392669817154633,0.0047120378058556,0.00549737744016486,0.00628271707447413,
0.00706805670878339,0.00785339634309266,0.00863873597740192),
 .UNSPECIFIED.);
#26=B_SPLINE_CURVE_WITH_KNOTS('',3,(#1516,#1517,#1518,#1519,#1520,#1521,
#1522,#1523,#1524,#1525,#1526),.UNSPECIFIED.,.T.,.F.,(1,1,1,1,1,1,1,1,1,
1,1,1,1,1,1),(-0.00235323824072978,-0.00156882549381985,-0.000784412746909927,
0.,0.000784412746909927,0.00156882549381985,0.00235323824072978,0.00313765098763971,
0.00392206373454963,0.00470647648145956,0.00549088922836949,0.00627530197527942,
0.00705971472218934,0.00784412746909927,0.0086285402160092),
 .UNSPECIFIED.);
#27=B_SPLINE_CURVE_WITH_KNOTS('',3,(#1528,#1529,#1530,#1531,#1532,#1533,
#1534,#1535,#1536,#1537,#1538),.UNSPECIFIED.,.T.,.F.,(1,1,1,1,1,1,1,1,1,
1,1,1,1,1,1),(-0.00235529621658513,-0.00157019747772342,-0.000785098738861708,
0.,0.000785098738861709,0.00157019747772342,0.00235529621658513,0.00314039495544684,
0.00392549369430854,0.00471059243317025,0.00549569117203196,0.00628078991089367,
0.00706588864975538,0.00785098738861709,0.0086360861274788),
 .UNSPECIFIED.);
#28=B_SPLINE_CURVE_WITH_KNOTS('',3,(#1543,#1544,#1545,#1546,#1547,#1548,
#1549,#1550,#1551,#1552,#1553,#1554,#1555,#1556,#1557,#1558,#1559,#1560),
 .UNSPECIFIED.,.F.,.F.,(4,1,1,1,1,1,1,1,1,1,1,1,1,1,1,4),(0.,0.125,0.25,
0.3125,0.375,0.4375,0.46875,0.484375,0.5,0.515625,0.53125,0.5625,0.625,
0.75,0.875,1.),.UNSPECIFIED.);
#29=B_SPLINE_CURVE_WITH_KNOTS('',3,(#1565,#1566,#1567,#1568,#1569,#1570,
#1571,#1572,#1573,#1574,#1575,#1576,#1577,#1578,#1579,#1580,#1581,#1582,
#1583,#1584,#1585,#1586,#1587,#1588,#1589,#1590,#1591,#1592,#1593,#1594,
#1595,#1596,#1597,#1598,#1599,#1600,#1601,#1602),.UNSPECIFIED.,.F.,.F.,
(4,1,1,1,1,1,1,1,1,1,1,1,1,1,1,1,1,1,1,1,1,1,1,1,1,1,1,1,1,1,1,1,1,1,1,
4),(0.,0.015625,0.0234375,0.02734375,0.03125,0.03515625,0.0390625,0.046875,
0.0546875,0.05859375,0.0625,0.06640625,0.0703125,0.078125,0.09375,0.109375,
0.125,0.15625,0.1875,0.21875,0.25,0.28125,0.3125,0.375,0.4375,0.46875,0.484375,
0.5,0.515625,0.53125,0.5625,0.625,0.6875,0.75,0.875,1.),.UNSPECIFIED.);
#30=B_SPLINE_CURVE_WITH_KNOTS('',3,(#1603,#1604,#1605,#1606,#1607,#1608,
#1609,#1610,#1611,#1612,#1613),.UNSPECIFIED.,.T.,.F.,(1,1,1,1,1,1,1,1,1,
1,1,1,1,1,1),(-0.00235539698525013,-0.00157026465683342,-0.000785132328416711,
0.,0.000785132328416711,0.00157026465683342,0.00235539698525013,0.00314052931366684,
0.00392566164208355,0.00471079397050026,0.00549592629891697,0.00628105862733368,
0.00706619095575039,0.00785132328416711,0.00863645561258381),
 .UNSPECIFIED.);
#31=B_SPLINE_CURVE_WITH_KNOTS('',3,(#1615,#1616,#1617,#1618,#1619,#1620,
#1621,#1622,#1623,#1624,#1625),.UNSPECIFIED.,.T.,.F.,(1,1,1,1,1,1,1,1,1,
1,1,1,1,1,1),(-0.00235486286273347,-0.00156990857515565,-0.000784954287577824,
0.,0.000784954287577824,0.00156990857515565,0.00235486286273347,0.00313981715031129,
0.00392477143788912,0.00470972572546694,0.00549468001304477,0.00627963430062259,
0.00706458858820041,0.00784954287577824,0.00863449716335606),
 .UNSPECIFIED.);
#32=B_SPLINE_CURVE_WITH_KNOTS('',3,(#1627,#1628,#1629,#1630,#1631,#1632,
#1633,#1634,#1635,#1636,#1637),.UNSPECIFIED.,.T.,.F.,(1,1,1,1,1,1,1,1,1,
1,1,1,1,1,1),(-0.00235568561597131,-0.00157045707731421,-0.000785228538657103,
0.,0.000785228538657103,0.00157045707731421,0.00235568561597131,0.00314091415462841,
0.00392614269328551,0.00471137123194262,0.00549659977059972,0.00628182830925682,
0.00706705684791393,0.00785228538657103,0.00863751392522813),
 .UNSPECIFIED.);
#33=B_SPLINE_CURVE_WITH_KNOTS('',3,(#1639,#1640,#1641,#1642,#1643,#1644,
#1645,#1646,#1647,#1648,#1649),.UNSPECIFIED.,.T.,.F.,(1,1,1,1,1,1,1,1,1,
1,1,1,1,1,1),(-0.00235497052881893,-0.00156998035254595,-0.000784990176272976,
0.,0.000784990176272976,0.00156998035254595,0.00235497052881893,0.0031399607050919,
0.00392495088136488,0.00470994105763786,0.00549493123391083,0.00627992141018381,
0.00706491158645678,0.00784990176272976,0.00863489193900274),
 .UNSPECIFIED.);
#34=B_SPLINE_CURVE_WITH_KNOTS('',3,(#1668,#1669,#1670,#1671),
 .UNSPECIFIED.,.F.,.F.,(4,4),(0.,1.),.UNSPECIFIED.);
#35=B_SPLINE_CURVE_WITH_KNOTS('',3,(#1673,#1674,#1675,#1676),
 .UNSPECIFIED.,.F.,.F.,(4,4),(0.0293679400741468,0.039379923288699),
 .UNSPECIFIED.);
#36=B_SPLINE_CURVE_WITH_KNOTS('',3,(#1720,#1721,#1722,#1723),
 .UNSPECIFIED.,.F.,.F.,(4,4),(0.00175392719577947,0.00734318984468093),
 .UNSPECIFIED.);
#37=B_SPLINE_CURVE_WITH_KNOTS('',3,(#1774,#1775,#1776,#1777,#1778),
 .UNSPECIFIED.,.F.,.F.,(4,1,4),(0.0293539778479202,0.0740967898195688,0.118839601791217),
 .UNSPECIFIED.);
#38=B_SPLINE_CURVE_WITH_KNOTS('',3,(#1779,#1780,#1781,#1782),
 .UNSPECIFIED.,.F.,.F.,(4,4),(0.,1.),.UNSPECIFIED.);
#39=B_SPLINE_CURVE_WITH_KNOTS('',3,(#1797,#1798,#1799,#1800),
 .UNSPECIFIED.,.F.,.F.,(4,4),(0.,1.),.UNSPECIFIED.);
#40=B_SPLINE_CURVE_WITH_KNOTS('',3,(#1801,#1802,#1803,#1804),
 .UNSPECIFIED.,.F.,.F.,(4,4),(0.,1.),.UNSPECIFIED.);
#41=B_SPLINE_CURVE_WITH_KNOTS('',3,(#1873,#1874,#1875,#1876),
 .UNSPECIFIED.,.F.,.F.,(4,4),(0.,1.),.UNSPECIFIED.);
#42=B_SPLINE_CURVE_WITH_KNOTS('',3,(#1883,#1884,#1885,#1886),
 .UNSPECIFIED.,.F.,.F.,(4,4),(0.00300680971303713,0.0122488976774734),
 .UNSPECIFIED.);
#43=B_SPLINE_CURVE_WITH_KNOTS('',3,(#1948,#1949,#1950,#1951),
 .UNSPECIFIED.,.F.,.F.,(4,4),(0.00300680971303713,0.0122488976774734),
 .UNSPECIFIED.);
#44=B_SPLINE_CURVE_WITH_KNOTS('',3,(#1955,#1956,#1957,#1958),
 .UNSPECIFIED.,.F.,.F.,(4,4),(0.,0.0142319180424512),.UNSPECIFIED.);
#45=B_SPLINE_CURVE_WITH_KNOTS('',3,(#1960,#1961,#1962,#1963),
 .UNSPECIFIED.,.F.,.F.,(4,4),(0.,0.00975954551123676),.UNSPECIFIED.);
#46=B_SPLINE_CURVE_WITH_KNOTS('',3,(#2033,#2034,#2035,#2036,#2037,#2038,
#2039,#2040,#2041,#2042,#2043),.UNSPECIFIED.,.T.,.F.,(1,1,1,1,1,1,1,1,1,
1,1,1,1,1,1),(-0.0023560189029278,-0.00157067926861853,-0.000785339634309266,
0.,0.000785339634309266,0.00157067926861853,0.0023560189029278,0.00314135853723706,
0.00392669817154633,0.0047120378058556,0.00549737744016486,0.00628271707447413,
0.00706805670878339,0.00785339634309266,0.00863873597740192),
 .UNSPECIFIED.);
#47=B_SPLINE_CURVE_WITH_KNOTS('',3,(#2045,#2046,#2047,#2048,#2049,#2050,
#2051,#2052,#2053,#2054,#2055),.UNSPECIFIED.,.T.,.F.,(1,1,1,1,1,1,1,1,1,
1,1,1,1,1,1),(-0.00235323824072978,-0.00156882549381985,-0.000784412746909927,
0.,0.000784412746909927,0.00156882549381985,0.00235323824072978,0.00313765098763971,
0.00392206373454963,0.00470647648145956,0.00549088922836949,0.00627530197527942,
0.00705971472218934,0.00784412746909927,0.0086285402160092),
 .UNSPECIFIED.);
#48=B_SPLINE_CURVE_WITH_KNOTS('',3,(#2057,#2058,#2059,#2060,#2061,#2062,
#2063,#2064,#2065,#2066,#2067),.UNSPECIFIED.,.T.,.F.,(1,1,1,1,1,1,1,1,1,
1,1,1,1,1,1),(-0.00235529621658513,-0.00157019747772342,-0.000785098738861708,
0.,0.000785098738861709,0.00157019747772342,0.00235529621658513,0.00314039495544684,
0.00392549369430854,0.00471059243317025,0.00549569117203196,0.00628078991089367,
0.00706588864975538,0.00785098738861709,0.0086360861274788),
 .UNSPECIFIED.);
#49=B_SPLINE_CURVE_WITH_KNOTS('',3,(#2072,#2073,#2074,#2075,#2076,#2077,
#2078,#2079,#2080,#2081,#2082,#2083,#2084,#2085,#2086,#2087,#2088,#2089,
#2090,#2091,#2092,#2093,#2094,#2095,#2096,#2097,#2098,#2099,#2100,#2101,
#2102,#2103,#2104,#2105,#2106,#2107,#2108,#2109),.UNSPECIFIED.,.F.,.F.,
(4,1,1,1,1,1,1,1,1,1,1,1,1,1,1,1,1,1,1,1,1,1,1,1,1,1,1,1,1,1,1,1,1,1,1,
4),(0.,0.015625,0.0234375,0.02734375,0.03125,0.03515625,0.0390625,0.046875,
0.0546875,0.05859375,0.0625,0.06640625,0.0703125,0.078125,0.09375,0.109375,
0.125,0.15625,0.1875,0.21875,0.25,0.28125,0.3125,0.375,0.4375,0.46875,0.484375,
0.5,0.515625,0.53125,0.5625,0.625,0.6875,0.75,0.875,1.),.UNSPECIFIED.);
#50=B_SPLINE_CURVE_WITH_KNOTS('',3,(#2114,#2115,#2116,#2117,#2118,#2119,
#2120,#2121,#2122,#2123,#2124,#2125,#2126,#2127,#2128,#2129,#2130,#2131),
 .UNSPECIFIED.,.F.,.F.,(4,1,1,1,1,1,1,1,1,1,1,1,1,1,1,4),(0.,0.125,0.25,
0.3125,0.375,0.4375,0.46875,0.484375,0.5,0.515625,0.53125,0.5625,0.625,
0.75,0.875,1.),.UNSPECIFIED.);
#51=B_SPLINE_CURVE_WITH_KNOTS('',3,(#2132,#2133,#2134,#2135,#2136,#2137,
#2138,#2139,#2140,#2141,#2142),.UNSPECIFIED.,.T.,.F.,(1,1,1,1,1,1,1,1,1,
1,1,1,1,1,1),(-0.00235539698525013,-0.00157026465683342,-0.000785132328416711,
0.,0.000785132328416711,0.00157026465683342,0.00235539698525013,0.00314052931366684,
0.00392566164208355,0.00471079397050026,0.00549592629891697,0.00628105862733368,
0.00706619095575039,0.00785132328416711,0.00863645561258381),
 .UNSPECIFIED.);
#52=B_SPLINE_CURVE_WITH_KNOTS('',3,(#2144,#2145,#2146,#2147,#2148,#2149,
#2150,#2151,#2152,#2153,#2154),.UNSPECIFIED.,.T.,.F.,(1,1,1,1,1,1,1,1,1,
1,1,1,1,1,1),(-0.00235486286273347,-0.00156990857515565,-0.000784954287577824,
0.,0.000784954287577824,0.00156990857515565,0.00235486286273347,0.00313981715031129,
0.00392477143788912,0.00470972572546694,0.00549468001304477,0.00627963430062259,
0.00706458858820041,0.00784954287577824,0.00863449716335606),
 .UNSPECIFIED.);
#53=B_SPLINE_CURVE_WITH_KNOTS('',3,(#2156,#2157,#2158,#2159,#2160,#2161,
#2162,#2163,#2164,#2165,#2166),.UNSPECIFIED.,.T.,.F.,(1,1,1,1,1,1,1,1,1,
1,1,1,1,1,1),(-0.00235568561597131,-0.00157045707731421,-0.000785228538657103,
0.,0.000785228538657103,0.00157045707731421,0.00235568561597131,0.00314091415462841,
0.00392614269328551,0.00471137123194262,0.00549659977059972,0.00628182830925682,
0.00706705684791393,0.00785228538657103,0.00863751392522813),
 .UNSPECIFIED.);
#54=B_SPLINE_CURVE_WITH_KNOTS('',3,(#2168,#2169,#2170,#2171,#2172,#2173,
#2174,#2175,#2176,#2177,#2178),.UNSPECIFIED.,.T.,.F.,(1,1,1,1,1,1,1,1,1,
1,1,1,1,1,1),(-0.00235497052881893,-0.00156998035254595,-0.000784990176272976,
0.,0.000784990176272976,0.00156998035254595,0.00235497052881893,0.0031399607050919,
0.00392495088136488,0.00470994105763786,0.00549493123391083,0.00627992141018381,
0.00706491158645678,0.00784990176272976,0.00863489193900274),
 .UNSPECIFIED.);
#55=B_SPLINE_CURVE_WITH_KNOTS('',3,(#2199,#2200,#2201,#2202),
 .UNSPECIFIED.,.F.,.F.,(4,4),(0.0293679400741468,0.039379923288699),
 .UNSPECIFIED.);
#56=B_SPLINE_CURVE_WITH_KNOTS('',3,(#2204,#2205,#2206,#2207),
 .UNSPECIFIED.,.F.,.F.,(4,4),(0.,1.),.UNSPECIFIED.);
#57=B_SPLINE_CURVE_WITH_KNOTS('',3,(#2211,#2212,#2213,#2214),
 .UNSPECIFIED.,.F.,.F.,(4,4),(0.00175392719577947,0.00734318984468093),
 .UNSPECIFIED.);
#58=B_SPLINE_CURVE_WITH_KNOTS('',3,(#2265,#2266,#2267,#2268),
 .UNSPECIFIED.,.F.,.F.,(4,4),(0.,1.),.UNSPECIFIED.);
#59=B_SPLINE_CURVE_WITH_KNOTS('',3,(#2269,#2270,#2271,#2272,#2273),
 .UNSPECIFIED.,.F.,.F.,(4,1,4),(0.0293539778479202,0.0740967898195688,0.118839601791217),
 .UNSPECIFIED.);
#60=B_SPLINE_CURVE_WITH_KNOTS('',3,(#2275,#2276,#2277,#2278),
 .UNSPECIFIED.,.F.,.F.,(4,4),(0.,1.),.UNSPECIFIED.);
#61=B_SPLINE_CURVE_WITH_KNOTS('',3,(#2279,#2280,#2281,#2282),
 .UNSPECIFIED.,.F.,.F.,(4,4),(0.,1.),.UNSPECIFIED.);
#62=B_SPLINE_CURVE_WITH_KNOTS('',3,(#2351,#2352,#2353,#2354),
 .UNSPECIFIED.,.F.,.F.,(4,4),(0.,0.999999804569974),.UNSPECIFIED.);
#63=PLANE('',#1059);
#64=PLANE('',#1071);
#65=PLANE('',#1072);
#66=PLANE('',#1073);
#67=PLANE('',#1081);
#68=PLANE('',#1082);
#69=PLANE('',#1092);
#70=PLANE('',#1093);
#71=PLANE('',#1097);
#72=PLANE('',#1098);
#73=PLANE('',#1099);
#74=PLANE('',#1100);
#75=PLANE('',#1101);
#76=PLANE('',#1102);
#77=PLANE('',#1110);
#78=PLANE('',#1111);
#79=PLANE('',#1122);
#80=PLANE('',#1123);
#81=PLANE('',#1124);
#82=PLANE('',#1134);
#83=PLANE('',#1135);
#84=PLANE('',#1136);
#85=LINE('',#1378,#136);
#86=LINE('',#1382,#137);
#87=LINE('',#1384,#138);
#88=LINE('',#1398,#139);
#89=LINE('',#1403,#140);
#90=LINE('',#1407,#141);
#91=LINE('',#1411,#142);
#92=LINE('',#1415,#143);
#93=LINE('',#1417,#144);
#94=LINE('',#1419,#145);
#95=LINE('',#1431,#146);
#96=LINE('',#1433,#147);
#97=LINE('',#1435,#148);
#98=LINE('',#1540,#149);
#99=LINE('',#1562,#150);
#100=LINE('',#1563,#151);
#101=LINE('',#1666,#152);
#102=LINE('',#1678,#153);
#103=LINE('',#1680,#154);
#104=LINE('',#1682,#155);
#105=LINE('',#1684,#156);
#106=LINE('',#1686,#157);
#107=LINE('',#1688,#158);
#108=LINE('',#1690,#159);
#109=LINE('',#1692,#160);
#110=LINE('',#1694,#161);
#111=LINE('',#1695,#162);
#112=LINE('',#1697,#163);
#113=LINE('',#1699,#164);
#114=LINE('',#1701,#165);
#115=LINE('',#1703,#166);
#116=LINE('',#1725,#167);
#117=LINE('',#1784,#168);
#118=LINE('',#1789,#169);
#119=LINE('',#1791,#170);
#120=LINE('',#1877,#171);
#121=LINE('',#1879,#172);
#122=LINE('',#1881,#173);
#123=LINE('',#1887,#174);
#124=LINE('',#1889,#175);
#125=LINE('',#1891,#176);
#126=LINE('',#1893,#177);
#127=LINE('',#1895,#178);
#128=LINE('',#1897,#179);
#129=LINE('',#1953,#180);
#130=LINE('',#2069,#181);
#131=LINE('',#2111,#182);
#132=LINE('',#2112,#183);
#133=LINE('',#2195,#184);
#134=LINE('',#2197,#185);
#135=LINE('',#2216,#186);
#136=VECTOR('',#1150,1.);
#137=VECTOR('',#1153,1.);
#138=VECTOR('',#1156,1.);
#139=VECTOR('',#1169,1.);
#140=VECTOR('',#1174,1.);
#141=VECTOR('',#1177,1.);
#142=VECTOR('',#1180,1.);
#143=VECTOR('',#1183,1.);
#144=VECTOR('',#1186,1.);
#145=VECTOR('',#1187,1.);
#146=VECTOR('',#1188,1.);
#147=VECTOR('',#1191,1.);
#148=VECTOR('',#1192,1.);
#149=VECTOR('',#1193,1.);
#150=VECTOR('',#1194,1.);
#151=VECTOR('',#1195,1.);
#152=VECTOR('',#1212,1.);
#153=VECTOR('',#1213,1.);
#154=VECTOR('',#1214,1.);
#155=VECTOR('',#1217,1.);
#156=VECTOR('',#1218,1.);
#157=VECTOR('',#1219,1.);
#158=VECTOR('',#1220,1.);
#159=VECTOR('',#1221,1.);
#160=VECTOR('',#1222,1.);
#161=VECTOR('',#1223,1.);
#162=VECTOR('',#1224,1.);
#163=VECTOR('',#1225,1.);
#164=VECTOR('',#1228,1.);
#165=VECTOR('',#1229,1.);
#166=VECTOR('',#1230,1.);
#167=VECTOR('',#1251,1.);
#168=VECTOR('',#1254,1.);
#169=VECTOR('',#1257,1.);
#170=VECTOR('',#1258,1.);
#171=VECTOR('',#1265,1.);
#172=VECTOR('',#1268,1.);
#173=VECTOR('',#1271,1.);
#174=VECTOR('',#1272,1.);
#175=VECTOR('',#1273,1.);
#176=VECTOR('',#1276,1.);
#177=VECTOR('',#1277,1.);
#178=VECTOR('',#1280,1.);
#179=VECTOR('',#1283,1.);
#180=VECTOR('',#1324,1.);
#181=VECTOR('',#1327,1.);
#182=VECTOR('',#1328,1.);
#183=VECTOR('',#1329,1.);
#184=VECTOR('',#1346,1.);
#185=VECTOR('',#1347,1.);
#186=VECTOR('',#1354,1.);
#187=ORIENTED_EDGE('',*,*,#453,.F.);
#188=ORIENTED_EDGE('',*,*,#454,.F.);
#189=ORIENTED_EDGE('',*,*,#455,.F.);
#190=ORIENTED_EDGE('',*,*,#456,.T.);
#191=ORIENTED_EDGE('',*,*,#457,.F.);
#192=ORIENTED_EDGE('',*,*,#458,.F.);
#193=ORIENTED_EDGE('',*,*,#459,.F.);
#194=ORIENTED_EDGE('',*,*,#460,.F.);
#195=ORIENTED_EDGE('',*,*,#461,.T.);
#196=ORIENTED_EDGE('',*,*,#462,.T.);
#197=ORIENTED_EDGE('',*,*,#463,.T.);
#198=ORIENTED_EDGE('',*,*,#464,.T.);
#199=ORIENTED_EDGE('',*,*,#453,.T.);
#200=ORIENTED_EDGE('',*,*,#465,.T.);
#201=ORIENTED_EDGE('',*,*,#466,.T.);
#202=ORIENTED_EDGE('',*,*,#467,.F.);
#203=ORIENTED_EDGE('',*,*,#468,.T.);
#204=ORIENTED_EDGE('',*,*,#469,.T.);
#205=ORIENTED_EDGE('',*,*,#470,.F.);
#206=ORIENTED_EDGE('',*,*,#471,.F.);
#207=ORIENTED_EDGE('',*,*,#472,.F.);
#208=ORIENTED_EDGE('',*,*,#473,.F.);
#209=ORIENTED_EDGE('',*,*,#465,.F.);
#210=ORIENTED_EDGE('',*,*,#474,.F.);
#211=ORIENTED_EDGE('',*,*,#475,.F.);
#212=ORIENTED_EDGE('',*,*,#476,.T.);
#213=ORIENTED_EDGE('',*,*,#477,.T.);
#214=ORIENTED_EDGE('',*,*,#467,.T.);
#215=ORIENTED_EDGE('',*,*,#478,.T.);
#216=ORIENTED_EDGE('',*,*,#479,.F.);
#217=ORIENTED_EDGE('',*,*,#480,.T.);
#218=ORIENTED_EDGE('',*,*,#481,.T.);
#219=ORIENTED_EDGE('',*,*,#482,.T.);
#220=ORIENTED_EDGE('',*,*,#483,.F.);
#221=ORIENTED_EDGE('',*,*,#484,.T.);
#222=ORIENTED_EDGE('',*,*,#485,.F.);
#223=ORIENTED_EDGE('',*,*,#459,.T.);
#224=ORIENTED_EDGE('',*,*,#486,.T.);
#225=ORIENTED_EDGE('',*,*,#487,.T.);
#226=ORIENTED_EDGE('',*,*,#488,.T.);
#227=ORIENTED_EDGE('',*,*,#489,.T.);
#228=ORIENTED_EDGE('',*,*,#490,.T.);
#229=ORIENTED_EDGE('',*,*,#491,.T.);
#230=ORIENTED_EDGE('',*,*,#492,.F.);
#231=ORIENTED_EDGE('',*,*,#493,.F.);
#232=ORIENTED_EDGE('',*,*,#494,.F.);
#233=ORIENTED_EDGE('',*,*,#495,.F.);
#234=ORIENTED_EDGE('',*,*,#496,.F.);
#235=ORIENTED_EDGE('',*,*,#497,.F.);
#236=ORIENTED_EDGE('',*,*,#498,.F.);
#237=ORIENTED_EDGE('',*,*,#499,.F.);
#238=ORIENTED_EDGE('',*,*,#500,.T.);
#239=ORIENTED_EDGE('',*,*,#501,.T.);
#240=ORIENTED_EDGE('',*,*,#502,.F.);
#241=ORIENTED_EDGE('',*,*,#503,.T.);
#242=ORIENTED_EDGE('',*,*,#478,.F.);
#243=ORIENTED_EDGE('',*,*,#466,.F.);
#244=ORIENTED_EDGE('',*,*,#473,.T.);
#245=ORIENTED_EDGE('',*,*,#503,.F.);
#246=ORIENTED_EDGE('',*,*,#504,.F.);
#247=ORIENTED_EDGE('',*,*,#505,.T.);
#248=ORIENTED_EDGE('',*,*,#506,.F.);
#249=ORIENTED_EDGE('',*,*,#507,.F.);
#250=ORIENTED_EDGE('',*,*,#508,.T.);
#251=ORIENTED_EDGE('',*,*,#509,.T.);
#252=ORIENTED_EDGE('',*,*,#510,.F.);
#253=ORIENTED_EDGE('',*,*,#470,.T.);
#254=ORIENTED_EDGE('',*,*,#511,.T.);
#255=ORIENTED_EDGE('',*,*,#512,.T.);
#256=ORIENTED_EDGE('',*,*,#513,.T.);
#257=ORIENTED_EDGE('',*,*,#474,.T.);
#258=ORIENTED_EDGE('',*,*,#472,.T.);
#259=ORIENTED_EDGE('',*,*,#514,.F.);
#260=ORIENTED_EDGE('',*,*,#515,.F.);
#261=ORIENTED_EDGE('',*,*,#516,.T.);
#262=ORIENTED_EDGE('',*,*,#517,.T.);
#263=ORIENTED_EDGE('',*,*,#518,.F.);
#264=ORIENTED_EDGE('',*,*,#519,.F.);
#265=ORIENTED_EDGE('',*,*,#520,.T.);
#266=ORIENTED_EDGE('',*,*,#521,.T.);
#267=ORIENTED_EDGE('',*,*,#522,.T.);
#268=ORIENTED_EDGE('',*,*,#523,.T.);
#269=ORIENTED_EDGE('',*,*,#504,.T.);
#270=ORIENTED_EDGE('',*,*,#502,.T.);
#271=ORIENTED_EDGE('',*,*,#458,.T.);
#272=ORIENTED_EDGE('',*,*,#524,.T.);
#273=ORIENTED_EDGE('',*,*,#522,.F.);
#274=ORIENTED_EDGE('',*,*,#501,.F.);
#275=ORIENTED_EDGE('',*,*,#525,.T.);
#276=ORIENTED_EDGE('',*,*,#486,.F.);
#277=ORIENTED_EDGE('',*,*,#521,.F.);
#278=ORIENTED_EDGE('',*,*,#526,.F.);
#279=ORIENTED_EDGE('',*,*,#527,.T.);
#280=ORIENTED_EDGE('',*,*,#528,.T.);
#281=ORIENTED_EDGE('',*,*,#529,.F.);
#282=ORIENTED_EDGE('',*,*,#518,.T.);
#283=ORIENTED_EDGE('',*,*,#516,.F.);
#284=ORIENTED_EDGE('',*,*,#530,.F.);
#285=ORIENTED_EDGE('',*,*,#531,.T.);
#286=ORIENTED_EDGE('',*,*,#477,.F.);
#287=ORIENTED_EDGE('',*,*,#532,.T.);
#288=ORIENTED_EDGE('',*,*,#483,.T.);
#289=ORIENTED_EDGE('',*,*,#533,.T.);
#290=ORIENTED_EDGE('',*,*,#499,.T.);
#291=ORIENTED_EDGE('',*,*,#485,.T.);
#292=ORIENTED_EDGE('',*,*,#534,.T.);
#293=ORIENTED_EDGE('',*,*,#475,.T.);
#294=ORIENTED_EDGE('',*,*,#513,.F.);
#295=ORIENTED_EDGE('',*,*,#535,.F.);
#296=ORIENTED_EDGE('',*,*,#460,.T.);
#297=ORIENTED_EDGE('',*,*,#479,.T.);
#298=ORIENTED_EDGE('',*,*,#512,.F.);
#299=ORIENTED_EDGE('',*,*,#536,.F.);
#300=ORIENTED_EDGE('',*,*,#468,.F.);
#301=ORIENTED_EDGE('',*,*,#524,.F.);
#302=ORIENTED_EDGE('',*,*,#457,.T.);
#303=ORIENTED_EDGE('',*,*,#456,.F.);
#304=ORIENTED_EDGE('',*,*,#537,.F.);
#305=ORIENTED_EDGE('',*,*,#538,.T.);
#306=ORIENTED_EDGE('',*,*,#526,.T.);
#307=ORIENTED_EDGE('',*,*,#539,.F.);
#308=ORIENTED_EDGE('',*,*,#540,.F.);
#309=ORIENTED_EDGE('',*,*,#505,.F.);
#310=ORIENTED_EDGE('',*,*,#523,.F.);
#311=ORIENTED_EDGE('',*,*,#506,.T.);
#312=ORIENTED_EDGE('',*,*,#540,.T.);
#313=ORIENTED_EDGE('',*,*,#541,.T.);
#314=ORIENTED_EDGE('',*,*,#542,.F.);
#315=ORIENTED_EDGE('',*,*,#539,.T.);
#316=ORIENTED_EDGE('',*,*,#529,.T.);
#317=ORIENTED_EDGE('',*,*,#543,.F.);
#318=ORIENTED_EDGE('',*,*,#541,.F.);
#319=ORIENTED_EDGE('',*,*,#544,.F.);
#320=ORIENTED_EDGE('',*,*,#545,.T.);
#321=ORIENTED_EDGE('',*,*,#537,.T.);
#322=ORIENTED_EDGE('',*,*,#455,.T.);
#323=ORIENTED_EDGE('',*,*,#546,.T.);
#324=ORIENTED_EDGE('',*,*,#546,.F.);
#325=ORIENTED_EDGE('',*,*,#547,.T.);
#326=ORIENTED_EDGE('',*,*,#548,.T.);
#327=ORIENTED_EDGE('',*,*,#549,.F.);
#328=ORIENTED_EDGE('',*,*,#549,.T.);
#329=ORIENTED_EDGE('',*,*,#547,.F.);
#330=ORIENTED_EDGE('',*,*,#548,.F.);
#331=ORIENTED_EDGE('',*,*,#519,.T.);
#332=ORIENTED_EDGE('',*,*,#517,.F.);
#333=ORIENTED_EDGE('',*,*,#520,.F.);
#334=ORIENTED_EDGE('',*,*,#550,.F.);
#335=ORIENTED_EDGE('',*,*,#551,.T.);
#336=ORIENTED_EDGE('',*,*,#476,.F.);
#337=ORIENTED_EDGE('',*,*,#534,.F.);
#338=ORIENTED_EDGE('',*,*,#484,.F.);
#339=ORIENTED_EDGE('',*,*,#532,.F.);
#340=ORIENTED_EDGE('',*,*,#487,.F.);
#341=ORIENTED_EDGE('',*,*,#525,.F.);
#342=ORIENTED_EDGE('',*,*,#500,.F.);
#343=ORIENTED_EDGE('',*,*,#533,.F.);
#344=ORIENTED_EDGE('',*,*,#498,.T.);
#345=ORIENTED_EDGE('',*,*,#488,.F.);
#346=ORIENTED_EDGE('',*,*,#497,.T.);
#347=ORIENTED_EDGE('',*,*,#482,.F.);
#348=ORIENTED_EDGE('',*,*,#496,.T.);
#349=ORIENTED_EDGE('',*,*,#489,.F.);
#350=ORIENTED_EDGE('',*,*,#495,.T.);
#351=ORIENTED_EDGE('',*,*,#481,.F.);
#352=ORIENTED_EDGE('',*,*,#494,.T.);
#353=ORIENTED_EDGE('',*,*,#490,.F.);
#354=ORIENTED_EDGE('',*,*,#493,.T.);
#355=ORIENTED_EDGE('',*,*,#480,.F.);
#356=ORIENTED_EDGE('',*,*,#492,.T.);
#357=ORIENTED_EDGE('',*,*,#491,.F.);
#358=ORIENTED_EDGE('',*,*,#545,.F.);
#359=ORIENTED_EDGE('',*,*,#552,.T.);
#360=ORIENTED_EDGE('',*,*,#527,.F.);
#361=ORIENTED_EDGE('',*,*,#538,.F.);
#362=ORIENTED_EDGE('',*,*,#510,.T.);
#363=ORIENTED_EDGE('',*,*,#553,.F.);
#364=ORIENTED_EDGE('',*,*,#554,.F.);
#365=ORIENTED_EDGE('',*,*,#555,.T.);
#366=ORIENTED_EDGE('',*,*,#514,.T.);
#367=ORIENTED_EDGE('',*,*,#471,.T.);
#368=ORIENTED_EDGE('',*,*,#469,.F.);
#369=ORIENTED_EDGE('',*,*,#536,.T.);
#370=ORIENTED_EDGE('',*,*,#511,.F.);
#371=ORIENTED_EDGE('',*,*,#556,.F.);
#372=ORIENTED_EDGE('',*,*,#557,.F.);
#373=ORIENTED_EDGE('',*,*,#558,.F.);
#374=ORIENTED_EDGE('',*,*,#559,.T.);
#375=ORIENTED_EDGE('',*,*,#560,.F.);
#376=ORIENTED_EDGE('',*,*,#561,.F.);
#377=ORIENTED_EDGE('',*,*,#462,.F.);
#378=ORIENTED_EDGE('',*,*,#562,.T.);
#379=ORIENTED_EDGE('',*,*,#563,.F.);
#380=ORIENTED_EDGE('',*,*,#564,.F.);
#381=ORIENTED_EDGE('',*,*,#565,.F.);
#382=ORIENTED_EDGE('',*,*,#566,.F.);
#383=ORIENTED_EDGE('',*,*,#567,.F.);
#384=ORIENTED_EDGE('',*,*,#568,.T.);
#385=ORIENTED_EDGE('',*,*,#569,.T.);
#386=ORIENTED_EDGE('',*,*,#570,.T.);
#387=ORIENTED_EDGE('',*,*,#571,.T.);
#388=ORIENTED_EDGE('',*,*,#572,.T.);
#389=ORIENTED_EDGE('',*,*,#573,.T.);
#390=ORIENTED_EDGE('',*,*,#574,.T.);
#391=ORIENTED_EDGE('',*,*,#575,.T.);
#392=ORIENTED_EDGE('',*,*,#509,.F.);
#393=ORIENTED_EDGE('',*,*,#576,.T.);
#394=ORIENTED_EDGE('',*,*,#577,.F.);
#395=ORIENTED_EDGE('',*,*,#578,.F.);
#396=ORIENTED_EDGE('',*,*,#531,.F.);
#397=ORIENTED_EDGE('',*,*,#551,.F.);
#398=ORIENTED_EDGE('',*,*,#530,.T.);
#399=ORIENTED_EDGE('',*,*,#550,.T.);
#400=ORIENTED_EDGE('',*,*,#579,.F.);
#401=ORIENTED_EDGE('',*,*,#576,.F.);
#402=ORIENTED_EDGE('',*,*,#508,.F.);
#403=ORIENTED_EDGE('',*,*,#580,.F.);
#404=ORIENTED_EDGE('',*,*,#463,.F.);
#405=ORIENTED_EDGE('',*,*,#561,.T.);
#406=ORIENTED_EDGE('',*,*,#581,.F.);
#407=ORIENTED_EDGE('',*,*,#577,.T.);
#408=ORIENTED_EDGE('',*,*,#579,.T.);
#409=ORIENTED_EDGE('',*,*,#582,.F.);
#410=ORIENTED_EDGE('',*,*,#553,.T.);
#411=ORIENTED_EDGE('',*,*,#575,.F.);
#412=ORIENTED_EDGE('',*,*,#583,.F.);
#413=ORIENTED_EDGE('',*,*,#559,.F.);
#414=ORIENTED_EDGE('',*,*,#584,.F.);
#415=ORIENTED_EDGE('',*,*,#562,.F.);
#416=ORIENTED_EDGE('',*,*,#461,.F.);
#417=ORIENTED_EDGE('',*,*,#535,.T.);
#418=ORIENTED_EDGE('',*,*,#515,.T.);
#419=ORIENTED_EDGE('',*,*,#555,.F.);
#420=ORIENTED_EDGE('',*,*,#585,.F.);
#421=ORIENTED_EDGE('',*,*,#582,.T.);
#422=ORIENTED_EDGE('',*,*,#580,.T.);
#423=ORIENTED_EDGE('',*,*,#507,.T.);
#424=ORIENTED_EDGE('',*,*,#542,.T.);
#425=ORIENTED_EDGE('',*,*,#543,.T.);
#426=ORIENTED_EDGE('',*,*,#528,.F.);
#427=ORIENTED_EDGE('',*,*,#552,.F.);
#428=ORIENTED_EDGE('',*,*,#544,.T.);
#429=ORIENTED_EDGE('',*,*,#454,.T.);
#430=ORIENTED_EDGE('',*,*,#464,.F.);
#431=ORIENTED_EDGE('',*,*,#554,.T.);
#432=ORIENTED_EDGE('',*,*,#584,.T.);
#433=ORIENTED_EDGE('',*,*,#563,.T.);
#434=ORIENTED_EDGE('',*,*,#585,.T.);
#435=ORIENTED_EDGE('',*,*,#560,.T.);
#436=ORIENTED_EDGE('',*,*,#583,.T.);
#437=ORIENTED_EDGE('',*,*,#578,.T.);
#438=ORIENTED_EDGE('',*,*,#581,.T.);
#439=ORIENTED_EDGE('',*,*,#574,.F.);
#440=ORIENTED_EDGE('',*,*,#564,.T.);
#441=ORIENTED_EDGE('',*,*,#573,.F.);
#442=ORIENTED_EDGE('',*,*,#558,.T.);
#443=ORIENTED_EDGE('',*,*,#572,.F.);
#444=ORIENTED_EDGE('',*,*,#565,.T.);
#445=ORIENTED_EDGE('',*,*,#571,.F.);
#446=ORIENTED_EDGE('',*,*,#557,.T.);
#447=ORIENTED_EDGE('',*,*,#570,.F.);
#448=ORIENTED_EDGE('',*,*,#566,.T.);
#449=ORIENTED_EDGE('',*,*,#569,.F.);
#450=ORIENTED_EDGE('',*,*,#556,.T.);
#451=ORIENTED_EDGE('',*,*,#568,.F.);
#452=ORIENTED_EDGE('',*,*,#567,.T.);
#453=EDGE_CURVE('',#586,#587,#688,.T.);
#454=EDGE_CURVE('',#588,#586,#85,.T.);
#455=EDGE_CURVE('',#589,#588,#689,.T.);
#456=EDGE_CURVE('',#589,#587,#86,.T.);
#457=EDGE_CURVE('',#590,#587,#87,.T.);
#458=EDGE_CURVE('',#591,#590,#690,.T.);
#459=EDGE_CURVE('',#592,#591,#691,.T.);
#460=EDGE_CURVE('',#593,#592,#692,.T.);
#461=EDGE_CURVE('',#593,#594,#693,.T.);
#462=EDGE_CURVE('',#594,#595,#694,.T.);
#463=EDGE_CURVE('',#595,#596,#695,.T.);
#464=EDGE_CURVE('',#596,#586,#88,.T.);
#465=EDGE_CURVE('',#597,#598,#696,.F.);
#466=EDGE_CURVE('',#598,#599,#89,.F.);
#467=EDGE_CURVE('',#600,#599,#697,.F.);
#468=EDGE_CURVE('',#600,#601,#90,.F.);
#469=EDGE_CURVE('',#601,#602,#698,.F.);
#470=EDGE_CURVE('',#603,#602,#91,.F.);
#471=EDGE_CURVE('',#604,#603,#699,.F.);
#472=EDGE_CURVE('',#597,#604,#92,.F.);
#473=EDGE_CURVE('',#598,#605,#93,.T.);
#474=EDGE_CURVE('',#606,#597,#94,.T.);
#475=EDGE_CURVE('',#607,#606,#23,.T.);
#476=EDGE_CURVE('',#607,#608,#24,.T.);
#477=EDGE_CURVE('',#608,#605,#95,.T.);
#478=EDGE_CURVE('',#599,#609,#96,.T.);
#479=EDGE_CURVE('',#600,#609,#97,.T.);
#480=EDGE_CURVE('',#610,#610,#25,.T.);
#481=EDGE_CURVE('',#611,#611,#26,.T.);
#482=EDGE_CURVE('',#612,#612,#27,.T.);
#483=EDGE_CURVE('',#613,#614,#98,.T.);
#484=EDGE_CURVE('',#613,#615,#28,.T.);
#485=EDGE_CURVE('',#592,#615,#99,.T.);
#486=EDGE_CURVE('',#591,#616,#100,.T.);
#487=EDGE_CURVE('',#616,#614,#29,.T.);
#488=EDGE_CURVE('',#617,#617,#30,.T.);
#489=EDGE_CURVE('',#618,#618,#31,.T.);
#490=EDGE_CURVE('',#619,#619,#32,.T.);
#491=EDGE_CURVE('',#620,#620,#33,.T.);
#492=EDGE_CURVE('',#621,#621,#700,.T.);
#493=EDGE_CURVE('',#622,#622,#701,.T.);
#494=EDGE_CURVE('',#623,#623,#702,.T.);
#495=EDGE_CURVE('',#624,#624,#703,.T.);
#496=EDGE_CURVE('',#625,#625,#704,.T.);
#497=EDGE_CURVE('',#626,#626,#705,.T.);
#498=EDGE_CURVE('',#627,#627,#706,.T.);
#499=EDGE_CURVE('',#628,#605,#101,.T.);
#500=EDGE_CURVE('',#628,#629,#34,.T.);
#501=EDGE_CURVE('',#629,#630,#35,.T.);
#502=EDGE_CURVE('',#631,#630,#102,.T.);
#503=EDGE_CURVE('',#631,#605,#103,.T.);
#504=EDGE_CURVE('',#632,#631,#104,.T.);
#505=EDGE_CURVE('',#632,#633,#105,.T.);
#506=EDGE_CURVE('',#634,#633,#106,.T.);
#507=EDGE_CURVE('',#635,#634,#107,.T.);
#508=EDGE_CURVE('',#635,#636,#108,.T.);
#509=EDGE_CURVE('',#636,#637,#109,.T.);
#510=EDGE_CURVE('',#603,#637,#110,.T.);
#511=EDGE_CURVE('',#602,#638,#111,.T.);
#512=EDGE_CURVE('',#638,#609,#112,.T.);
#513=EDGE_CURVE('',#639,#606,#113,.T.);
#514=EDGE_CURVE('',#640,#604,#114,.T.);
#515=EDGE_CURVE('',#639,#640,#115,.T.);
#516=EDGE_CURVE('',#641,#641,#707,.T.);
#517=EDGE_CURVE('',#642,#642,#708,.T.);
#518=EDGE_CURVE('',#643,#643,#709,.F.);
#519=EDGE_CURVE('',#644,#644,#710,.F.);
#520=EDGE_CURVE('',#645,#645,#711,.T.);
#521=EDGE_CURVE('',#646,#646,#712,.T.);
#522=EDGE_CURVE('',#630,#647,#36,.F.);
#523=EDGE_CURVE('',#647,#632,#116,.T.);
#524=EDGE_CURVE('',#590,#647,#37,.T.);
#525=EDGE_CURVE('',#629,#616,#38,.T.);
#526=EDGE_CURVE('',#648,#649,#117,.T.);
#527=EDGE_CURVE('',#648,#650,#713,.T.);
#528=EDGE_CURVE('',#650,#651,#118,.T.);
#529=EDGE_CURVE('',#649,#651,#119,.T.);
#530=EDGE_CURVE('',#652,#652,#714,.F.);
#531=EDGE_CURVE('',#653,#653,#715,.T.);
#532=EDGE_CURVE('',#608,#613,#39,.T.);
#533=EDGE_CURVE('',#614,#628,#40,.T.);
#534=EDGE_CURVE('',#615,#607,#41,.T.);
#535=EDGE_CURVE('',#593,#639,#120,.T.);
#536=EDGE_CURVE('',#601,#638,#121,.T.);
#537=EDGE_CURVE('',#654,#589,#122,.F.);
#538=EDGE_CURVE('',#654,#648,#42,.T.);
#539=EDGE_CURVE('',#655,#649,#123,.T.);
#540=EDGE_CURVE('',#633,#655,#124,.T.);
#541=EDGE_CURVE('',#655,#656,#125,.T.);
#542=EDGE_CURVE('',#634,#656,#126,.T.);
#543=EDGE_CURVE('',#656,#651,#127,.T.);
#544=EDGE_CURVE('',#657,#588,#128,.F.);
#545=EDGE_CURVE('',#657,#654,#716,.T.);
#546=EDGE_CURVE('',#658,#658,#717,.F.);
#547=EDGE_CURVE('',#659,#659,#718,.T.);
#548=EDGE_CURVE('',#660,#660,#719,.F.);
#549=EDGE_CURVE('',#661,#661,#720,.T.);
#550=EDGE_CURVE('',#662,#662,#721,.F.);
#551=EDGE_CURVE('',#663,#663,#722,.T.);
#552=EDGE_CURVE('',#657,#650,#43,.T.);
#553=EDGE_CURVE('',#664,#637,#129,.T.);
#554=EDGE_CURVE('',#665,#664,#44,.F.);
#555=EDGE_CURVE('',#665,#640,#45,.T.);
#556=EDGE_CURVE('',#666,#666,#46,.T.);
#557=EDGE_CURVE('',#667,#667,#47,.T.);
#558=EDGE_CURVE('',#668,#668,#48,.T.);
#559=EDGE_CURVE('',#669,#670,#130,.T.);
#560=EDGE_CURVE('',#671,#670,#49,.T.);
#561=EDGE_CURVE('',#595,#671,#131,.T.);
#562=EDGE_CURVE('',#594,#672,#132,.T.);
#563=EDGE_CURVE('',#669,#672,#50,.T.);
#564=EDGE_CURVE('',#673,#673,#51,.T.);
#565=EDGE_CURVE('',#674,#674,#52,.T.);
#566=EDGE_CURVE('',#675,#675,#53,.T.);
#567=EDGE_CURVE('',#676,#676,#54,.T.);
#568=EDGE_CURVE('',#677,#677,#723,.T.);
#569=EDGE_CURVE('',#678,#678,#724,.T.);
#570=EDGE_CURVE('',#679,#679,#725,.T.);
#571=EDGE_CURVE('',#680,#680,#726,.T.);
#572=EDGE_CURVE('',#681,#681,#727,.T.);
#573=EDGE_CURVE('',#682,#682,#728,.T.);
#574=EDGE_CURVE('',#683,#683,#729,.T.);
#575=EDGE_CURVE('',#684,#637,#133,.T.);
#576=EDGE_CURVE('',#636,#685,#134,.T.);
#577=EDGE_CURVE('',#686,#685,#55,.T.);
#578=EDGE_CURVE('',#684,#686,#56,.T.);
#579=EDGE_CURVE('',#685,#687,#57,.F.);
#580=EDGE_CURVE('',#687,#635,#135,.T.);
#581=EDGE_CURVE('',#686,#671,#58,.T.);
#582=EDGE_CURVE('',#596,#687,#59,.T.);
#583=EDGE_CURVE('',#670,#684,#60,.T.);
#584=EDGE_CURVE('',#664,#669,#61,.T.);
#585=EDGE_CURVE('',#672,#665,#62,.T.);
#586=VERTEX_POINT('',#1376);
#587=VERTEX_POINT('',#1377);
#588=VERTEX_POINT('',#1379);
#589=VERTEX_POINT('',#1381);
#590=VERTEX_POINT('',#1385);
#591=VERTEX_POINT('',#1387);
#592=VERTEX_POINT('',#1389);
#593=VERTEX_POINT('',#1391);
#594=VERTEX_POINT('',#1393);
#595=VERTEX_POINT('',#1395);
#596=VERTEX_POINT('',#1397);
#597=VERTEX_POINT('',#1401);
#598=VERTEX_POINT('',#1402);
#599=VERTEX_POINT('',#1404);
#600=VERTEX_POINT('',#1406);
#601=VERTEX_POINT('',#1408);
#602=VERTEX_POINT('',#1410);
#603=VERTEX_POINT('',#1412);
#604=VERTEX_POINT('',#1414);
#605=VERTEX_POINT('',#1418);
#606=VERTEX_POINT('',#1420);
#607=VERTEX_POINT('',#1425);
#608=VERTEX_POINT('',#1430);
#609=VERTEX_POINT('',#1434);
#610=VERTEX_POINT('',#1515);
#611=VERTEX_POINT('',#1527);
#612=VERTEX_POINT('',#1539);
#613=VERTEX_POINT('',#1541);
#614=VERTEX_POINT('',#1542);
#615=VERTEX_POINT('',#1561);
#616=VERTEX_POINT('',#1564);
#617=VERTEX_POINT('',#1614);
#618=VERTEX_POINT('',#1626);
#619=VERTEX_POINT('',#1638);
#620=VERTEX_POINT('',#1650);
#621=VERTEX_POINT('',#1653);
#622=VERTEX_POINT('',#1655);
#623=VERTEX_POINT('',#1657);
#624=VERTEX_POINT('',#1659);
#625=VERTEX_POINT('',#1661);
#626=VERTEX_POINT('',#1663);
#627=VERTEX_POINT('',#1665);
#628=VERTEX_POINT('',#1667);
#629=VERTEX_POINT('',#1672);
#630=VERTEX_POINT('',#1677);
#631=VERTEX_POINT('',#1679);
#632=VERTEX_POINT('',#1683);
#633=VERTEX_POINT('',#1685);
#634=VERTEX_POINT('',#1687);
#635=VERTEX_POINT('',#1689);
#636=VERTEX_POINT('',#1691);
#637=VERTEX_POINT('',#1693);
#638=VERTEX_POINT('',#1696);
#639=VERTEX_POINT('',#1700);
#640=VERTEX_POINT('',#1702);
#641=VERTEX_POINT('',#1706);
#642=VERTEX_POINT('',#1708);
#643=VERTEX_POINT('',#1711);
#644=VERTEX_POINT('',#1713);
#645=VERTEX_POINT('',#1716);
#646=VERTEX_POINT('',#1718);
#647=VERTEX_POINT('',#1724);
#648=VERTEX_POINT('',#1785);
#649=VERTEX_POINT('',#1786);
#650=VERTEX_POINT('',#1788);
#651=VERTEX_POINT('',#1790);
#652=VERTEX_POINT('',#1793);
#653=VERTEX_POINT('',#1795);
#654=VERTEX_POINT('',#1882);
#655=VERTEX_POINT('',#1888);
#656=VERTEX_POINT('',#1892);
#657=VERTEX_POINT('',#1898);
#658=VERTEX_POINT('',#1901);
#659=VERTEX_POINT('',#1904);
#660=VERTEX_POINT('',#1907);
#661=VERTEX_POINT('',#1909);
#662=VERTEX_POINT('',#1913);
#663=VERTEX_POINT('',#1915);
#664=VERTEX_POINT('',#1954);
#665=VERTEX_POINT('',#1959);
#666=VERTEX_POINT('',#2044);
#667=VERTEX_POINT('',#2056);
#668=VERTEX_POINT('',#2068);
#669=VERTEX_POINT('',#2070);
#670=VERTEX_POINT('',#2071);
#671=VERTEX_POINT('',#2110);
#672=VERTEX_POINT('',#2113);
#673=VERTEX_POINT('',#2143);
#674=VERTEX_POINT('',#2155);
#675=VERTEX_POINT('',#2167);
#676=VERTEX_POINT('',#2179);
#677=VERTEX_POINT('',#2182);
#678=VERTEX_POINT('',#2184);
#679=VERTEX_POINT('',#2186);
#680=VERTEX_POINT('',#2188);
#681=VERTEX_POINT('',#2190);
#682=VERTEX_POINT('',#2192);
#683=VERTEX_POINT('',#2194);
#684=VERTEX_POINT('',#2196);
#685=VERTEX_POINT('',#2198);
#686=VERTEX_POINT('',#2203);
#687=VERTEX_POINT('',#2215);
#688=CIRCLE('',#1057,0.034);
#689=CIRCLE('',#1058,0.034);
#690=CIRCLE('',#1060,0.04);
#691=CIRCLE('',#1061,0.04);
#692=CIRCLE('',#1062,0.04);
#693=CIRCLE('',#1063,0.04);
#694=CIRCLE('',#1064,0.04);
#695=CIRCLE('',#1065,0.04);
#696=CIRCLE('',#1067,0.03);
#697=CIRCLE('',#1068,0.03);
#698=CIRCLE('',#1069,0.03);
#699=CIRCLE('',#1070,0.03);
#700=CIRCLE('',#1074,0.001);
#701=CIRCLE('',#1075,0.001);
#702=CIRCLE('',#1076,0.001);
#703=CIRCLE('',#1077,0.001);
#704=CIRCLE('',#1078,0.001);
#705=CIRCLE('',#1079,0.001);
#706=CIRCLE('',#1080,0.001);
#707=CIRCLE('',#1084,0.00125);
#708=CIRCLE('',#1085,0.00125);
#709=CIRCLE('',#1087,0.00125);
#710=CIRCLE('',#1088,0.00125);
#711=CIRCLE('',#1090,0.0015);
#712=CIRCLE('',#1091,0.0015);
#713=CIRCLE('',#1094,0.026);
#714=CIRCLE('',#1095,0.00125);
#715=CIRCLE('',#1096,0.00125);
#716=CIRCLE('',#1103,0.032);
#717=CIRCLE('',#1104,0.029);
#718=CIRCLE('',#1106,0.029);
#719=CIRCLE('',#1108,0.01);
#720=CIRCLE('',#1109,0.01);
#721=CIRCLE('',#1112,0.00125);
#722=CIRCLE('',#1113,0.00125);
#723=CIRCLE('',#1125,0.001);
#724=CIRCLE('',#1126,0.001);
#725=CIRCLE('',#1127,0.001);
#726=CIRCLE('',#1128,0.001);
#727=CIRCLE('',#1129,0.001);
#728=CIRCLE('',#1130,0.001);
#729=CIRCLE('',#1131,0.001);
#730=EDGE_LOOP('',(#187,#188,#189,#190));
#731=EDGE_LOOP('',(#191,#192,#193,#194,#195,#196,#197,#198,#199));
#732=EDGE_LOOP('',(#200,#201,#202,#203,#204,#205,#206,#207));
#733=EDGE_LOOP('',(#208,#209,#210,#211,#212,#213));
#734=EDGE_LOOP('',(#214,#215,#216));
#735=EDGE_LOOP('',(#217));
#736=EDGE_LOOP('',(#218));
#737=EDGE_LOOP('',(#219));
#738=EDGE_LOOP('',(#220,#221,#222,#223,#224,#225));
#739=EDGE_LOOP('',(#226));
#740=EDGE_LOOP('',(#227));
#741=EDGE_LOOP('',(#228));
#742=EDGE_LOOP('',(#229));
#743=EDGE_LOOP('',(#230));
#744=EDGE_LOOP('',(#231));
#745=EDGE_LOOP('',(#232));
#746=EDGE_LOOP('',(#233));
#747=EDGE_LOOP('',(#234));
#748=EDGE_LOOP('',(#235));
#749=EDGE_LOOP('',(#236));
#750=EDGE_LOOP('',(#237,#238,#239,#240,#241));
#751=EDGE_LOOP('',(#242,#243,#244,#245,#246,#247,#248,#249,#250,#251,#252,
#253,#254,#255));
#752=EDGE_LOOP('',(#256,#257,#258,#259,#260));
#753=EDGE_LOOP('',(#261));
#754=EDGE_LOOP('',(#262));
#755=EDGE_LOOP('',(#263));
#756=EDGE_LOOP('',(#264));
#757=EDGE_LOOP('',(#265));
#758=EDGE_LOOP('',(#266));
#759=EDGE_LOOP('',(#267,#268,#269,#270));
#760=EDGE_LOOP('',(#271,#272,#273,#274,#275,#276));
#761=EDGE_LOOP('',(#277));
#762=EDGE_LOOP('',(#278,#279,#280,#281));
#763=EDGE_LOOP('',(#282));
#764=EDGE_LOOP('',(#283));
#765=EDGE_LOOP('',(#284));
#766=EDGE_LOOP('',(#285));
#767=EDGE_LOOP('',(#286,#287,#288,#289,#290));
#768=EDGE_LOOP('',(#291,#292,#293,#294,#295,#296));
#769=EDGE_LOOP('',(#297,#298,#299,#300));
#770=EDGE_LOOP('',(#301,#302,#303,#304,#305,#306,#307,#308,#309,#310));
#771=EDGE_LOOP('',(#311,#312,#313,#314));
#772=EDGE_LOOP('',(#315,#316,#317,#318));
#773=EDGE_LOOP('',(#319,#320,#321,#322));
#774=EDGE_LOOP('',(#323));
#775=EDGE_LOOP('',(#324));
#776=EDGE_LOOP('',(#325));
#777=EDGE_LOOP('',(#326));
#778=EDGE_LOOP('',(#327));
#779=EDGE_LOOP('',(#328));
#780=EDGE_LOOP('',(#329));
#781=EDGE_LOOP('',(#330));
#782=EDGE_LOOP('',(#331));
#783=EDGE_LOOP('',(#332));
#784=EDGE_LOOP('',(#333));
#785=EDGE_LOOP('',(#334));
#786=EDGE_LOOP('',(#335));
#787=EDGE_LOOP('',(#336,#337,#338,#339));
#788=EDGE_LOOP('',(#340,#341,#342,#343));
#789=EDGE_LOOP('',(#344));
#790=EDGE_LOOP('',(#345));
#791=EDGE_LOOP('',(#346));
#792=EDGE_LOOP('',(#347));
#793=EDGE_LOOP('',(#348));
#794=EDGE_LOOP('',(#349));
#795=EDGE_LOOP('',(#350));
#796=EDGE_LOOP('',(#351));
#797=EDGE_LOOP('',(#352));
#798=EDGE_LOOP('',(#353));
#799=EDGE_LOOP('',(#354));
#800=EDGE_LOOP('',(#355));
#801=EDGE_LOOP('',(#356));
#802=EDGE_LOOP('',(#357));
#803=EDGE_LOOP('',(#358,#359,#360,#361));
#804=EDGE_LOOP('',(#362,#363,#364,#365,#366,#367));
#805=EDGE_LOOP('',(#368,#369,#370));
#806=EDGE_LOOP('',(#371));
#807=EDGE_LOOP('',(#372));
#808=EDGE_LOOP('',(#373));
#809=EDGE_LOOP('',(#374,#375,#376,#377,#378,#379));
#810=EDGE_LOOP('',(#380));
#811=EDGE_LOOP('',(#381));
#812=EDGE_LOOP('',(#382));
#813=EDGE_LOOP('',(#383));
#814=EDGE_LOOP('',(#384));
#815=EDGE_LOOP('',(#385));
#816=EDGE_LOOP('',(#386));
#817=EDGE_LOOP('',(#387));
#818=EDGE_LOOP('',(#388));
#819=EDGE_LOOP('',(#389));
#820=EDGE_LOOP('',(#390));
#821=EDGE_LOOP('',(#391,#392,#393,#394,#395));
#822=EDGE_LOOP('',(#396));
#823=EDGE_LOOP('',(#397));
#824=EDGE_LOOP('',(#398));
#825=EDGE_LOOP('',(#399));
#826=EDGE_LOOP('',(#400,#401,#402,#403));
#827=EDGE_LOOP('',(#404,#405,#406,#407,#408,#409));
#828=EDGE_LOOP('',(#410,#411,#412,#413,#414));
#829=EDGE_LOOP('',(#415,#416,#417,#418,#419,#420));
#830=EDGE_LOOP('',(#421,#422,#423,#424,#425,#426,#427,#428,#429,#430));
#831=EDGE_LOOP('',(#431,#432,#433,#434));
#832=EDGE_LOOP('',(#435,#436,#437,#438));
#833=EDGE_LOOP('',(#439));
#834=EDGE_LOOP('',(#440));
#835=EDGE_LOOP('',(#441));
#836=EDGE_LOOP('',(#442));
#837=EDGE_LOOP('',(#443));
#838=EDGE_LOOP('',(#444));
#839=EDGE_LOOP('',(#445));
#840=EDGE_LOOP('',(#446));
#841=EDGE_LOOP('',(#447));
#842=EDGE_LOOP('',(#448));
#843=EDGE_LOOP('',(#449));
#844=EDGE_LOOP('',(#450));
#845=EDGE_LOOP('',(#451));
#846=EDGE_LOOP('',(#452));
#847=FACE_BOUND('',#730,.T.);
#848=FACE_BOUND('',#731,.T.);
#849=FACE_BOUND('',#732,.T.);
#850=FACE_BOUND('',#733,.T.);
#851=FACE_BOUND('',#734,.T.);
#852=FACE_BOUND('',#735,.T.);
#853=FACE_BOUND('',#736,.T.);
#854=FACE_BOUND('',#737,.T.);
#855=FACE_BOUND('',#738,.T.);
#856=FACE_BOUND('',#739,.T.);
#857=FACE_BOUND('',#740,.T.);
#858=FACE_BOUND('',#741,.T.);
#859=FACE_BOUND('',#742,.T.);
#860=FACE_BOUND('',#743,.T.);
#861=FACE_BOUND('',#744,.T.);
#862=FACE_BOUND('',#745,.T.);
#863=FACE_BOUND('',#746,.T.);
#864=FACE_BOUND('',#747,.T.);
#865=FACE_BOUND('',#748,.T.);
#866=FACE_BOUND('',#749,.T.);
#867=FACE_BOUND('',#750,.T.);
#868=FACE_BOUND('',#751,.T.);
#869=FACE_BOUND('',#752,.T.);
#870=FACE_BOUND('',#753,.T.);
#871=FACE_BOUND('',#754,.T.);
#872=FACE_BOUND('',#755,.T.);
#873=FACE_BOUND('',#756,.T.);
#874=FACE_BOUND('',#757,.T.);
#875=FACE_BOUND('',#758,.T.);
#876=FACE_BOUND('',#759,.T.);
#877=FACE_BOUND('',#760,.T.);
#878=FACE_BOUND('',#761,.T.);
#879=FACE_BOUND('',#762,.T.);
#880=FACE_BOUND('',#763,.T.);
#881=FACE_BOUND('',#764,.T.);
#882=FACE_BOUND('',#765,.T.);
#883=FACE_BOUND('',#766,.T.);
#884=FACE_BOUND('',#767,.T.);
#885=FACE_BOUND('',#768,.T.);
#886=FACE_BOUND('',#769,.T.);
#887=FACE_BOUND('',#770,.T.);
#888=FACE_BOUND('',#771,.T.);
#889=FACE_BOUND('',#772,.T.);
#890=FACE_BOUND('',#773,.T.);
#891=FACE_BOUND('',#774,.T.);
#892=FACE_BOUND('',#775,.T.);
#893=FACE_BOUND('',#776,.T.);
#894=FACE_BOUND('',#777,.T.);
#895=FACE_BOUND('',#778,.T.);
#896=FACE_BOUND('',#779,.T.);
#897=FACE_BOUND('',#780,.T.);
#898=FACE_BOUND('',#781,.T.);
#899=FACE_BOUND('',#782,.T.);
#900=FACE_BOUND('',#783,.T.);
#901=FACE_BOUND('',#784,.T.);
#902=FACE_BOUND('',#785,.T.);
#903=FACE_BOUND('',#786,.T.);
#904=FACE_BOUND('',#787,.T.);
#905=FACE_BOUND('',#788,.T.);
#906=FACE_BOUND('',#789,.T.);
#907=FACE_BOUND('',#790,.T.);
#908=FACE_BOUND('',#791,.T.);
#909=FACE_BOUND('',#792,.T.);
#910=FACE_BOUND('',#793,.T.);
#911=FACE_BOUND('',#794,.T.);
#912=FACE_BOUND('',#795,.T.);
#913=FACE_BOUND('',#796,.T.);
#914=FACE_BOUND('',#797,.T.);
#915=FACE_BOUND('',#798,.T.);
#916=FACE_BOUND('',#799,.T.);
#917=FACE_BOUND('',#800,.T.);
#918=FACE_BOUND('',#801,.T.);
#919=FACE_BOUND('',#802,.T.);
#920=FACE_BOUND('',#803,.T.);
#921=FACE_BOUND('',#804,.T.);
#922=FACE_BOUND('',#805,.T.);
#923=FACE_BOUND('',#806,.T.);
#924=FACE_BOUND('',#807,.T.);
#925=FACE_BOUND('',#808,.T.);
#926=FACE_BOUND('',#809,.T.);
#927=FACE_BOUND('',#810,.T.);
#928=FACE_BOUND('',#811,.T.);
#929=FACE_BOUND('',#812,.T.);
#930=FACE_BOUND('',#813,.T.);
#931=FACE_BOUND('',#814,.T.);
#932=FACE_BOUND('',#815,.T.);
#933=FACE_BOUND('',#816,.T.);
#934=FACE_BOUND('',#817,.T.);
#935=FACE_BOUND('',#818,.T.);
#936=FACE_BOUND('',#819,.T.);
#937=FACE_BOUND('',#820,.T.);
#938=FACE_BOUND('',#821,.T.);
#939=FACE_BOUND('',#822,.T.);
#940=FACE_BOUND('',#823,.T.);
#941=FACE_BOUND('',#824,.T.);
#942=FACE_BOUND('',#825,.T.);
#943=FACE_BOUND('',#826,.T.);
#944=FACE_BOUND('',#827,.T.);
#945=FACE_BOUND('',#828,.T.);
#946=FACE_BOUND('',#829,.T.);
#947=FACE_BOUND('',#830,.T.);
#948=FACE_BOUND('',#831,.T.);
#949=FACE_BOUND('',#832,.T.);
#950=FACE_BOUND('',#833,.T.);
#951=FACE_BOUND('',#834,.T.);
#952=FACE_BOUND('',#835,.T.);
#953=FACE_BOUND('',#836,.T.);
#954=FACE_BOUND('',#837,.T.);
#955=FACE_BOUND('',#838,.T.);
#956=FACE_BOUND('',#839,.T.);
#957=FACE_BOUND('',#840,.T.);
#958=FACE_BOUND('',#841,.T.);
#959=FACE_BOUND('',#842,.T.);
#960=FACE_BOUND('',#843,.T.);
#961=FACE_BOUND('',#844,.T.);
#962=FACE_BOUND('',#845,.T.);
#963=FACE_BOUND('',#846,.T.);
#964=CYLINDRICAL_SURFACE('',#1056,0.034);
#965=CYLINDRICAL_SURFACE('',#1066,0.03);
#966=CYLINDRICAL_SURFACE('',#1083,0.00125);
#967=CYLINDRICAL_SURFACE('',#1086,0.00125);
#968=CYLINDRICAL_SURFACE('',#1089,0.0015);
#969=CYLINDRICAL_SURFACE('',#1105,0.029);
#970=CYLINDRICAL_SURFACE('',#1107,0.01);
#971=CYLINDRICAL_SURFACE('',#1114,0.001);
#972=CYLINDRICAL_SURFACE('',#1115,0.001);
#973=CYLINDRICAL_SURFACE('',#1116,0.001);
#974=CYLINDRICAL_SURFACE('',#1117,0.001);
#975=CYLINDRICAL_SURFACE('',#1118,0.001);
#976=CYLINDRICAL_SURFACE('',#1119,0.001);
#977=CYLINDRICAL_SURFACE('',#1120,0.001);
#978=CYLINDRICAL_SURFACE('',#1132,0.00125);
#979=CYLINDRICAL_SURFACE('',#1133,0.00125);
#980=CYLINDRICAL_SURFACE('',#1137,0.001);
#981=CYLINDRICAL_SURFACE('',#1138,0.001);
#982=CYLINDRICAL_SURFACE('',#1139,0.001);
#983=CYLINDRICAL_SURFACE('',#1140,0.001);
#984=CYLINDRICAL_SURFACE('',#1141,0.001);
#985=CYLINDRICAL_SURFACE('',#1142,0.001);
#986=CYLINDRICAL_SURFACE('',#1143,0.001);
#987=ADVANCED_FACE('',(#847),#964,.F.);
#988=ADVANCED_FACE('',(#848),#63,.T.);
#989=ADVANCED_FACE('',(#849),#965,.T.);
#990=ADVANCED_FACE('',(#850),#64,.T.);
#991=ADVANCED_FACE('',(#851),#65,.F.);
#992=ADVANCED_FACE('',(#852,#853,#854,#855,#856,#857,#858,#859),#13,.T.);
#993=ADVANCED_FACE('',(#860,#861,#862,#863,#864,#865,#866,#867),#66,.T.);
#994=ADVANCED_FACE('',(#868),#67,.T.);
#995=ADVANCED_FACE('',(#869),#68,.T.);
#996=ADVANCED_FACE('',(#870,#871),#966,.F.);
#997=ADVANCED_FACE('',(#872,#873),#967,.F.);
#998=ADVANCED_FACE('',(#874,#875),#968,.F.);
#999=ADVANCED_FACE('',(#876),#69,.T.);
#1000=ADVANCED_FACE('',(#877),#14,.T.);
#1001=ADVANCED_FACE('',(#878,#879,#880,#881,#882,#883),#70,.T.);
#1002=ADVANCED_FACE('',(#884),#71,.F.);
#1003=ADVANCED_FACE('',(#885),#15,.T.);
#1004=ADVANCED_FACE('',(#886),#72,.T.);
#1005=ADVANCED_FACE('',(#887),#73,.T.);
#1006=ADVANCED_FACE('',(#888),#74,.F.);
#1007=ADVANCED_FACE('',(#889),#75,.F.);
#1008=ADVANCED_FACE('',(#890,#891),#76,.T.);
#1009=ADVANCED_FACE('',(#892,#893),#969,.F.);
#1010=ADVANCED_FACE('',(#894,#895),#970,.T.);
#1011=ADVANCED_FACE('',(#896,#897),#77,.T.);
#1012=ADVANCED_FACE('',(#898,#899,#900,#901,#902,#903),#78,.T.);
#1013=ADVANCED_FACE('',(#904),#16,.T.);
#1014=ADVANCED_FACE('',(#905),#17,.T.);
#1015=ADVANCED_FACE('',(#906,#907),#971,.F.);
#1016=ADVANCED_FACE('',(#908,#909),#972,.F.);
#1017=ADVANCED_FACE('',(#910,#911),#973,.F.);
#1018=ADVANCED_FACE('',(#912,#913),#974,.F.);
#1019=ADVANCED_FACE('',(#914,#915),#975,.F.);
#1020=ADVANCED_FACE('',(#916,#917),#976,.F.);
#1021=ADVANCED_FACE('',(#918,#919),#977,.F.);
#1022=ADVANCED_FACE('',(#920),#12,.T.);
#1023=ADVANCED_FACE('',(#921),#79,.T.);
#1024=ADVANCED_FACE('',(#922),#80,.F.);
#1025=ADVANCED_FACE('',(#923,#924,#925,#926,#927,#928,#929,#930),#18,.F.);
#1026=ADVANCED_FACE('',(#931,#932,#933,#934,#935,#936,#937,#938),#81,.T.);
#1027=ADVANCED_FACE('',(#939,#940),#978,.F.);
#1028=ADVANCED_FACE('',(#941,#942),#979,.F.);
#1029=ADVANCED_FACE('',(#943),#82,.T.);
#1030=ADVANCED_FACE('',(#944),#19,.F.);
#1031=ADVANCED_FACE('',(#945),#83,.F.);
#1032=ADVANCED_FACE('',(#946),#20,.F.);
#1033=ADVANCED_FACE('',(#947),#84,.T.);
#1034=ADVANCED_FACE('',(#948),#21,.F.);
#1035=ADVANCED_FACE('',(#949),#22,.F.);
#1036=ADVANCED_FACE('',(#950,#951),#980,.F.);
#1037=ADVANCED_FACE('',(#952,#953),#981,.F.);
#1038=ADVANCED_FACE('',(#954,#955),#982,.F.);
#1039=ADVANCED_FACE('',(#956,#957),#983,.F.);
#1040=ADVANCED_FACE('',(#958,#959),#984,.F.);
#1041=ADVANCED_FACE('',(#960,#961),#985,.F.);
#1042=ADVANCED_FACE('',(#962,#963),#986,.F.);
#1043=CLOSED_SHELL('',(#987,#988,#989,#990,#991,#992,#993,#994,#995,#996,
#997,#998,#999,#1000,#1001,#1002,#1003,#1004,#1005,#1006,#1007,#1008,#1009,
#1010,#1011,#1012,#1013,#1014,#1015,#1016,#1017,#1018,#1019,#1020,#1021,
#1022,#1023,#1024,#1025,#1026,#1027,#1028,#1029,#1030,#1031,#1032,#1033,
#1034,#1035,#1036,#1037,#1038,#1039,#1040,#1041,#1042));
#1044=STYLED_ITEM('',(#1045),#1052);
#1045=PRESENTATION_STYLE_ASSIGNMENT((#1046));
#1046=SURFACE_STYLE_USAGE(.BOTH.,#1047);
#1047=SURFACE_SIDE_STYLE('',(#1048));
#1048=SURFACE_STYLE_FILL_AREA(#1049);
#1049=FILL_AREA_STYLE('',(#1050));
#1050=FILL_AREA_STYLE_COLOUR('',#1051);
#1051=COLOUR_RGB('',0.764705882352941,0.545098039215686,0.803921568627451);
#1052=MANIFOLD_SOLID_BREP('Part 1',#1043);
#1053=SHAPE_DEFINITION_REPRESENTATION(#2393,#1054);
#1054=SHAPE_REPRESENTATION('Part 1',(#1055),#2388);
#1055=AXIS2_PLACEMENT_3D('',#1373,#1144,#1145);
#1056=AXIS2_PLACEMENT_3D('',#1374,#1146,#1147);
#1057=AXIS2_PLACEMENT_3D('',#1375,#1148,#1149);
#1058=AXIS2_PLACEMENT_3D('',#1380,#1151,#1152);
#1059=AXIS2_PLACEMENT_3D('',#1383,#1154,#1155);
#1060=AXIS2_PLACEMENT_3D('',#1386,#1157,#1158);
#1061=AXIS2_PLACEMENT_3D('',#1388,#1159,#1160);
#1062=AXIS2_PLACEMENT_3D('',#1390,#1161,#1162);
#1063=AXIS2_PLACEMENT_3D('',#1392,#1163,#1164);
#1064=AXIS2_PLACEMENT_3D('',#1394,#1165,#1166);
#1065=AXIS2_PLACEMENT_3D('',#1396,#1167,#1168);
#1066=AXIS2_PLACEMENT_3D('',#1399,#1170,#1171);
#1067=AXIS2_PLACEMENT_3D('',#1400,#1172,#1173);
#1068=AXIS2_PLACEMENT_3D('',#1405,#1175,#1176);
#1069=AXIS2_PLACEMENT_3D('',#1409,#1178,#1179);
#1070=AXIS2_PLACEMENT_3D('',#1413,#1181,#1182);
#1071=AXIS2_PLACEMENT_3D('',#1416,#1184,#1185);
#1072=AXIS2_PLACEMENT_3D('',#1432,#1189,#1190);
#1073=AXIS2_PLACEMENT_3D('',#1651,#1196,#1197);
#1074=AXIS2_PLACEMENT_3D('',#1652,#1198,#1199);
#1075=AXIS2_PLACEMENT_3D('',#1654,#1200,#1201);
#1076=AXIS2_PLACEMENT_3D('',#1656,#1202,#1203);
#1077=AXIS2_PLACEMENT_3D('',#1658,#1204,#1205);
#1078=AXIS2_PLACEMENT_3D('',#1660,#1206,#1207);
#1079=AXIS2_PLACEMENT_3D('',#1662,#1208,#1209);
#1080=AXIS2_PLACEMENT_3D('',#1664,#1210,#1211);
#1081=AXIS2_PLACEMENT_3D('',#1681,#1215,#1216);
#1082=AXIS2_PLACEMENT_3D('',#1698,#1226,#1227);
#1083=AXIS2_PLACEMENT_3D('',#1704,#1231,#1232);
#1084=AXIS2_PLACEMENT_3D('',#1705,#1233,#1234);
#1085=AXIS2_PLACEMENT_3D('',#1707,#1235,#1236);
#1086=AXIS2_PLACEMENT_3D('',#1709,#1237,#1238);
#1087=AXIS2_PLACEMENT_3D('',#1710,#1239,#1240);
#1088=AXIS2_PLACEMENT_3D('',#1712,#1241,#1242);
#1089=AXIS2_PLACEMENT_3D('',#1714,#1243,#1244);
#1090=AXIS2_PLACEMENT_3D('',#1715,#1245,#1246);
#1091=AXIS2_PLACEMENT_3D('',#1717,#1247,#1248);
#1092=AXIS2_PLACEMENT_3D('',#1719,#1249,#1250);
#1093=AXIS2_PLACEMENT_3D('',#1783,#1252,#1253);
#1094=AXIS2_PLACEMENT_3D('',#1787,#1255,#1256);
#1095=AXIS2_PLACEMENT_3D('',#1792,#1259,#1260);
#1096=AXIS2_PLACEMENT_3D('',#1794,#1261,#1262);
#1097=AXIS2_PLACEMENT_3D('',#1796,#1263,#1264);
#1098=AXIS2_PLACEMENT_3D('',#1878,#1266,#1267);
#1099=AXIS2_PLACEMENT_3D('',#1880,#1269,#1270);
#1100=AXIS2_PLACEMENT_3D('',#1890,#1274,#1275);
#1101=AXIS2_PLACEMENT_3D('',#1894,#1278,#1279);
#1102=AXIS2_PLACEMENT_3D('',#1896,#1281,#1282);
#1103=AXIS2_PLACEMENT_3D('',#1899,#1284,#1285);
#1104=AXIS2_PLACEMENT_3D('',#1900,#1286,#1287);
#1105=AXIS2_PLACEMENT_3D('',#1902,#1288,#1289);
#1106=AXIS2_PLACEMENT_3D('',#1903,#1290,#1291);
#1107=AXIS2_PLACEMENT_3D('',#1905,#1292,#1293);
#1108=AXIS2_PLACEMENT_3D('',#1906,#1294,#1295);
#1109=AXIS2_PLACEMENT_3D('',#1908,#1296,#1297);
#1110=AXIS2_PLACEMENT_3D('',#1910,#1298,#1299);
#1111=AXIS2_PLACEMENT_3D('',#1911,#1300,#1301);
#1112=AXIS2_PLACEMENT_3D('',#1912,#1302,#1303);
#1113=AXIS2_PLACEMENT_3D('',#1914,#1304,#1305);
#1114=AXIS2_PLACEMENT_3D('',#1940,#1306,#1307);
#1115=AXIS2_PLACEMENT_3D('',#1941,#1308,#1309);
#1116=AXIS2_PLACEMENT_3D('',#1942,#1310,#1311);
#1117=AXIS2_PLACEMENT_3D('',#1943,#1312,#1313);
#1118=AXIS2_PLACEMENT_3D('',#1944,#1314,#1315);
#1119=AXIS2_PLACEMENT_3D('',#1945,#1316,#1317);
#1120=AXIS2_PLACEMENT_3D('',#1946,#1318,#1319);
#1121=AXIS2_PLACEMENT_3D('',#1947,#1320,#1321);
#1122=AXIS2_PLACEMENT_3D('',#1952,#1322,#1323);
#1123=AXIS2_PLACEMENT_3D('',#1964,#1325,#1326);
#1124=AXIS2_PLACEMENT_3D('',#2180,#1330,#1331);
#1125=AXIS2_PLACEMENT_3D('',#2181,#1332,#1333);
#1126=AXIS2_PLACEMENT_3D('',#2183,#1334,#1335);
#1127=AXIS2_PLACEMENT_3D('',#2185,#1336,#1337);
#1128=AXIS2_PLACEMENT_3D('',#2187,#1338,#1339);
#1129=AXIS2_PLACEMENT_3D('',#2189,#1340,#1341);
#1130=AXIS2_PLACEMENT_3D('',#2191,#1342,#1343);
#1131=AXIS2_PLACEMENT_3D('',#2193,#1344,#1345);
#1132=AXIS2_PLACEMENT_3D('',#2208,#1348,#1349);
#1133=AXIS2_PLACEMENT_3D('',#2209,#1350,#1351);
#1134=AXIS2_PLACEMENT_3D('',#2210,#1352,#1353);
#1135=AXIS2_PLACEMENT_3D('',#2274,#1355,#1356);
#1136=AXIS2_PLACEMENT_3D('',#2355,#1357,#1358);
#1137=AXIS2_PLACEMENT_3D('',#2380,#1359,#1360);
#1138=AXIS2_PLACEMENT_3D('',#2381,#1361,#1362);
#1139=AXIS2_PLACEMENT_3D('',#2382,#1363,#1364);
#1140=AXIS2_PLACEMENT_3D('',#2383,#1365,#1366);
#1141=AXIS2_PLACEMENT_3D('',#2384,#1367,#1368);
#1142=AXIS2_PLACEMENT_3D('',#2385,#1369,#1370);
#1143=AXIS2_PLACEMENT_3D('',#2386,#1371,#1372);
#1144=DIRECTION('',(0.,0.,1.));
#1145=DIRECTION('',(1.,0.,0.));
#1146=DIRECTION('',(1.,0.,0.));
#1147=DIRECTION('',(0.,0.,-1.));
#1148=DIRECTION('',(-1.,0.,0.));
#1149=DIRECTION('',(0.,0.,-1.));
#1150=DIRECTION('',(1.,0.,0.));
#1151=DIRECTION('',(1.,0.,0.));
#1152=DIRECTION('',(0.,0.,-1.));
#1153=DIRECTION('',(1.,0.,0.));
#1154=DIRECTION('',(1.,0.,0.));
#1155=DIRECTION('',(0.,1.,0.));
#1156=DIRECTION('',(0.,-1.,0.));
#1157=DIRECTION('',(-1.,0.,0.));
#1158=DIRECTION('',(0.,0.,-1.));
#1159=DIRECTION('',(-1.,0.,0.));
#1160=DIRECTION('',(0.,0.,-1.));
#1161=DIRECTION('',(-1.,0.,0.));
#1162=DIRECTION('',(0.,0.,-1.));
#1163=DIRECTION('',(1.,0.,0.));
#1164=DIRECTION('',(0.,0.,1.));
#1165=DIRECTION('',(1.,0.,0.));
#1166=DIRECTION('',(0.,0.,1.));
#1167=DIRECTION('',(1.,0.,0.));
#1168=DIRECTION('',(0.,0.,1.));
#1169=DIRECTION('',(0.,-1.,0.));
#1170=DIRECTION('',(0.,0.,1.));
#1171=DIRECTION('',(1.,0.,0.));
#1172=DIRECTION('',(1.14562669301292E-16,0.,1.));
#1173=DIRECTION('',(1.,0.,-1.14562669301292E-16));
#1174=DIRECTION('',(0.,0.,1.));
#1175=DIRECTION('',(0.,0.,1.));
#1176=DIRECTION('',(1.,0.,0.));
#1177=DIRECTION('',(0.,0.,1.));
#1178=DIRECTION('',(0.,0.,1.));
#1179=DIRECTION('',(1.,0.,0.));
#1180=DIRECTION('',(0.,0.,-1.));
#1181=DIRECTION('',(-1.14562669301292E-16,0.,1.));
#1182=DIRECTION('',(1.,0.,1.14562669301292E-16));
#1183=DIRECTION('',(0.,0.,1.));
#1184=DIRECTION('',(0.,0.,1.));
#1185=DIRECTION('',(1.,0.,0.));
#1186=DIRECTION('',(1.,0.,-1.14562669301292E-16));
#1187=DIRECTION('',(-1.,0.,1.14562669301292E-16));
#1188=DIRECTION('',(0.,1.,0.));
#1189=DIRECTION('',(0.,0.,1.));
#1190=DIRECTION('',(1.,0.,0.));
#1191=DIRECTION('',(1.,0.,0.));
#1192=DIRECTION('',(0.,1.,0.));
#1193=DIRECTION('',(0.,1.,0.));
#1194=DIRECTION('',(-0.996039209137944,-3.19972703534252E-17,-0.0889150935435577));
#1195=DIRECTION('',(-0.996039209137944,2.23980892473977E-16,-0.0889150935435578));
#1196=DIRECTION('',(-1.65211759616839E-16,0.,-1.));
#1197=DIRECTION('',(-1.,0.,1.65211759616839E-16));
#1198=DIRECTION('',(-1.65211759616839E-16,0.,-1.));
#1199=DIRECTION('',(-1.,0.,1.65211759616839E-16));
#1200=DIRECTION('',(-1.65211759616839E-16,0.,-1.));
#1201=DIRECTION('',(-1.,0.,1.65211759616839E-16));
#1202=DIRECTION('',(-1.65211759616839E-16,0.,-1.));
#1203=DIRECTION('',(-1.,0.,1.65211759616839E-16));
#1204=DIRECTION('',(-1.65211759616839E-16,0.,-1.));
#1205=DIRECTION('',(-1.,0.,1.65211759616839E-16));
#1206=DIRECTION('',(-1.65211759616839E-16,0.,-1.));
#1207=DIRECTION('',(-1.,0.,1.65211759616839E-16));
#1208=DIRECTION('',(-1.65211759616839E-16,0.,-1.));
#1209=DIRECTION('',(-1.,0.,1.65211759616839E-16));
#1210=DIRECTION('',(-1.65211759616839E-16,0.,-1.));
#1211=DIRECTION('',(-1.,0.,1.65211759616839E-16));
#1212=DIRECTION('',(0.,-1.,0.));
#1213=DIRECTION('',(0.,1.,0.));
#1214=DIRECTION('',(-1.,0.,1.65211759616839E-16));
#1215=DIRECTION('',(0.,1.,0.));
#1216=DIRECTION('',(-1.,0.,0.));
#1217=DIRECTION('',(3.3848262945889E-16,0.,1.));
#1218=DIRECTION('',(-1.,0.,0.));
#1219=DIRECTION('',(0.,0.,1.));
#1220=DIRECTION('',(-1.,0.,0.));
#1221=DIRECTION('',(3.3848262945889E-16,0.,-1.));
#1222=DIRECTION('',(-1.,0.,-1.65211759616839E-16));
#1223=DIRECTION('',(1.,0.,1.14562669301292E-16));
#1224=DIRECTION('',(1.,0.,0.));
#1225=DIRECTION('',(0.,0.,1.));
#1226=DIRECTION('',(0.,-1.,0.));
#1227=DIRECTION('',(1.,0.,0.));
#1228=DIRECTION('',(-2.77555756156289E-16,0.,1.));
#1229=DIRECTION('',(-1.,0.,-1.14562669301292E-16));
#1230=DIRECTION('',(-2.77555756156289E-16,0.,-1.));
#1231=DIRECTION('',(1.,0.,0.));
#1232=DIRECTION('',(0.,0.,-1.));
#1233=DIRECTION('',(-1.,0.,0.));
#1234=DIRECTION('',(0.,0.,1.));
#1235=DIRECTION('',(1.,0.,0.));
#1236=DIRECTION('',(0.,0.,-1.));
#1237=DIRECTION('',(1.,0.,0.));
#1238=DIRECTION('',(0.,0.,-1.));
#1239=DIRECTION('',(-1.,0.,0.));
#1240=DIRECTION('',(0.,0.,1.));
#1241=DIRECTION('',(1.,0.,0.));
#1242=DIRECTION('',(0.,0.,-1.));
#1243=DIRECTION('',(1.,0.,0.));
#1244=DIRECTION('',(0.,0.,-1.));
#1245=DIRECTION('',(1.,0.,0.));
#1246=DIRECTION('',(0.,0.,-1.));
#1247=DIRECTION('',(-1.,0.,0.));
#1248=DIRECTION('',(0.,0.,1.));
#1249=DIRECTION('',(-1.,0.,3.3848262945889E-16));
#1250=DIRECTION('',(3.3848262945889E-16,0.,1.));
#1251=DIRECTION('',(0.,-1.,0.));
#1252=DIRECTION('',(-1.,0.,0.));
#1253=DIRECTION('',(0.,0.,1.));
#1254=DIRECTION('',(0.,-1.,0.));
#1255=DIRECTION('',(-1.,0.,0.));
#1256=DIRECTION('',(0.,0.,1.));
#1257=DIRECTION('',(0.,-1.,0.));
#1258=DIRECTION('',(0.,0.,-1.));
#1259=DIRECTION('',(1.,0.,0.));
#1260=DIRECTION('',(0.,0.,-1.));
#1261=DIRECTION('',(1.,0.,0.));
#1262=DIRECTION('',(0.,0.,-1.));
#1263=DIRECTION('',(1.,0.,2.77555756156289E-16));
#1264=DIRECTION('',(0.,1.,0.));
#1265=DIRECTION('',(-0.98328200498446,0.182089260182308,-8.08638756765434E-17));
#1266=DIRECTION('',(-1.,0.,0.));
#1267=DIRECTION('',(0.,0.,1.));
#1268=DIRECTION('',(0.,1.,0.));
#1269=DIRECTION('',(0.,0.,-1.));
#1270=DIRECTION('',(-1.,0.,0.));
#1271=DIRECTION('',(0.,-1.,0.));
#1272=DIRECTION('',(1.,0.,0.));
#1273=DIRECTION('',(0.,-1.,0.));
#1274=DIRECTION('',(-1.,0.,0.));
#1275=DIRECTION('',(0.,0.,1.));
#1276=DIRECTION('',(0.,0.,-1.));
#1277=DIRECTION('',(0.,-1.,0.));
#1278=DIRECTION('',(0.,-1.,0.));
#1279=DIRECTION('',(1.,0.,0.));
#1280=DIRECTION('',(1.,0.,0.));
#1281=DIRECTION('',(1.,0.,0.));
#1282=DIRECTION('',(0.,1.,0.));
#1283=DIRECTION('',(0.,-1.,0.));
#1284=DIRECTION('',(1.,0.,0.));
#1285=DIRECTION('',(0.,0.,-1.));
#1286=DIRECTION('',(1.,0.,0.));
#1287=DIRECTION('',(0.,0.,-1.));
#1288=DIRECTION('',(1.,0.,0.));
#1289=DIRECTION('',(0.,0.,-1.));
#1290=DIRECTION('',(-1.,0.,0.));
#1291=DIRECTION('',(0.,0.,-1.));
#1292=DIRECTION('',(1.,0.,0.));
#1293=DIRECTION('',(0.,0.,-1.));
#1294=DIRECTION('',(1.,0.,0.));
#1295=DIRECTION('',(0.,0.,-1.));
#1296=DIRECTION('',(-1.,0.,0.));
#1297=DIRECTION('',(0.,0.,-1.));
#1298=DIRECTION('',(1.,0.,0.));
#1299=DIRECTION('',(0.,1.,0.));
#1300=DIRECTION('',(1.,0.,0.));
#1301=DIRECTION('',(0.,1.,0.));
#1302=DIRECTION('',(-1.,0.,0.));
#1303=DIRECTION('',(0.,0.,1.));
#1304=DIRECTION('',(-1.,0.,0.));
#1305=DIRECTION('',(0.,0.,1.));
#1306=DIRECTION('',(-1.65211759616839E-16,0.,-1.));
#1307=DIRECTION('',(-1.,0.,1.65211759616839E-16));
#1308=DIRECTION('',(-1.65211759616839E-16,0.,-1.));
#1309=DIRECTION('',(-1.,0.,1.65211759616839E-16));
#1310=DIRECTION('',(-1.65211759616839E-16,0.,-1.));
#1311=DIRECTION('',(-1.,0.,1.65211759616839E-16));
#1312=DIRECTION('',(-1.65211759616839E-16,0.,-1.));
#1313=DIRECTION('',(-1.,0.,1.65211759616839E-16));
#1314=DIRECTION('',(-1.65211759616839E-16,0.,-1.));
#1315=DIRECTION('',(-1.,0.,1.65211759616839E-16));
#1316=DIRECTION('',(-1.65211759616839E-16,0.,-1.));
#1317=DIRECTION('',(-1.,0.,1.65211759616839E-16));
#1318=DIRECTION('',(-1.65211759616839E-16,0.,-1.));
#1319=DIRECTION('',(-1.,0.,1.65211759616839E-16));
#1320=DIRECTION('',(1.,0.,0.));
#1321=DIRECTION('',(0.,0.,-1.));
#1322=DIRECTION('',(0.,0.,-1.));
#1323=DIRECTION('',(1.,0.,0.));
#1324=DIRECTION('',(0.,1.,0.));
#1325=DIRECTION('',(0.,0.,-1.));
#1326=DIRECTION('',(1.,0.,0.));
#1327=DIRECTION('',(0.,1.,0.));
#1328=DIRECTION('',(-0.996039209137944,2.23980892473977E-16,0.0889150935435578));
#1329=DIRECTION('',(-0.996039209137944,-3.19972703534252E-17,0.0889150935435577));
#1330=DIRECTION('',(-1.65211759616839E-16,0.,1.));
#1331=DIRECTION('',(-1.,0.,-1.65211759616839E-16));
#1332=DIRECTION('',(1.65211759616839E-16,0.,-1.));
#1333=DIRECTION('',(-1.,0.,-1.65211759616839E-16));
#1334=DIRECTION('',(1.65211759616839E-16,0.,-1.));
#1335=DIRECTION('',(-1.,0.,-1.65211759616839E-16));
#1336=DIRECTION('',(1.65211759616839E-16,0.,-1.));
#1337=DIRECTION('',(-1.,0.,-1.65211759616839E-16));
#1338=DIRECTION('',(1.65211759616839E-16,0.,-1.));
#1339=DIRECTION('',(-1.,0.,-1.65211759616839E-16));
#1340=DIRECTION('',(1.65211759616839E-16,0.,-1.));
#1341=DIRECTION('',(-1.,0.,-1.65211759616839E-16));
#1342=DIRECTION('',(1.65211759616839E-16,0.,-1.));
#1343=DIRECTION('',(-1.,0.,-1.65211759616839E-16));
#1344=DIRECTION('',(1.65211759616839E-16,0.,-1.));
#1345=DIRECTION('',(-1.,0.,-1.65211759616839E-16));
#1346=DIRECTION('',(0.,-1.,0.));
#1347=DIRECTION('',(0.,1.,0.));
#1348=DIRECTION('',(1.,0.,0.));
#1349=DIRECTION('',(0.,0.,1.));
#1350=DIRECTION('',(1.,0.,0.));
#1351=DIRECTION('',(0.,0.,1.));
#1352=DIRECTION('',(-1.,0.,-3.3848262945889E-16));
#1353=DIRECTION('',(3.3848262945889E-16,0.,-1.));
#1354=DIRECTION('',(0.,-1.,0.));
#1355=DIRECTION('',(1.,0.,-2.77555756156289E-16));
#1356=DIRECTION('',(0.,1.,0.));
#1357=DIRECTION('',(0.,0.,1.));
#1358=DIRECTION('',(-1.,0.,0.));
#1359=DIRECTION('',(-1.65211759616839E-16,0.,1.));
#1360=DIRECTION('',(-1.,0.,-1.65211759616839E-16));
#1361=DIRECTION('',(-1.65211759616839E-16,0.,1.));
#1362=DIRECTION('',(-1.,0.,-1.65211759616839E-16));
#1363=DIRECTION('',(-1.65211759616839E-16,0.,1.));
#1364=DIRECTION('',(-1.,0.,-1.65211759616839E-16));
#1365=DIRECTION('',(-1.65211759616839E-16,0.,1.));
#1366=DIRECTION('',(-1.,0.,-1.65211759616839E-16));
#1367=DIRECTION('',(-1.65211759616839E-16,0.,1.));
#1368=DIRECTION('',(-1.,0.,-1.65211759616839E-16));
#1369=DIRECTION('',(-1.65211759616839E-16,0.,1.));
#1370=DIRECTION('',(-1.,0.,-1.65211759616839E-16));
#1371=DIRECTION('',(-1.65211759616839E-16,0.,1.));
#1372=DIRECTION('',(-1.,0.,-1.65211759616839E-16));
#1373=CARTESIAN_POINT('',(0.,0.,0.));
#1374=CARTESIAN_POINT('',(0.131,0.,4.65644178890381E-18));
#1375=CARTESIAN_POINT('',(0.14,0.,4.65644178890381E-18));
#1376=CARTESIAN_POINT('',(0.14,0.0305122926047847,-0.015));
#1377=CARTESIAN_POINT('',(0.14,0.0305122926047847,0.015));
#1378=CARTESIAN_POINT('',(-0.0197846998919316,0.0305122926047847,-0.015));
#1379=CARTESIAN_POINT('',(0.131,0.0305122926047847,-0.015));
#1380=CARTESIAN_POINT('',(0.131,0.,4.65644178890381E-18));
#1381=CARTESIAN_POINT('',(0.131,0.0305122926047847,0.015));
#1382=CARTESIAN_POINT('',(-0.0197846998919316,0.0305122926047847,0.015));
#1383=CARTESIAN_POINT('',(0.14,0.,0.02));
#1384=CARTESIAN_POINT('',(0.14,0.0337966425201316,0.015));
#1385=CARTESIAN_POINT('',(0.14,0.0370809924354783,0.015));
#1386=CARTESIAN_POINT('',(0.14,0.,2.4492935982947E-18));
#1387=CARTESIAN_POINT('',(0.14,0.02,0.0346410161513775));
#1388=CARTESIAN_POINT('',(0.14,0.,2.4492935982947E-18));
#1389=CARTESIAN_POINT('',(0.14,-0.02,0.0346410161513775));
#1390=CARTESIAN_POINT('',(0.14,0.,2.4492935982947E-18));
#1391=CARTESIAN_POINT('',(0.14,-0.04,-6.89018569679533E-18));
#1392=CARTESIAN_POINT('',(0.14,0.,-2.4492935982947E-18));
#1393=CARTESIAN_POINT('',(0.14,-0.02,-0.0346410161513775));
#1394=CARTESIAN_POINT('',(0.14,0.,-2.4492935982947E-18));
#1395=CARTESIAN_POINT('',(0.14,0.02,-0.0346410161513775));
#1396=CARTESIAN_POINT('',(0.14,0.,-2.4492935982947E-18));
#1397=CARTESIAN_POINT('',(0.14,0.0370809924354783,-0.015));
#1398=CARTESIAN_POINT('',(0.14,0.0337966425201316,-0.015));
#1399=CARTESIAN_POINT('',(0.03,0.01,0.0125));
#1400=CARTESIAN_POINT('',(0.03,0.01,0.0205));
#1401=CARTESIAN_POINT('',(0.03,-0.02,0.0205));
#1402=CARTESIAN_POINT('',(0.0076393202250021,-0.01,0.0205));
#1403=CARTESIAN_POINT('',(0.0076393202250021,-0.01,0.0125));
#1404=CARTESIAN_POINT('',(0.00763932022500211,-0.01,0.01));
#1405=CARTESIAN_POINT('',(0.03,0.01,0.01));
#1406=CARTESIAN_POINT('',(0.02,-0.0182842712474619,0.01));
#1407=CARTESIAN_POINT('',(0.02,-0.0182842712474619,0.0125));
#1408=CARTESIAN_POINT('',(0.02,-0.0182842712474619,-0.01));
#1409=CARTESIAN_POINT('',(0.03,0.01,-0.01));
#1410=CARTESIAN_POINT('',(0.00763932022500211,-0.01,-0.01));
#1411=CARTESIAN_POINT('',(0.0076393202250021,-0.01,-0.0125));
#1412=CARTESIAN_POINT('',(0.0076393202250021,-0.01,-0.0205));
#1413=CARTESIAN_POINT('',(0.03,0.01,-0.0205));
#1414=CARTESIAN_POINT('',(0.03,-0.02,-0.0205));
#1415=CARTESIAN_POINT('',(0.03,-0.02,0.0125));
#1416=CARTESIAN_POINT('',(0.0112157287525381,-0.01,0.0205));
#1417=CARTESIAN_POINT('',(0.0267157287525381,-0.01,0.0205));
#1418=CARTESIAN_POINT('',(0.032,-0.01,0.0205));
#1419=CARTESIAN_POINT('',(0.016,-0.02,0.0205));
#1420=CARTESIAN_POINT('',(0.032,-0.02,0.0205));
#1421=CARTESIAN_POINT('',(0.0417377749889571,-0.0206515112050797,0.0205));
#1422=CARTESIAN_POINT('',(0.0384939658777834,-0.0204027158469963,0.0205));
#1423=CARTESIAN_POINT('',(0.0352481064554904,-0.0201845653468711,0.0205));
#1424=CARTESIAN_POINT('',(0.032,-0.02,0.0205));
#1425=CARTESIAN_POINT('',(0.0417377755559722,-0.0206515047928926,0.0205000000000032));
#1426=CARTESIAN_POINT('',(0.0417377761229875,-0.0206514983807054,0.0205000000000062));
#1427=CARTESIAN_POINT('',(0.0385110879897819,-0.0171738608741923,0.0205000000000062));
#1428=CARTESIAN_POINT('',(0.0352668413211237,-0.0137125239569131,0.0205));
#1429=CARTESIAN_POINT('',(0.0320000007317611,-0.0102725742772934,0.0205));
#1430=CARTESIAN_POINT('',(0.032,-0.0102725742395804,0.0204999937044177));
#1431=CARTESIAN_POINT('',(0.032,-0.164725324822751,0.0205));
#1432=CARTESIAN_POINT('',(0.01,-0.166142477258362,0.01));
#1433=CARTESIAN_POINT('',(0.0267157287525381,-0.01,0.01));
#1434=CARTESIAN_POINT('',(0.02,-0.01,0.01));
#1435=CARTESIAN_POINT('',(0.02,-0.166142477258362,0.01));
#1436=CARTESIAN_POINT('',(0.14,-0.02,0.0346410161513775));
#1437=CARTESIAN_POINT('',(0.032,-0.02,0.025));
#1438=CARTESIAN_POINT('',(0.14,-0.0192442501588533,0.0350773485256035));
#1439=CARTESIAN_POINT('',(0.032,-0.0191666666666667,0.025));
#1440=CARTESIAN_POINT('',(0.14,-0.0184742167243167,0.0354889399668748));
#1441=CARTESIAN_POINT('',(0.032,-0.0183333333333334,0.025));
#1442=CARTESIAN_POINT('',(0.14,-0.0169088784932034,0.0362608793557403));
#1443=CARTESIAN_POINT('',(0.032,-0.0166666666666666,0.025));
#1444=CARTESIAN_POINT('',(0.14,-0.016113574281309,0.0366212270060713));
#1445=CARTESIAN_POINT('',(0.032,-0.0158333333333334,0.025));
#1446=CARTESIAN_POINT('',(0.14,-0.0145011003078982,0.0372891355948317));
#1447=CARTESIAN_POINT('',(0.032,-0.0141666666666667,0.025));
#1448=CARTESIAN_POINT('',(0.14,-0.0136839310394278,0.0375966963290347));
#1449=CARTESIAN_POINT('',(0.032,-0.0133333333333333,0.025));
#1450=CARTESIAN_POINT('',(0.14,-0.0120312261848252,0.0381577140305738));
#1451=CARTESIAN_POINT('',(0.032,-0.0116666666666667,0.025));
#1452=CARTESIAN_POINT('',(0.14,-0.0111956911040404,0.0384111708263674));
#1453=CARTESIAN_POINT('',(0.032,-0.0108333333333333,0.025));
#1454=CARTESIAN_POINT('',(0.14,-0.00950983250416129,0.038862895276758));
#1455=CARTESIAN_POINT('',(0.032,-0.00916666666666667,0.025));
#1456=CARTESIAN_POINT('',(0.14,-0.00865950950055175,0.0390611627932314));
#1457=CARTESIAN_POINT('',(0.032,-0.00833333333333334,0.025));
#1458=CARTESIAN_POINT('',(0.14,-0.00694771626073854,0.0394016596390271));
#1459=CARTESIAN_POINT('',(0.032,-0.00666666666666667,0.025));
#1460=CARTESIAN_POINT('',(0.14,-0.00608624654794965,0.0395438888642359));
#1461=CARTESIAN_POINT('',(0.032,-0.00583333333333333,0.025));
#1462=CARTESIAN_POINT('',(0.14,-0.00435584882965448,0.0397717000456689));
#1463=CARTESIAN_POINT('',(0.032,-0.00416666666666667,0.025));
#1464=CARTESIAN_POINT('',(0.14,-0.00348692135325169,0.0398572819322354));
#1465=CARTESIAN_POINT('',(0.032,-0.00333333333333333,0.025));
#1466=CARTESIAN_POINT('',(0.14,-0.00174532898515979,0.0399714319268528));
#1467=CARTESIAN_POINT('',(0.032,-0.00166666666666667,0.025));
#1468=CARTESIAN_POINT('',(0.14,-0.000872664625997169,0.04));
#1469=CARTESIAN_POINT('',(0.032,-0.000833333333333337,0.025));
#1470=CARTESIAN_POINT('',(0.14,0.000872664625997159,0.04));
#1471=CARTESIAN_POINT('',(0.032,0.00083333333333333,0.025));
#1472=CARTESIAN_POINT('',(0.14,0.00174532898515975,0.0399714319268528));
#1473=CARTESIAN_POINT('',(0.032,0.00166666666666667,0.025));
#1474=CARTESIAN_POINT('',(0.14,0.00348692135325164,0.0398572819322355));
#1475=CARTESIAN_POINT('',(0.032,0.00333333333333333,0.025));
#1476=CARTESIAN_POINT('',(0.14,0.00435584882965446,0.0397717000456689));
#1477=CARTESIAN_POINT('',(0.032,0.00416666666666667,0.025));
#1478=CARTESIAN_POINT('',(0.14,0.00608624654794964,0.0395438888642359));
#1479=CARTESIAN_POINT('',(0.032,0.00583333333333333,0.025));
#1480=CARTESIAN_POINT('',(0.14,0.00694771626073851,0.0394016596390271));
#1481=CARTESIAN_POINT('',(0.032,0.00666666666666666,0.025));
#1482=CARTESIAN_POINT('',(0.14,0.00865950950055172,0.0390611627932314));
#1483=CARTESIAN_POINT('',(0.032,0.00833333333333333,0.025));
#1484=CARTESIAN_POINT('',(0.14,0.00950983250416126,0.038862895276758));
#1485=CARTESIAN_POINT('',(0.032,0.00916666666666666,0.025));
#1486=CARTESIAN_POINT('',(0.14,0.0111956911040404,0.0384111708263674));
#1487=CARTESIAN_POINT('',(0.032,0.0108333333333333,0.025));
#1488=CARTESIAN_POINT('',(0.14,0.0120312261848251,0.0381577140305738));
#1489=CARTESIAN_POINT('',(0.032,0.0116666666666667,0.025));
#1490=CARTESIAN_POINT('',(0.14,0.0136839310394277,0.0375966963290347));
#1491=CARTESIAN_POINT('',(0.032,0.0133333333333333,0.025));
#1492=CARTESIAN_POINT('',(0.14,0.0145011003078982,0.0372891355948317));
#1493=CARTESIAN_POINT('',(0.032,0.0141666666666667,0.025));
#1494=CARTESIAN_POINT('',(0.14,0.016113574281309,0.0366212270060713));
#1495=CARTESIAN_POINT('',(0.032,0.0158333333333334,0.025));
#1496=CARTESIAN_POINT('',(0.14,0.0169088784932034,0.0362608793557403));
#1497=CARTESIAN_POINT('',(0.032,0.0166666666666666,0.025));
#1498=CARTESIAN_POINT('',(0.14,0.0184742167243167,0.0354889399668748));
#1499=CARTESIAN_POINT('',(0.032,0.0183333333333334,0.025));
#1500=CARTESIAN_POINT('',(0.14,0.0192442501588533,0.0350773485256036));
#1501=CARTESIAN_POINT('',(0.032,0.0191666666666667,0.025));
#1502=CARTESIAN_POINT('',(0.14,0.02,0.0346410161513775));
#1503=CARTESIAN_POINT('',(0.032,0.02,0.025));
#1504=CARTESIAN_POINT('',(0.0489356855314205,-0.0012874905973494,0.027348951672673));
#1505=CARTESIAN_POINT('',(0.0486058290106169,-0.000499790248696373,0.0273063685219406));
#1506=CARTESIAN_POINT('',(0.0489353709413405,0.000286651592134894,0.0273522110489933));
#1507=CARTESIAN_POINT('',(0.0497151963209641,0.000606574528684049,0.0274595786114818));
#1508=CARTESIAN_POINT('',(0.0504960522459994,0.000287049902871913,0.0275689593581133));
#1509=CARTESIAN_POINT('',(0.0508252681036155,-0.000499829445850507,0.0276146289318569));
#1510=CARTESIAN_POINT('',(0.0504972474112789,-0.00128542520308235,0.0275654644495292));
#1511=CARTESIAN_POINT('',(0.0497170882684701,-0.0016067700541313,0.0274549395374099));
#1512=CARTESIAN_POINT('',(0.0489356855314205,-0.0012874905973494,0.027348951672673));
#1513=CARTESIAN_POINT('',(0.0486058290106169,-0.000499790248696373,0.0273063685219406));
#1514=CARTESIAN_POINT('',(0.0489353709413405,0.000286651592134894,0.0273522110489933));
#1515=CARTESIAN_POINT('',(0.0487157287525381,-0.0005,0.0273211061349047));
#1516=CARTESIAN_POINT('',(0.0389346184716161,0.0122143053993782,0.0258331142318755));
#1517=CARTESIAN_POINT('',(0.0386062634594605,0.0129997749423219,0.0257778577659785));
#1518=CARTESIAN_POINT('',(0.0389347002057705,0.0137865948313343,0.025798742620242));
#1519=CARTESIAN_POINT('',(0.0397173603319414,0.0141071523243212,0.0258797427825502));
#1520=CARTESIAN_POINT('',(0.0404976936389919,0.0137847912304412,0.0259779292294574));
#1521=CARTESIAN_POINT('',(0.0408247513173033,0.0130004464275624,0.0260392691986009));
#1522=CARTESIAN_POINT('',(0.0404976735498608,0.0122142512811829,0.0260219533621651));
#1523=CARTESIAN_POINT('',(0.0397145093722646,0.0118928611703991,0.0259346501537587));
#1524=CARTESIAN_POINT('',(0.0389346184716161,0.0122143053993782,0.0258331142318755));
#1525=CARTESIAN_POINT('',(0.0386062634594605,0.0129997749423219,0.0257778577659785));
#1526=CARTESIAN_POINT('',(0.0389347002057705,0.0137865948313343,0.025798742620242));
#1527=CARTESIAN_POINT('',(0.0387157287525381,0.013,0.0257905479860053));
#1528=CARTESIAN_POINT('',(0.0419352086593083,0.0062136210919151,0.026331618339105));
#1529=CARTESIAN_POINT('',(0.0416059715191316,0.0069998191244933,0.0262753249236161));
#1530=CARTESIAN_POINT('',(0.0419352777793937,0.0077871024101117,0.0263046569491056));
#1531=CARTESIAN_POINT('',(0.0427170836185884,0.00810681001260611,0.0264000801407451));
#1532=CARTESIAN_POINT('',(0.043496892002446,0.00778565440627588,0.0265092858201969));
#1533=CARTESIAN_POINT('',(0.043825071517664,0.0070004906008118,0.0265700553261843));
#1534=CARTESIAN_POINT('',(0.0434971942585968,0.00621386722622641,0.0265414900070184));
#1535=CARTESIAN_POINT('',(0.0427148767311879,0.00589312804681372,0.0264414090363152));
#1536=CARTESIAN_POINT('',(0.0419352086593083,0.0062136210919151,0.026331618339105));
#1537=CARTESIAN_POINT('',(0.0416059715191316,0.0069998191244933,0.0262753249236161));
#1538=CARTESIAN_POINT('',(0.0419352777793937,0.0077871024101117,0.0263046569491056));
#1539=CARTESIAN_POINT('',(0.0417157287525381,0.007,0.0262895958304458));
#1540=CARTESIAN_POINT('',(0.032,-0.02,0.025));
#1541=CARTESIAN_POINT('',(0.032,-0.00968534620519985,0.025));
#1542=CARTESIAN_POINT('',(0.032,0.00968534467753312,0.0250000111691685));
#1543=CARTESIAN_POINT('',(0.032,-0.00968534620568474,0.025));
#1544=CARTESIAN_POINT('',(0.0325393212853742,-0.0102138411587561,0.0250685187862993));
#1545=CARTESIAN_POINT('',(0.0335655496403239,-0.0112206662273865,0.0251947145203223));
#1546=CARTESIAN_POINT('',(0.034717121554243,-0.0123529365600746,0.025326395801932));
#1547=CARTESIAN_POINT('',(0.0355599713500061,-0.0131830760390031,0.0254172764000998));
#1548=CARTESIAN_POINT('',(0.0361521038729209,-0.0137670216398726,0.025478485299689));
#1549=CARTESIAN_POINT('',(0.0366149246403996,-0.0142241034113802,0.0255242579019974));
#1550=CARTESIAN_POINT('',(0.0369174723816901,-0.0145232542473734,0.025553230695547));
#1551=CARTESIAN_POINT('',(0.0370920308374749,-0.0146959762974832,0.0255696509877409));
#1552=CARTESIAN_POINT('',(0.0372019272651983,-0.014804753990879,0.0255798970334325));
#1553=CARTESIAN_POINT('',(0.037380328160459,-0.0149814515139434,0.0255963026133684));
#1554=CARTESIAN_POINT('',(0.0375940805650636,-0.015193339685944,0.0256156171630322));
#1555=CARTESIAN_POINT('',(0.0379788163436771,-0.0155751150646233,0.0256495884976082));
#1556=CARTESIAN_POINT('',(0.0387385324617925,-0.0163306184431813,0.0257132471638369));
#1557=CARTESIAN_POINT('',(0.0398226853194607,-0.0174131274381159,0.0257940026966598));
#1558=CARTESIAN_POINT('',(0.0411134226278832,-0.0187081845285267,0.0258724684514577));
#1559=CARTESIAN_POINT('',(0.0419686100939698,-0.0195698623353412,0.0259117574062982));
#1560=CARTESIAN_POINT('',(0.0423947505859372,-0.02,0.0259279255397089));
#1561=CARTESIAN_POINT('',(0.0423947509326362,-0.0200000117073558,0.0259278960095811));
#1562=CARTESIAN_POINT('',(0.086,-0.02,0.0298205080756888));
#1563=CARTESIAN_POINT('',(0.086,0.02,0.0298205080756888));
#1564=CARTESIAN_POINT('',(0.0423965066850618,0.0200000000003173,0.0259280823043226));
#1565=CARTESIAN_POINT('',(0.0423947505868549,0.02,0.0259279255397908));
#1566=CARTESIAN_POINT('',(0.0423389370337431,0.0199459473023869,0.0259256917632162));
#1567=CARTESIAN_POINT('',(0.0422578908896675,0.0198657956898246,0.0259224545346055));
#1568=CARTESIAN_POINT('',(0.0421623186270506,0.0197678221542714,0.0259186593448135));
#1569=CARTESIAN_POINT('',(0.0421139272149066,0.019717519924729,0.0259167417083435));
#1570=CARTESIAN_POINT('',(0.0420628355164381,0.0196635010805646,0.0259147269497825));
#1571=CARTESIAN_POINT('',(0.0420702089269391,0.0196714637440456,0.0259150088786612));
#1572=CARTESIAN_POINT('',(0.0420434665282827,0.0196441604289531,0.0259139005604185));
#1573=CARTESIAN_POINT('',(0.0419951957195017,0.0195954498492022,0.0259118574781548));
#1574=CARTESIAN_POINT('',(0.0419090310354138,0.0195084041855314,0.0259081232593169));
#1575=CARTESIAN_POINT('',(0.0418285331308718,0.0194271327525357,0.0259045525726872));
#1576=CARTESIAN_POINT('',(0.041739805219682,0.0193375482428328,0.0259005214256945));
#1577=CARTESIAN_POINT('',(0.0417130854650731,0.0193105740221867,0.0258992828668022));
#1578=CARTESIAN_POINT('',(0.0416556986320031,0.0192526516698072,0.025896618875638));
#1579=CARTESIAN_POINT('',(0.0415651084104342,0.019161249650979,0.0258923352317728));
#1580=CARTESIAN_POINT('',(0.0414295095657613,0.0190245221743578,0.0258857387569576));
#1581=CARTESIAN_POINT('',(0.0412684374098559,0.0188622524729077,0.0258775884937085));
#1582=CARTESIAN_POINT('',(0.0410482128118222,0.0186405845221976,0.0258660167620715));
#1583=CARTESIAN_POINT('',(0.0407912657219695,0.018382277441737,0.025851798415853));
#1584=CARTESIAN_POINT('',(0.0404675085946521,0.0180573165838645,0.0258327336377999));
#1585=CARTESIAN_POINT('',(0.0401451666902703,0.0177342744340095,0.0258126105443893));
#1586=CARTESIAN_POINT('',(0.0398016511109013,0.0173905624609881,0.0257898809683554));
#1587=CARTESIAN_POINT('',(0.0395104816058077,0.0170996471116878,0.0257696340316527));
#1588=CARTESIAN_POINT('',(0.0390938827557063,0.0166839268323422,0.0257394404879398));
#1589=CARTESIAN_POINT('',(0.0385643187710395,0.0161565136173483,0.0256985176799423));
#1590=CARTESIAN_POINT('',(0.0380147359674943,0.0156104591612213,0.0256527012796558));
#1591=CARTESIAN_POINT('',(0.037614715727262,0.0152137156455864,0.0256174651668772));
#1592=CARTESIAN_POINT('',(0.0373911640291553,0.0149921733315782,0.0255972961589687));
#1593=CARTESIAN_POINT('',(0.0371991693189638,0.0148020252227074,0.0255796442412534));
#1594=CARTESIAN_POINT('',(0.0370929080509447,0.0146968441224557,0.0255697316615265));
#1595=CARTESIAN_POINT('',(0.036917185101694,0.0145229696154339,0.0255532048206477));
#1596=CARTESIAN_POINT('',(0.0366153961089859,0.0142245691366095,0.0255243020683364));
#1597=CARTESIAN_POINT('',(0.0361521851117789,0.0137671008557073,0.0254784944978604));
#1598=CARTESIAN_POINT('',(0.0355601946565254,0.0131832955598003,0.0254172996174584));
#1599=CARTESIAN_POINT('',(0.0347172935857833,0.0123531052503139,0.025326415366089));
#1600=CARTESIAN_POINT('',(0.0335656924572731,0.0112208063230523,0.025194731628007));
#1601=CARTESIAN_POINT('',(0.0325393742147662,0.0102138930236972,0.0250685255107863));
#1602=CARTESIAN_POINT('',(0.032,0.00968534620393127,0.025));
#1603=CARTESIAN_POINT('',(0.0489355330598994,-0.00878829226452632,0.0271893558211276));
#1604=CARTESIAN_POINT('',(0.0486060646702567,-0.00799916740598563,0.0271741605131227));
#1605=CARTESIAN_POINT('',(0.0489345807743026,-0.00721503811153117,0.0272418814224402));
#1606=CARTESIAN_POINT('',(0.0497121114058428,-0.00689327746650243,0.0273548647436502));
#1607=CARTESIAN_POINT('',(0.0504959179755626,-0.00721187185812202,0.0274493340851236));
#1608=CARTESIAN_POINT('',(0.0508250583247189,-0.00800048425150976,0.0274648829882749));
#1609=CARTESIAN_POINT('',(0.0504982206173123,-0.00878345585917285,0.0273911447200266));
#1610=CARTESIAN_POINT('',(0.0497203510534396,-0.00910705396838477,0.0272776972972267));
#1611=CARTESIAN_POINT('',(0.0489355330598994,-0.00878829226452632,0.0271893558211276));
#1612=CARTESIAN_POINT('',(0.0486060646702567,-0.00799916740598563,0.0271741605131227));
#1613=CARTESIAN_POINT('',(0.0489345807743026,-0.00721503811153117,0.0272418814224402));
#1614=CARTESIAN_POINT('',(0.0487157287525381,-0.008,0.0271879798826765));
#1615=CARTESIAN_POINT('',(0.0489339665889002,0.0122157278094715,0.0270366641921797));
#1616=CARTESIAN_POINT('',(0.0486064328759549,0.0129992243335465,0.0269571261929674));
#1617=CARTESIAN_POINT('',(0.0489346744225088,0.0137873748563424,0.0269516598249791));
#1618=CARTESIAN_POINT('',(0.0497201052035194,0.0141073780239375,0.0270219120040132));
#1619=CARTESIAN_POINT('',(0.0504985390745473,0.0137830821297627,0.0271314986994887));
#1620=CARTESIAN_POINT('',(0.0508244774405434,0.0130012077019781,0.0272188569202483));
#1621=CARTESIAN_POINT('',(0.0504979234699884,0.0122136689082869,0.0272260348607451));
#1622=CARTESIAN_POINT('',(0.0497120027103445,0.0118926551836426,0.0271476606556225));
#1623=CARTESIAN_POINT('',(0.0489339665889002,0.0122157278094715,0.0270366641921797));
#1624=CARTESIAN_POINT('',(0.0486064328759549,0.0129992243335465,0.0269571261929674));
#1625=CARTESIAN_POINT('',(0.0489346744225088,0.0137873748563424,0.0269516598249791));
#1626=CARTESIAN_POINT('',(0.0487157287525381,0.013,0.0269694714648381));
#1627=CARTESIAN_POINT('',(0.0489349976394626,0.00621414655864167,0.027270387836416));
#1628=CARTESIAN_POINT('',(0.0486060098664539,0.00699958490287809,0.0272052281333299));
#1629=CARTESIAN_POINT('',(0.0489353354099503,0.00778751382984596,0.0272243358374633));
#1630=CARTESIAN_POINT('',(0.049718293058918,0.00810686772726905,0.0273154574762772));
#1631=CARTESIAN_POINT('',(0.0504971627694161,0.0077850046241902,0.0274291740347488));
#1632=CARTESIAN_POINT('',(0.0508249996927153,0.00700081778615952,0.0275000614014921));
#1633=CARTESIAN_POINT('',(0.0504972106995325,0.0062135422045492,0.027480389691147));
#1634=CARTESIAN_POINT('',(0.0497138563541067,0.00589307875526265,0.0273833695809055));
#1635=CARTESIAN_POINT('',(0.0489349976394626,0.00621414655864167,0.027270387836416));
#1636=CARTESIAN_POINT('',(0.0486060098664539,0.00699958490287809,0.0272052281333299));
#1637=CARTESIAN_POINT('',(0.0489353354099503,0.00778751382984596,0.0272243358374633));
#1638=CARTESIAN_POINT('',(0.0487157287525381,0.007,0.0272192727011998));
#1639=CARTESIAN_POINT('',(0.0419354772551352,-0.0087878132743286,0.0262840809255809));
#1640=CARTESIAN_POINT('',(0.0416060148189806,-0.00799943715627927,0.0262572749316329));
#1641=CARTESIAN_POINT('',(0.0419348359841709,-0.00721443810055432,0.0263147877543172));
#1642=CARTESIAN_POINT('',(0.0427132369170398,-0.00689331699635778,0.0264240062662427));
#1643=CARTESIAN_POINT('',(0.0434959794926917,-0.00721230329391629,0.0265220515339792));
#1644=CARTESIAN_POINT('',(0.0438250982441324,-0.00800012024274877,0.02654786159134));
#1645=CARTESIAN_POINT('',(0.0434979992507209,-0.00878412648968454,0.0264855969988274));
#1646=CARTESIAN_POINT('',(0.042718921705762,-0.0091070105013196,0.026377228288511));
#1647=CARTESIAN_POINT('',(0.0419354772551352,-0.0087878132743286,0.0262840809255809));
#1648=CARTESIAN_POINT('',(0.0416060148189806,-0.00799943715627927,0.0262572749316329));
#1649=CARTESIAN_POINT('',(0.0419348359841709,-0.00721443810055432,0.0263147877543172));
#1650=CARTESIAN_POINT('',(0.0417157287525381,-0.008,0.0262713280677383));
#1651=CARTESIAN_POINT('',(0.0412157287525381,-0.01,0.0205));
#1652=CARTESIAN_POINT('',(0.0427157287525381,-0.008,0.0205));
#1653=CARTESIAN_POINT('',(0.0417157287525381,-0.008,0.0205));
#1654=CARTESIAN_POINT('',(0.0497157287525381,-0.0005,0.0205));
#1655=CARTESIAN_POINT('',(0.0487157287525381,-0.0005,0.0205));
#1656=CARTESIAN_POINT('',(0.0497157287525381,0.007,0.0205));
#1657=CARTESIAN_POINT('',(0.0487157287525381,0.007,0.0205));
#1658=CARTESIAN_POINT('',(0.0397157287525381,0.013,0.0205));
#1659=CARTESIAN_POINT('',(0.0387157287525381,0.013,0.0205));
#1660=CARTESIAN_POINT('',(0.0497157287525381,0.013,0.0205));
#1661=CARTESIAN_POINT('',(0.0487157287525381,0.013,0.0205));
#1662=CARTESIAN_POINT('',(0.0427157287525381,0.007,0.0205));
#1663=CARTESIAN_POINT('',(0.0417157287525381,0.007,0.0205));
#1664=CARTESIAN_POINT('',(0.0497157287525381,-0.008,0.0205));
#1665=CARTESIAN_POINT('',(0.0487157287525381,-0.008,0.0205));
#1666=CARTESIAN_POINT('',(0.032,0.,0.0205));
#1667=CARTESIAN_POINT('',(0.032,0.0102725742780171,0.0205));
#1668=CARTESIAN_POINT('',(0.0320000007317562,0.0102725742780171,0.0205));
#1669=CARTESIAN_POINT('',(0.0351254335657862,0.013563623040263,0.0205));
#1670=CARTESIAN_POINT('',(0.0383713586962042,0.0170232644078906,0.0205));
#1671=CARTESIAN_POINT('',(0.0417377761230102,0.0206514983808999,0.0205));
#1672=CARTESIAN_POINT('',(0.0417377713221611,0.0206515045495619,0.0204999992502963));
#1673=CARTESIAN_POINT('',(0.0417377708361225,0.0206515108865635,0.0205));
#1674=CARTESIAN_POINT('',(0.0450669142054796,0.0209068512290185,0.0205));
#1675=CARTESIAN_POINT('',(0.0483927741234674,0.0211943602350563,0.0205));
#1676=CARTESIAN_POINT('',(0.0517157287525381,0.0215103329676018,0.0205));
#1677=CARTESIAN_POINT('',(0.0517157287525381,0.0215103329676018,0.0205));
#1678=CARTESIAN_POINT('',(0.0517157287525381,-0.01,0.0205));
#1679=CARTESIAN_POINT('',(0.0517157287525381,-0.01,0.0205));
#1680=CARTESIAN_POINT('',(0.0412157287525381,-0.01,0.0205));
#1681=CARTESIAN_POINT('',(0.0267157287525381,-0.01,0.01525));
#1682=CARTESIAN_POINT('',(0.0517157287525381,-0.01,0.01025));
#1683=CARTESIAN_POINT('',(0.0517157287525381,-0.01,0.015));
#1684=CARTESIAN_POINT('',(0.0267157287525381,-0.01,0.015));
#1685=CARTESIAN_POINT('',(0.045,-0.01,0.015));
#1686=CARTESIAN_POINT('',(0.045,-0.01,0.01525));
#1687=CARTESIAN_POINT('',(0.045,-0.01,-0.015));
#1688=CARTESIAN_POINT('',(0.0267157287525381,-0.01,-0.015));
#1689=CARTESIAN_POINT('',(0.0517157287525381,-0.01,-0.015));
#1690=CARTESIAN_POINT('',(0.0517157287525381,-0.01,-0.01025));
#1691=CARTESIAN_POINT('',(0.0517157287525381,-0.01,-0.0205));
#1692=CARTESIAN_POINT('',(0.0412157287525381,-0.01,-0.0205));
#1693=CARTESIAN_POINT('',(0.032,-0.01,-0.0205));
#1694=CARTESIAN_POINT('',(0.0267157287525381,-0.01,-0.0205));
#1695=CARTESIAN_POINT('',(0.0267157287525381,-0.01,-0.01));
#1696=CARTESIAN_POINT('',(0.02,-0.01,-0.01));
#1697=CARTESIAN_POINT('',(0.02,-0.01,0.01525));
#1698=CARTESIAN_POINT('',(0.016,-0.02,0.0125));
#1699=CARTESIAN_POINT('',(0.032,-0.02,0.0125));
#1700=CARTESIAN_POINT('',(0.032,-0.02,0.));
#1701=CARTESIAN_POINT('',(0.016,-0.02,-0.0205));
#1702=CARTESIAN_POINT('',(0.032,-0.02,-0.0205));
#1703=CARTESIAN_POINT('',(0.032,-0.02,-0.0125));
#1704=CARTESIAN_POINT('',(0.00171372875253808,0.00494974746830583,0.00494974746830583));
#1705=CARTESIAN_POINT('',(0.125,0.00494974746830583,0.00494974746830583));
#1706=CARTESIAN_POINT('',(0.125,0.00494974746830583,0.00619974746830583));
#1707=CARTESIAN_POINT('',(0.139,0.00494974746830583,0.00494974746830583));
#1708=CARTESIAN_POINT('',(0.139,0.00494974746830583,0.00369974746830583));
#1709=CARTESIAN_POINT('',(0.00171372875253808,-0.00494974746830583,0.00494974746830583));
#1710=CARTESIAN_POINT('',(0.125,-0.00494974746830583,0.00494974746830583));
#1711=CARTESIAN_POINT('',(0.125,-0.00494974746830583,0.00619974746830583));
#1712=CARTESIAN_POINT('',(0.139,-0.00494974746830583,0.00494974746830583));
#1713=CARTESIAN_POINT('',(0.139,-0.00494974746830583,0.00369974746830583));
#1714=CARTESIAN_POINT('',(0.00171372875253808,0.,2.75638376903643E-18));
#1715=CARTESIAN_POINT('',(0.139,0.,2.75638376903643E-18));
#1716=CARTESIAN_POINT('',(0.139,0.,-0.0015));
#1717=CARTESIAN_POINT('',(0.125,0.,2.75638376903643E-18));
#1718=CARTESIAN_POINT('',(0.125,0.,0.0015));
#1719=CARTESIAN_POINT('',(0.0517157287525381,-0.01,0.01025));
#1720=CARTESIAN_POINT('',(0.0517157287525381,0.0225064191757127,0.015));
#1721=CARTESIAN_POINT('',(0.0517157287525381,0.0222247933513947,0.016842012692212));
#1722=CARTESIAN_POINT('',(0.0517157287525381,0.0218922924971466,0.0186752647270003));
#1723=CARTESIAN_POINT('',(0.0517157287525381,0.0215103329676018,0.0205));
#1724=CARTESIAN_POINT('',(0.0517157287525381,0.0225064191757127,0.015));
#1725=CARTESIAN_POINT('',(0.0517157287525381,-0.01,0.015));
#1726=CARTESIAN_POINT('',(0.14,0.02,0.0346410161513775));
#1727=CARTESIAN_POINT('',(0.0411481974611392,0.02,0.0258166474025818));
#1728=CARTESIAN_POINT('',(0.14,0.0207557498411466,0.0342046837771516));
#1729=CARTESIAN_POINT('',(0.0411481974611392,0.0200640161923892,0.0253029717679482));
#1730=CARTESIAN_POINT('',(0.14,0.0214972152025361,0.033743610981715));
#1731=CARTESIAN_POINT('',(0.0411481974611392,0.0201268224103206,0.0247872004827729));
#1732=CARTESIAN_POINT('',(0.14,0.0229484034390321,0.0327739580024886));
#1733=CARTESIAN_POINT('',(0.0411481974611392,0.0202497460819941,0.0237516337738155));
#1734=CARTESIAN_POINT('',(0.14,0.02365812576436,0.0322653781764168));
#1735=CARTESIAN_POINT('',(0.0411481974611392,0.0203098634891671,0.0232318383803342));
#1736=CARTESIAN_POINT('',(0.14,0.0250427885563376,0.031202889046882));
#1737=CARTESIAN_POINT('',(0.0411481974611392,0.0204271520876681,0.0221884079358718));
#1738=CARTESIAN_POINT('',(0.14,0.0257177285995993,0.0306489800682962));
#1739=CARTESIAN_POINT('',(0.0411481974611392,0.0204843232431328,0.0216647729124095));
#1740=CARTESIAN_POINT('',(0.14,0.0270299366084061,0.029498204530022));
#1741=CARTESIAN_POINT('',(0.0411481974611392,0.0205954745206758,0.0206138641207222));
#1742=CARTESIAN_POINT('',(0.14,0.0276672041727177,0.0289013383222061));
#1743=CARTESIAN_POINT('',(0.0411481974611392,0.0206494546087675,0.0200865903823027));
#1744=CARTESIAN_POINT('',(0.14,0.0289013383222061,0.0276672041727177));
#1745=CARTESIAN_POINT('',(0.0411481974611392,0.020753992598518,0.0190286206551018));
#1746=CARTESIAN_POINT('',(0.14,0.029498204530022,0.0270299366084062));
#1747=CARTESIAN_POINT('',(0.0411481974611392,0.0208045504682123,0.0184979246982849));
#1748=CARTESIAN_POINT('',(0.14,0.0306489800682962,0.0257177285995993));
#1749=CARTESIAN_POINT('',(0.0411481974611392,0.0209020275224492,0.0174333416832914));
#1750=CARTESIAN_POINT('',(0.14,0.031202889046882,0.0250427885563377));
#1751=CARTESIAN_POINT('',(0.0411481974611392,0.0209489466771862,0.0168994546591015));
#1752=CARTESIAN_POINT('',(0.14,0.0322653781764168,0.02365812576436));
#1753=CARTESIAN_POINT('',(0.0411481974611392,0.0210389453841982,0.01582873432315));
#1754=CARTESIAN_POINT('',(0.14,0.0327739580024886,0.0229484034390322));
#1755=CARTESIAN_POINT('',(0.0411481974611392,0.0210820249089543,0.0152919010472519));
#1756=CARTESIAN_POINT('',(0.14,0.033743610981715,0.0214972152025361));
#1757=CARTESIAN_POINT('',(0.0411481974611392,0.0211641598804612,0.0142155456381279));
#1758=CARTESIAN_POINT('',(0.14,0.034204683838379,0.0207557497350976));
#1759=CARTESIAN_POINT('',(0.0411481974611392,0.0212032153020976,0.0136760235424884));
#1760=CARTESIAN_POINT('',(0.14,0.0350773484643761,0.0192442502649024));
#1761=CARTESIAN_POINT('',(0.0411481974611392,0.0212771348235418,0.0125945594382254));
#1762=CARTESIAN_POINT('',(0.14,0.0354889399668748,0.0184742167243167));
#1763=CARTESIAN_POINT('',(0.0411481974611392,0.0213119989007472,0.0120526174687504));
#1764=CARTESIAN_POINT('',(0.14,0.0362608793557403,0.0169088784932034));
#1765=CARTESIAN_POINT('',(0.0411481974611392,0.0213773864373896,0.0109665929235991));
#1766=CARTESIAN_POINT('',(0.14,0.0366212270060712,0.016113574281309));
#1767=CARTESIAN_POINT('',(0.0411481974611392,0.021407909876833,0.0104225103884657));
#1768=CARTESIAN_POINT('',(0.14,0.0370178348036422,0.0151560783574702));
#1769=CARTESIAN_POINT('',(0.0411481974611392,0.0214415047513404,0.00977525217142413));
#1770=CARTESIAN_POINT('',(0.14,0.0370795593091553,0.0150044346270652));
#1771=CARTESIAN_POINT('',(0.0411481974611392,0.0214467331584203,0.00967296996190432));
#1772=CARTESIAN_POINT('',(0.14,0.0371403504697449,0.0148524176537429));
#1773=CARTESIAN_POINT('',(0.0411481974611392,0.0214518825060218,0.00957065613664462));
#1774=CARTESIAN_POINT('',(0.140000000071332,0.0370809920437098,0.015));
#1775=CARTESIAN_POINT('',(0.125321514189783,0.0344393293317153,0.015));
#1776=CARTESIAN_POINT('',(0.0959469608381687,0.0292540383429358,0.015));
#1777=CARTESIAN_POINT('',(0.0664893599516509,0.0245508912460232,0.015));
#1778=CARTESIAN_POINT('',(0.0517157287525381,0.0225064191757127,0.015));
#1779=CARTESIAN_POINT('',(0.0417377749880557,0.0206515112173477,0.0204999998871201));
#1780=CARTESIAN_POINT('',(0.0419332100208798,0.0204669948129078,0.0223254136651156));
#1781=CARTESIAN_POINT('',(0.0421521993455277,0.0202508846336219,0.0241379125023487));
#1782=CARTESIAN_POINT('',(0.0423947429619994,0.0200000096287786,0.0259278569907985));
#1783=CARTESIAN_POINT('',(0.125,0.015,0.0075));
#1784=CARTESIAN_POINT('',(0.125,0.015,0.015));
#1785=CARTESIAN_POINT('',(0.125,0.0212367605815953,0.015));
#1786=CARTESIAN_POINT('',(0.125,-0.015,0.015));
#1787=CARTESIAN_POINT('',(0.125,0.,4.65644178890381E-18));
#1788=CARTESIAN_POINT('',(0.125,0.0212367605815953,-0.015));
#1789=CARTESIAN_POINT('',(0.125,0.015,-0.015));
#1790=CARTESIAN_POINT('',(0.125,-0.015,-0.015));
#1791=CARTESIAN_POINT('',(0.125,-0.015,0.0075));
#1792=CARTESIAN_POINT('',(0.125,-0.00494974746830583,-0.00494974746830583));
#1793=CARTESIAN_POINT('',(0.125,-0.00494974746830583,-0.00619974746830583));
#1794=CARTESIAN_POINT('',(0.125,0.00494974746830583,-0.00494974746830583));
#1795=CARTESIAN_POINT('',(0.125,0.00494974746830583,-0.00619974746830583));
#1796=CARTESIAN_POINT('',(0.032,0.,0.0125));
#1797=CARTESIAN_POINT('',(0.032,-0.0102725735069309,0.0204999999985015));
#1798=CARTESIAN_POINT('',(0.032,-0.0101070809198166,0.0219218911913162));
#1799=CARTESIAN_POINT('',(0.032,-0.0099113385349479,0.0234218911918157));
#1800=CARTESIAN_POINT('',(0.032,-0.0096853463523249,0.025));
#1801=CARTESIAN_POINT('',(0.032,0.00968534635056981,0.025));
#1802=CARTESIAN_POINT('',(0.032,0.00991133855277174,0.0234218910430686));
#1803=CARTESIAN_POINT('',(0.032,0.0101070809384673,0.0219218910425783));
#1804=CARTESIAN_POINT('',(0.032,0.0102725735076565,0.0204999999985291));
#1805=CARTESIAN_POINT('',(0.14,-0.04,8.88178419700125E-18));
#1806=CARTESIAN_POINT('',(0.032,-0.02,0.));
#1807=CARTESIAN_POINT('',(0.14,-0.04,0.000872664748452061));
#1808=CARTESIAN_POINT('',(0.032,-0.02,0.000520833333333331));
#1809=CARTESIAN_POINT('',(0.14,-0.0399714319268528,0.00174532898515978));
#1810=CARTESIAN_POINT('',(0.032,-0.02,0.00104166666666667));
#1811=CARTESIAN_POINT('',(0.14,-0.0398572819322354,0.00348692135325168));
#1812=CARTESIAN_POINT('',(0.032,-0.02,0.00208333333333334));
#1813=CARTESIAN_POINT('',(0.14,-0.0397717000456689,0.00435584882965449));
#1814=CARTESIAN_POINT('',(0.032,-0.02,0.00260416666666667));
#1815=CARTESIAN_POINT('',(0.14,-0.0395438888642359,0.00608624654794966));
#1816=CARTESIAN_POINT('',(0.032,-0.02,0.00364583333333334));
#1817=CARTESIAN_POINT('',(0.14,-0.0394016596390271,0.00694771626073853));
#1818=CARTESIAN_POINT('',(0.032,-0.02,0.00416666666666667));
#1819=CARTESIAN_POINT('',(0.14,-0.0390611627932314,0.00865950950055175));
#1820=CARTESIAN_POINT('',(0.032,-0.02,0.00520833333333334));
#1821=CARTESIAN_POINT('',(0.14,-0.038862895276758,0.00950983250416129));
#1822=CARTESIAN_POINT('',(0.032,-0.02,0.00572916666666667));
#1823=CARTESIAN_POINT('',(0.14,-0.0384111708263674,0.0111956911040404));
#1824=CARTESIAN_POINT('',(0.032,-0.02,0.00677083333333334));
#1825=CARTESIAN_POINT('',(0.14,-0.0381577140305738,0.0120312261848252));
#1826=CARTESIAN_POINT('',(0.032,-0.02,0.00729166666666667));
#1827=CARTESIAN_POINT('',(0.14,-0.0375966963290347,0.0136839310394278));
#1828=CARTESIAN_POINT('',(0.032,-0.02,0.00833333333333334));
#1829=CARTESIAN_POINT('',(0.14,-0.0372891355948317,0.0145011003078982));
#1830=CARTESIAN_POINT('',(0.032,-0.02,0.00885416666666667));
#1831=CARTESIAN_POINT('',(0.14,-0.0366212270060713,0.016113574281309));
#1832=CARTESIAN_POINT('',(0.032,-0.02,0.00989583333333333));
#1833=CARTESIAN_POINT('',(0.14,-0.0362608793557403,0.0169088784932034));
#1834=CARTESIAN_POINT('',(0.032,-0.02,0.0104166666666667));
#1835=CARTESIAN_POINT('',(0.14,-0.0354889399668748,0.0184742167243167));
#1836=CARTESIAN_POINT('',(0.032,-0.02,0.0114583333333333));
#1837=CARTESIAN_POINT('',(0.14,-0.0350773484643761,0.0192442502649025));
#1838=CARTESIAN_POINT('',(0.032,-0.02,0.0119791666666667));
#1839=CARTESIAN_POINT('',(0.14,-0.034204683838379,0.0207557497350976));
#1840=CARTESIAN_POINT('',(0.032,-0.02,0.0130208333333333));
#1841=CARTESIAN_POINT('',(0.14,-0.033743610981715,0.0214972152025361));
#1842=CARTESIAN_POINT('',(0.032,-0.02,0.0135416666666667));
#1843=CARTESIAN_POINT('',(0.14,-0.0327739580024886,0.0229484034390321));
#1844=CARTESIAN_POINT('',(0.032,-0.02,0.0145833333333333));
#1845=CARTESIAN_POINT('',(0.14,-0.0322653781764168,0.02365812576436));
#1846=CARTESIAN_POINT('',(0.032,-0.02,0.0151041666666666));
#1847=CARTESIAN_POINT('',(0.14,-0.031202889046882,0.0250427885563377));
#1848=CARTESIAN_POINT('',(0.032,-0.02,0.0161458333333334));
#1849=CARTESIAN_POINT('',(0.14,-0.0306489800682962,0.0257177285995993));
#1850=CARTESIAN_POINT('',(0.032,-0.02,0.0166666666666666));
#1851=CARTESIAN_POINT('',(0.14,-0.029498204530022,0.0270299366084062));
#1852=CARTESIAN_POINT('',(0.032,-0.02,0.0177083333333334));
#1853=CARTESIAN_POINT('',(0.14,-0.0289013383222061,0.0276672041727177));
#1854=CARTESIAN_POINT('',(0.032,-0.02,0.0182291666666667));
#1855=CARTESIAN_POINT('',(0.14,-0.0276672041727177,0.0289013383222061));
#1856=CARTESIAN_POINT('',(0.032,-0.02,0.0192708333333334));
#1857=CARTESIAN_POINT('',(0.14,-0.0270299366084062,0.029498204530022));
#1858=CARTESIAN_POINT('',(0.032,-0.02,0.0197916666666666));
#1859=CARTESIAN_POINT('',(0.14,-0.0257177285995993,0.0306489800682962));
#1860=CARTESIAN_POINT('',(0.032,-0.02,0.0208333333333333));
#1861=CARTESIAN_POINT('',(0.14,-0.0250427885563377,0.031202889046882));
#1862=CARTESIAN_POINT('',(0.032,-0.02,0.0213541666666666));
#1863=CARTESIAN_POINT('',(0.14,-0.02365812576436,0.0322653781764168));
#1864=CARTESIAN_POINT('',(0.032,-0.02,0.0223958333333334));
#1865=CARTESIAN_POINT('',(0.14,-0.0229484034390321,0.0327739580024886));
#1866=CARTESIAN_POINT('',(0.032,-0.02,0.0229166666666667));
#1867=CARTESIAN_POINT('',(0.14,-0.0214972152025361,0.033743610981715));
#1868=CARTESIAN_POINT('',(0.032,-0.02,0.0239583333333333));
#1869=CARTESIAN_POINT('',(0.14,-0.0207557498411466,0.0342046837771516));
#1870=CARTESIAN_POINT('',(0.032,-0.02,0.0244791666666667));
#1871=CARTESIAN_POINT('',(0.14,-0.02,0.0346410161513775));
#1872=CARTESIAN_POINT('',(0.032,-0.02,0.025));
#1873=CARTESIAN_POINT('',(0.042394742961133,-0.0200000096287515,0.0259278569909119));
#1874=CARTESIAN_POINT('',(0.0421521993314911,-0.0202508846507387,0.0241379123803132));
#1875=CARTESIAN_POINT('',(0.0419332100071189,-0.0204669948255746,0.0223254135395683));
#1876=CARTESIAN_POINT('',(0.0417377749880164,-0.020651511217344,0.0204999998871258));
#1877=CARTESIAN_POINT('',(0.086,-0.03,4.44089209850062E-18));
#1878=CARTESIAN_POINT('',(0.02,-0.166142477258362,0.005));
#1879=CARTESIAN_POINT('',(0.02,-0.166142477258362,-0.01));
#1880=CARTESIAN_POINT('',(0.085,0.015,0.015));
#1881=CARTESIAN_POINT('',(0.131,0.015,0.015));
#1882=CARTESIAN_POINT('',(0.131,0.0282665880502051,0.015));
#1883=CARTESIAN_POINT('',(0.131,0.0282665880502052,0.015));
#1884=CARTESIAN_POINT('',(0.128960332870585,0.0259575245004993,0.015));
#1885=CARTESIAN_POINT('',(0.126949535299741,0.0236235614120944,0.015));
#1886=CARTESIAN_POINT('',(0.125,0.0212367605815953,0.015));
#1887=CARTESIAN_POINT('',(0.085,-0.015,0.015));
#1888=CARTESIAN_POINT('',(0.045,-0.015,0.015));
#1889=CARTESIAN_POINT('',(0.045,0.015,0.015));
#1890=CARTESIAN_POINT('',(0.045,0.015,0.0075));
#1891=CARTESIAN_POINT('',(0.045,-0.015,0.0075));
#1892=CARTESIAN_POINT('',(0.045,-0.015,-0.015));
#1893=CARTESIAN_POINT('',(0.045,0.015,-0.015));
#1894=CARTESIAN_POINT('',(0.085,-0.015,0.0075));
#1895=CARTESIAN_POINT('',(0.085,-0.015,-0.015));
#1896=CARTESIAN_POINT('',(0.131,0.,0.02));
#1897=CARTESIAN_POINT('',(0.131,0.015,-0.015));
#1898=CARTESIAN_POINT('',(0.131,0.0282665880502051,-0.015));
#1899=CARTESIAN_POINT('',(0.131,0.,4.65644178890381E-18));
#1900=CARTESIAN_POINT('',(0.131,0.,1.77573785876366E-18));
#1901=CARTESIAN_POINT('',(0.131,0.,-0.029));
#1902=CARTESIAN_POINT('',(0.13,0.,1.77573785876366E-18));
#1903=CARTESIAN_POINT('',(0.13,0.,1.77573785876366E-18));
#1904=CARTESIAN_POINT('',(0.13,0.,-0.029));
#1905=CARTESIAN_POINT('',(0.13,0.,6.12323399573677E-19));
#1906=CARTESIAN_POINT('',(0.139,0.,6.12323399573677E-19));
#1907=CARTESIAN_POINT('',(0.139,0.,-0.01));
#1908=CARTESIAN_POINT('',(0.13,0.,6.12323399573677E-19));
#1909=CARTESIAN_POINT('',(0.13,0.,-0.01));
#1910=CARTESIAN_POINT('',(0.13,0.,0.02));
#1911=CARTESIAN_POINT('',(0.139,0.,0.02));
#1912=CARTESIAN_POINT('',(0.139,-0.00494974746830583,-0.00494974746830583));
#1913=CARTESIAN_POINT('',(0.139,-0.00494974746830583,-0.00369974746830583));
#1914=CARTESIAN_POINT('',(0.139,0.00494974746830583,-0.00494974746830583));
#1915=CARTESIAN_POINT('',(0.139,0.00494974746830583,-0.00369974746830583));
#1916=CARTESIAN_POINT('',(0.032,-0.0104027601547283,0.0193455759958981));
#1917=CARTESIAN_POINT('',(0.032,-0.0102990940725576,0.0202955307110532));
#1918=CARTESIAN_POINT('',(0.032,-0.0101869209978456,0.0212445323115369));
#1919=CARTESIAN_POINT('',(0.032,-0.00994658627709676,0.0231408665361706));
#1920=CARTESIAN_POINT('',(0.032,-0.00981612166826273,0.0240876509225194));
#1921=CARTESIAN_POINT('',(0.032,-0.0096805248134988,0.0250336533506743));
#1922=CARTESIAN_POINT('',(0.0417339278864327,-0.020655133060762,0.0204640272427142));
#1923=CARTESIAN_POINT('',(0.0418420095365339,-0.0205530826122906,0.0214752481002147));
#1924=CARTESIAN_POINT('',(0.0419584428675935,-0.0204403338490185,0.0224895582448318));
#1925=CARTESIAN_POINT('',(0.0422046517948447,-0.0201962699716197,0.0245008112561311));
#1926=CARTESIAN_POINT('',(0.0423393298764258,-0.0200567081955053,0.0255375613454576));
#1927=CARTESIAN_POINT('',(0.0424732746240524,-0.0199194067029338,0.0264998525009079));
#1928=CARTESIAN_POINT('',(0.0417339276901029,0.0206551332463213,0.0204640254056477));
#1929=CARTESIAN_POINT('',(0.0418420099507798,0.0205530822256059,0.0214752520658347));
#1930=CARTESIAN_POINT('',(0.041958443680653,0.0204403330590402,0.0224895651678357));
#1931=CARTESIAN_POINT('',(0.0422046535408399,0.0201962682197696,0.0245008252332096));
#1932=CARTESIAN_POINT('',(0.0423393324293907,0.0200567055518131,0.0255375807728476));
#1933=CARTESIAN_POINT('',(0.0424732777935227,0.0199194034541248,0.0264998752569362));
#1934=CARTESIAN_POINT('',(0.032,0.010402760343049,0.0193455742706329));
#1935=CARTESIAN_POINT('',(0.032,0.0102990936754435,0.0202955344489453));
#1936=CARTESIAN_POINT('',(0.032,0.0101869202088468,0.0212445388422164));
#1937=CARTESIAN_POINT('',(0.032,0.00994658457191933,0.023140879653938));
#1938=CARTESIAN_POINT('',(0.032,0.00981611917893864,0.0240876688435111));
#1939=CARTESIAN_POINT('',(0.032,0.00968052160523546,0.0250336757214525));
#1940=CARTESIAN_POINT('',(0.0497157287525381,-0.008,0.040002));
#1941=CARTESIAN_POINT('',(0.0427157287525381,0.007,0.040002));
#1942=CARTESIAN_POINT('',(0.0497157287525381,0.013,0.040002));
#1943=CARTESIAN_POINT('',(0.0397157287525381,0.013,0.040002));
#1944=CARTESIAN_POINT('',(0.0497157287525381,0.007,0.040002));
#1945=CARTESIAN_POINT('',(0.0497157287525381,-0.0005,0.040002));
#1946=CARTESIAN_POINT('',(0.0427157287525381,-0.008,0.040002));
#1947=CARTESIAN_POINT('',(0.133,0.,4.65644178890381E-18));
#1948=CARTESIAN_POINT('',(0.131,0.0282665880502052,-0.015));
#1949=CARTESIAN_POINT('',(0.128960332870585,0.0259575245004993,-0.015));
#1950=CARTESIAN_POINT('',(0.126949535299741,0.0236235614120944,-0.015));
#1951=CARTESIAN_POINT('',(0.125,0.0212367605815953,-0.015));
#1952=CARTESIAN_POINT('',(0.0112157287525381,-0.01,-0.0205));
#1953=CARTESIAN_POINT('',(0.032,-0.164725324822751,-0.0205));
#1954=CARTESIAN_POINT('',(0.0320000002927044,-0.0102725739256436,-0.0204999998876422));
#1955=CARTESIAN_POINT('',(0.0320000007317611,-0.0102725742772934,-0.0205));
#1956=CARTESIAN_POINT('',(0.0352668413211237,-0.0137125239569131,-0.0205));
#1957=CARTESIAN_POINT('',(0.0385110879897819,-0.0171738608741923,-0.0205000000000062));
#1958=CARTESIAN_POINT('',(0.0417377761229875,-0.0206514983807054,-0.0205000000000062));
#1959=CARTESIAN_POINT('',(0.0417377755836063,-0.0206515047653733,-0.0205000002646065));
#1960=CARTESIAN_POINT('',(0.0417377749889571,-0.0206515112050797,-0.0205));
#1961=CARTESIAN_POINT('',(0.0384939658777834,-0.0204027158469963,-0.0205));
#1962=CARTESIAN_POINT('',(0.0352481064554904,-0.0201845653468711,-0.0205));
#1963=CARTESIAN_POINT('',(0.032,-0.02,-0.0205));
#1964=CARTESIAN_POINT('',(0.01,-0.166142477258362,-0.01));
#1965=CARTESIAN_POINT('',(0.14,-0.02,-0.0346410161513775));
#1966=CARTESIAN_POINT('',(0.032,-0.02,-0.025));
#1967=CARTESIAN_POINT('',(0.14,-0.0192442501588533,-0.0350773485256035));
#1968=CARTESIAN_POINT('',(0.032,-0.0191666666666667,-0.025));
#1969=CARTESIAN_POINT('',(0.14,-0.0184742167243167,-0.0354889399668748));
#1970=CARTESIAN_POINT('',(0.032,-0.0183333333333334,-0.025));
#1971=CARTESIAN_POINT('',(0.14,-0.0169088784932034,-0.0362608793557403));
#1972=CARTESIAN_POINT('',(0.032,-0.0166666666666666,-0.025));
#1973=CARTESIAN_POINT('',(0.14,-0.016113574281309,-0.0366212270060713));
#1974=CARTESIAN_POINT('',(0.032,-0.0158333333333334,-0.025));
#1975=CARTESIAN_POINT('',(0.14,-0.0145011003078982,-0.0372891355948317));
#1976=CARTESIAN_POINT('',(0.032,-0.0141666666666667,-0.025));
#1977=CARTESIAN_POINT('',(0.14,-0.0136839310394278,-0.0375966963290347));
#1978=CARTESIAN_POINT('',(0.032,-0.0133333333333333,-0.025));
#1979=CARTESIAN_POINT('',(0.14,-0.0120312261848252,-0.0381577140305738));
#1980=CARTESIAN_POINT('',(0.032,-0.0116666666666667,-0.025));
#1981=CARTESIAN_POINT('',(0.14,-0.0111956911040404,-0.0384111708263674));
#1982=CARTESIAN_POINT('',(0.032,-0.0108333333333333,-0.025));
#1983=CARTESIAN_POINT('',(0.14,-0.00950983250416129,-0.038862895276758));
#1984=CARTESIAN_POINT('',(0.032,-0.00916666666666667,-0.025));
#1985=CARTESIAN_POINT('',(0.14,-0.00865950950055175,-0.0390611627932314));
#1986=CARTESIAN_POINT('',(0.032,-0.00833333333333334,-0.025));
#1987=CARTESIAN_POINT('',(0.14,-0.00694771626073854,-0.0394016596390271));
#1988=CARTESIAN_POINT('',(0.032,-0.00666666666666667,-0.025));
#1989=CARTESIAN_POINT('',(0.14,-0.00608624654794965,-0.0395438888642359));
#1990=CARTESIAN_POINT('',(0.032,-0.00583333333333333,-0.025));
#1991=CARTESIAN_POINT('',(0.14,-0.00435584882965448,-0.0397717000456689));
#1992=CARTESIAN_POINT('',(0.032,-0.00416666666666667,-0.025));
#1993=CARTESIAN_POINT('',(0.14,-0.00348692135325169,-0.0398572819322354));
#1994=CARTESIAN_POINT('',(0.032,-0.00333333333333333,-0.025));
#1995=CARTESIAN_POINT('',(0.14,-0.00174532898515979,-0.0399714319268528));
#1996=CARTESIAN_POINT('',(0.032,-0.00166666666666667,-0.025));
#1997=CARTESIAN_POINT('',(0.14,-0.000872664625997169,-0.04));
#1998=CARTESIAN_POINT('',(0.032,-0.000833333333333337,-0.025));
#1999=CARTESIAN_POINT('',(0.14,0.000872664625997159,-0.04));
#2000=CARTESIAN_POINT('',(0.032,0.00083333333333333,-0.025));
#2001=CARTESIAN_POINT('',(0.14,0.00174532898515975,-0.0399714319268528));
#2002=CARTESIAN_POINT('',(0.032,0.00166666666666667,-0.025));
#2003=CARTESIAN_POINT('',(0.14,0.00348692135325164,-0.0398572819322355));
#2004=CARTESIAN_POINT('',(0.032,0.00333333333333333,-0.025));
#2005=CARTESIAN_POINT('',(0.14,0.00435584882965446,-0.0397717000456689));
#2006=CARTESIAN_POINT('',(0.032,0.00416666666666667,-0.025));
#2007=CARTESIAN_POINT('',(0.14,0.00608624654794964,-0.0395438888642359));
#2008=CARTESIAN_POINT('',(0.032,0.00583333333333333,-0.025));
#2009=CARTESIAN_POINT('',(0.14,0.00694771626073851,-0.0394016596390271));
#2010=CARTESIAN_POINT('',(0.032,0.00666666666666666,-0.025));
#2011=CARTESIAN_POINT('',(0.14,0.00865950950055172,-0.0390611627932314));
#2012=CARTESIAN_POINT('',(0.032,0.00833333333333333,-0.025));
#2013=CARTESIAN_POINT('',(0.14,0.00950983250416126,-0.038862895276758));
#2014=CARTESIAN_POINT('',(0.032,0.00916666666666666,-0.025));
#2015=CARTESIAN_POINT('',(0.14,0.0111956911040404,-0.0384111708263674));
#2016=CARTESIAN_POINT('',(0.032,0.0108333333333333,-0.025));
#2017=CARTESIAN_POINT('',(0.14,0.0120312261848251,-0.0381577140305738));
#2018=CARTESIAN_POINT('',(0.032,0.0116666666666667,-0.025));
#2019=CARTESIAN_POINT('',(0.14,0.0136839310394277,-0.0375966963290347));
#2020=CARTESIAN_POINT('',(0.032,0.0133333333333333,-0.025));
#2021=CARTESIAN_POINT('',(0.14,0.0145011003078982,-0.0372891355948317));
#2022=CARTESIAN_POINT('',(0.032,0.0141666666666667,-0.025));
#2023=CARTESIAN_POINT('',(0.14,0.016113574281309,-0.0366212270060713));
#2024=CARTESIAN_POINT('',(0.032,0.0158333333333334,-0.025));
#2025=CARTESIAN_POINT('',(0.14,0.0169088784932034,-0.0362608793557403));
#2026=CARTESIAN_POINT('',(0.032,0.0166666666666666,-0.025));
#2027=CARTESIAN_POINT('',(0.14,0.0184742167243167,-0.0354889399668748));
#2028=CARTESIAN_POINT('',(0.032,0.0183333333333334,-0.025));
#2029=CARTESIAN_POINT('',(0.14,0.0192442501588533,-0.0350773485256036));
#2030=CARTESIAN_POINT('',(0.032,0.0191666666666667,-0.025));
#2031=CARTESIAN_POINT('',(0.14,0.02,-0.0346410161513775));
#2032=CARTESIAN_POINT('',(0.032,0.02,-0.025));
#2033=CARTESIAN_POINT('',(0.0489356855314205,-0.0012874905973494,-0.027348951672673));
#2034=CARTESIAN_POINT('',(0.0486058290106169,-0.000499790248696373,-0.0273063685219406));
#2035=CARTESIAN_POINT('',(0.0489353709413405,0.000286651592134894,-0.0273522110489933));
#2036=CARTESIAN_POINT('',(0.0497151963209641,0.000606574528684049,-0.0274595786114818));
#2037=CARTESIAN_POINT('',(0.0504960522459994,0.000287049902871913,-0.0275689593581133));
#2038=CARTESIAN_POINT('',(0.0508252681036155,-0.000499829445850507,-0.0276146289318569));
#2039=CARTESIAN_POINT('',(0.0504972474112789,-0.00128542520308235,-0.0275654644495292));
#2040=CARTESIAN_POINT('',(0.0497170882684701,-0.0016067700541313,-0.0274549395374099));
#2041=CARTESIAN_POINT('',(0.0489356855314205,-0.0012874905973494,-0.027348951672673));
#2042=CARTESIAN_POINT('',(0.0486058290106169,-0.000499790248696373,-0.0273063685219406));
#2043=CARTESIAN_POINT('',(0.0489353709413405,0.000286651592134894,-0.0273522110489933));
#2044=CARTESIAN_POINT('',(0.0487157287525381,-0.0005,-0.0273211061349047));
#2045=CARTESIAN_POINT('',(0.0389346184716161,0.0122143053993782,-0.0258331142318755));
#2046=CARTESIAN_POINT('',(0.0386062634594605,0.0129997749423219,-0.0257778577659785));
#2047=CARTESIAN_POINT('',(0.0389347002057705,0.0137865948313343,-0.025798742620242));
#2048=CARTESIAN_POINT('',(0.0397173603319414,0.0141071523243212,-0.0258797427825502));
#2049=CARTESIAN_POINT('',(0.0404976936389919,0.0137847912304412,-0.0259779292294574));
#2050=CARTESIAN_POINT('',(0.0408247513173033,0.0130004464275624,-0.0260392691986009));
#2051=CARTESIAN_POINT('',(0.0404976735498608,0.0122142512811829,-0.0260219533621651));
#2052=CARTESIAN_POINT('',(0.0397145093722646,0.0118928611703991,-0.0259346501537587));
#2053=CARTESIAN_POINT('',(0.0389346184716161,0.0122143053993782,-0.0258331142318755));
#2054=CARTESIAN_POINT('',(0.0386062634594605,0.0129997749423219,-0.0257778577659785));
#2055=CARTESIAN_POINT('',(0.0389347002057705,0.0137865948313343,-0.025798742620242));
#2056=CARTESIAN_POINT('',(0.0387157287525381,0.013,-0.0257905479860053));
#2057=CARTESIAN_POINT('',(0.0419352086593083,0.0062136210919151,-0.026331618339105));
#2058=CARTESIAN_POINT('',(0.0416059715191316,0.0069998191244933,-0.0262753249236161));
#2059=CARTESIAN_POINT('',(0.0419352777793937,0.0077871024101117,-0.0263046569491056));
#2060=CARTESIAN_POINT('',(0.0427170836185884,0.00810681001260611,-0.0264000801407451));
#2061=CARTESIAN_POINT('',(0.043496892002446,0.00778565440627588,-0.0265092858201969));
#2062=CARTESIAN_POINT('',(0.043825071517664,0.0070004906008118,-0.0265700553261843));
#2063=CARTESIAN_POINT('',(0.0434971942585968,0.00621386722622641,-0.0265414900070184));
#2064=CARTESIAN_POINT('',(0.0427148767311879,0.00589312804681372,-0.0264414090363152));
#2065=CARTESIAN_POINT('',(0.0419352086593083,0.0062136210919151,-0.026331618339105));
#2066=CARTESIAN_POINT('',(0.0416059715191316,0.0069998191244933,-0.0262753249236161));
#2067=CARTESIAN_POINT('',(0.0419352777793937,0.0077871024101117,-0.0263046569491056));
#2068=CARTESIAN_POINT('',(0.0417157287525381,0.007,-0.0262895958304458));
#2069=CARTESIAN_POINT('',(0.032,-0.02,-0.025));
#2070=CARTESIAN_POINT('',(0.032,-0.00968534620519985,-0.025));
#2071=CARTESIAN_POINT('',(0.032,0.00968534467753312,-0.0250000111691685));
#2072=CARTESIAN_POINT('',(0.0423947505868549,0.02,-0.0259279255397908));
#2073=CARTESIAN_POINT('',(0.0423389370337431,0.0199459473023869,-0.0259256917632162));
#2074=CARTESIAN_POINT('',(0.0422578908896675,0.0198657956898246,-0.0259224545346055));
#2075=CARTESIAN_POINT('',(0.0421623186270506,0.0197678221542714,-0.0259186593448135));
#2076=CARTESIAN_POINT('',(0.0421139272149066,0.019717519924729,-0.0259167417083435));
#2077=CARTESIAN_POINT('',(0.0420628355164381,0.0196635010805646,-0.0259147269497825));
#2078=CARTESIAN_POINT('',(0.0420702089269391,0.0196714637440456,-0.0259150088786612));
#2079=CARTESIAN_POINT('',(0.0420434665282827,0.0196441604289531,-0.0259139005604185));
#2080=CARTESIAN_POINT('',(0.0419951957195017,0.0195954498492022,-0.0259118574781548));
#2081=CARTESIAN_POINT('',(0.0419090310354138,0.0195084041855314,-0.0259081232593169));
#2082=CARTESIAN_POINT('',(0.0418285331308718,0.0194271327525357,-0.0259045525726872));
#2083=CARTESIAN_POINT('',(0.041739805219682,0.0193375482428328,-0.0259005214256945));
#2084=CARTESIAN_POINT('',(0.0417130854650731,0.0193105740221867,-0.0258992828668022));
#2085=CARTESIAN_POINT('',(0.0416556986320031,0.0192526516698072,-0.025896618875638));
#2086=CARTESIAN_POINT('',(0.0415651084104342,0.019161249650979,-0.0258923352317728));
#2087=CARTESIAN_POINT('',(0.0414295095657613,0.0190245221743578,-0.0258857387569576));
#2088=CARTESIAN_POINT('',(0.0412684374098559,0.0188622524729077,-0.0258775884937085));
#2089=CARTESIAN_POINT('',(0.0410482128118222,0.0186405845221976,-0.0258660167620715));
#2090=CARTESIAN_POINT('',(0.0407912657219695,0.018382277441737,-0.025851798415853));
#2091=CARTESIAN_POINT('',(0.0404675085946521,0.0180573165838645,-0.0258327336377999));
#2092=CARTESIAN_POINT('',(0.0401451666902703,0.0177342744340095,-0.0258126105443893));
#2093=CARTESIAN_POINT('',(0.0398016511109013,0.0173905624609881,-0.0257898809683554));
#2094=CARTESIAN_POINT('',(0.0395104816058077,0.0170996471116878,-0.0257696340316527));
#2095=CARTESIAN_POINT('',(0.0390938827557063,0.0166839268323422,-0.0257394404879398));
#2096=CARTESIAN_POINT('',(0.0385643187710395,0.0161565136173483,-0.0256985176799423));
#2097=CARTESIAN_POINT('',(0.0380147359674943,0.0156104591612213,-0.0256527012796558));
#2098=CARTESIAN_POINT('',(0.037614715727262,0.0152137156455864,-0.0256174651668772));
#2099=CARTESIAN_POINT('',(0.0373911640291553,0.0149921733315782,-0.0255972961589687));
#2100=CARTESIAN_POINT('',(0.0371991693189638,0.0148020252227074,-0.0255796442412534));
#2101=CARTESIAN_POINT('',(0.0370929080509447,0.0146968441224557,-0.0255697316615265));
#2102=CARTESIAN_POINT('',(0.036917185101694,0.0145229696154339,-0.0255532048206477));
#2103=CARTESIAN_POINT('',(0.0366153961089859,0.0142245691366095,-0.0255243020683364));
#2104=CARTESIAN_POINT('',(0.0361521851117789,0.0137671008557073,-0.0254784944978604));
#2105=CARTESIAN_POINT('',(0.0355601946565254,0.0131832955598003,-0.0254172996174584));
#2106=CARTESIAN_POINT('',(0.0347172935857833,0.0123531052503139,-0.025326415366089));
#2107=CARTESIAN_POINT('',(0.0335656924572731,0.0112208063230523,-0.025194731628007));
#2108=CARTESIAN_POINT('',(0.0325393742147662,0.0102138930236972,-0.0250685255107863));
#2109=CARTESIAN_POINT('',(0.032,0.00968534620393127,-0.025));
#2110=CARTESIAN_POINT('',(0.0423965066850618,0.0200000000003173,-0.0259280823043226));
#2111=CARTESIAN_POINT('',(0.086,0.02,-0.0298205080756888));
#2112=CARTESIAN_POINT('',(0.086,-0.02,-0.0298205080756888));
#2113=CARTESIAN_POINT('',(0.0423947509326362,-0.0200000117073558,-0.0259278960095811));
#2114=CARTESIAN_POINT('',(0.032,-0.00968534620568474,-0.025));
#2115=CARTESIAN_POINT('',(0.0325393212853742,-0.0102138411587561,-0.0250685187862993));
#2116=CARTESIAN_POINT('',(0.0335655496403239,-0.0112206662273865,-0.0251947145203223));
#2117=CARTESIAN_POINT('',(0.034717121554243,-0.0123529365600746,-0.025326395801932));
#2118=CARTESIAN_POINT('',(0.0355599713500061,-0.0131830760390031,-0.0254172764000998));
#2119=CARTESIAN_POINT('',(0.0361521038729209,-0.0137670216398726,-0.025478485299689));
#2120=CARTESIAN_POINT('',(0.0366149246403996,-0.0142241034113802,-0.0255242579019974));
#2121=CARTESIAN_POINT('',(0.0369174723816901,-0.0145232542473734,-0.025553230695547));
#2122=CARTESIAN_POINT('',(0.0370920308374749,-0.0146959762974832,-0.0255696509877409));
#2123=CARTESIAN_POINT('',(0.0372019272651983,-0.014804753990879,-0.0255798970334325));
#2124=CARTESIAN_POINT('',(0.037380328160459,-0.0149814515139434,-0.0255963026133684));
#2125=CARTESIAN_POINT('',(0.0375940805650636,-0.015193339685944,-0.0256156171630322));
#2126=CARTESIAN_POINT('',(0.0379788163436771,-0.0155751150646233,-0.0256495884976082));
#2127=CARTESIAN_POINT('',(0.0387385324617925,-0.0163306184431813,-0.0257132471638369));
#2128=CARTESIAN_POINT('',(0.0398226853194607,-0.0174131274381159,-0.0257940026966598));
#2129=CARTESIAN_POINT('',(0.0411134226278832,-0.0187081845285267,-0.0258724684514577));
#2130=CARTESIAN_POINT('',(0.0419686100939698,-0.0195698623353412,-0.0259117574062982));
#2131=CARTESIAN_POINT('',(0.0423947505859372,-0.02,-0.0259279255397089));
#2132=CARTESIAN_POINT('',(0.0489355330598994,-0.00878829226452632,-0.0271893558211276));
#2133=CARTESIAN_POINT('',(0.0486060646702567,-0.00799916740598563,-0.0271741605131227));
#2134=CARTESIAN_POINT('',(0.0489345807743026,-0.00721503811153117,-0.0272418814224402));
#2135=CARTESIAN_POINT('',(0.0497121114058428,-0.00689327746650243,-0.0273548647436502));
#2136=CARTESIAN_POINT('',(0.0504959179755626,-0.00721187185812202,-0.0274493340851236));
#2137=CARTESIAN_POINT('',(0.0508250583247189,-0.00800048425150976,-0.0274648829882749));
#2138=CARTESIAN_POINT('',(0.0504982206173123,-0.00878345585917285,-0.0273911447200266));
#2139=CARTESIAN_POINT('',(0.0497203510534396,-0.00910705396838477,-0.0272776972972267));
#2140=CARTESIAN_POINT('',(0.0489355330598994,-0.00878829226452632,-0.0271893558211276));
#2141=CARTESIAN_POINT('',(0.0486060646702567,-0.00799916740598563,-0.0271741605131227));
#2142=CARTESIAN_POINT('',(0.0489345807743026,-0.00721503811153117,-0.0272418814224402));
#2143=CARTESIAN_POINT('',(0.0487157287525381,-0.008,-0.0271879798826765));
#2144=CARTESIAN_POINT('',(0.0489339665889002,0.0122157278094715,-0.0270366641921797));
#2145=CARTESIAN_POINT('',(0.0486064328759549,0.0129992243335465,-0.0269571261929674));
#2146=CARTESIAN_POINT('',(0.0489346744225088,0.0137873748563424,-0.0269516598249791));
#2147=CARTESIAN_POINT('',(0.0497201052035194,0.0141073780239375,-0.0270219120040132));
#2148=CARTESIAN_POINT('',(0.0504985390745473,0.0137830821297627,-0.0271314986994887));
#2149=CARTESIAN_POINT('',(0.0508244774405434,0.0130012077019781,-0.0272188569202483));
#2150=CARTESIAN_POINT('',(0.0504979234699884,0.0122136689082869,-0.0272260348607451));
#2151=CARTESIAN_POINT('',(0.0497120027103445,0.0118926551836426,-0.0271476606556225));
#2152=CARTESIAN_POINT('',(0.0489339665889002,0.0122157278094715,-0.0270366641921797));
#2153=CARTESIAN_POINT('',(0.0486064328759549,0.0129992243335465,-0.0269571261929674));
#2154=CARTESIAN_POINT('',(0.0489346744225088,0.0137873748563424,-0.0269516598249791));
#2155=CARTESIAN_POINT('',(0.0487157287525381,0.013,-0.0269694714648381));
#2156=CARTESIAN_POINT('',(0.0489349976394626,0.00621414655864167,-0.027270387836416));
#2157=CARTESIAN_POINT('',(0.0486060098664539,0.00699958490287809,-0.0272052281333299));
#2158=CARTESIAN_POINT('',(0.0489353354099503,0.00778751382984596,-0.0272243358374633));
#2159=CARTESIAN_POINT('',(0.049718293058918,0.00810686772726905,-0.0273154574762772));
#2160=CARTESIAN_POINT('',(0.0504971627694161,0.0077850046241902,-0.0274291740347488));
#2161=CARTESIAN_POINT('',(0.0508249996927153,0.00700081778615952,-0.0275000614014921));
#2162=CARTESIAN_POINT('',(0.0504972106995325,0.0062135422045492,-0.027480389691147));
#2163=CARTESIAN_POINT('',(0.0497138563541067,0.00589307875526265,-0.0273833695809055));
#2164=CARTESIAN_POINT('',(0.0489349976394626,0.00621414655864167,-0.027270387836416));
#2165=CARTESIAN_POINT('',(0.0486060098664539,0.00699958490287809,-0.0272052281333299));
#2166=CARTESIAN_POINT('',(0.0489353354099503,0.00778751382984596,-0.0272243358374633));
#2167=CARTESIAN_POINT('',(0.0487157287525381,0.007,-0.0272192727011998));
#2168=CARTESIAN_POINT('',(0.0419354772551352,-0.0087878132743286,-0.0262840809255809));
#2169=CARTESIAN_POINT('',(0.0416060148189806,-0.00799943715627927,-0.0262572749316329));
#2170=CARTESIAN_POINT('',(0.0419348359841709,-0.00721443810055432,-0.0263147877543172));
#2171=CARTESIAN_POINT('',(0.0427132369170398,-0.00689331699635778,-0.0264240062662427));
#2172=CARTESIAN_POINT('',(0.0434959794926917,-0.00721230329391629,-0.0265220515339792));
#2173=CARTESIAN_POINT('',(0.0438250982441324,-0.00800012024274877,-0.02654786159134));
#2174=CARTESIAN_POINT('',(0.0434979992507209,-0.00878412648968454,-0.0264855969988274));
#2175=CARTESIAN_POINT('',(0.042718921705762,-0.0091070105013196,-0.026377228288511));
#2176=CARTESIAN_POINT('',(0.0419354772551352,-0.0087878132743286,-0.0262840809255809));
#2177=CARTESIAN_POINT('',(0.0416060148189806,-0.00799943715627927,-0.0262572749316329));
#2178=CARTESIAN_POINT('',(0.0419348359841709,-0.00721443810055432,-0.0263147877543172));
#2179=CARTESIAN_POINT('',(0.0417157287525381,-0.008,-0.0262713280677383));
#2180=CARTESIAN_POINT('',(0.0412157287525381,-0.01,-0.0205));
#2181=CARTESIAN_POINT('',(0.0427157287525381,-0.008,-0.0205));
#2182=CARTESIAN_POINT('',(0.0417157287525381,-0.008,-0.0205));
#2183=CARTESIAN_POINT('',(0.0497157287525381,-0.0005,-0.0205));
#2184=CARTESIAN_POINT('',(0.0487157287525381,-0.0005,-0.0205));
#2185=CARTESIAN_POINT('',(0.0497157287525381,0.007,-0.0205));
#2186=CARTESIAN_POINT('',(0.0487157287525381,0.007,-0.0205));
#2187=CARTESIAN_POINT('',(0.0397157287525381,0.013,-0.0205));
#2188=CARTESIAN_POINT('',(0.0387157287525381,0.013,-0.0205));
#2189=CARTESIAN_POINT('',(0.0497157287525381,0.013,-0.0205));
#2190=CARTESIAN_POINT('',(0.0487157287525381,0.013,-0.0205));
#2191=CARTESIAN_POINT('',(0.0427157287525381,0.007,-0.0205));
#2192=CARTESIAN_POINT('',(0.0417157287525381,0.007,-0.0205));
#2193=CARTESIAN_POINT('',(0.0497157287525381,-0.008,-0.0205));
#2194=CARTESIAN_POINT('',(0.0487157287525381,-0.008,-0.0205));
#2195=CARTESIAN_POINT('',(0.032,0.,-0.0205));
#2196=CARTESIAN_POINT('',(0.032,0.0102725742780171,-0.0205));
#2197=CARTESIAN_POINT('',(0.0517157287525381,-0.01,-0.0205));
#2198=CARTESIAN_POINT('',(0.0517157287525381,0.0215103329676018,-0.0205));
#2199=CARTESIAN_POINT('',(0.0417377708361225,0.0206515108865635,-0.0205));
#2200=CARTESIAN_POINT('',(0.0450669142054796,0.0209068512290185,-0.0205));
#2201=CARTESIAN_POINT('',(0.0483927741234674,0.0211943602350563,-0.0205));
#2202=CARTESIAN_POINT('',(0.0517157287525381,0.0215103329676018,-0.0205));
#2203=CARTESIAN_POINT('',(0.0417377713221611,0.0206515045495619,-0.0204999992502963));
#2204=CARTESIAN_POINT('',(0.0320000007317562,0.0102725742780171,-0.0205));
#2205=CARTESIAN_POINT('',(0.0351254335657862,0.013563623040263,-0.0205));
#2206=CARTESIAN_POINT('',(0.0383713586962042,0.0170232644078906,-0.0205));
#2207=CARTESIAN_POINT('',(0.0417377761230102,0.0206514983808999,-0.0205));
#2208=CARTESIAN_POINT('',(0.00171372875253808,0.00494974746830583,-0.00494974746830583));
#2209=CARTESIAN_POINT('',(0.00171372875253808,-0.00494974746830583,-0.00494974746830583));
#2210=CARTESIAN_POINT('',(0.0517157287525381,-0.01,-0.01025));
#2211=CARTESIAN_POINT('',(0.0517157287525381,0.0225064191757127,-0.015));
#2212=CARTESIAN_POINT('',(0.0517157287525381,0.0222247933513947,-0.016842012692212));
#2213=CARTESIAN_POINT('',(0.0517157287525381,0.0218922924971466,-0.0186752647270003));
#2214=CARTESIAN_POINT('',(0.0517157287525381,0.0215103329676018,-0.0205));
#2215=CARTESIAN_POINT('',(0.0517157287525381,0.0225064191757127,-0.015));
#2216=CARTESIAN_POINT('',(0.0517157287525381,-0.01,-0.015));
#2217=CARTESIAN_POINT('',(0.14,0.02,-0.0346410161513775));
#2218=CARTESIAN_POINT('',(0.0411481974611392,0.02,-0.0258166474025818));
#2219=CARTESIAN_POINT('',(0.14,0.0207557498411466,-0.0342046837771516));
#2220=CARTESIAN_POINT('',(0.0411481974611392,0.0200640161923892,-0.0253029717679482));
#2221=CARTESIAN_POINT('',(0.14,0.0214972152025361,-0.033743610981715));
#2222=CARTESIAN_POINT('',(0.0411481974611392,0.0201268224103206,-0.0247872004827729));
#2223=CARTESIAN_POINT('',(0.14,0.0229484034390321,-0.0327739580024886));
#2224=CARTESIAN_POINT('',(0.0411481974611392,0.0202497460819941,-0.0237516337738155));
#2225=CARTESIAN_POINT('',(0.14,0.02365812576436,-0.0322653781764168));
#2226=CARTESIAN_POINT('',(0.0411481974611392,0.0203098634891671,-0.0232318383803342));
#2227=CARTESIAN_POINT('',(0.14,0.0250427885563376,-0.031202889046882));
#2228=CARTESIAN_POINT('',(0.0411481974611392,0.0204271520876681,-0.0221884079358718));
#2229=CARTESIAN_POINT('',(0.14,0.0257177285995993,-0.0306489800682962));
#2230=CARTESIAN_POINT('',(0.0411481974611392,0.0204843232431328,-0.0216647729124095));
#2231=CARTESIAN_POINT('',(0.14,0.0270299366084061,-0.029498204530022));
#2232=CARTESIAN_POINT('',(0.0411481974611392,0.0205954745206758,-0.0206138641207222));
#2233=CARTESIAN_POINT('',(0.14,0.0276672041727177,-0.0289013383222061));
#2234=CARTESIAN_POINT('',(0.0411481974611392,0.0206494546087675,-0.0200865903823027));
#2235=CARTESIAN_POINT('',(0.14,0.0289013383222061,-0.0276672041727177));
#2236=CARTESIAN_POINT('',(0.0411481974611392,0.020753992598518,-0.0190286206551018));
#2237=CARTESIAN_POINT('',(0.14,0.029498204530022,-0.0270299366084062));
#2238=CARTESIAN_POINT('',(0.0411481974611392,0.0208045504682123,-0.0184979246982849));
#2239=CARTESIAN_POINT('',(0.14,0.0306489800682962,-0.0257177285995993));
#2240=CARTESIAN_POINT('',(0.0411481974611392,0.0209020275224492,-0.0174333416832914));
#2241=CARTESIAN_POINT('',(0.14,0.031202889046882,-0.0250427885563377));
#2242=CARTESIAN_POINT('',(0.0411481974611392,0.0209489466771862,-0.0168994546591015));
#2243=CARTESIAN_POINT('',(0.14,0.0322653781764168,-0.02365812576436));
#2244=CARTESIAN_POINT('',(0.0411481974611392,0.0210389453841982,-0.01582873432315));
#2245=CARTESIAN_POINT('',(0.14,0.0327739580024886,-0.0229484034390322));
#2246=CARTESIAN_POINT('',(0.0411481974611392,0.0210820249089543,-0.0152919010472519));
#2247=CARTESIAN_POINT('',(0.14,0.033743610981715,-0.0214972152025361));
#2248=CARTESIAN_POINT('',(0.0411481974611392,0.0211641598804612,-0.0142155456381279));
#2249=CARTESIAN_POINT('',(0.14,0.034204683838379,-0.0207557497350976));
#2250=CARTESIAN_POINT('',(0.0411481974611392,0.0212032153020976,-0.0136760235424884));
#2251=CARTESIAN_POINT('',(0.14,0.0350773484643761,-0.0192442502649024));
#2252=CARTESIAN_POINT('',(0.0411481974611392,0.0212771348235418,-0.0125945594382254));
#2253=CARTESIAN_POINT('',(0.14,0.0354889399668748,-0.0184742167243167));
#2254=CARTESIAN_POINT('',(0.0411481974611392,0.0213119989007472,-0.0120526174687504));
#2255=CARTESIAN_POINT('',(0.14,0.0362608793557403,-0.0169088784932034));
#2256=CARTESIAN_POINT('',(0.0411481974611392,0.0213773864373896,-0.0109665929235991));
#2257=CARTESIAN_POINT('',(0.14,0.0366212270060712,-0.016113574281309));
#2258=CARTESIAN_POINT('',(0.0411481974611392,0.021407909876833,-0.0104225103884657));
#2259=CARTESIAN_POINT('',(0.14,0.0370178348036422,-0.0151560783574702));
#2260=CARTESIAN_POINT('',(0.0411481974611392,0.0214415047513404,-0.00977525217142413));
#2261=CARTESIAN_POINT('',(0.14,0.0370795593091553,-0.0150044346270652));
#2262=CARTESIAN_POINT('',(0.0411481974611392,0.0214467331584203,-0.00967296996190432));
#2263=CARTESIAN_POINT('',(0.14,0.0371403504697449,-0.0148524176537429));
#2264=CARTESIAN_POINT('',(0.0411481974611392,0.0214518825060218,-0.00957065613664462));
#2265=CARTESIAN_POINT('',(0.0417377749880557,0.0206515112173477,-0.0204999998871201));
#2266=CARTESIAN_POINT('',(0.0419332100208798,0.0204669948129078,-0.0223254136651156));
#2267=CARTESIAN_POINT('',(0.0421521993455277,0.0202508846336219,-0.0241379125023487));
#2268=CARTESIAN_POINT('',(0.0423947429619994,0.0200000096287786,-0.0259278569907985));
#2269=CARTESIAN_POINT('',(0.140000000071332,0.0370809920437098,-0.015));
#2270=CARTESIAN_POINT('',(0.125321514189783,0.0344393293317153,-0.015));
#2271=CARTESIAN_POINT('',(0.0959469608381687,0.0292540383429358,-0.015));
#2272=CARTESIAN_POINT('',(0.0664893599516509,0.0245508912460232,-0.015));
#2273=CARTESIAN_POINT('',(0.0517157287525381,0.0225064191757127,-0.015));
#2274=CARTESIAN_POINT('',(0.032,0.,-0.0125));
#2275=CARTESIAN_POINT('',(0.032,0.00968534635056981,-0.025));
#2276=CARTESIAN_POINT('',(0.032,0.00991133855277174,-0.0234218910430686));
#2277=CARTESIAN_POINT('',(0.032,0.0101070809384673,-0.0219218910425783));
#2278=CARTESIAN_POINT('',(0.032,0.0102725735076565,-0.0204999999985291));
#2279=CARTESIAN_POINT('',(0.032,-0.0102725735069309,-0.0204999999985015));
#2280=CARTESIAN_POINT('',(0.032,-0.0101070809198166,-0.0219218911913162));
#2281=CARTESIAN_POINT('',(0.032,-0.0099113385349479,-0.0234218911918157));
#2282=CARTESIAN_POINT('',(0.032,-0.0096853463523249,-0.025));
#2283=CARTESIAN_POINT('',(0.14,-0.04,-8.88178419700125E-18));
#2284=CARTESIAN_POINT('',(0.032,-0.02,0.));
#2285=CARTESIAN_POINT('',(0.14,-0.04,-0.000872664748452061));
#2286=CARTESIAN_POINT('',(0.032,-0.02,-0.000520833333333331));
#2287=CARTESIAN_POINT('',(0.14,-0.0399714319268528,-0.00174532898515978));
#2288=CARTESIAN_POINT('',(0.032,-0.02,-0.00104166666666667));
#2289=CARTESIAN_POINT('',(0.14,-0.0398572819322354,-0.00348692135325168));
#2290=CARTESIAN_POINT('',(0.032,-0.02,-0.00208333333333334));
#2291=CARTESIAN_POINT('',(0.14,-0.0397717000456689,-0.00435584882965449));
#2292=CARTESIAN_POINT('',(0.032,-0.02,-0.00260416666666667));
#2293=CARTESIAN_POINT('',(0.14,-0.0395438888642359,-0.00608624654794966));
#2294=CARTESIAN_POINT('',(0.032,-0.02,-0.00364583333333334));
#2295=CARTESIAN_POINT('',(0.14,-0.0394016596390271,-0.00694771626073853));
#2296=CARTESIAN_POINT('',(0.032,-0.02,-0.00416666666666667));
#2297=CARTESIAN_POINT('',(0.14,-0.0390611627932314,-0.00865950950055175));
#2298=CARTESIAN_POINT('',(0.032,-0.02,-0.00520833333333334));
#2299=CARTESIAN_POINT('',(0.14,-0.038862895276758,-0.00950983250416129));
#2300=CARTESIAN_POINT('',(0.032,-0.02,-0.00572916666666667));
#2301=CARTESIAN_POINT('',(0.14,-0.0384111708263674,-0.0111956911040404));
#2302=CARTESIAN_POINT('',(0.032,-0.02,-0.00677083333333334));
#2303=CARTESIAN_POINT('',(0.14,-0.0381577140305738,-0.0120312261848252));
#2304=CARTESIAN_POINT('',(0.032,-0.02,-0.00729166666666667));
#2305=CARTESIAN_POINT('',(0.14,-0.0375966963290347,-0.0136839310394278));
#2306=CARTESIAN_POINT('',(0.032,-0.02,-0.00833333333333334));
#2307=CARTESIAN_POINT('',(0.14,-0.0372891355948317,-0.0145011003078982));
#2308=CARTESIAN_POINT('',(0.032,-0.02,-0.00885416666666667));
#2309=CARTESIAN_POINT('',(0.14,-0.0366212270060713,-0.016113574281309));
#2310=CARTESIAN_POINT('',(0.032,-0.02,-0.00989583333333333));
#2311=CARTESIAN_POINT('',(0.14,-0.0362608793557403,-0.0169088784932034));
#2312=CARTESIAN_POINT('',(0.032,-0.02,-0.0104166666666667));
#2313=CARTESIAN_POINT('',(0.14,-0.0354889399668748,-0.0184742167243167));
#2314=CARTESIAN_POINT('',(0.032,-0.02,-0.0114583333333333));
#2315=CARTESIAN_POINT('',(0.14,-0.0350773484643761,-0.0192442502649025));
#2316=CARTESIAN_POINT('',(0.032,-0.02,-0.0119791666666667));
#2317=CARTESIAN_POINT('',(0.14,-0.034204683838379,-0.0207557497350976));
#2318=CARTESIAN_POINT('',(0.032,-0.02,-0.0130208333333333));
#2319=CARTESIAN_POINT('',(0.14,-0.033743610981715,-0.0214972152025361));
#2320=CARTESIAN_POINT('',(0.032,-0.02,-0.0135416666666667));
#2321=CARTESIAN_POINT('',(0.14,-0.0327739580024886,-0.0229484034390321));
#2322=CARTESIAN_POINT('',(0.032,-0.02,-0.0145833333333333));
#2323=CARTESIAN_POINT('',(0.14,-0.0322653781764168,-0.02365812576436));
#2324=CARTESIAN_POINT('',(0.032,-0.02,-0.0151041666666666));
#2325=CARTESIAN_POINT('',(0.14,-0.031202889046882,-0.0250427885563377));
#2326=CARTESIAN_POINT('',(0.032,-0.02,-0.0161458333333334));
#2327=CARTESIAN_POINT('',(0.14,-0.0306489800682962,-0.0257177285995993));
#2328=CARTESIAN_POINT('',(0.032,-0.02,-0.0166666666666666));
#2329=CARTESIAN_POINT('',(0.14,-0.029498204530022,-0.0270299366084062));
#2330=CARTESIAN_POINT('',(0.032,-0.02,-0.0177083333333334));
#2331=CARTESIAN_POINT('',(0.14,-0.0289013383222061,-0.0276672041727177));
#2332=CARTESIAN_POINT('',(0.032,-0.02,-0.0182291666666667));
#2333=CARTESIAN_POINT('',(0.14,-0.0276672041727177,-0.0289013383222061));
#2334=CARTESIAN_POINT('',(0.032,-0.02,-0.0192708333333334));
#2335=CARTESIAN_POINT('',(0.14,-0.0270299366084062,-0.029498204530022));
#2336=CARTESIAN_POINT('',(0.032,-0.02,-0.0197916666666666));
#2337=CARTESIAN_POINT('',(0.14,-0.0257177285995993,-0.0306489800682962));
#2338=CARTESIAN_POINT('',(0.032,-0.02,-0.0208333333333333));
#2339=CARTESIAN_POINT('',(0.14,-0.0250427885563377,-0.031202889046882));
#2340=CARTESIAN_POINT('',(0.032,-0.02,-0.0213541666666666));
#2341=CARTESIAN_POINT('',(0.14,-0.02365812576436,-0.0322653781764168));
#2342=CARTESIAN_POINT('',(0.032,-0.02,-0.0223958333333334));
#2343=CARTESIAN_POINT('',(0.14,-0.0229484034390321,-0.0327739580024886));
#2344=CARTESIAN_POINT('',(0.032,-0.02,-0.0229166666666667));
#2345=CARTESIAN_POINT('',(0.14,-0.0214972152025361,-0.033743610981715));
#2346=CARTESIAN_POINT('',(0.032,-0.02,-0.0239583333333333));
#2347=CARTESIAN_POINT('',(0.14,-0.0207557498411466,-0.0342046837771516));
#2348=CARTESIAN_POINT('',(0.032,-0.02,-0.0244791666666667));
#2349=CARTESIAN_POINT('',(0.14,-0.02,-0.0346410161513775));
#2350=CARTESIAN_POINT('',(0.032,-0.02,-0.025));
#2351=CARTESIAN_POINT('',(0.042394742961133,-0.0200000096287515,-0.0259278569909119));
#2352=CARTESIAN_POINT('',(0.0421521993788915,-0.0202508846017102,-0.0241379127301221));
#2353=CARTESIAN_POINT('',(0.0419332100927131,-0.0204669947411341,-0.0223254142479308));
#2354=CARTESIAN_POINT('',(0.041737775102598,-0.0206515111091639,-0.0205000009573477));
#2355=CARTESIAN_POINT('',(0.085,0.015,-0.015));
#2356=CARTESIAN_POINT('',(0.032,-0.0104027601547283,-0.0193455759958981));
#2357=CARTESIAN_POINT('',(0.032,-0.0102990940725576,-0.0202955307110532));
#2358=CARTESIAN_POINT('',(0.032,-0.0101869209978456,-0.0212445323115369));
#2359=CARTESIAN_POINT('',(0.032,-0.00994658627709676,-0.0231408665361706));
#2360=CARTESIAN_POINT('',(0.032,-0.00981612166826273,-0.0240876509225194));
#2361=CARTESIAN_POINT('',(0.032,-0.0096805248134988,-0.0250336533506743));
#2362=CARTESIAN_POINT('',(0.0417339278864327,-0.020655133060762,-0.0204640272427142));
#2363=CARTESIAN_POINT('',(0.0418420095365339,-0.0205530826122906,-0.0214752481002147));
#2364=CARTESIAN_POINT('',(0.0419584428675935,-0.0204403338490185,-0.0224895582448318));
#2365=CARTESIAN_POINT('',(0.0422046517948447,-0.0201962699716197,-0.0245008112561311));
#2366=CARTESIAN_POINT('',(0.0423393298764258,-0.0200567081955053,-0.0255375613454576));
#2367=CARTESIAN_POINT('',(0.0424732746240524,-0.0199194067029338,-0.0264998525009079));
#2368=CARTESIAN_POINT('',(0.0417339276901029,0.0206551332463213,-0.0204640254056477));
#2369=CARTESIAN_POINT('',(0.0418420099507798,0.0205530822256059,-0.0214752520658347));
#2370=CARTESIAN_POINT('',(0.041958443680653,0.0204403330590402,-0.0224895651678357));
#2371=CARTESIAN_POINT('',(0.0422046535408399,0.0201962682197696,-0.0245008252332096));
#2372=CARTESIAN_POINT('',(0.0423393324293907,0.0200567055518131,-0.0255375807728476));
#2373=CARTESIAN_POINT('',(0.0424732777935227,0.0199194034541248,-0.0264998752569362));
#2374=CARTESIAN_POINT('',(0.032,0.010402760343049,-0.0193455742706329));
#2375=CARTESIAN_POINT('',(0.032,0.0102990936754435,-0.0202955344489453));
#2376=CARTESIAN_POINT('',(0.032,0.0101869202088468,-0.0212445388422164));
#2377=CARTESIAN_POINT('',(0.032,0.00994658457191933,-0.023140879653938));
#2378=CARTESIAN_POINT('',(0.032,0.00981611917893864,-0.0240876688435111));
#2379=CARTESIAN_POINT('',(0.032,0.00968052160523546,-0.0250336757214525));
#2380=CARTESIAN_POINT('',(0.0497157287525381,-0.008,-0.040002));
#2381=CARTESIAN_POINT('',(0.0427157287525381,0.007,-0.040002));
#2382=CARTESIAN_POINT('',(0.0497157287525381,0.013,-0.040002));
#2383=CARTESIAN_POINT('',(0.0397157287525381,0.013,-0.040002));
#2384=CARTESIAN_POINT('',(0.0497157287525381,0.007,-0.040002));
#2385=CARTESIAN_POINT('',(0.0497157287525381,-0.0005,-0.040002));
#2386=CARTESIAN_POINT('',(0.0427157287525381,-0.008,-0.040002));
#2387=MECHANICAL_DESIGN_GEOMETRIC_PRESENTATION_REPRESENTATION('',(#1044),
#2388);
#2388=(
GEOMETRIC_REPRESENTATION_CONTEXT(3)
GLOBAL_UNCERTAINTY_ASSIGNED_CONTEXT((#2389))
GLOBAL_UNIT_ASSIGNED_CONTEXT((#2392,#2391,#2390))
REPRESENTATION_CONTEXT('Part 1','TOP_LEVEL_ASSEMBLY_PART')
);
#2389=UNCERTAINTY_MEASURE_WITH_UNIT(LENGTH_MEASURE(2.E-5),#2392,
'DISTANCE_ACCURACY_VALUE','Maximum Tolerance applied to model');
#2390=(
NAMED_UNIT(*)
SI_UNIT($,.STERADIAN.)
SOLID_ANGLE_UNIT()
);
#2391=(
NAMED_UNIT(*)
PLANE_ANGLE_UNIT()
SI_UNIT($,.RADIAN.)
);
#2392=(
LENGTH_UNIT()
NAMED_UNIT(*)
SI_UNIT($,.METRE.)
);
#2393=PRODUCT_DEFINITION_SHAPE('','',#2394);
#2394=PRODUCT_DEFINITION('','',#2396,#2395);
#2395=PRODUCT_DEFINITION_CONTEXT('',#2402,'design');
#2396=PRODUCT_DEFINITION_FORMATION_WITH_SPECIFIED_SOURCE('','',#2398,
 .NOT_KNOWN.);
#2397=PRODUCT_RELATED_PRODUCT_CATEGORY('','',(#2398));
#2398=PRODUCT('Part 1','Part 1','Part 1',(#2400));
#2399=PRODUCT_CATEGORY('','');
#2400=PRODUCT_CONTEXT('',#2402,'mechanical');
#2401=APPLICATION_PROTOCOL_DEFINITION('international standard',
'ap242_managed_model_based_3d_engineering',2020,#2402);
#2402=APPLICATION_CONTEXT('managed model based 3d engineering');
ENDSEC;
END-ISO-10303-21;
