ISO-10303-21;
HEADER;
/* Generated by software containing ST-Developer
 * from STEP Tools, Inc. (www.steptools.com) 
 */
/* OPTION: using custom renumber hook */

FILE_DESCRIPTION(
/* description */ ('STEP AP242 Edition 2',
'CAx-IF Rec.Pracs.---Representation and Presentation of Product Manufa
cturing Information (PMI)---4.0---2014-10-13',
'CAx-IF Rec.Pracs.---3D Tessellated Geometry---0.4---2014-09-14','2;1',
'CAx-IF Rec.Pracs.---User Defined Attributes---1.5---2016-08-15'),
/* implementation_level */ '2;1');

FILE_NAME(
/* name */ 'Arm_lower1 - Part 1',
/* time_stamp */ '2026-05-19T16:30:09Z',
/* author */ (''),
/* organization */ (''),
/* preprocessor_version */ 'ST-DEVELOPER v20',
/* originating_system */ 'ONSHAPE BY PTC INC, 1.215',
/* authorisation */ '  ');

FILE_SCHEMA (('AP242_MANAGED_MODEL_BASED_3D_ENGINEERING_MIM_LF { 1 0 10303 442 3 1 4 }'));
ENDSEC;

DATA;
#10=SHAPE_REPRESENTATION_RELATIONSHIP('','',#1124,#11);
#11=ADVANCED_BREP_SHAPE_REPRESENTATION('',(#1122),#2522);
#12=B_SPLINE_SURFACE_WITH_KNOTS('',3,1,((#1520,#1521),(#1522,#1523),(#1524,
#1525),(#1526,#1527),(#1528,#1529),(#1530,#1531),(#1532,#1533),(#1534,#1535),
(#1536,#1537),(#1538,#1539),(#1540,#1541),(#1542,#1543),(#1544,#1545),(#1546,
#1547),(#1548,#1549),(#1550,#1551),(#1552,#1553),(#1554,#1555),(#1556,#1557),
(#1558,#1559)),.RULED_SURF.,.F.,.F.,.F.,(4,2,2,2,2,2,2,2,2,4),(2,2),(0.,
0.0625,0.125,0.1875,0.25,0.3125,0.375,0.4375,0.5,0.503),(0.,0.859639484992277),
 .UNSPECIFIED.);
#13=B_SPLINE_SURFACE_WITH_KNOTS('',3,1,((#1692,#1693),(#1694,#1695),(#1696,
#1697),(#1698,#1699),(#1700,#1701),(#1702,#1703),(#1704,#1705),(#1706,#1707),
(#1708,#1709),(#1710,#1711),(#1712,#1713),(#1714,#1715),(#1716,#1717),(#1718,
#1719),(#1720,#1721),(#1722,#1723),(#1724,#1725),(#1726,#1727),(#1728,#1729),
(#1730,#1731),(#1732,#1733),(#1734,#1735),(#1736,#1737),(#1738,#1739),(#1740,
#1741),(#1742,#1743),(#1744,#1745),(#1746,#1747),(#1748,#1749),(#1750,#1751),
(#1752,#1753),(#1754,#1755),(#1756,#1757),(#1758,#1759)),.RULED_SURF.,.F.,
 .F.,.F.,(4,2,2,2,2,2,2,2,2,2,2,2,2,2,2,2,4),(2,2),(0.,0.0625,0.125,0.1875,
0.25,0.3125,0.375,0.4375,0.5,0.5625,0.625,0.6875,0.75,0.8125,0.875,0.9375,
1.),(0.,1.),.UNSPECIFIED.);
#14=B_SPLINE_SURFACE_WITH_KNOTS('',3,1,((#1878,#1879),(#1880,#1881),(#1882,
#1883),(#1884,#1885),(#1886,#1887),(#1888,#1889),(#1890,#1891),(#1892,#1893),
(#1894,#1895),(#1896,#1897),(#1898,#1899),(#1900,#1901),(#1902,#1903),(#1904,
#1905),(#1906,#1907),(#1908,#1909),(#1910,#1911),(#1912,#1913),(#1914,#1915),
(#1916,#1917),(#1918,#1919),(#1920,#1921),(#1922,#1923),(#1924,#1925),(#1926,
#1927),(#1928,#1929),(#1930,#1931),(#1932,#1933),(#1934,#1935),(#1936,#1937),
(#1938,#1939),(#1940,#1941),(#1942,#1943),(#1944,#1945)),.RULED_SURF.,.F.,
 .F.,.F.,(4,2,2,2,2,2,2,2,2,2,2,2,2,2,2,2,4),(2,2),(0.,0.0625,0.125,0.1875,
0.25,0.3125,0.375,0.4375,0.5,0.5625,0.625,0.6875,0.75,0.8125,0.875,0.9375,
1.),(0.,1.),.UNSPECIFIED.);
#15=B_SPLINE_SURFACE_WITH_KNOTS('',1,3,((#2000,#2001,#2002,#2003,#2004,
#2005,#2006,#2007,#2008,#2009,#2010,#2011,#2012,#2013),(#2014,#2015,#2016,
#2017,#2018,#2019,#2020,#2021,#2022,#2023,#2024,#2025,#2026,#2027)),
 .RULED_SURF.,.F.,.F.,.F.,(2,2),(4,2,2,2,2,2,4),(0.,1.),(0.0343132951121193,
0.0362008856637815,0.0384480205809725,0.039571588039568,0.0406951554981635,
0.041818722956759,0.0425827488123803),.UNSPECIFIED.);
#16=B_SPLINE_SURFACE_WITH_KNOTS('',1,3,((#2028,#2029,#2030,#2031,#2032,
#2033,#2034,#2035,#2036,#2037,#2038,#2039,#2040,#2041),(#2042,#2043,#2044,
#2045,#2046,#2047,#2048,#2049,#2050,#2051,#2052,#2053,#2054,#2055)),
 .RULED_SURF.,.F.,.F.,.F.,(2,2),(4,2,2,2,2,2,4),(0.,1.),(0.0343132923498328,
0.0350773182052253,0.0362008856638209,0.0373244531224165,0.038448020581012,
0.0406951554982031,0.042582746011617),.UNSPECIFIED.);
#17=B_SPLINE_SURFACE_WITH_KNOTS('',3,1,((#2071,#2072),(#2073,#2074),(#2075,
#2076),(#2077,#2078),(#2079,#2080),(#2081,#2082),(#2083,#2084),(#2085,#2086),
(#2087,#2088),(#2089,#2090),(#2091,#2092),(#2093,#2094),(#2095,#2096),(#2097,
#2098),(#2099,#2100),(#2101,#2102),(#2103,#2104),(#2105,#2106),(#2107,#2108),
(#2109,#2110)),.RULED_SURF.,.F.,.F.,.F.,(4,2,2,2,2,2,2,2,2,4),(2,2),(0.,
0.0625,0.125,0.1875,0.25,0.3125,0.375,0.4375,0.5,0.503),(0.,0.859639484992277),
 .UNSPECIFIED.);
#18=B_SPLINE_SURFACE_WITH_KNOTS('',3,1,((#2185,#2186),(#2187,#2188),(#2189,
#2190),(#2191,#2192),(#2193,#2194),(#2195,#2196),(#2197,#2198),(#2199,#2200),
(#2201,#2202),(#2203,#2204),(#2205,#2206),(#2207,#2208),(#2209,#2210),(#2211,
#2212),(#2213,#2214),(#2215,#2216),(#2217,#2218),(#2219,#2220),(#2221,#2222),
(#2223,#2224),(#2225,#2226),(#2227,#2228),(#2229,#2230),(#2231,#2232),(#2233,
#2234),(#2235,#2236),(#2237,#2238),(#2239,#2240),(#2241,#2242),(#2243,#2244),
(#2245,#2246),(#2247,#2248),(#2249,#2250),(#2251,#2252)),.RULED_SURF.,.F.,
 .F.,.F.,(4,2,2,2,2,2,2,2,2,2,2,2,2,2,2,2,4),(2,2),(0.,0.0625,0.125,0.1875,
0.25,0.3125,0.375,0.4375,0.5,0.5625,0.625,0.6875,0.75,0.8125,0.875,0.9375,
1.),(0.,1.),.UNSPECIFIED.);
#19=B_SPLINE_SURFACE_WITH_KNOTS('',3,1,((#2264,#2265),(#2266,#2267),(#2268,
#2269),(#2270,#2271),(#2272,#2273),(#2274,#2275),(#2276,#2277),(#2278,#2279),
(#2280,#2281),(#2282,#2283),(#2284,#2285),(#2286,#2287),(#2288,#2289),(#2290,
#2291),(#2292,#2293),(#2294,#2295),(#2296,#2297),(#2298,#2299),(#2300,#2301),
(#2302,#2303),(#2304,#2305),(#2306,#2307),(#2308,#2309),(#2310,#2311),(#2312,
#2313),(#2314,#2315),(#2316,#2317),(#2318,#2319),(#2320,#2321),(#2322,#2323),
(#2324,#2325),(#2326,#2327),(#2328,#2329),(#2330,#2331)),.RULED_SURF.,.F.,
 .F.,.F.,(4,2,2,2,2,2,2,2,2,2,2,2,2,2,2,2,4),(2,2),(0.,0.0625,0.125,0.1875,
0.25,0.3125,0.375,0.4375,0.5,0.5625,0.625,0.6875,0.75,0.8125,0.875,0.9375,
1.),(0.,1.),.UNSPECIFIED.);
#20=B_SPLINE_SURFACE_WITH_KNOTS('',1,3,((#2464,#2465,#2466,#2467,#2468,
#2469,#2470,#2471,#2472,#2473,#2474,#2475,#2476,#2477),(#2478,#2479,#2480,
#2481,#2482,#2483,#2484,#2485,#2486,#2487,#2488,#2489,#2490,#2491)),
 .RULED_SURF.,.F.,.F.,.F.,(2,2),(4,2,2,2,2,2,4),(0.,1.),(0.0343132951121193,
0.0362008856637815,0.0384480205809725,0.039571588039568,0.0406951554981635,
0.041818722956759,0.0425827488123803),.UNSPECIFIED.);
#21=B_SPLINE_SURFACE_WITH_KNOTS('',1,3,((#2492,#2493,#2494,#2495,#2496,
#2497,#2498,#2499,#2500,#2501,#2502,#2503,#2504,#2505),(#2506,#2507,#2508,
#2509,#2510,#2511,#2512,#2513,#2514,#2515,#2516,#2517,#2518,#2519)),
 .RULED_SURF.,.F.,.F.,.F.,(2,2),(4,2,2,2,2,2,4),(0.,1.),(0.0343132923498328,
0.0350773182052253,0.0362008856638209,0.0373244531224165,0.038448020581012,
0.0406951554982031,0.042582746011617),.UNSPECIFIED.);
#22=B_SPLINE_CURVE_WITH_KNOTS('',3,(#1509,#1510,#1511,#1512),
 .UNSPECIFIED.,.F.,.F.,(4,4),(0.00166013514222361,0.00580068611520704),
 .UNSPECIFIED.);
#23=B_SPLINE_CURVE_WITH_KNOTS('',3,(#1560,#1561,#1562,#1563),
 .UNSPECIFIED.,.F.,.F.,(4,4),(0.0463952604632749,0.0618438836689696),
 .UNSPECIFIED.);
#24=B_SPLINE_CURVE_WITH_KNOTS('',3,(#1565,#1566,#1567,#1568),
 .UNSPECIFIED.,.F.,.F.,(4,4),(0.,1.),.UNSPECIFIED.);
#25=B_SPLINE_CURVE_WITH_KNOTS('',3,(#1571,#1572,#1573,#1574),
 .UNSPECIFIED.,.F.,.F.,(4,4),(0.0463792039976793,0.11649897698715),
 .UNSPECIFIED.);
#26=B_SPLINE_CURVE_WITH_KNOTS('',3,(#1646,#1647,#1648,#1649),
 .UNSPECIFIED.,.F.,.F.,(4,4),(0.,1.),.UNSPECIFIED.);
#27=B_SPLINE_CURVE_WITH_KNOTS('',3,(#1662,#1663,#1664,#1665,#1666,#1667,
#1668,#1669,#1670,#1671,#1672,#1673,#1674,#1675),.UNSPECIFIED.,.F.,.F.,
(4,1,1,1,1,1,1,1,1,1,1,4),(0.,0.125,0.25,0.375,0.4375,0.46875,0.5,0.53125,
0.5625,0.625,0.75,1.),.UNSPECIFIED.);
#28=B_SPLINE_CURVE_WITH_KNOTS('',3,(#1678,#1679,#1680,#1681,#1682,#1683,
#1684,#1685,#1686,#1687,#1688,#1689,#1690,#1691),.UNSPECIFIED.,.F.,.F.,
(4,1,1,1,1,1,1,1,1,1,1,4),(0.,0.25,0.375,0.4375,0.46875,0.5,0.53125,0.5625,
0.625,0.75,0.875,1.),.UNSPECIFIED.);
#29=B_SPLINE_CURVE_WITH_KNOTS('',3,(#1760,#1761,#1762,#1763,#1764,#1765,
#1766,#1767,#1768,#1769,#1770),.UNSPECIFIED.,.T.,.F.,(1,1,1,1,1,1,1,1,1,
1,1,1,1,1,1),(-0.0023504936849826,-0.0015669957899884,-0.000783497894994199,
0.,0.000783497894994199,0.0015669957899884,0.0023504936849826,0.00313399157997679,
0.00391748947497099,0.00470098736996519,0.00548448526495939,0.00626798315995359,
0.00705148105494779,0.00783497894994199,0.00861847684493619),
 .UNSPECIFIED.);
#30=B_SPLINE_CURVE_WITH_KNOTS('',3,(#1772,#1773,#1774,#1775,#1776,#1777,
#1778,#1779,#1780,#1781,#1782),.UNSPECIFIED.,.T.,.F.,(1,1,1,1,1,1,1,1,1,
1,1,1,1,1,1),(-0.00235033579797116,-0.00156689053198077,-0.000783445265990386,
0.,0.000783445265990386,0.00156689053198077,0.00235033579797116,0.00313378106396154,
0.00391722632995193,0.00470067159594231,0.0054841168619327,0.00626756212792309,
0.00705100739391347,0.00783445265990386,0.00861789792589424),
 .UNSPECIFIED.);
#31=B_SPLINE_CURVE_WITH_KNOTS('',3,(#1784,#1785,#1786,#1787,#1788,#1789,
#1790,#1791,#1792,#1793,#1794),.UNSPECIFIED.,.T.,.F.,(1,1,1,1,1,1,1,1,1,
1,1,1,1,1,1),(-0.00234950832162792,-0.00156633888108528,-0.000783169440542639,
0.,0.000783169440542639,0.00156633888108528,0.00234950832162792,0.00313267776217056,
0.00391584720271319,0.00469901664325583,0.00548218608379847,0.00626535552434111,
0.00704852496488375,0.00783169440542639,0.00861486384596903),
 .UNSPECIFIED.);
#32=B_SPLINE_CURVE_WITH_KNOTS('',3,(#1796,#1797,#1798,#1799,#1800,#1801,
#1802,#1803,#1804,#1805,#1806),.UNSPECIFIED.,.T.,.F.,(1,1,1,1,1,1,1,1,1,
1,1,1,1,1,1),(-0.00234971412457808,-0.00156647608305205,-0.000783238041526026,
0.,0.000783238041526026,0.00156647608305205,0.00234971412457808,0.0031329521661041,
0.00391619020763013,0.00469942824915616,0.00548266629068218,0.00626590433220821,
0.00704914237373423,0.00783238041526026,0.00861561845678629),
 .UNSPECIFIED.);
#33=B_SPLINE_CURVE_WITH_KNOTS('',3,(#1808,#1809,#1810,#1811,#1812,#1813,
#1814,#1815,#1816,#1817,#1818),.UNSPECIFIED.,.T.,.F.,(1,1,1,1,1,1,1,1,1,
1,1,1,1,1,1),(-0.00235052775542607,-0.00156701850361738,-0.000783509251808688,
9.7115715640303E-19,0.00078350925180869,0.00156701850361738,0.00235052775542607,
0.00313403700723476,0.00391754625904345,0.00470105551085213,0.00548456476266082,
0.00626807401446951,0.0070515832662782,0.00783509251808689,0.00861860176989558),
 .UNSPECIFIED.);
#34=B_SPLINE_CURVE_WITH_KNOTS('',3,(#1820,#1821,#1822,#1823,#1824,#1825,
#1826,#1827,#1828,#1829,#1830),.UNSPECIFIED.,.T.,.F.,(1,1,1,1,1,1,1,1,1,
1,1,1,1,1,1),(-0.00234963394513465,-0.00156642263008977,-0.000783211315044884,
1.73472347597681E-18,0.000783211315044887,0.00156642263008977,0.00234963394513466,
0.00313284526017954,0.00391605657522443,0.00469926789026931,0.0054824792053142,
0.00626569052035908,0.00704890183540397,0.00783211315044885,0.00861532446549374),
 .UNSPECIFIED.);
#35=B_SPLINE_CURVE_WITH_KNOTS('',3,(#1832,#1833,#1834,#1835,#1836,#1837,
#1838,#1839,#1840,#1841,#1842),.UNSPECIFIED.,.T.,.F.,(1,1,1,1,1,1,1,1,1,
1,1,1,1,1,1),(-0.00234810905501241,-0.00156540603667494,-0.00078270301833747,
0.,0.000782703018337471,0.00156540603667494,0.00234810905501241,0.00313081207334988,
0.00391351509168735,0.00469621811002482,0.00547892112836229,0.00626162414669976,
0.00704432716503724,0.00782703018337471,0.00860973320171218),
 .UNSPECIFIED.);
#36=B_SPLINE_CURVE_WITH_KNOTS('',3,(#1844,#1845,#1846,#1847,#1848,#1849,
#1850,#1851,#1852,#1853,#1854),.UNSPECIFIED.,.T.,.F.,(1,1,1,1,1,1,1,1,1,
1,1,1,1,1,1),(-0.00235071237189109,-0.00156714158126073,-0.000783570790630363,
0.,0.000783570790630363,0.00156714158126073,0.00235071237189109,0.00313428316252145,
0.00391785395315182,0.00470142474378218,0.00548499553441254,0.00626856632504291,
0.00705213711567327,0.00783570790630363,0.008619278696934),
 .UNSPECIFIED.);
#37=B_SPLINE_CURVE_WITH_KNOTS('',3,(#1856,#1857,#1858,#1859,#1860,#1861,
#1862,#1863,#1864,#1865,#1866),.UNSPECIFIED.,.T.,.F.,(1,1,1,1,1,1,1,1,1,
1,1,1,1,1,1),(-0.00234951646113315,-0.0015663443074221,-0.00078317215371105,
0.,0.00078317215371105,0.0015663443074221,0.00234951646113315,0.0031326886148442,
0.00391586076855525,0.0046990329222663,0.00548220507597735,0.0062653772296884,
0.00704854938339945,0.0078317215371105,0.00861489369082155),
 .UNSPECIFIED.);
#38=B_SPLINE_CURVE_WITH_KNOTS('',3,(#1868,#1869,#1870,#1871),
 .UNSPECIFIED.,.F.,.F.,(4,4),(0.,1.),.UNSPECIFIED.);
#39=B_SPLINE_CURVE_WITH_KNOTS('',3,(#1872,#1873,#1874,#1875),
 .UNSPECIFIED.,.F.,.F.,(4,4),(0.,1.),.UNSPECIFIED.);
#40=B_SPLINE_CURVE_WITH_KNOTS('',3,(#1946,#1947,#1948,#1949),
 .UNSPECIFIED.,.F.,.F.,(4,4),(0.,1.),.UNSPECIFIED.);
#41=B_SPLINE_CURVE_WITH_KNOTS('',3,(#1951,#1952,#1953,#1954),
 .UNSPECIFIED.,.F.,.F.,(4,4),(0.,0.0145528636195139),.UNSPECIFIED.);
#42=B_SPLINE_CURVE_WITH_KNOTS('',3,(#1957,#1958,#1959,#1960),
 .UNSPECIFIED.,.F.,.F.,(4,4),(0.,0.0202942061727538),.UNSPECIFIED.);
#43=B_SPLINE_CURVE_WITH_KNOTS('',3,(#2063,#2064,#2065,#2066),
 .UNSPECIFIED.,.F.,.F.,(4,4),(0.00166013514222361,0.00580068611520704),
 .UNSPECIFIED.);
#44=B_SPLINE_CURVE_WITH_KNOTS('',3,(#2111,#2112,#2113,#2114),
 .UNSPECIFIED.,.F.,.F.,(4,4),(0.0463952604632749,0.0618438836689696),
 .UNSPECIFIED.);
#45=B_SPLINE_CURVE_WITH_KNOTS('',3,(#2116,#2117,#2118,#2119),
 .UNSPECIFIED.,.F.,.F.,(4,4),(0.0463792039976793,0.11649897698715),
 .UNSPECIFIED.);
#46=B_SPLINE_CURVE_WITH_KNOTS('',3,(#2122,#2123,#2124,#2125),
 .UNSPECIFIED.,.F.,.F.,(4,4),(0.,1.),.UNSPECIFIED.);
#47=B_SPLINE_CURVE_WITH_KNOTS('',3,(#2147,#2148,#2149,#2150),
 .UNSPECIFIED.,.F.,.F.,(4,4),(0.,1.),.UNSPECIFIED.);
#48=B_SPLINE_CURVE_WITH_KNOTS('',3,(#2155,#2156,#2157,#2158,#2159,#2160,
#2161,#2162,#2163,#2164,#2165,#2166,#2167,#2168),.UNSPECIFIED.,.F.,.F.,
(4,1,1,1,1,1,1,1,1,1,1,4),(2.58443874416521E-8,0.250000019383291,0.375000016152742,
0.437500014537468,0.468750013729831,0.500000012922194,0.531250012114557,
0.56250001130692,0.625000009691645,0.750000006461097,0.875000003230548,
1.),.UNSPECIFIED.);
#49=B_SPLINE_CURVE_WITH_KNOTS('',3,(#2171,#2172,#2173,#2174,#2175,#2176,
#2177,#2178,#2179,#2180,#2181,#2182,#2183,#2184),.UNSPECIFIED.,.F.,.F.,
(4,1,1,1,1,1,1,1,1,1,1,4),(0.,0.125,0.25,0.375,0.4375,0.46875,0.5,0.53125,
0.5625,0.625,0.75,1.),.UNSPECIFIED.);
#50=B_SPLINE_CURVE_WITH_KNOTS('',3,(#2255,#2256,#2257,#2258),
 .UNSPECIFIED.,.F.,.F.,(4,4),(0.,0.0145528636195139),.UNSPECIFIED.);
#51=B_SPLINE_CURVE_WITH_KNOTS('',3,(#2260,#2261,#2262,#2263),
 .UNSPECIFIED.,.F.,.F.,(4,4),(0.,0.999999980053341),.UNSPECIFIED.);
#52=B_SPLINE_CURVE_WITH_KNOTS('',3,(#2332,#2333,#2334,#2335,#2336,#2337,
#2338,#2339,#2340,#2341,#2342),.UNSPECIFIED.,.T.,.F.,(1,1,1,1,1,1,1,1,1,
1,1,1,1,1,1),(-0.0023504936849826,-0.0015669957899884,-0.000783497894994199,
0.,0.000783497894994199,0.0015669957899884,0.0023504936849826,0.00313399157997679,
0.00391748947497099,0.00470098736996519,0.00548448526495939,0.00626798315995359,
0.00705148105494779,0.00783497894994199,0.00861847684493619),
 .UNSPECIFIED.);
#53=B_SPLINE_CURVE_WITH_KNOTS('',3,(#2344,#2345,#2346,#2347,#2348,#2349,
#2350,#2351,#2352,#2353,#2354),.UNSPECIFIED.,.T.,.F.,(1,1,1,1,1,1,1,1,1,
1,1,1,1,1,1),(-0.00235033579797116,-0.00156689053198077,-0.000783445265990386,
0.,0.000783445265990386,0.00156689053198077,0.00235033579797116,0.00313378106396154,
0.00391722632995193,0.00470067159594231,0.0054841168619327,0.00626756212792309,
0.00705100739391347,0.00783445265990386,0.00861789792589424),
 .UNSPECIFIED.);
#54=B_SPLINE_CURVE_WITH_KNOTS('',3,(#2356,#2357,#2358,#2359,#2360,#2361,
#2362,#2363,#2364,#2365,#2366),.UNSPECIFIED.,.T.,.F.,(1,1,1,1,1,1,1,1,1,
1,1,1,1,1,1),(-0.00234950832162792,-0.00156633888108528,-0.000783169440542639,
0.,0.000783169440542639,0.00156633888108528,0.00234950832162792,0.00313267776217056,
0.00391584720271319,0.00469901664325583,0.00548218608379847,0.00626535552434111,
0.00704852496488375,0.00783169440542639,0.00861486384596903),
 .UNSPECIFIED.);
#55=B_SPLINE_CURVE_WITH_KNOTS('',3,(#2368,#2369,#2370,#2371,#2372,#2373,
#2374,#2375,#2376,#2377,#2378),.UNSPECIFIED.,.T.,.F.,(1,1,1,1,1,1,1,1,1,
1,1,1,1,1,1),(-0.00234971412457808,-0.00156647608305205,-0.000783238041526026,
0.,0.000783238041526026,0.00156647608305205,0.00234971412457808,0.0031329521661041,
0.00391619020763013,0.00469942824915616,0.00548266629068218,0.00626590433220821,
0.00704914237373423,0.00783238041526026,0.00861561845678629),
 .UNSPECIFIED.);
#56=B_SPLINE_CURVE_WITH_KNOTS('',3,(#2380,#2381,#2382,#2383,#2384,#2385,
#2386,#2387,#2388,#2389,#2390),.UNSPECIFIED.,.T.,.F.,(1,1,1,1,1,1,1,1,1,
1,1,1,1,1,1),(-0.00235052775542607,-0.00156701850361738,-0.000783509251808688,
9.7115715640303E-19,0.00078350925180869,0.00156701850361738,0.00235052775542607,
0.00313403700723476,0.00391754625904345,0.00470105551085213,0.00548456476266082,
0.00626807401446951,0.0070515832662782,0.00783509251808689,0.00861860176989558),
 .UNSPECIFIED.);
#57=B_SPLINE_CURVE_WITH_KNOTS('',3,(#2392,#2393,#2394,#2395,#2396,#2397,
#2398,#2399,#2400,#2401,#2402),.UNSPECIFIED.,.T.,.F.,(1,1,1,1,1,1,1,1,1,
1,1,1,1,1,1),(-0.00234963394513465,-0.00156642263008977,-0.000783211315044884,
1.73472347597681E-18,0.000783211315044887,0.00156642263008977,0.00234963394513466,
0.00313284526017954,0.00391605657522443,0.00469926789026931,0.0054824792053142,
0.00626569052035908,0.00704890183540397,0.00783211315044885,0.00861532446549374),
 .UNSPECIFIED.);
#58=B_SPLINE_CURVE_WITH_KNOTS('',3,(#2404,#2405,#2406,#2407,#2408,#2409,
#2410,#2411,#2412,#2413,#2414),.UNSPECIFIED.,.T.,.F.,(1,1,1,1,1,1,1,1,1,
1,1,1,1,1,1),(-0.00234810905501241,-0.00156540603667494,-0.00078270301833747,
0.,0.000782703018337471,0.00156540603667494,0.00234810905501241,0.00313081207334988,
0.00391351509168735,0.00469621811002482,0.00547892112836229,0.00626162414669976,
0.00704432716503724,0.00782703018337471,0.00860973320171218),
 .UNSPECIFIED.);
#59=B_SPLINE_CURVE_WITH_KNOTS('',3,(#2416,#2417,#2418,#2419,#2420,#2421,
#2422,#2423,#2424,#2425,#2426),.UNSPECIFIED.,.T.,.F.,(1,1,1,1,1,1,1,1,1,
1,1,1,1,1,1),(-0.00235071237189109,-0.00156714158126073,-0.000783570790630363,
0.,0.000783570790630363,0.00156714158126073,0.00235071237189109,0.00313428316252145,
0.00391785395315182,0.00470142474378218,0.00548499553441254,0.00626856632504291,
0.00705213711567327,0.00783570790630363,0.008619278696934),
 .UNSPECIFIED.);
#60=B_SPLINE_CURVE_WITH_KNOTS('',3,(#2428,#2429,#2430,#2431,#2432,#2433,
#2434,#2435,#2436,#2437,#2438),.UNSPECIFIED.,.T.,.F.,(1,1,1,1,1,1,1,1,1,
1,1,1,1,1,1),(-0.00234951646113315,-0.0015663443074221,-0.00078317215371105,
0.,0.00078317215371105,0.0015663443074221,0.00234951646113315,0.0031326886148442,
0.00391586076855525,0.0046990329222663,0.00548220507597735,0.0062653772296884,
0.00704854938339945,0.0078317215371105,0.00861489369082155),
 .UNSPECIFIED.);
#61=B_SPLINE_CURVE_WITH_KNOTS('',3,(#2440,#2441,#2442,#2443),
 .UNSPECIFIED.,.F.,.F.,(4,4),(0.,1.),.UNSPECIFIED.);
#62=B_SPLINE_CURVE_WITH_KNOTS('',3,(#2444,#2445,#2446,#2447),
 .UNSPECIFIED.,.F.,.F.,(4,4),(0.,1.),.UNSPECIFIED.);
#63=B_SPLINE_CURVE_WITH_KNOTS('',3,(#2449,#2450,#2451,#2452),
 .UNSPECIFIED.,.F.,.F.,(4,4),(0.,0.0202940080232785),.UNSPECIFIED.);
#64=PLANE('',#1129);
#65=PLANE('',#1145);
#66=PLANE('',#1146);
#67=PLANE('',#1150);
#68=PLANE('',#1156);
#69=PLANE('',#1166);
#70=PLANE('',#1167);
#71=PLANE('',#1168);
#72=PLANE('',#1169);
#73=PLANE('',#1170);
#74=PLANE('',#1171);
#75=PLANE('',#1172);
#76=PLANE('',#1173);
#77=PLANE('',#1183);
#78=PLANE('',#1191);
#79=PLANE('',#1197);
#80=PLANE('',#1198);
#81=PLANE('',#1208);
#82=PLANE('',#1209);
#83=PLANE('',#1210);
#84=PLANE('',#1211);
#85=PLANE('',#1221);
#86=LINE('',#1472,#137);
#87=LINE('',#1476,#138);
#88=LINE('',#1478,#139);
#89=LINE('',#1492,#140);
#90=LINE('',#1515,#141);
#91=LINE('',#1517,#142);
#92=LINE('',#1519,#143);
#93=LINE('',#1570,#144);
#94=LINE('',#1579,#145);
#95=LINE('',#1581,#146);
#96=LINE('',#1583,#147);
#97=LINE('',#1589,#148);
#98=LINE('',#1591,#149);
#99=LINE('',#1593,#150);
#100=LINE('',#1595,#151);
#101=LINE('',#1597,#152);
#102=LINE('',#1599,#153);
#103=LINE('',#1601,#154);
#104=LINE('',#1603,#155);
#105=LINE('',#1605,#156);
#106=LINE('',#1607,#157);
#107=LINE('',#1609,#158);
#108=LINE('',#1611,#159);
#109=LINE('',#1613,#160);
#110=LINE('',#1617,#161);
#111=LINE('',#1622,#162);
#112=LINE('',#1644,#163);
#113=LINE('',#1651,#164);
#114=LINE('',#1653,#165);
#115=LINE('',#1655,#166);
#116=LINE('',#1657,#167);
#117=LINE('',#1659,#168);
#118=LINE('',#1676,#169);
#119=LINE('',#1877,#170);
#120=LINE('',#1955,#171);
#121=LINE('',#1962,#172);
#122=LINE('',#1963,#173);
#123=LINE('',#1966,#174);
#124=LINE('',#1967,#175);
#125=LINE('',#1969,#176);
#126=LINE('',#1971,#177);
#127=LINE('',#1973,#178);
#128=LINE('',#1975,#179);
#129=LINE('',#1999,#180);
#130=LINE('',#2069,#181);
#131=LINE('',#2070,#182);
#132=LINE('',#2120,#183);
#133=LINE('',#2145,#184);
#134=LINE('',#2152,#185);
#135=LINE('',#2170,#186);
#136=LINE('',#2253,#187);
#137=VECTOR('',#1228,1.);
#138=VECTOR('',#1231,1.);
#139=VECTOR('',#1234,1.);
#140=VECTOR('',#1247,1.);
#141=VECTOR('',#1268,1.);
#142=VECTOR('',#1269,1.);
#143=VECTOR('',#1270,1.);
#144=VECTOR('',#1271,1.);
#145=VECTOR('',#1276,1.);
#146=VECTOR('',#1277,1.);
#147=VECTOR('',#1278,1.);
#148=VECTOR('',#1285,1.);
#149=VECTOR('',#1286,1.);
#150=VECTOR('',#1287,1.);
#151=VECTOR('',#1288,1.);
#152=VECTOR('',#1289,1.);
#153=VECTOR('',#1290,1.);
#154=VECTOR('',#1291,1.);
#155=VECTOR('',#1292,1.);
#156=VECTOR('',#1293,1.);
#157=VECTOR('',#1294,1.);
#158=VECTOR('',#1295,1.);
#159=VECTOR('',#1296,1.);
#160=VECTOR('',#1297,1.);
#161=VECTOR('',#1302,1.);
#162=VECTOR('',#1307,1.);
#163=VECTOR('',#1330,1.);
#164=VECTOR('',#1333,1.);
#165=VECTOR('',#1334,1.);
#166=VECTOR('',#1335,1.);
#167=VECTOR('',#1336,1.);
#168=VECTOR('',#1339,1.);
#169=VECTOR('',#1340,1.);
#170=VECTOR('',#1341,1.);
#171=VECTOR('',#1342,1.);
#172=VECTOR('',#1347,1.);
#173=VECTOR('',#1348,1.);
#174=VECTOR('',#1353,1.);
#175=VECTOR('',#1354,1.);
#176=VECTOR('',#1355,1.);
#177=VECTOR('',#1358,1.);
#178=VECTOR('',#1359,1.);
#179=VECTOR('',#1362,1.);
#180=VECTOR('',#1401,1.);
#181=VECTOR('',#1412,1.);
#182=VECTOR('',#1413,1.);
#183=VECTOR('',#1414,1.);
#184=VECTOR('',#1435,1.);
#185=VECTOR('',#1438,1.);
#186=VECTOR('',#1439,1.);
#187=VECTOR('',#1440,1.);
#188=ORIENTED_EDGE('',*,*,#466,.T.);
#189=ORIENTED_EDGE('',*,*,#467,.T.);
#190=ORIENTED_EDGE('',*,*,#468,.F.);
#191=ORIENTED_EDGE('',*,*,#469,.F.);
#192=ORIENTED_EDGE('',*,*,#468,.T.);
#193=ORIENTED_EDGE('',*,*,#470,.T.);
#194=ORIENTED_EDGE('',*,*,#471,.F.);
#195=ORIENTED_EDGE('',*,*,#472,.F.);
#196=ORIENTED_EDGE('',*,*,#473,.F.);
#197=ORIENTED_EDGE('',*,*,#474,.T.);
#198=ORIENTED_EDGE('',*,*,#475,.T.);
#199=ORIENTED_EDGE('',*,*,#476,.T.);
#200=ORIENTED_EDGE('',*,*,#477,.F.);
#201=ORIENTED_EDGE('',*,*,#478,.T.);
#202=ORIENTED_EDGE('',*,*,#479,.T.);
#203=ORIENTED_EDGE('',*,*,#480,.F.);
#204=ORIENTED_EDGE('',*,*,#481,.F.);
#205=ORIENTED_EDGE('',*,*,#482,.T.);
#206=ORIENTED_EDGE('',*,*,#483,.T.);
#207=ORIENTED_EDGE('',*,*,#484,.T.);
#208=ORIENTED_EDGE('',*,*,#485,.T.);
#209=ORIENTED_EDGE('',*,*,#486,.T.);
#210=ORIENTED_EDGE('',*,*,#487,.T.);
#211=ORIENTED_EDGE('',*,*,#488,.F.);
#212=ORIENTED_EDGE('',*,*,#489,.T.);
#213=ORIENTED_EDGE('',*,*,#490,.F.);
#214=ORIENTED_EDGE('',*,*,#471,.T.);
#215=ORIENTED_EDGE('',*,*,#491,.T.);
#216=ORIENTED_EDGE('',*,*,#484,.F.);
#217=ORIENTED_EDGE('',*,*,#482,.F.);
#218=ORIENTED_EDGE('',*,*,#492,.F.);
#219=ORIENTED_EDGE('',*,*,#493,.T.);
#220=ORIENTED_EDGE('',*,*,#494,.F.);
#221=ORIENTED_EDGE('',*,*,#495,.F.);
#222=ORIENTED_EDGE('',*,*,#480,.T.);
#223=ORIENTED_EDGE('',*,*,#478,.F.);
#224=ORIENTED_EDGE('',*,*,#496,.F.);
#225=ORIENTED_EDGE('',*,*,#497,.T.);
#226=ORIENTED_EDGE('',*,*,#486,.F.);
#227=ORIENTED_EDGE('',*,*,#498,.T.);
#228=ORIENTED_EDGE('',*,*,#499,.F.);
#229=ORIENTED_EDGE('',*,*,#500,.F.);
#230=ORIENTED_EDGE('',*,*,#501,.T.);
#231=ORIENTED_EDGE('',*,*,#502,.T.);
#232=ORIENTED_EDGE('',*,*,#503,.T.);
#233=ORIENTED_EDGE('',*,*,#504,.F.);
#234=ORIENTED_EDGE('',*,*,#505,.T.);
#235=ORIENTED_EDGE('',*,*,#506,.T.);
#236=ORIENTED_EDGE('',*,*,#507,.F.);
#237=ORIENTED_EDGE('',*,*,#508,.T.);
#238=ORIENTED_EDGE('',*,*,#509,.F.);
#239=ORIENTED_EDGE('',*,*,#510,.F.);
#240=ORIENTED_EDGE('',*,*,#508,.F.);
#241=ORIENTED_EDGE('',*,*,#511,.F.);
#242=ORIENTED_EDGE('',*,*,#512,.T.);
#243=ORIENTED_EDGE('',*,*,#513,.T.);
#244=ORIENTED_EDGE('',*,*,#504,.T.);
#245=ORIENTED_EDGE('',*,*,#514,.T.);
#246=ORIENTED_EDGE('',*,*,#515,.F.);
#247=ORIENTED_EDGE('',*,*,#516,.F.);
#248=ORIENTED_EDGE('',*,*,#517,.F.);
#249=ORIENTED_EDGE('',*,*,#518,.F.);
#250=ORIENTED_EDGE('',*,*,#519,.F.);
#251=ORIENTED_EDGE('',*,*,#520,.F.);
#252=ORIENTED_EDGE('',*,*,#521,.F.);
#253=ORIENTED_EDGE('',*,*,#522,.F.);
#254=ORIENTED_EDGE('',*,*,#523,.F.);
#255=ORIENTED_EDGE('',*,*,#524,.F.);
#256=ORIENTED_EDGE('',*,*,#525,.F.);
#257=ORIENTED_EDGE('',*,*,#526,.T.);
#258=ORIENTED_EDGE('',*,*,#527,.T.);
#259=ORIENTED_EDGE('',*,*,#488,.T.);
#260=ORIENTED_EDGE('',*,*,#487,.F.);
#261=ORIENTED_EDGE('',*,*,#510,.T.);
#262=ORIENTED_EDGE('',*,*,#528,.F.);
#263=ORIENTED_EDGE('',*,*,#515,.T.);
#264=ORIENTED_EDGE('',*,*,#529,.T.);
#265=ORIENTED_EDGE('',*,*,#530,.F.);
#266=ORIENTED_EDGE('',*,*,#531,.T.);
#267=ORIENTED_EDGE('',*,*,#532,.T.);
#268=ORIENTED_EDGE('',*,*,#533,.T.);
#269=ORIENTED_EDGE('',*,*,#526,.F.);
#270=ORIENTED_EDGE('',*,*,#534,.F.);
#271=ORIENTED_EDGE('',*,*,#535,.T.);
#272=ORIENTED_EDGE('',*,*,#536,.F.);
#273=ORIENTED_EDGE('',*,*,#537,.F.);
#274=ORIENTED_EDGE('',*,*,#538,.F.);
#275=ORIENTED_EDGE('',*,*,#539,.F.);
#276=ORIENTED_EDGE('',*,*,#540,.F.);
#277=ORIENTED_EDGE('',*,*,#541,.F.);
#278=ORIENTED_EDGE('',*,*,#542,.F.);
#279=ORIENTED_EDGE('',*,*,#543,.F.);
#280=ORIENTED_EDGE('',*,*,#544,.F.);
#281=ORIENTED_EDGE('',*,*,#490,.T.);
#282=ORIENTED_EDGE('',*,*,#545,.T.);
#283=ORIENTED_EDGE('',*,*,#532,.F.);
#284=ORIENTED_EDGE('',*,*,#546,.T.);
#285=ORIENTED_EDGE('',*,*,#547,.F.);
#286=ORIENTED_EDGE('',*,*,#472,.T.);
#287=ORIENTED_EDGE('',*,*,#547,.T.);
#288=ORIENTED_EDGE('',*,*,#548,.T.);
#289=ORIENTED_EDGE('',*,*,#549,.T.);
#290=ORIENTED_EDGE('',*,*,#531,.F.);
#291=ORIENTED_EDGE('',*,*,#550,.F.);
#292=ORIENTED_EDGE('',*,*,#473,.T.);
#293=ORIENTED_EDGE('',*,*,#509,.T.);
#294=ORIENTED_EDGE('',*,*,#516,.T.);
#295=ORIENTED_EDGE('',*,*,#528,.T.);
#296=ORIENTED_EDGE('',*,*,#549,.F.);
#297=ORIENTED_EDGE('',*,*,#551,.T.);
#298=ORIENTED_EDGE('',*,*,#534,.T.);
#299=ORIENTED_EDGE('',*,*,#552,.T.);
#300=ORIENTED_EDGE('',*,*,#506,.F.);
#301=ORIENTED_EDGE('',*,*,#553,.F.);
#302=ORIENTED_EDGE('',*,*,#512,.F.);
#303=ORIENTED_EDGE('',*,*,#511,.T.);
#304=ORIENTED_EDGE('',*,*,#507,.T.);
#305=ORIENTED_EDGE('',*,*,#552,.F.);
#306=ORIENTED_EDGE('',*,*,#485,.F.);
#307=ORIENTED_EDGE('',*,*,#491,.F.);
#308=ORIENTED_EDGE('',*,*,#470,.F.);
#309=ORIENTED_EDGE('',*,*,#467,.F.);
#310=ORIENTED_EDGE('',*,*,#554,.F.);
#311=ORIENTED_EDGE('',*,*,#495,.T.);
#312=ORIENTED_EDGE('',*,*,#555,.F.);
#313=ORIENTED_EDGE('',*,*,#556,.F.);
#314=ORIENTED_EDGE('',*,*,#498,.F.);
#315=ORIENTED_EDGE('',*,*,#499,.T.);
#316=ORIENTED_EDGE('',*,*,#556,.T.);
#317=ORIENTED_EDGE('',*,*,#557,.T.);
#318=ORIENTED_EDGE('',*,*,#558,.F.);
#319=ORIENTED_EDGE('',*,*,#555,.T.);
#320=ORIENTED_EDGE('',*,*,#494,.T.);
#321=ORIENTED_EDGE('',*,*,#559,.F.);
#322=ORIENTED_EDGE('',*,*,#557,.F.);
#323=ORIENTED_EDGE('',*,*,#544,.T.);
#324=ORIENTED_EDGE('',*,*,#525,.T.);
#325=ORIENTED_EDGE('',*,*,#543,.T.);
#326=ORIENTED_EDGE('',*,*,#524,.T.);
#327=ORIENTED_EDGE('',*,*,#542,.T.);
#328=ORIENTED_EDGE('',*,*,#523,.T.);
#329=ORIENTED_EDGE('',*,*,#541,.T.);
#330=ORIENTED_EDGE('',*,*,#522,.T.);
#331=ORIENTED_EDGE('',*,*,#540,.T.);
#332=ORIENTED_EDGE('',*,*,#521,.T.);
#333=ORIENTED_EDGE('',*,*,#539,.T.);
#334=ORIENTED_EDGE('',*,*,#520,.T.);
#335=ORIENTED_EDGE('',*,*,#538,.T.);
#336=ORIENTED_EDGE('',*,*,#519,.T.);
#337=ORIENTED_EDGE('',*,*,#537,.T.);
#338=ORIENTED_EDGE('',*,*,#518,.T.);
#339=ORIENTED_EDGE('',*,*,#536,.T.);
#340=ORIENTED_EDGE('',*,*,#517,.T.);
#341=ORIENTED_EDGE('',*,*,#466,.F.);
#342=ORIENTED_EDGE('',*,*,#560,.F.);
#343=ORIENTED_EDGE('',*,*,#561,.T.);
#344=ORIENTED_EDGE('',*,*,#561,.F.);
#345=ORIENTED_EDGE('',*,*,#562,.T.);
#346=ORIENTED_EDGE('',*,*,#563,.F.);
#347=ORIENTED_EDGE('',*,*,#564,.T.);
#348=ORIENTED_EDGE('',*,*,#562,.F.);
#349=ORIENTED_EDGE('',*,*,#563,.T.);
#350=ORIENTED_EDGE('',*,*,#560,.T.);
#351=ORIENTED_EDGE('',*,*,#565,.F.);
#352=ORIENTED_EDGE('',*,*,#492,.T.);
#353=ORIENTED_EDGE('',*,*,#554,.T.);
#354=ORIENTED_EDGE('',*,*,#545,.F.);
#355=ORIENTED_EDGE('',*,*,#489,.F.);
#356=ORIENTED_EDGE('',*,*,#527,.F.);
#357=ORIENTED_EDGE('',*,*,#533,.F.);
#358=ORIENTED_EDGE('',*,*,#546,.F.);
#359=ORIENTED_EDGE('',*,*,#535,.F.);
#360=ORIENTED_EDGE('',*,*,#551,.F.);
#361=ORIENTED_EDGE('',*,*,#548,.F.);
#362=ORIENTED_EDGE('',*,*,#497,.F.);
#363=ORIENTED_EDGE('',*,*,#566,.F.);
#364=ORIENTED_EDGE('',*,*,#496,.T.);
#365=ORIENTED_EDGE('',*,*,#567,.T.);
#366=ORIENTED_EDGE('',*,*,#568,.F.);
#367=ORIENTED_EDGE('',*,*,#569,.F.);
#368=ORIENTED_EDGE('',*,*,#501,.F.);
#369=ORIENTED_EDGE('',*,*,#570,.F.);
#370=ORIENTED_EDGE('',*,*,#571,.T.);
#371=ORIENTED_EDGE('',*,*,#568,.T.);
#372=ORIENTED_EDGE('',*,*,#572,.F.);
#373=ORIENTED_EDGE('',*,*,#476,.F.);
#374=ORIENTED_EDGE('',*,*,#573,.T.);
#375=ORIENTED_EDGE('',*,*,#574,.F.);
#376=ORIENTED_EDGE('',*,*,#575,.T.);
#377=ORIENTED_EDGE('',*,*,#576,.T.);
#378=ORIENTED_EDGE('',*,*,#577,.T.);
#379=ORIENTED_EDGE('',*,*,#578,.T.);
#380=ORIENTED_EDGE('',*,*,#579,.T.);
#381=ORIENTED_EDGE('',*,*,#580,.T.);
#382=ORIENTED_EDGE('',*,*,#581,.T.);
#383=ORIENTED_EDGE('',*,*,#582,.T.);
#384=ORIENTED_EDGE('',*,*,#583,.T.);
#385=ORIENTED_EDGE('',*,*,#584,.F.);
#386=ORIENTED_EDGE('',*,*,#502,.F.);
#387=ORIENTED_EDGE('',*,*,#569,.T.);
#388=ORIENTED_EDGE('',*,*,#571,.F.);
#389=ORIENTED_EDGE('',*,*,#585,.F.);
#390=ORIENTED_EDGE('',*,*,#586,.F.);
#391=ORIENTED_EDGE('',*,*,#587,.F.);
#392=ORIENTED_EDGE('',*,*,#588,.T.);
#393=ORIENTED_EDGE('',*,*,#584,.T.);
#394=ORIENTED_EDGE('',*,*,#589,.F.);
#395=ORIENTED_EDGE('',*,*,#590,.F.);
#396=ORIENTED_EDGE('',*,*,#474,.F.);
#397=ORIENTED_EDGE('',*,*,#550,.T.);
#398=ORIENTED_EDGE('',*,*,#530,.T.);
#399=ORIENTED_EDGE('',*,*,#591,.F.);
#400=ORIENTED_EDGE('',*,*,#592,.F.);
#401=ORIENTED_EDGE('',*,*,#593,.T.);
#402=ORIENTED_EDGE('',*,*,#594,.T.);
#403=ORIENTED_EDGE('',*,*,#595,.T.);
#404=ORIENTED_EDGE('',*,*,#596,.T.);
#405=ORIENTED_EDGE('',*,*,#597,.T.);
#406=ORIENTED_EDGE('',*,*,#598,.T.);
#407=ORIENTED_EDGE('',*,*,#599,.T.);
#408=ORIENTED_EDGE('',*,*,#600,.T.);
#409=ORIENTED_EDGE('',*,*,#601,.T.);
#410=ORIENTED_EDGE('',*,*,#573,.F.);
#411=ORIENTED_EDGE('',*,*,#475,.F.);
#412=ORIENTED_EDGE('',*,*,#590,.T.);
#413=ORIENTED_EDGE('',*,*,#602,.F.);
#414=ORIENTED_EDGE('',*,*,#586,.T.);
#415=ORIENTED_EDGE('',*,*,#603,.F.);
#416=ORIENTED_EDGE('',*,*,#503,.F.);
#417=ORIENTED_EDGE('',*,*,#588,.F.);
#418=ORIENTED_EDGE('',*,*,#604,.F.);
#419=ORIENTED_EDGE('',*,*,#591,.T.);
#420=ORIENTED_EDGE('',*,*,#529,.F.);
#421=ORIENTED_EDGE('',*,*,#514,.F.);
#422=ORIENTED_EDGE('',*,*,#513,.F.);
#423=ORIENTED_EDGE('',*,*,#553,.T.);
#424=ORIENTED_EDGE('',*,*,#505,.F.);
#425=ORIENTED_EDGE('',*,*,#570,.T.);
#426=ORIENTED_EDGE('',*,*,#500,.T.);
#427=ORIENTED_EDGE('',*,*,#558,.T.);
#428=ORIENTED_EDGE('',*,*,#559,.T.);
#429=ORIENTED_EDGE('',*,*,#493,.F.);
#430=ORIENTED_EDGE('',*,*,#565,.T.);
#431=ORIENTED_EDGE('',*,*,#469,.T.);
#432=ORIENTED_EDGE('',*,*,#477,.T.);
#433=ORIENTED_EDGE('',*,*,#572,.T.);
#434=ORIENTED_EDGE('',*,*,#601,.F.);
#435=ORIENTED_EDGE('',*,*,#583,.F.);
#436=ORIENTED_EDGE('',*,*,#600,.F.);
#437=ORIENTED_EDGE('',*,*,#582,.F.);
#438=ORIENTED_EDGE('',*,*,#599,.F.);
#439=ORIENTED_EDGE('',*,*,#581,.F.);
#440=ORIENTED_EDGE('',*,*,#598,.F.);
#441=ORIENTED_EDGE('',*,*,#580,.F.);
#442=ORIENTED_EDGE('',*,*,#597,.F.);
#443=ORIENTED_EDGE('',*,*,#579,.F.);
#444=ORIENTED_EDGE('',*,*,#596,.F.);
#445=ORIENTED_EDGE('',*,*,#578,.F.);
#446=ORIENTED_EDGE('',*,*,#595,.F.);
#447=ORIENTED_EDGE('',*,*,#577,.F.);
#448=ORIENTED_EDGE('',*,*,#594,.F.);
#449=ORIENTED_EDGE('',*,*,#576,.F.);
#450=ORIENTED_EDGE('',*,*,#593,.F.);
#451=ORIENTED_EDGE('',*,*,#575,.F.);
#452=ORIENTED_EDGE('',*,*,#603,.T.);
#453=ORIENTED_EDGE('',*,*,#589,.T.);
#454=ORIENTED_EDGE('',*,*,#585,.T.);
#455=ORIENTED_EDGE('',*,*,#574,.T.);
#456=ORIENTED_EDGE('',*,*,#602,.T.);
#457=ORIENTED_EDGE('',*,*,#592,.T.);
#458=ORIENTED_EDGE('',*,*,#604,.T.);
#459=ORIENTED_EDGE('',*,*,#587,.T.);
#460=ORIENTED_EDGE('',*,*,#483,.F.);
#461=ORIENTED_EDGE('',*,*,#481,.T.);
#462=ORIENTED_EDGE('',*,*,#479,.F.);
#463=ORIENTED_EDGE('',*,*,#564,.F.);
#464=ORIENTED_EDGE('',*,*,#567,.F.);
#465=ORIENTED_EDGE('',*,*,#566,.T.);
#466=EDGE_CURVE('',#605,#606,#713,.T.);
#467=EDGE_CURVE('',#606,#607,#86,.T.);
#468=EDGE_CURVE('',#608,#607,#714,.T.);
#469=EDGE_CURVE('',#605,#608,#87,.T.);
#470=EDGE_CURVE('',#607,#609,#88,.T.);
#471=EDGE_CURVE('',#610,#609,#715,.T.);
#472=EDGE_CURVE('',#611,#610,#716,.T.);
#473=EDGE_CURVE('',#612,#611,#717,.T.);
#474=EDGE_CURVE('',#612,#613,#718,.T.);
#475=EDGE_CURVE('',#613,#614,#719,.T.);
#476=EDGE_CURVE('',#614,#615,#720,.T.);
#477=EDGE_CURVE('',#608,#615,#89,.T.);
#478=EDGE_CURVE('',#616,#616,#721,.T.);
#479=EDGE_CURVE('',#617,#617,#722,.T.);
#480=EDGE_CURVE('',#618,#618,#723,.F.);
#481=EDGE_CURVE('',#619,#619,#724,.F.);
#482=EDGE_CURVE('',#620,#620,#725,.T.);
#483=EDGE_CURVE('',#621,#621,#726,.T.);
#484=EDGE_CURVE('',#622,#623,#22,.F.);
#485=EDGE_CURVE('',#623,#624,#90,.T.);
#486=EDGE_CURVE('',#624,#625,#91,.T.);
#487=EDGE_CURVE('',#625,#622,#92,.T.);
#488=EDGE_CURVE('',#626,#622,#23,.T.);
#489=EDGE_CURVE('',#626,#627,#24,.T.);
#490=EDGE_CURVE('',#610,#627,#93,.T.);
#491=EDGE_CURVE('',#609,#623,#25,.T.);
#492=EDGE_CURVE('',#628,#629,#727,.F.);
#493=EDGE_CURVE('',#628,#630,#94,.T.);
#494=EDGE_CURVE('',#631,#630,#95,.T.);
#495=EDGE_CURVE('',#629,#631,#96,.T.);
#496=EDGE_CURVE('',#632,#632,#728,.F.);
#497=EDGE_CURVE('',#633,#633,#729,.T.);
#498=EDGE_CURVE('',#624,#634,#97,.T.);
#499=EDGE_CURVE('',#635,#634,#98,.T.);
#500=EDGE_CURVE('',#636,#635,#99,.T.);
#501=EDGE_CURVE('',#636,#637,#100,.T.);
#502=EDGE_CURVE('',#637,#638,#101,.T.);
#503=EDGE_CURVE('',#638,#639,#102,.T.);
#504=EDGE_CURVE('',#640,#639,#103,.T.);
#505=EDGE_CURVE('',#640,#641,#104,.T.);
#506=EDGE_CURVE('',#641,#642,#105,.T.);
#507=EDGE_CURVE('',#643,#642,#106,.T.);
#508=EDGE_CURVE('',#643,#644,#107,.T.);
#509=EDGE_CURVE('',#645,#644,#108,.T.);
#510=EDGE_CURVE('',#625,#645,#109,.T.);
#511=EDGE_CURVE('',#646,#643,#730,.F.);
#512=EDGE_CURVE('',#646,#647,#110,.F.);
#513=EDGE_CURVE('',#647,#640,#731,.F.);
#514=EDGE_CURVE('',#639,#648,#732,.F.);
#515=EDGE_CURVE('',#649,#648,#111,.F.);
#516=EDGE_CURVE('',#644,#649,#733,.F.);
#517=EDGE_CURVE('',#650,#650,#734,.T.);
#518=EDGE_CURVE('',#651,#651,#735,.T.);
#519=EDGE_CURVE('',#652,#652,#736,.T.);
#520=EDGE_CURVE('',#653,#653,#737,.T.);
#521=EDGE_CURVE('',#654,#654,#738,.T.);
#522=EDGE_CURVE('',#655,#655,#739,.T.);
#523=EDGE_CURVE('',#656,#656,#740,.T.);
#524=EDGE_CURVE('',#657,#657,#741,.T.);
#525=EDGE_CURVE('',#658,#658,#742,.T.);
#526=EDGE_CURVE('',#645,#659,#112,.T.);
#527=EDGE_CURVE('',#659,#626,#26,.T.);
#528=EDGE_CURVE('',#649,#660,#113,.T.);
#529=EDGE_CURVE('',#648,#661,#114,.T.);
#530=EDGE_CURVE('',#662,#661,#115,.T.);
#531=EDGE_CURVE('',#662,#660,#116,.T.);
#532=EDGE_CURVE('',#663,#664,#117,.T.);
#533=EDGE_CURVE('',#664,#659,#27,.T.);
#534=EDGE_CURVE('',#665,#645,#118,.T.);
#535=EDGE_CURVE('',#665,#663,#28,.T.);
#536=EDGE_CURVE('',#666,#666,#29,.T.);
#537=EDGE_CURVE('',#667,#667,#30,.T.);
#538=EDGE_CURVE('',#668,#668,#31,.T.);
#539=EDGE_CURVE('',#669,#669,#32,.T.);
#540=EDGE_CURVE('',#670,#670,#33,.T.);
#541=EDGE_CURVE('',#671,#671,#34,.T.);
#542=EDGE_CURVE('',#672,#672,#35,.T.);
#543=EDGE_CURVE('',#673,#673,#36,.T.);
#544=EDGE_CURVE('',#674,#674,#37,.T.);
#545=EDGE_CURVE('',#627,#664,#38,.T.);
#546=EDGE_CURVE('',#663,#675,#39,.T.);
#547=EDGE_CURVE('',#611,#675,#119,.T.);
#548=EDGE_CURVE('',#675,#676,#40,.T.);
#549=EDGE_CURVE('',#676,#660,#41,.T.);
#550=EDGE_CURVE('',#612,#662,#120,.T.);
#551=EDGE_CURVE('',#676,#665,#42,.T.);
#552=EDGE_CURVE('',#646,#642,#121,.T.);
#553=EDGE_CURVE('',#647,#641,#122,.T.);
#554=EDGE_CURVE('',#629,#606,#123,.T.);
#555=EDGE_CURVE('',#677,#631,#124,.T.);
#556=EDGE_CURVE('',#634,#677,#125,.T.);
#557=EDGE_CURVE('',#677,#678,#126,.T.);
#558=EDGE_CURVE('',#635,#678,#127,.T.);
#559=EDGE_CURVE('',#678,#630,#128,.T.);
#560=EDGE_CURVE('',#606,#605,#743,.T.);
#561=EDGE_CURVE('',#679,#679,#744,.F.);
#562=EDGE_CURVE('',#680,#680,#745,.T.);
#563=EDGE_CURVE('',#681,#681,#746,.T.);
#564=EDGE_CURVE('',#682,#682,#747,.F.);
#565=EDGE_CURVE('',#628,#605,#129,.T.);
#566=EDGE_CURVE('',#683,#683,#748,.T.);
#567=EDGE_CURVE('',#684,#684,#749,.F.);
#568=EDGE_CURVE('',#685,#686,#43,.F.);
#569=EDGE_CURVE('',#637,#685,#130,.T.);
#570=EDGE_CURVE('',#686,#636,#131,.T.);
#571=EDGE_CURVE('',#687,#685,#44,.T.);
#572=EDGE_CURVE('',#615,#686,#45,.T.);
#573=EDGE_CURVE('',#614,#688,#132,.T.);
#574=EDGE_CURVE('',#687,#688,#46,.T.);
#575=EDGE_CURVE('',#689,#689,#750,.T.);
#576=EDGE_CURVE('',#690,#690,#751,.T.);
#577=EDGE_CURVE('',#691,#691,#752,.T.);
#578=EDGE_CURVE('',#692,#692,#753,.T.);
#579=EDGE_CURVE('',#693,#693,#754,.T.);
#580=EDGE_CURVE('',#694,#694,#755,.T.);
#581=EDGE_CURVE('',#695,#695,#756,.T.);
#582=EDGE_CURVE('',#696,#696,#757,.T.);
#583=EDGE_CURVE('',#697,#697,#758,.T.);
#584=EDGE_CURVE('',#638,#698,#133,.T.);
#585=EDGE_CURVE('',#698,#687,#47,.T.);
#586=EDGE_CURVE('',#699,#700,#134,.T.);
#587=EDGE_CURVE('',#701,#699,#48,.T.);
#588=EDGE_CURVE('',#701,#638,#135,.T.);
#589=EDGE_CURVE('',#700,#698,#49,.T.);
#590=EDGE_CURVE('',#613,#702,#136,.T.);
#591=EDGE_CURVE('',#703,#661,#50,.T.);
#592=EDGE_CURVE('',#702,#703,#51,.T.);
#593=EDGE_CURVE('',#704,#704,#52,.T.);
#594=EDGE_CURVE('',#705,#705,#53,.T.);
#595=EDGE_CURVE('',#706,#706,#54,.T.);
#596=EDGE_CURVE('',#707,#707,#55,.T.);
#597=EDGE_CURVE('',#708,#708,#56,.T.);
#598=EDGE_CURVE('',#709,#709,#57,.T.);
#599=EDGE_CURVE('',#710,#710,#58,.T.);
#600=EDGE_CURVE('',#711,#711,#59,.T.);
#601=EDGE_CURVE('',#712,#712,#60,.T.);
#602=EDGE_CURVE('',#699,#702,#61,.T.);
#603=EDGE_CURVE('',#688,#700,#62,.T.);
#604=EDGE_CURVE('',#703,#701,#63,.F.);
#605=VERTEX_POINT('',#1470);
#606=VERTEX_POINT('',#1471);
#607=VERTEX_POINT('',#1473);
#608=VERTEX_POINT('',#1475);
#609=VERTEX_POINT('',#1479);
#610=VERTEX_POINT('',#1481);
#611=VERTEX_POINT('',#1483);
#612=VERTEX_POINT('',#1485);
#613=VERTEX_POINT('',#1487);
#614=VERTEX_POINT('',#1489);
#615=VERTEX_POINT('',#1491);
#616=VERTEX_POINT('',#1495);
#617=VERTEX_POINT('',#1497);
#618=VERTEX_POINT('',#1500);
#619=VERTEX_POINT('',#1502);
#620=VERTEX_POINT('',#1505);
#621=VERTEX_POINT('',#1507);
#622=VERTEX_POINT('',#1513);
#623=VERTEX_POINT('',#1514);
#624=VERTEX_POINT('',#1516);
#625=VERTEX_POINT('',#1518);
#626=VERTEX_POINT('',#1564);
#627=VERTEX_POINT('',#1569);
#628=VERTEX_POINT('',#1577);
#629=VERTEX_POINT('',#1578);
#630=VERTEX_POINT('',#1580);
#631=VERTEX_POINT('',#1582);
#632=VERTEX_POINT('',#1585);
#633=VERTEX_POINT('',#1587);
#634=VERTEX_POINT('',#1590);
#635=VERTEX_POINT('',#1592);
#636=VERTEX_POINT('',#1594);
#637=VERTEX_POINT('',#1596);
#638=VERTEX_POINT('',#1598);
#639=VERTEX_POINT('',#1600);
#640=VERTEX_POINT('',#1602);
#641=VERTEX_POINT('',#1604);
#642=VERTEX_POINT('',#1606);
#643=VERTEX_POINT('',#1608);
#644=VERTEX_POINT('',#1610);
#645=VERTEX_POINT('',#1612);
#646=VERTEX_POINT('',#1616);
#647=VERTEX_POINT('',#1618);
#648=VERTEX_POINT('',#1621);
#649=VERTEX_POINT('',#1623);
#650=VERTEX_POINT('',#1627);
#651=VERTEX_POINT('',#1629);
#652=VERTEX_POINT('',#1631);
#653=VERTEX_POINT('',#1633);
#654=VERTEX_POINT('',#1635);
#655=VERTEX_POINT('',#1637);
#656=VERTEX_POINT('',#1639);
#657=VERTEX_POINT('',#1641);
#658=VERTEX_POINT('',#1643);
#659=VERTEX_POINT('',#1645);
#660=VERTEX_POINT('',#1652);
#661=VERTEX_POINT('',#1654);
#662=VERTEX_POINT('',#1656);
#663=VERTEX_POINT('',#1660);
#664=VERTEX_POINT('',#1661);
#665=VERTEX_POINT('',#1677);
#666=VERTEX_POINT('',#1771);
#667=VERTEX_POINT('',#1783);
#668=VERTEX_POINT('',#1795);
#669=VERTEX_POINT('',#1807);
#670=VERTEX_POINT('',#1819);
#671=VERTEX_POINT('',#1831);
#672=VERTEX_POINT('',#1843);
#673=VERTEX_POINT('',#1855);
#674=VERTEX_POINT('',#1867);
#675=VERTEX_POINT('',#1876);
#676=VERTEX_POINT('',#1950);
#677=VERTEX_POINT('',#1968);
#678=VERTEX_POINT('',#1972);
#679=VERTEX_POINT('',#1988);
#680=VERTEX_POINT('',#1991);
#681=VERTEX_POINT('',#1994);
#682=VERTEX_POINT('',#1996);
#683=VERTEX_POINT('',#2058);
#684=VERTEX_POINT('',#2061);
#685=VERTEX_POINT('',#2067);
#686=VERTEX_POINT('',#2068);
#687=VERTEX_POINT('',#2115);
#688=VERTEX_POINT('',#2121);
#689=VERTEX_POINT('',#2128);
#690=VERTEX_POINT('',#2130);
#691=VERTEX_POINT('',#2132);
#692=VERTEX_POINT('',#2134);
#693=VERTEX_POINT('',#2136);
#694=VERTEX_POINT('',#2138);
#695=VERTEX_POINT('',#2140);
#696=VERTEX_POINT('',#2142);
#697=VERTEX_POINT('',#2144);
#698=VERTEX_POINT('',#2146);
#699=VERTEX_POINT('',#2153);
#700=VERTEX_POINT('',#2154);
#701=VERTEX_POINT('',#2169);
#702=VERTEX_POINT('',#2254);
#703=VERTEX_POINT('',#2259);
#704=VERTEX_POINT('',#2343);
#705=VERTEX_POINT('',#2355);
#706=VERTEX_POINT('',#2367);
#707=VERTEX_POINT('',#2379);
#708=VERTEX_POINT('',#2391);
#709=VERTEX_POINT('',#2403);
#710=VERTEX_POINT('',#2415);
#711=VERTEX_POINT('',#2427);
#712=VERTEX_POINT('',#2439);
#713=CIRCLE('',#1127,0.034);
#714=CIRCLE('',#1128,0.034);
#715=CIRCLE('',#1130,0.04);
#716=CIRCLE('',#1131,0.04);
#717=CIRCLE('',#1132,0.04);
#718=CIRCLE('',#1133,0.04);
#719=CIRCLE('',#1134,0.04);
#720=CIRCLE('',#1135,0.04);
#721=CIRCLE('',#1137,0.00125);
#722=CIRCLE('',#1138,0.00125);
#723=CIRCLE('',#1140,0.00125);
#724=CIRCLE('',#1141,0.00125);
#725=CIRCLE('',#1143,0.0015);
#726=CIRCLE('',#1144,0.0015);
#727=CIRCLE('',#1147,0.034);
#728=CIRCLE('',#1148,0.00125);
#729=CIRCLE('',#1149,0.00125);
#730=CIRCLE('',#1152,0.03);
#731=CIRCLE('',#1153,0.03);
#732=CIRCLE('',#1154,0.03);
#733=CIRCLE('',#1155,0.03);
#734=CIRCLE('',#1157,0.001);
#735=CIRCLE('',#1158,0.001);
#736=CIRCLE('',#1159,0.001);
#737=CIRCLE('',#1160,0.001);
#738=CIRCLE('',#1161,0.001);
#739=CIRCLE('',#1162,0.001);
#740=CIRCLE('',#1163,0.001);
#741=CIRCLE('',#1164,0.001);
#742=CIRCLE('',#1165,0.001);
#743=CIRCLE('',#1184,0.034);
#744=CIRCLE('',#1185,0.029);
#745=CIRCLE('',#1187,0.029);
#746=CIRCLE('',#1189,0.01);
#747=CIRCLE('',#1190,0.01);
#748=CIRCLE('',#1194,0.00125);
#749=CIRCLE('',#1196,0.00125);
#750=CIRCLE('',#1199,0.001);
#751=CIRCLE('',#1200,0.001);
#752=CIRCLE('',#1201,0.001);
#753=CIRCLE('',#1202,0.001);
#754=CIRCLE('',#1203,0.001);
#755=CIRCLE('',#1204,0.001);
#756=CIRCLE('',#1205,0.001);
#757=CIRCLE('',#1206,0.001);
#758=CIRCLE('',#1207,0.001);
#759=EDGE_LOOP('',(#188,#189,#190,#191));
#760=EDGE_LOOP('',(#192,#193,#194,#195,#196,#197,#198,#199,#200));
#761=EDGE_LOOP('',(#201));
#762=EDGE_LOOP('',(#202));
#763=EDGE_LOOP('',(#203));
#764=EDGE_LOOP('',(#204));
#765=EDGE_LOOP('',(#205));
#766=EDGE_LOOP('',(#206));
#767=EDGE_LOOP('',(#207,#208,#209,#210));
#768=EDGE_LOOP('',(#211,#212,#213,#214,#215,#216));
#769=EDGE_LOOP('',(#217));
#770=EDGE_LOOP('',(#218,#219,#220,#221));
#771=EDGE_LOOP('',(#222));
#772=EDGE_LOOP('',(#223));
#773=EDGE_LOOP('',(#224));
#774=EDGE_LOOP('',(#225));
#775=EDGE_LOOP('',(#226,#227,#228,#229,#230,#231,#232,#233,#234,#235,#236,
#237,#238,#239));
#776=EDGE_LOOP('',(#240,#241,#242,#243,#244,#245,#246,#247));
#777=EDGE_LOOP('',(#248));
#778=EDGE_LOOP('',(#249));
#779=EDGE_LOOP('',(#250));
#780=EDGE_LOOP('',(#251));
#781=EDGE_LOOP('',(#252));
#782=EDGE_LOOP('',(#253));
#783=EDGE_LOOP('',(#254));
#784=EDGE_LOOP('',(#255));
#785=EDGE_LOOP('',(#256));
#786=EDGE_LOOP('',(#257,#258,#259,#260,#261));
#787=EDGE_LOOP('',(#262,#263,#264,#265,#266));
#788=EDGE_LOOP('',(#267,#268,#269,#270,#271));
#789=EDGE_LOOP('',(#272));
#790=EDGE_LOOP('',(#273));
#791=EDGE_LOOP('',(#274));
#792=EDGE_LOOP('',(#275));
#793=EDGE_LOOP('',(#276));
#794=EDGE_LOOP('',(#277));
#795=EDGE_LOOP('',(#278));
#796=EDGE_LOOP('',(#279));
#797=EDGE_LOOP('',(#280));
#798=EDGE_LOOP('',(#281,#282,#283,#284,#285,#286));
#799=EDGE_LOOP('',(#287,#288,#289,#290,#291,#292));
#800=EDGE_LOOP('',(#293,#294,#295,#296,#297,#298));
#801=EDGE_LOOP('',(#299,#300,#301,#302));
#802=EDGE_LOOP('',(#303,#304,#305));
#803=EDGE_LOOP('',(#306,#307,#308,#309,#310,#311,#312,#313,#314));
#804=EDGE_LOOP('',(#315,#316,#317,#318));
#805=EDGE_LOOP('',(#319,#320,#321,#322));
#806=EDGE_LOOP('',(#323));
#807=EDGE_LOOP('',(#324));
#808=EDGE_LOOP('',(#325));
#809=EDGE_LOOP('',(#326));
#810=EDGE_LOOP('',(#327));
#811=EDGE_LOOP('',(#328));
#812=EDGE_LOOP('',(#329));
#813=EDGE_LOOP('',(#330));
#814=EDGE_LOOP('',(#331));
#815=EDGE_LOOP('',(#332));
#816=EDGE_LOOP('',(#333));
#817=EDGE_LOOP('',(#334));
#818=EDGE_LOOP('',(#335));
#819=EDGE_LOOP('',(#336));
#820=EDGE_LOOP('',(#337));
#821=EDGE_LOOP('',(#338));
#822=EDGE_LOOP('',(#339));
#823=EDGE_LOOP('',(#340));
#824=EDGE_LOOP('',(#341,#342));
#825=EDGE_LOOP('',(#343));
#826=EDGE_LOOP('',(#344));
#827=EDGE_LOOP('',(#345));
#828=EDGE_LOOP('',(#346));
#829=EDGE_LOOP('',(#347));
#830=EDGE_LOOP('',(#348));
#831=EDGE_LOOP('',(#349));
#832=EDGE_LOOP('',(#350,#351,#352,#353));
#833=EDGE_LOOP('',(#354,#355,#356,#357));
#834=EDGE_LOOP('',(#358,#359,#360,#361));
#835=EDGE_LOOP('',(#362));
#836=EDGE_LOOP('',(#363));
#837=EDGE_LOOP('',(#364));
#838=EDGE_LOOP('',(#365));
#839=EDGE_LOOP('',(#366,#367,#368,#369));
#840=EDGE_LOOP('',(#370,#371,#372,#373,#374,#375));
#841=EDGE_LOOP('',(#376));
#842=EDGE_LOOP('',(#377));
#843=EDGE_LOOP('',(#378));
#844=EDGE_LOOP('',(#379));
#845=EDGE_LOOP('',(#380));
#846=EDGE_LOOP('',(#381));
#847=EDGE_LOOP('',(#382));
#848=EDGE_LOOP('',(#383));
#849=EDGE_LOOP('',(#384));
#850=EDGE_LOOP('',(#385,#386,#387,#388,#389));
#851=EDGE_LOOP('',(#390,#391,#392,#393,#394));
#852=EDGE_LOOP('',(#395,#396,#397,#398,#399,#400));
#853=EDGE_LOOP('',(#401));
#854=EDGE_LOOP('',(#402));
#855=EDGE_LOOP('',(#403));
#856=EDGE_LOOP('',(#404));
#857=EDGE_LOOP('',(#405));
#858=EDGE_LOOP('',(#406));
#859=EDGE_LOOP('',(#407));
#860=EDGE_LOOP('',(#408));
#861=EDGE_LOOP('',(#409));
#862=EDGE_LOOP('',(#410,#411,#412,#413,#414,#415));
#863=EDGE_LOOP('',(#416,#417,#418,#419,#420,#421));
#864=EDGE_LOOP('',(#422,#423,#424));
#865=EDGE_LOOP('',(#425,#426,#427,#428,#429,#430,#431,#432,#433));
#866=EDGE_LOOP('',(#434));
#867=EDGE_LOOP('',(#435));
#868=EDGE_LOOP('',(#436));
#869=EDGE_LOOP('',(#437));
#870=EDGE_LOOP('',(#438));
#871=EDGE_LOOP('',(#439));
#872=EDGE_LOOP('',(#440));
#873=EDGE_LOOP('',(#441));
#874=EDGE_LOOP('',(#442));
#875=EDGE_LOOP('',(#443));
#876=EDGE_LOOP('',(#444));
#877=EDGE_LOOP('',(#445));
#878=EDGE_LOOP('',(#446));
#879=EDGE_LOOP('',(#447));
#880=EDGE_LOOP('',(#448));
#881=EDGE_LOOP('',(#449));
#882=EDGE_LOOP('',(#450));
#883=EDGE_LOOP('',(#451));
#884=EDGE_LOOP('',(#452,#453,#454,#455));
#885=EDGE_LOOP('',(#456,#457,#458,#459));
#886=EDGE_LOOP('',(#460));
#887=EDGE_LOOP('',(#461));
#888=EDGE_LOOP('',(#462));
#889=EDGE_LOOP('',(#463));
#890=EDGE_LOOP('',(#464));
#891=EDGE_LOOP('',(#465));
#892=FACE_BOUND('',#759,.T.);
#893=FACE_BOUND('',#760,.T.);
#894=FACE_BOUND('',#761,.T.);
#895=FACE_BOUND('',#762,.T.);
#896=FACE_BOUND('',#763,.T.);
#897=FACE_BOUND('',#764,.T.);
#898=FACE_BOUND('',#765,.T.);
#899=FACE_BOUND('',#766,.T.);
#900=FACE_BOUND('',#767,.T.);
#901=FACE_BOUND('',#768,.T.);
#902=FACE_BOUND('',#769,.T.);
#903=FACE_BOUND('',#770,.T.);
#904=FACE_BOUND('',#771,.T.);
#905=FACE_BOUND('',#772,.T.);
#906=FACE_BOUND('',#773,.T.);
#907=FACE_BOUND('',#774,.T.);
#908=FACE_BOUND('',#775,.T.);
#909=FACE_BOUND('',#776,.T.);
#910=FACE_BOUND('',#777,.T.);
#911=FACE_BOUND('',#778,.T.);
#912=FACE_BOUND('',#779,.T.);
#913=FACE_BOUND('',#780,.T.);
#914=FACE_BOUND('',#781,.T.);
#915=FACE_BOUND('',#782,.T.);
#916=FACE_BOUND('',#783,.T.);
#917=FACE_BOUND('',#784,.T.);
#918=FACE_BOUND('',#785,.T.);
#919=FACE_BOUND('',#786,.T.);
#920=FACE_BOUND('',#787,.T.);
#921=FACE_BOUND('',#788,.T.);
#922=FACE_BOUND('',#789,.T.);
#923=FACE_BOUND('',#790,.T.);
#924=FACE_BOUND('',#791,.T.);
#925=FACE_BOUND('',#792,.T.);
#926=FACE_BOUND('',#793,.T.);
#927=FACE_BOUND('',#794,.T.);
#928=FACE_BOUND('',#795,.T.);
#929=FACE_BOUND('',#796,.T.);
#930=FACE_BOUND('',#797,.T.);
#931=FACE_BOUND('',#798,.T.);
#932=FACE_BOUND('',#799,.T.);
#933=FACE_BOUND('',#800,.T.);
#934=FACE_BOUND('',#801,.T.);
#935=FACE_BOUND('',#802,.T.);
#936=FACE_BOUND('',#803,.T.);
#937=FACE_BOUND('',#804,.T.);
#938=FACE_BOUND('',#805,.T.);
#939=FACE_BOUND('',#806,.T.);
#940=FACE_BOUND('',#807,.T.);
#941=FACE_BOUND('',#808,.T.);
#942=FACE_BOUND('',#809,.T.);
#943=FACE_BOUND('',#810,.T.);
#944=FACE_BOUND('',#811,.T.);
#945=FACE_BOUND('',#812,.T.);
#946=FACE_BOUND('',#813,.T.);
#947=FACE_BOUND('',#814,.T.);
#948=FACE_BOUND('',#815,.T.);
#949=FACE_BOUND('',#816,.T.);
#950=FACE_BOUND('',#817,.T.);
#951=FACE_BOUND('',#818,.T.);
#952=FACE_BOUND('',#819,.T.);
#953=FACE_BOUND('',#820,.T.);
#954=FACE_BOUND('',#821,.T.);
#955=FACE_BOUND('',#822,.T.);
#956=FACE_BOUND('',#823,.T.);
#957=FACE_BOUND('',#824,.T.);
#958=FACE_BOUND('',#825,.T.);
#959=FACE_BOUND('',#826,.T.);
#960=FACE_BOUND('',#827,.T.);
#961=FACE_BOUND('',#828,.T.);
#962=FACE_BOUND('',#829,.T.);
#963=FACE_BOUND('',#830,.T.);
#964=FACE_BOUND('',#831,.T.);
#965=FACE_BOUND('',#832,.T.);
#966=FACE_BOUND('',#833,.T.);
#967=FACE_BOUND('',#834,.T.);
#968=FACE_BOUND('',#835,.T.);
#969=FACE_BOUND('',#836,.T.);
#970=FACE_BOUND('',#837,.T.);
#971=FACE_BOUND('',#838,.T.);
#972=FACE_BOUND('',#839,.T.);
#973=FACE_BOUND('',#840,.T.);
#974=FACE_BOUND('',#841,.T.);
#975=FACE_BOUND('',#842,.T.);
#976=FACE_BOUND('',#843,.T.);
#977=FACE_BOUND('',#844,.T.);
#978=FACE_BOUND('',#845,.T.);
#979=FACE_BOUND('',#846,.T.);
#980=FACE_BOUND('',#847,.T.);
#981=FACE_BOUND('',#848,.T.);
#982=FACE_BOUND('',#849,.T.);
#983=FACE_BOUND('',#850,.T.);
#984=FACE_BOUND('',#851,.T.);
#985=FACE_BOUND('',#852,.T.);
#986=FACE_BOUND('',#853,.T.);
#987=FACE_BOUND('',#854,.T.);
#988=FACE_BOUND('',#855,.T.);
#989=FACE_BOUND('',#856,.T.);
#990=FACE_BOUND('',#857,.T.);
#991=FACE_BOUND('',#858,.T.);
#992=FACE_BOUND('',#859,.T.);
#993=FACE_BOUND('',#860,.T.);
#994=FACE_BOUND('',#861,.T.);
#995=FACE_BOUND('',#862,.T.);
#996=FACE_BOUND('',#863,.T.);
#997=FACE_BOUND('',#864,.T.);
#998=FACE_BOUND('',#865,.T.);
#999=FACE_BOUND('',#866,.T.);
#1000=FACE_BOUND('',#867,.T.);
#1001=FACE_BOUND('',#868,.T.);
#1002=FACE_BOUND('',#869,.T.);
#1003=FACE_BOUND('',#870,.T.);
#1004=FACE_BOUND('',#871,.T.);
#1005=FACE_BOUND('',#872,.T.);
#1006=FACE_BOUND('',#873,.T.);
#1007=FACE_BOUND('',#874,.T.);
#1008=FACE_BOUND('',#875,.T.);
#1009=FACE_BOUND('',#876,.T.);
#1010=FACE_BOUND('',#877,.T.);
#1011=FACE_BOUND('',#878,.T.);
#1012=FACE_BOUND('',#879,.T.);
#1013=FACE_BOUND('',#880,.T.);
#1014=FACE_BOUND('',#881,.T.);
#1015=FACE_BOUND('',#882,.T.);
#1016=FACE_BOUND('',#883,.T.);
#1017=FACE_BOUND('',#884,.T.);
#1018=FACE_BOUND('',#885,.T.);
#1019=FACE_BOUND('',#886,.T.);
#1020=FACE_BOUND('',#887,.T.);
#1021=FACE_BOUND('',#888,.T.);
#1022=FACE_BOUND('',#889,.T.);
#1023=FACE_BOUND('',#890,.T.);
#1024=FACE_BOUND('',#891,.T.);
#1025=CYLINDRICAL_SURFACE('',#1126,0.034);
#1026=CYLINDRICAL_SURFACE('',#1136,0.00125);
#1027=CYLINDRICAL_SURFACE('',#1139,0.00125);
#1028=CYLINDRICAL_SURFACE('',#1142,0.0015);
#1029=CYLINDRICAL_SURFACE('',#1151,0.03);
#1030=CYLINDRICAL_SURFACE('',#1174,0.001);
#1031=CYLINDRICAL_SURFACE('',#1175,0.001);
#1032=CYLINDRICAL_SURFACE('',#1176,0.001);
#1033=CYLINDRICAL_SURFACE('',#1177,0.001);
#1034=CYLINDRICAL_SURFACE('',#1178,0.001);
#1035=CYLINDRICAL_SURFACE('',#1179,0.001);
#1036=CYLINDRICAL_SURFACE('',#1180,0.001);
#1037=CYLINDRICAL_SURFACE('',#1181,0.001);
#1038=CYLINDRICAL_SURFACE('',#1182,0.001);
#1039=CYLINDRICAL_SURFACE('',#1186,0.029);
#1040=CYLINDRICAL_SURFACE('',#1188,0.01);
#1041=CYLINDRICAL_SURFACE('',#1192,0.034);
#1042=CYLINDRICAL_SURFACE('',#1193,0.00125);
#1043=CYLINDRICAL_SURFACE('',#1195,0.00125);
#1044=CYLINDRICAL_SURFACE('',#1212,0.001);
#1045=CYLINDRICAL_SURFACE('',#1213,0.001);
#1046=CYLINDRICAL_SURFACE('',#1214,0.001);
#1047=CYLINDRICAL_SURFACE('',#1215,0.001);
#1048=CYLINDRICAL_SURFACE('',#1216,0.001);
#1049=CYLINDRICAL_SURFACE('',#1217,0.001);
#1050=CYLINDRICAL_SURFACE('',#1218,0.001);
#1051=CYLINDRICAL_SURFACE('',#1219,0.001);
#1052=CYLINDRICAL_SURFACE('',#1220,0.001);
#1053=ADVANCED_FACE('',(#892),#1025,.F.);
#1054=ADVANCED_FACE('',(#893),#64,.T.);
#1055=ADVANCED_FACE('',(#894,#895),#1026,.F.);
#1056=ADVANCED_FACE('',(#896,#897),#1027,.F.);
#1057=ADVANCED_FACE('',(#898,#899),#1028,.F.);
#1058=ADVANCED_FACE('',(#900),#65,.T.);
#1059=ADVANCED_FACE('',(#901),#12,.T.);
#1060=ADVANCED_FACE('',(#902,#903,#904,#905,#906,#907),#66,.T.);
#1061=ADVANCED_FACE('',(#908),#67,.T.);
#1062=ADVANCED_FACE('',(#909),#1029,.T.);
#1063=ADVANCED_FACE('',(#910,#911,#912,#913,#914,#915,#916,#917,#918,#919),
#68,.T.);
#1064=ADVANCED_FACE('',(#920),#69,.T.);
#1065=ADVANCED_FACE('',(#921),#70,.F.);
#1066=ADVANCED_FACE('',(#922,#923,#924,#925,#926,#927,#928,#929,#930,#931),
#13,.T.);
#1067=ADVANCED_FACE('',(#932),#14,.T.);
#1068=ADVANCED_FACE('',(#933),#71,.T.);
#1069=ADVANCED_FACE('',(#934),#72,.T.);
#1070=ADVANCED_FACE('',(#935),#73,.F.);
#1071=ADVANCED_FACE('',(#936),#74,.T.);
#1072=ADVANCED_FACE('',(#937),#75,.F.);
#1073=ADVANCED_FACE('',(#938),#76,.F.);
#1074=ADVANCED_FACE('',(#939,#940),#1030,.F.);
#1075=ADVANCED_FACE('',(#941,#942),#1031,.F.);
#1076=ADVANCED_FACE('',(#943,#944),#1032,.F.);
#1077=ADVANCED_FACE('',(#945,#946),#1033,.F.);
#1078=ADVANCED_FACE('',(#947,#948),#1034,.F.);
#1079=ADVANCED_FACE('',(#949,#950),#1035,.F.);
#1080=ADVANCED_FACE('',(#951,#952),#1036,.F.);
#1081=ADVANCED_FACE('',(#953,#954),#1037,.F.);
#1082=ADVANCED_FACE('',(#955,#956),#1038,.F.);
#1083=ADVANCED_FACE('',(#957,#958),#77,.T.);
#1084=ADVANCED_FACE('',(#959,#960),#1039,.F.);
#1085=ADVANCED_FACE('',(#961,#962),#1040,.T.);
#1086=ADVANCED_FACE('',(#963,#964),#78,.T.);
#1087=ADVANCED_FACE('',(#965),#1041,.T.);
#1088=ADVANCED_FACE('',(#966),#15,.T.);
#1089=ADVANCED_FACE('',(#967),#16,.T.);
#1090=ADVANCED_FACE('',(#968,#969),#1042,.F.);
#1091=ADVANCED_FACE('',(#970,#971),#1043,.F.);
#1092=ADVANCED_FACE('',(#972),#79,.T.);
#1093=ADVANCED_FACE('',(#973),#17,.F.);
#1094=ADVANCED_FACE('',(#974,#975,#976,#977,#978,#979,#980,#981,#982,#983),
#80,.T.);
#1095=ADVANCED_FACE('',(#984),#81,.F.);
#1096=ADVANCED_FACE('',(#985),#18,.F.);
#1097=ADVANCED_FACE('',(#986,#987,#988,#989,#990,#991,#992,#993,#994,#995),
#19,.F.);
#1098=ADVANCED_FACE('',(#996),#82,.T.);
#1099=ADVANCED_FACE('',(#997),#83,.F.);
#1100=ADVANCED_FACE('',(#998),#84,.T.);
#1101=ADVANCED_FACE('',(#999,#1000),#1044,.F.);
#1102=ADVANCED_FACE('',(#1001,#1002),#1045,.F.);
#1103=ADVANCED_FACE('',(#1003,#1004),#1046,.F.);
#1104=ADVANCED_FACE('',(#1005,#1006),#1047,.F.);
#1105=ADVANCED_FACE('',(#1007,#1008),#1048,.F.);
#1106=ADVANCED_FACE('',(#1009,#1010),#1049,.F.);
#1107=ADVANCED_FACE('',(#1011,#1012),#1050,.F.);
#1108=ADVANCED_FACE('',(#1013,#1014),#1051,.F.);
#1109=ADVANCED_FACE('',(#1015,#1016),#1052,.F.);
#1110=ADVANCED_FACE('',(#1017),#20,.F.);
#1111=ADVANCED_FACE('',(#1018),#21,.F.);
#1112=ADVANCED_FACE('',(#1019,#1020,#1021,#1022,#1023,#1024),#85,.T.);
#1113=CLOSED_SHELL('',(#1053,#1054,#1055,#1056,#1057,#1058,#1059,#1060,
#1061,#1062,#1063,#1064,#1065,#1066,#1067,#1068,#1069,#1070,#1071,#1072,
#1073,#1074,#1075,#1076,#1077,#1078,#1079,#1080,#1081,#1082,#1083,#1084,
#1085,#1086,#1087,#1088,#1089,#1090,#1091,#1092,#1093,#1094,#1095,#1096,
#1097,#1098,#1099,#1100,#1101,#1102,#1103,#1104,#1105,#1106,#1107,#1108,
#1109,#1110,#1111,#1112));
#1114=STYLED_ITEM('',(#1115),#1122);
#1115=PRESENTATION_STYLE_ASSIGNMENT((#1116));
#1116=SURFACE_STYLE_USAGE(.BOTH.,#1117);
#1117=SURFACE_SIDE_STYLE('',(#1118));
#1118=SURFACE_STYLE_FILL_AREA(#1119);
#1119=FILL_AREA_STYLE('',(#1120));
#1120=FILL_AREA_STYLE_COLOUR('',#1121);
#1121=COLOUR_RGB('',0.513725490196078,0.737254901960784,0.407843137254902);
#1122=MANIFOLD_SOLID_BREP('Part 1',#1113);
#1123=SHAPE_DEFINITION_REPRESENTATION(#2527,#1124);
#1124=SHAPE_REPRESENTATION('Part 1',(#1125),#2522);
#1125=AXIS2_PLACEMENT_3D('',#1467,#1222,#1223);
#1126=AXIS2_PLACEMENT_3D('',#1468,#1224,#1225);
#1127=AXIS2_PLACEMENT_3D('',#1469,#1226,#1227);
#1128=AXIS2_PLACEMENT_3D('',#1474,#1229,#1230);
#1129=AXIS2_PLACEMENT_3D('',#1477,#1232,#1233);
#1130=AXIS2_PLACEMENT_3D('',#1480,#1235,#1236);
#1131=AXIS2_PLACEMENT_3D('',#1482,#1237,#1238);
#1132=AXIS2_PLACEMENT_3D('',#1484,#1239,#1240);
#1133=AXIS2_PLACEMENT_3D('',#1486,#1241,#1242);
#1134=AXIS2_PLACEMENT_3D('',#1488,#1243,#1244);
#1135=AXIS2_PLACEMENT_3D('',#1490,#1245,#1246);
#1136=AXIS2_PLACEMENT_3D('',#1493,#1248,#1249);
#1137=AXIS2_PLACEMENT_3D('',#1494,#1250,#1251);
#1138=AXIS2_PLACEMENT_3D('',#1496,#1252,#1253);
#1139=AXIS2_PLACEMENT_3D('',#1498,#1254,#1255);
#1140=AXIS2_PLACEMENT_3D('',#1499,#1256,#1257);
#1141=AXIS2_PLACEMENT_3D('',#1501,#1258,#1259);
#1142=AXIS2_PLACEMENT_3D('',#1503,#1260,#1261);
#1143=AXIS2_PLACEMENT_3D('',#1504,#1262,#1263);
#1144=AXIS2_PLACEMENT_3D('',#1506,#1264,#1265);
#1145=AXIS2_PLACEMENT_3D('',#1508,#1266,#1267);
#1146=AXIS2_PLACEMENT_3D('',#1575,#1272,#1273);
#1147=AXIS2_PLACEMENT_3D('',#1576,#1274,#1275);
#1148=AXIS2_PLACEMENT_3D('',#1584,#1279,#1280);
#1149=AXIS2_PLACEMENT_3D('',#1586,#1281,#1282);
#1150=AXIS2_PLACEMENT_3D('',#1588,#1283,#1284);
#1151=AXIS2_PLACEMENT_3D('',#1614,#1298,#1299);
#1152=AXIS2_PLACEMENT_3D('',#1615,#1300,#1301);
#1153=AXIS2_PLACEMENT_3D('',#1619,#1303,#1304);
#1154=AXIS2_PLACEMENT_3D('',#1620,#1305,#1306);
#1155=AXIS2_PLACEMENT_3D('',#1624,#1308,#1309);
#1156=AXIS2_PLACEMENT_3D('',#1625,#1310,#1311);
#1157=AXIS2_PLACEMENT_3D('',#1626,#1312,#1313);
#1158=AXIS2_PLACEMENT_3D('',#1628,#1314,#1315);
#1159=AXIS2_PLACEMENT_3D('',#1630,#1316,#1317);
#1160=AXIS2_PLACEMENT_3D('',#1632,#1318,#1319);
#1161=AXIS2_PLACEMENT_3D('',#1634,#1320,#1321);
#1162=AXIS2_PLACEMENT_3D('',#1636,#1322,#1323);
#1163=AXIS2_PLACEMENT_3D('',#1638,#1324,#1325);
#1164=AXIS2_PLACEMENT_3D('',#1640,#1326,#1327);
#1165=AXIS2_PLACEMENT_3D('',#1642,#1328,#1329);
#1166=AXIS2_PLACEMENT_3D('',#1650,#1331,#1332);
#1167=AXIS2_PLACEMENT_3D('',#1658,#1337,#1338);
#1168=AXIS2_PLACEMENT_3D('',#1956,#1343,#1344);
#1169=AXIS2_PLACEMENT_3D('',#1961,#1345,#1346);
#1170=AXIS2_PLACEMENT_3D('',#1964,#1349,#1350);
#1171=AXIS2_PLACEMENT_3D('',#1965,#1351,#1352);
#1172=AXIS2_PLACEMENT_3D('',#1970,#1356,#1357);
#1173=AXIS2_PLACEMENT_3D('',#1974,#1360,#1361);
#1174=AXIS2_PLACEMENT_3D('',#1976,#1363,#1364);
#1175=AXIS2_PLACEMENT_3D('',#1977,#1365,#1366);
#1176=AXIS2_PLACEMENT_3D('',#1978,#1367,#1368);
#1177=AXIS2_PLACEMENT_3D('',#1979,#1369,#1370);
#1178=AXIS2_PLACEMENT_3D('',#1980,#1371,#1372);
#1179=AXIS2_PLACEMENT_3D('',#1981,#1373,#1374);
#1180=AXIS2_PLACEMENT_3D('',#1982,#1375,#1376);
#1181=AXIS2_PLACEMENT_3D('',#1983,#1377,#1378);
#1182=AXIS2_PLACEMENT_3D('',#1984,#1379,#1380);
#1183=AXIS2_PLACEMENT_3D('',#1985,#1381,#1382);
#1184=AXIS2_PLACEMENT_3D('',#1986,#1383,#1384);
#1185=AXIS2_PLACEMENT_3D('',#1987,#1385,#1386);
#1186=AXIS2_PLACEMENT_3D('',#1989,#1387,#1388);
#1187=AXIS2_PLACEMENT_3D('',#1990,#1389,#1390);
#1188=AXIS2_PLACEMENT_3D('',#1992,#1391,#1392);
#1189=AXIS2_PLACEMENT_3D('',#1993,#1393,#1394);
#1190=AXIS2_PLACEMENT_3D('',#1995,#1395,#1396);
#1191=AXIS2_PLACEMENT_3D('',#1997,#1397,#1398);
#1192=AXIS2_PLACEMENT_3D('',#1998,#1399,#1400);
#1193=AXIS2_PLACEMENT_3D('',#2056,#1402,#1403);
#1194=AXIS2_PLACEMENT_3D('',#2057,#1404,#1405);
#1195=AXIS2_PLACEMENT_3D('',#2059,#1406,#1407);
#1196=AXIS2_PLACEMENT_3D('',#2060,#1408,#1409);
#1197=AXIS2_PLACEMENT_3D('',#2062,#1410,#1411);
#1198=AXIS2_PLACEMENT_3D('',#2126,#1415,#1416);
#1199=AXIS2_PLACEMENT_3D('',#2127,#1417,#1418);
#1200=AXIS2_PLACEMENT_3D('',#2129,#1419,#1420);
#1201=AXIS2_PLACEMENT_3D('',#2131,#1421,#1422);
#1202=AXIS2_PLACEMENT_3D('',#2133,#1423,#1424);
#1203=AXIS2_PLACEMENT_3D('',#2135,#1425,#1426);
#1204=AXIS2_PLACEMENT_3D('',#2137,#1427,#1428);
#1205=AXIS2_PLACEMENT_3D('',#2139,#1429,#1430);
#1206=AXIS2_PLACEMENT_3D('',#2141,#1431,#1432);
#1207=AXIS2_PLACEMENT_3D('',#2143,#1433,#1434);
#1208=AXIS2_PLACEMENT_3D('',#2151,#1436,#1437);
#1209=AXIS2_PLACEMENT_3D('',#2448,#1441,#1442);
#1210=AXIS2_PLACEMENT_3D('',#2453,#1443,#1444);
#1211=AXIS2_PLACEMENT_3D('',#2454,#1445,#1446);
#1212=AXIS2_PLACEMENT_3D('',#2455,#1447,#1448);
#1213=AXIS2_PLACEMENT_3D('',#2456,#1449,#1450);
#1214=AXIS2_PLACEMENT_3D('',#2457,#1451,#1452);
#1215=AXIS2_PLACEMENT_3D('',#2458,#1453,#1454);
#1216=AXIS2_PLACEMENT_3D('',#2459,#1455,#1456);
#1217=AXIS2_PLACEMENT_3D('',#2460,#1457,#1458);
#1218=AXIS2_PLACEMENT_3D('',#2461,#1459,#1460);
#1219=AXIS2_PLACEMENT_3D('',#2462,#1461,#1462);
#1220=AXIS2_PLACEMENT_3D('',#2463,#1463,#1464);
#1221=AXIS2_PLACEMENT_3D('',#2520,#1465,#1466);
#1222=DIRECTION('',(0.,0.,1.));
#1223=DIRECTION('',(1.,0.,0.));
#1224=DIRECTION('',(1.,0.,0.));
#1225=DIRECTION('',(0.,0.,-1.));
#1226=DIRECTION('',(-1.,0.,0.));
#1227=DIRECTION('',(0.,0.,-1.));
#1228=DIRECTION('',(1.,0.,0.));
#1229=DIRECTION('',(-1.,0.,0.));
#1230=DIRECTION('',(0.,0.,-1.));
#1231=DIRECTION('',(1.,0.,0.));
#1232=DIRECTION('',(1.,0.,0.));
#1233=DIRECTION('',(0.,1.,0.));
#1234=DIRECTION('',(0.,1.,0.));
#1235=DIRECTION('',(-1.,0.,0.));
#1236=DIRECTION('',(0.,0.,-1.));
#1237=DIRECTION('',(-1.,0.,0.));
#1238=DIRECTION('',(0.,0.,-1.));
#1239=DIRECTION('',(-1.,0.,0.));
#1240=DIRECTION('',(0.,0.,-1.));
#1241=DIRECTION('',(1.,0.,0.));
#1242=DIRECTION('',(0.,0.,1.));
#1243=DIRECTION('',(1.,0.,0.));
#1244=DIRECTION('',(0.,0.,1.));
#1245=DIRECTION('',(1.,0.,0.));
#1246=DIRECTION('',(0.,0.,1.));
#1247=DIRECTION('',(0.,1.,0.));
#1248=DIRECTION('',(1.,0.,0.));
#1249=DIRECTION('',(0.,0.,-1.));
#1250=DIRECTION('',(-1.,0.,0.));
#1251=DIRECTION('',(0.,0.,1.));
#1252=DIRECTION('',(1.,0.,0.));
#1253=DIRECTION('',(0.,0.,-1.));
#1254=DIRECTION('',(1.,0.,0.));
#1255=DIRECTION('',(0.,0.,-1.));
#1256=DIRECTION('',(-1.,0.,0.));
#1257=DIRECTION('',(0.,0.,1.));
#1258=DIRECTION('',(1.,0.,0.));
#1259=DIRECTION('',(0.,0.,-1.));
#1260=DIRECTION('',(1.,0.,0.));
#1261=DIRECTION('',(0.,0.,-1.));
#1262=DIRECTION('',(-1.,0.,0.));
#1263=DIRECTION('',(0.,0.,1.));
#1264=DIRECTION('',(1.,0.,0.));
#1265=DIRECTION('',(0.,0.,-1.));
#1266=DIRECTION('',(-1.,0.,0.));
#1267=DIRECTION('',(0.,0.,1.));
#1268=DIRECTION('',(0.,-1.,0.));
#1269=DIRECTION('',(0.,0.,1.));
#1270=DIRECTION('',(0.,1.,0.));
#1271=DIRECTION('',(-0.993977887321718,0.099397788732172,-0.0461306742917225));
#1272=DIRECTION('',(-1.,0.,0.));
#1273=DIRECTION('',(0.,0.,1.));
#1274=DIRECTION('',(-1.,0.,0.));
#1275=DIRECTION('',(0.,0.,1.));
#1276=DIRECTION('',(0.,-1.,0.));
#1277=DIRECTION('',(0.,0.,-1.));
#1278=DIRECTION('',(0.,-1.,0.));
#1279=DIRECTION('',(1.,0.,0.));
#1280=DIRECTION('',(0.,0.,-1.));
#1281=DIRECTION('',(1.,0.,0.));
#1282=DIRECTION('',(0.,0.,-1.));
#1283=DIRECTION('',(0.,1.,0.));
#1284=DIRECTION('',(-1.,0.,0.));
#1285=DIRECTION('',(-1.,0.,0.));
#1286=DIRECTION('',(0.,0.,1.));
#1287=DIRECTION('',(-1.,0.,0.));
#1288=DIRECTION('',(0.,0.,-1.));
#1289=DIRECTION('',(-1.,0.,-1.05134756119806E-16));
#1290=DIRECTION('',(-1.,0.,-1.05134756119806E-16));
#1291=DIRECTION('',(0.,0.,-1.));
#1292=DIRECTION('',(1.,0.,0.));
#1293=DIRECTION('',(0.,0.,1.));
#1294=DIRECTION('',(1.,0.,0.));
#1295=DIRECTION('',(0.,0.,1.));
#1296=DIRECTION('',(-1.,0.,1.05134756119806E-16));
#1297=DIRECTION('',(-1.,0.,1.05134756119806E-16));
#1298=DIRECTION('',(0.,0.,1.));
#1299=DIRECTION('',(1.,0.,0.));
#1300=DIRECTION('',(0.,0.,1.));
#1301=DIRECTION('',(1.,0.,0.));
#1302=DIRECTION('',(0.,0.,1.));
#1303=DIRECTION('',(0.,0.,1.));
#1304=DIRECTION('',(1.,0.,0.));
#1305=DIRECTION('',(0.,0.,-1.));
#1306=DIRECTION('',(-1.,0.,0.));
#1307=DIRECTION('',(0.,0.,1.));
#1308=DIRECTION('',(0.,0.,-1.));
#1309=DIRECTION('',(-1.,0.,0.));
#1310=DIRECTION('',(-1.05134756119806E-16,0.,-1.));
#1311=DIRECTION('',(-1.,0.,1.05134756119806E-16));
#1312=DIRECTION('',(-1.05134756119806E-16,0.,-1.));
#1313=DIRECTION('',(-1.,0.,1.05134756119806E-16));
#1314=DIRECTION('',(-1.05134756119806E-16,0.,-1.));
#1315=DIRECTION('',(-1.,0.,1.05134756119806E-16));
#1316=DIRECTION('',(-1.05134756119806E-16,0.,-1.));
#1317=DIRECTION('',(-1.,0.,1.05134756119806E-16));
#1318=DIRECTION('',(-1.05134756119806E-16,0.,-1.));
#1319=DIRECTION('',(-1.,0.,1.05134756119806E-16));
#1320=DIRECTION('',(-1.05134756119806E-16,0.,-1.));
#1321=DIRECTION('',(-1.,0.,1.05134756119806E-16));
#1322=DIRECTION('',(-1.05134756119806E-16,0.,-1.));
#1323=DIRECTION('',(-1.,0.,1.05134756119806E-16));
#1324=DIRECTION('',(-1.05134756119806E-16,0.,-1.));
#1325=DIRECTION('',(-1.,0.,1.05134756119806E-16));
#1326=DIRECTION('',(-1.05134756119806E-16,0.,-1.));
#1327=DIRECTION('',(-1.,0.,1.05134756119806E-16));
#1328=DIRECTION('',(-1.05134756119806E-16,0.,-1.));
#1329=DIRECTION('',(-1.,0.,1.05134756119806E-16));
#1330=DIRECTION('',(0.,1.,0.));
#1331=DIRECTION('',(0.,-1.,0.));
#1332=DIRECTION('',(1.,0.,0.));
#1333=DIRECTION('',(1.,0.,0.));
#1334=DIRECTION('',(1.,0.,0.));
#1335=DIRECTION('',(-2.31296463463574E-16,0.,-1.));
#1336=DIRECTION('',(-2.31296463463574E-16,0.,1.));
#1337=DIRECTION('',(1.,0.,2.31296463463574E-16));
#1338=DIRECTION('',(0.,1.,0.));
#1339=DIRECTION('',(0.,1.,0.));
#1340=DIRECTION('',(0.,1.,0.));
#1341=DIRECTION('',(-0.993977887321718,-0.0993977887321718,-0.0461306742917223));
#1342=DIRECTION('',(-0.995037190209989,0.099503719020999,-8.83770559143562E-17));
#1343=DIRECTION('',(0.,0.,1.));
#1344=DIRECTION('',(1.,0.,0.));
#1345=DIRECTION('',(-1.,0.,0.));
#1346=DIRECTION('',(0.,0.,1.));
#1347=DIRECTION('',(0.,1.,0.));
#1348=DIRECTION('',(0.,1.,0.));
#1349=DIRECTION('',(0.,0.,1.));
#1350=DIRECTION('',(1.,0.,0.));
#1351=DIRECTION('',(0.,0.,-1.));
#1352=DIRECTION('',(-1.,0.,0.));
#1353=DIRECTION('',(1.,0.,0.));
#1354=DIRECTION('',(1.,0.,0.));
#1355=DIRECTION('',(0.,-1.,0.));
#1356=DIRECTION('',(-1.,0.,0.));
#1357=DIRECTION('',(0.,0.,1.));
#1358=DIRECTION('',(0.,0.,-1.));
#1359=DIRECTION('',(0.,-1.,0.));
#1360=DIRECTION('',(0.,-1.,0.));
#1361=DIRECTION('',(1.,0.,0.));
#1362=DIRECTION('',(1.,0.,0.));
#1363=DIRECTION('',(-1.05134756119806E-16,0.,-1.));
#1364=DIRECTION('',(-1.,0.,1.05134756119806E-16));
#1365=DIRECTION('',(-1.05134756119806E-16,0.,-1.));
#1366=DIRECTION('',(-1.,0.,1.05134756119806E-16));
#1367=DIRECTION('',(-1.05134756119806E-16,0.,-1.));
#1368=DIRECTION('',(-1.,0.,1.05134756119806E-16));
#1369=DIRECTION('',(-1.05134756119806E-16,0.,-1.));
#1370=DIRECTION('',(-1.,0.,1.05134756119806E-16));
#1371=DIRECTION('',(-1.05134756119806E-16,0.,-1.));
#1372=DIRECTION('',(-1.,0.,1.05134756119806E-16));
#1373=DIRECTION('',(-1.05134756119806E-16,0.,-1.));
#1374=DIRECTION('',(-1.,0.,1.05134756119806E-16));
#1375=DIRECTION('',(-1.05134756119806E-16,0.,-1.));
#1376=DIRECTION('',(-1.,0.,1.05134756119806E-16));
#1377=DIRECTION('',(-1.05134756119806E-16,0.,-1.));
#1378=DIRECTION('',(-1.,0.,1.05134756119806E-16));
#1379=DIRECTION('',(-1.05134756119806E-16,0.,-1.));
#1380=DIRECTION('',(-1.,0.,1.05134756119806E-16));
#1381=DIRECTION('',(1.,0.,0.));
#1382=DIRECTION('',(0.,1.,0.));
#1383=DIRECTION('',(-1.,0.,0.));
#1384=DIRECTION('',(0.,0.,-1.));
#1385=DIRECTION('',(1.,0.,0.));
#1386=DIRECTION('',(0.,0.,-1.));
#1387=DIRECTION('',(1.,0.,0.));
#1388=DIRECTION('',(0.,0.,-1.));
#1389=DIRECTION('',(-1.,0.,0.));
#1390=DIRECTION('',(0.,0.,-1.));
#1391=DIRECTION('',(1.,0.,0.));
#1392=DIRECTION('',(0.,0.,-1.));
#1393=DIRECTION('',(-1.,0.,0.));
#1394=DIRECTION('',(0.,0.,-1.));
#1395=DIRECTION('',(1.,0.,0.));
#1396=DIRECTION('',(0.,0.,-1.));
#1397=DIRECTION('',(1.,0.,0.));
#1398=DIRECTION('',(0.,1.,0.));
#1399=DIRECTION('',(1.,0.,0.));
#1400=DIRECTION('',(0.,0.,-1.));
#1401=DIRECTION('',(1.,0.,0.));
#1402=DIRECTION('',(1.,0.,0.));
#1403=DIRECTION('',(0.,0.,1.));
#1404=DIRECTION('',(-1.,0.,0.));
#1405=DIRECTION('',(0.,0.,1.));
#1406=DIRECTION('',(1.,0.,0.));
#1407=DIRECTION('',(0.,0.,1.));
#1408=DIRECTION('',(-1.,0.,0.));
#1409=DIRECTION('',(0.,0.,1.));
#1410=DIRECTION('',(-1.,0.,0.));
#1411=DIRECTION('',(0.,0.,-1.));
#1412=DIRECTION('',(0.,1.,0.));
#1413=DIRECTION('',(0.,-1.,0.));
#1414=DIRECTION('',(-0.993977887321718,0.099397788732172,0.0461306742917225));
#1415=DIRECTION('',(-1.05134756119806E-16,0.,1.));
#1416=DIRECTION('',(-1.,0.,-1.05134756119806E-16));
#1417=DIRECTION('',(1.05134756119806E-16,0.,-1.));
#1418=DIRECTION('',(-1.,0.,-1.05134756119806E-16));
#1419=DIRECTION('',(1.05134756119806E-16,0.,-1.));
#1420=DIRECTION('',(-1.,0.,-1.05134756119806E-16));
#1421=DIRECTION('',(1.05134756119806E-16,0.,-1.));
#1422=DIRECTION('',(-1.,0.,-1.05134756119806E-16));
#1423=DIRECTION('',(1.05134756119806E-16,0.,-1.));
#1424=DIRECTION('',(-1.,0.,-1.05134756119806E-16));
#1425=DIRECTION('',(1.05134756119806E-16,0.,-1.));
#1426=DIRECTION('',(-1.,0.,-1.05134756119806E-16));
#1427=DIRECTION('',(1.05134756119806E-16,0.,-1.));
#1428=DIRECTION('',(-1.,0.,-1.05134756119806E-16));
#1429=DIRECTION('',(1.05134756119806E-16,0.,-1.));
#1430=DIRECTION('',(-1.,0.,-1.05134756119806E-16));
#1431=DIRECTION('',(1.05134756119806E-16,0.,-1.));
#1432=DIRECTION('',(-1.,0.,-1.05134756119806E-16));
#1433=DIRECTION('',(1.05134756119806E-16,0.,-1.));
#1434=DIRECTION('',(-1.,0.,-1.05134756119806E-16));
#1435=DIRECTION('',(0.,1.,0.));
#1436=DIRECTION('',(1.,0.,-2.31296463463574E-16));
#1437=DIRECTION('',(0.,1.,0.));
#1438=DIRECTION('',(0.,1.,0.));
#1439=DIRECTION('',(0.,1.,0.));
#1440=DIRECTION('',(-0.993977887321718,-0.0993977887321718,0.0461306742917223));
#1441=DIRECTION('',(0.,0.,-1.));
#1442=DIRECTION('',(1.,0.,0.));
#1443=DIRECTION('',(0.,0.,-1.));
#1444=DIRECTION('',(1.,0.,0.));
#1445=DIRECTION('',(0.,0.,1.));
#1446=DIRECTION('',(-1.,0.,0.));
#1447=DIRECTION('',(-1.05134756119806E-16,0.,1.));
#1448=DIRECTION('',(-1.,0.,-1.05134756119806E-16));
#1449=DIRECTION('',(-1.05134756119806E-16,0.,1.));
#1450=DIRECTION('',(-1.,0.,-1.05134756119806E-16));
#1451=DIRECTION('',(-1.05134756119806E-16,0.,1.));
#1452=DIRECTION('',(-1.,0.,-1.05134756119806E-16));
#1453=DIRECTION('',(-1.05134756119806E-16,0.,1.));
#1454=DIRECTION('',(-1.,0.,-1.05134756119806E-16));
#1455=DIRECTION('',(-1.05134756119806E-16,0.,1.));
#1456=DIRECTION('',(-1.,0.,-1.05134756119806E-16));
#1457=DIRECTION('',(-1.05134756119806E-16,0.,1.));
#1458=DIRECTION('',(-1.,0.,-1.05134756119806E-16));
#1459=DIRECTION('',(-1.05134756119806E-16,0.,1.));
#1460=DIRECTION('',(-1.,0.,-1.05134756119806E-16));
#1461=DIRECTION('',(-1.05134756119806E-16,0.,1.));
#1462=DIRECTION('',(-1.,0.,-1.05134756119806E-16));
#1463=DIRECTION('',(-1.05134756119806E-16,0.,1.));
#1464=DIRECTION('',(-1.,0.,-1.05134756119806E-16));
#1465=DIRECTION('',(1.,0.,0.));
#1466=DIRECTION('',(0.,1.,0.));
#1467=CARTESIAN_POINT('',(0.,0.,0.));
#1468=CARTESIAN_POINT('',(0.141,0.,9.63141612600156E-18));
#1469=CARTESIAN_POINT('',(0.141,0.,9.63141612600156E-18));
#1470=CARTESIAN_POINT('',(0.141,0.0274954541697351,-0.02));
#1471=CARTESIAN_POINT('',(0.141,0.0274954541697351,0.02));
#1472=CARTESIAN_POINT('',(-2.000000000002E-6,0.0274954541697351,0.02));
#1473=CARTESIAN_POINT('',(0.15,0.0274954541697351,0.02));
#1474=CARTESIAN_POINT('',(0.15,0.,9.63141612600156E-18));
#1475=CARTESIAN_POINT('',(0.15,0.0274954541697351,-0.02));
#1476=CARTESIAN_POINT('',(-2.000000000002E-6,0.0274954541697351,-0.02));
#1477=CARTESIAN_POINT('',(0.15,0.,0.02));
#1478=CARTESIAN_POINT('',(0.15,0.0310682351605563,0.02));
#1479=CARTESIAN_POINT('',(0.15,0.0346410161513775,0.02));
#1480=CARTESIAN_POINT('',(0.15,0.,2.4492935982947E-18));
#1481=CARTESIAN_POINT('',(0.15,0.02,0.0346410161513775));
#1482=CARTESIAN_POINT('',(0.15,0.,2.4492935982947E-18));
#1483=CARTESIAN_POINT('',(0.15,-0.02,0.0346410161513775));
#1484=CARTESIAN_POINT('',(0.15,0.,2.4492935982947E-18));
#1485=CARTESIAN_POINT('',(0.15,-0.04,-6.89018569679533E-18));
#1486=CARTESIAN_POINT('',(0.15,0.,-2.4492935982947E-18));
#1487=CARTESIAN_POINT('',(0.15,-0.02,-0.0346410161513775));
#1488=CARTESIAN_POINT('',(0.15,0.,-2.4492935982947E-18));
#1489=CARTESIAN_POINT('',(0.15,0.02,-0.0346410161513775));
#1490=CARTESIAN_POINT('',(0.15,0.,-2.4492935982947E-18));
#1491=CARTESIAN_POINT('',(0.15,0.0346410161513775,-0.02));
#1492=CARTESIAN_POINT('',(0.15,0.0310682351605563,-0.02));
#1493=CARTESIAN_POINT('',(-2.000000000002E-6,0.00494974746830583,0.00494974746830583));
#1494=CARTESIAN_POINT('',(0.128,0.00494974746830583,0.00494974746830583));
#1495=CARTESIAN_POINT('',(0.128,0.00494974746830583,0.00619974746830583));
#1496=CARTESIAN_POINT('',(0.149,0.00494974746830583,0.00494974746830583));
#1497=CARTESIAN_POINT('',(0.149,0.00494974746830583,0.00369974746830583));
#1498=CARTESIAN_POINT('',(-2.000000000002E-6,-0.00494974746830583,0.00494974746830583));
#1499=CARTESIAN_POINT('',(0.128,-0.00494974746830583,0.00494974746830583));
#1500=CARTESIAN_POINT('',(0.128,-0.00494974746830583,0.00619974746830583));
#1501=CARTESIAN_POINT('',(0.149,-0.00494974746830583,0.00494974746830583));
#1502=CARTESIAN_POINT('',(0.149,-0.00494974746830583,0.00369974746830583));
#1503=CARTESIAN_POINT('',(-2.000000000002E-6,0.,2.75638376903643E-18));
#1504=CARTESIAN_POINT('',(0.128,0.,2.75638376903643E-18));
#1505=CARTESIAN_POINT('',(0.128,0.,0.0015));
#1506=CARTESIAN_POINT('',(0.149,0.,2.75638376903643E-18));
#1507=CARTESIAN_POINT('',(0.149,0.,-0.0015));
#1508=CARTESIAN_POINT('',(0.08,-0.015,0.012));
#1509=CARTESIAN_POINT('',(0.08,0.0306252936883213,0.02));
#1510=CARTESIAN_POINT('',(0.08,0.0303013144855326,0.0213417738603428));
#1511=CARTESIAN_POINT('',(0.08,0.0299445720332732,0.0226751246688798));
#1512=CARTESIAN_POINT('',(0.08,0.0295548624109913,0.024));
#1513=CARTESIAN_POINT('',(0.08,0.0295548624109913,0.024));
#1514=CARTESIAN_POINT('',(0.08,0.0306252936883212,0.02));
#1515=CARTESIAN_POINT('',(0.08,-0.015,0.02));
#1516=CARTESIAN_POINT('',(0.08,-0.015,0.02));
#1517=CARTESIAN_POINT('',(0.08,-0.015,0.012));
#1518=CARTESIAN_POINT('',(0.08,-0.015,0.024));
#1519=CARTESIAN_POINT('',(0.08,-0.015,0.024));
#1520=CARTESIAN_POINT('',(0.15,0.02,0.0346410161513775));
#1521=CARTESIAN_POINT('',(0.0640360515007723,0.0285963948499228,0.0306514154171665));
#1522=CARTESIAN_POINT('',(0.15,0.0207557498411466,0.0342046837771516));
#1523=CARTESIAN_POINT('',(0.0640360515007723,0.0287024722868431,0.0300528969022854));
#1524=CARTESIAN_POINT('',(0.15,0.0214972152025361,0.033743610981715));
#1525=CARTESIAN_POINT('',(0.0640360515007723,0.0288065447468281,0.0294509058091417));
#1526=CARTESIAN_POINT('',(0.15,0.0229484034390321,0.0327739580024886));
#1527=CARTESIAN_POINT('',(0.0640360515007723,0.0290102342750759,0.0282402554613584));
#1528=CARTESIAN_POINT('',(0.15,0.02365812576436,0.0322653781764168));
#1529=CARTESIAN_POINT('',(0.0640360515007723,0.0291098512661714,0.0276315962569283));
#1530=CARTESIAN_POINT('',(0.15,0.0250427885563376,0.031202889046882));
#1531=CARTESIAN_POINT('',(0.0640360515007723,0.0293042032487654,0.0264079153792763));
#1532=CARTESIAN_POINT('',(0.15,0.0257177285995993,0.0306489800682962));
#1533=CARTESIAN_POINT('',(0.0640360515007723,0.0293989381808369,0.0257928937516544));
#1534=CARTESIAN_POINT('',(0.15,0.0270299366084061,0.029498204530022));
#1535=CARTESIAN_POINT('',(0.0640360515007723,0.0295831203727503,0.0245568209482036));
#1536=CARTESIAN_POINT('',(0.15,0.0276672041727177,0.0289013383222061));
#1537=CARTESIAN_POINT('',(0.0640360515007723,0.0296725675762748,0.0239357698217637));
#1538=CARTESIAN_POINT('',(0.15,0.0289013383222061,0.0276672041727177));
#1539=CARTESIAN_POINT('',(0.0640360515007723,0.0298457912810856,0.0226879967607125));
#1540=CARTESIAN_POINT('',(0.15,0.029498204530022,0.0270299366084062));
#1541=CARTESIAN_POINT('',(0.0640360515007723,0.0299295677294053,0.0220612748790679));
#1542=CARTESIAN_POINT('',(0.15,0.0306489800682962,0.0257177285995993));
#1543=CARTESIAN_POINT('',(0.0640360515007723,0.0300910911766158,0.0208025433309141));
#1544=CARTESIAN_POINT('',(0.15,0.031202889046882,0.0250427885563377));
#1545=CARTESIAN_POINT('',(0.0640360515007723,0.0301688381261175,0.0201705337207224));
#1546=CARTESIAN_POINT('',(0.15,0.0322653781764168,0.02365812576436));
#1547=CARTESIAN_POINT('',(0.0640360515007723,0.0303179696475291,0.0189016323818881));
#1548=CARTESIAN_POINT('',(0.15,0.0327739580024886,0.0229484034390322));
#1549=CARTESIAN_POINT('',(0.0640360515007723,0.0303893541738391,0.0182647407126724));
#1550=CARTESIAN_POINT('',(0.15,0.033743610981715,0.0214972152025361));
#1551=CARTESIAN_POINT('',(0.0640360515007723,0.0305254551653821,0.0169865018281843));
#1552=CARTESIAN_POINT('',(0.15,0.034204683838379,0.0207557497350976));
#1553=CARTESIAN_POINT('',(0.0640360515007723,0.0305901715889995,0.016345154675194));
#1554=CARTESIAN_POINT('',(0.15,0.0346619601024015,0.0199637240127153));
#1555=CARTESIAN_POINT('',(0.0640360515007723,0.0306543551209185,0.0156709216742312));
#1556=CARTESIAN_POINT('',(0.15,0.034682847050598,0.0199274151155428));
#1557=CARTESIAN_POINT('',(0.0640360515007723,0.0306572868237243,0.0156400361541749));
#1558=CARTESIAN_POINT('',(0.15,0.0347036768985359,0.0198910734907635));
#1559=CARTESIAN_POINT('',(0.0640360515007723,0.0306602105119084,0.0156091460404549));
#1560=CARTESIAN_POINT('',(0.0645487589471485,0.0296543808079123,0.024));
#1561=CARTESIAN_POINT('',(0.0696996219947537,0.0295758966306855,0.024));
#1562=CARTESIAN_POINT('',(0.0748500267607272,0.029543623106115,0.024));
#1563=CARTESIAN_POINT('',(0.08,0.0295548624109913,0.024));
#1564=CARTESIAN_POINT('',(0.0645487589471485,0.0296543808079123,0.024));
#1565=CARTESIAN_POINT('',(0.064548758947206,0.0296543808116909,0.0239999999744082));
#1566=CARTESIAN_POINT('',(0.0648610608150761,0.0293058688967017,0.0263276352263233));
#1567=CARTESIAN_POINT('',(0.0652045198801292,0.0289011118160749,0.0285730769582845));
#1568=CARTESIAN_POINT('',(0.0655791361423652,0.0284420967004638,0.0307229780456488));
#1569=CARTESIAN_POINT('',(0.0655791414037509,0.0284420829616318,0.0307230306367364));
#1570=CARTESIAN_POINT('',(0.1,0.025,0.0323205080756887));
#1571=CARTESIAN_POINT('',(0.15,0.0346410161513776,0.02));
#1572=CARTESIAN_POINT('',(0.126692066792149,0.0328864491310586,0.02));
#1573=CARTESIAN_POINT('',(0.103360600743774,0.0314254271033475,0.02));
#1574=CARTESIAN_POINT('',(0.08,0.0306252936883213,0.02));
#1575=CARTESIAN_POINT('',(0.128,0.02,0.01));
#1576=CARTESIAN_POINT('',(0.128,5.20417042793042E-18,-1.51788304147971E-18));
#1577=CARTESIAN_POINT('',(0.128,0.0274954541697351,-0.02));
#1578=CARTESIAN_POINT('',(0.128,0.0274954541697351,0.02));
#1579=CARTESIAN_POINT('',(0.128,0.02,-0.02));
#1580=CARTESIAN_POINT('',(0.128,-0.02,-0.02));
#1581=CARTESIAN_POINT('',(0.128,-0.02,0.01));
#1582=CARTESIAN_POINT('',(0.128,-0.02,0.02));
#1583=CARTESIAN_POINT('',(0.128,0.02,0.02));
#1584=CARTESIAN_POINT('',(0.128,-0.00494974746830583,-0.00494974746830583));
#1585=CARTESIAN_POINT('',(0.128,-0.00494974746830583,-0.00619974746830583));
#1586=CARTESIAN_POINT('',(0.128,0.00494974746830583,-0.00494974746830583));
#1587=CARTESIAN_POINT('',(0.128,0.00494974746830583,-0.00619974746830583));
#1588=CARTESIAN_POINT('',(0.04,-0.015,0.017));
#1589=CARTESIAN_POINT('',(0.04,-0.015,0.02));
#1590=CARTESIAN_POINT('',(0.075,-0.015,0.02));
#1591=CARTESIAN_POINT('',(0.075,-0.015,0.017));
#1592=CARTESIAN_POINT('',(0.075,-0.015,-0.02));
#1593=CARTESIAN_POINT('',(0.04,-0.015,-0.02));
#1594=CARTESIAN_POINT('',(0.08,-0.015,-0.02));
#1595=CARTESIAN_POINT('',(0.08,-0.015,-0.012));
#1596=CARTESIAN_POINT('',(0.08,-0.015,-0.024));
#1597=CARTESIAN_POINT('',(0.0635,-0.015,-0.024));
#1598=CARTESIAN_POINT('',(0.05,-0.015,-0.024));
#1599=CARTESIAN_POINT('',(0.0635,-0.015,-0.024));
#1600=CARTESIAN_POINT('',(0.00401923788646685,-0.015,-0.024));
#1601=CARTESIAN_POINT('',(0.00401923788646684,-0.015,-0.015));
#1602=CARTESIAN_POINT('',(0.00401923788646683,-0.015,-0.01));
#1603=CARTESIAN_POINT('',(0.04,-0.015,-0.01));
#1604=CARTESIAN_POINT('',(0.02,-0.015,-0.01));
#1605=CARTESIAN_POINT('',(0.02,-0.015,0.017));
#1606=CARTESIAN_POINT('',(0.02,-0.015,0.01));
#1607=CARTESIAN_POINT('',(0.04,-0.015,0.01));
#1608=CARTESIAN_POINT('',(0.00401923788646683,-0.015,0.01));
#1609=CARTESIAN_POINT('',(0.00401923788646684,-0.015,0.015));
#1610=CARTESIAN_POINT('',(0.00401923788646685,-0.015,0.024));
#1611=CARTESIAN_POINT('',(0.0635,-0.015,0.024));
#1612=CARTESIAN_POINT('',(0.05,-0.015,0.024));
#1613=CARTESIAN_POINT('',(0.0635,-0.015,0.024));
#1614=CARTESIAN_POINT('',(0.03,0.,0.015));
#1615=CARTESIAN_POINT('',(0.03,0.,0.01));
#1616=CARTESIAN_POINT('',(0.02,-0.0282842712474619,0.01));
#1617=CARTESIAN_POINT('',(0.02,-0.0282842712474619,0.015));
#1618=CARTESIAN_POINT('',(0.02,-0.0282842712474619,-0.01));
#1619=CARTESIAN_POINT('',(0.03,0.,-0.01));
#1620=CARTESIAN_POINT('',(0.03,0.,-0.024));
#1621=CARTESIAN_POINT('',(0.03,-0.03,-0.024));
#1622=CARTESIAN_POINT('',(0.03,-0.03,0.015));
#1623=CARTESIAN_POINT('',(0.03,-0.03,0.024));
#1624=CARTESIAN_POINT('',(0.03,0.,0.024));
#1625=CARTESIAN_POINT('',(0.0635,-0.015,0.024));
#1626=CARTESIAN_POINT('',(0.077,-0.012,0.024));
#1627=CARTESIAN_POINT('',(0.076,-0.012,0.024));
#1628=CARTESIAN_POINT('',(0.077,0.012,0.024));
#1629=CARTESIAN_POINT('',(0.076,0.012,0.024));
#1630=CARTESIAN_POINT('',(0.053,0.012,0.024));
#1631=CARTESIAN_POINT('',(0.052,0.012,0.024));
#1632=CARTESIAN_POINT('',(0.065,-0.012,0.024));
#1633=CARTESIAN_POINT('',(0.064,-0.012,0.024));
#1634=CARTESIAN_POINT('',(0.077,8.06129398031036E-19,0.024));
#1635=CARTESIAN_POINT('',(0.076,8.06129398031036E-19,0.024));
#1636=CARTESIAN_POINT('',(0.065,0.012,0.024));
#1637=CARTESIAN_POINT('',(0.064,0.012,0.024));
#1638=CARTESIAN_POINT('',(0.065,0.022,0.024));
#1639=CARTESIAN_POINT('',(0.064,0.022,0.024));
#1640=CARTESIAN_POINT('',(0.077,0.022,0.024));
#1641=CARTESIAN_POINT('',(0.076,0.022,0.024));
#1642=CARTESIAN_POINT('',(0.053,-0.012,0.024));
#1643=CARTESIAN_POINT('',(0.052,-0.012,0.024));
#1644=CARTESIAN_POINT('',(0.05,-0.17465249196573,0.024));
#1645=CARTESIAN_POINT('',(0.05,0.0155061084666616,0.024));
#1646=CARTESIAN_POINT('',(0.0500000000070282,0.0155061084666616,0.024));
#1647=CARTESIAN_POINT('',(0.0545552980809495,0.0198443950509822,0.024));
#1648=CARTESIAN_POINT('',(0.0594048843957524,0.0245604857945621,0.024));
#1649=CARTESIAN_POINT('',(0.064548758951437,0.0296543806974012,0.024));
#1650=CARTESIAN_POINT('',(0.025,-0.03,0.015));
#1651=CARTESIAN_POINT('',(0.025,-0.03,0.024));
#1652=CARTESIAN_POINT('',(0.05,-0.03,0.024));
#1653=CARTESIAN_POINT('',(0.025,-0.03,-0.024));
#1654=CARTESIAN_POINT('',(0.05,-0.03,-0.024));
#1655=CARTESIAN_POINT('',(0.05,-0.03,-0.015));
#1656=CARTESIAN_POINT('',(0.05,-0.03,0.));
#1657=CARTESIAN_POINT('',(0.05,-0.03,0.015));
#1658=CARTESIAN_POINT('',(0.05,6.93889390390723E-18,0.015));
#1659=CARTESIAN_POINT('',(0.05,-0.03,0.03));
#1660=CARTESIAN_POINT('',(0.05,-0.0143841841115591,0.03));
#1661=CARTESIAN_POINT('',(0.05,0.0143841841115589,0.03));
#1662=CARTESIAN_POINT('',(0.05,0.0143841841116252,0.0299999999996637));
#1663=CARTESIAN_POINT('',(0.05,0.0144503366775078,0.0296732579459952));
#1664=CARTESIAN_POINT('',(0.05,0.0145742721673486,0.0290582025344508));
#1665=CARTESIAN_POINT('',(0.05,0.0147347640812952,0.0282525104494606));
#1666=CARTESIAN_POINT('',(0.05,0.0148480872298421,0.0276744972098713));
#1667=CARTESIAN_POINT('',(0.05,0.0149152375983235,0.0273266450761185));
#1668=CARTESIAN_POINT('',(0.05,0.0149522471926025,0.0271328541376144));
#1669=CARTESIAN_POINT('',(0.05,0.0149733888631971,0.0270214988330122));
#1670=CARTESIAN_POINT('',(0.05,0.0150122200101317,0.0268151339775142));
#1671=CARTESIAN_POINT('',(0.05,0.0150573884912935,0.026572798924922));
#1672=CARTESIAN_POINT('',(0.05,0.0151384372708515,0.0261326623617982));
#1673=CARTESIAN_POINT('',(0.05,0.0152948213816011,0.0252607157528159));
#1674=CARTESIAN_POINT('',(0.05,0.0154233496528779,0.0245050010313541));
#1675=CARTESIAN_POINT('',(0.05,0.0155061084737755,0.0239999999157473));
#1676=CARTESIAN_POINT('',(0.05,-0.17465249196573,0.024));
#1677=CARTESIAN_POINT('',(0.05,-0.0155061084737756,0.024));
#1678=CARTESIAN_POINT('',(0.05,-0.0155061084737756,0.0239999999157474));
#1679=CARTESIAN_POINT('',(0.05,-0.0154233895457112,0.0245047576020128));
#1680=CARTESIAN_POINT('',(0.05,-0.0152948903230213,0.0252602944657476));
#1681=CARTESIAN_POINT('',(0.05,-0.0151384907915793,0.0261323365750822));
#1682=CARTESIAN_POINT('',(0.05,-0.0150574174010477,0.0265726213886056));
#1683=CARTESIAN_POINT('',(0.05,-0.0150122372137859,0.0268150309772594));
#1684=CARTESIAN_POINT('',(0.05,-0.0149733782142971,0.0270215562525648));
#1685=CARTESIAN_POINT('',(0.05,-0.0149522725845491,0.0271327274596578));
#1686=CARTESIAN_POINT('',(0.05,-0.0149152838259953,0.0273264174665808));
#1687=CARTESIAN_POINT('',(0.05,-0.0148481705189756,0.027674085309309));
#1688=CARTESIAN_POINT('',(0.05,-0.0147348653142174,0.0282520106144404));
#1689=CARTESIAN_POINT('',(0.05,-0.014574350469156,0.0290578157341635));
#1690=CARTESIAN_POINT('',(0.05,-0.0144503679516119,0.0296731034763263));
#1691=CARTESIAN_POINT('',(0.05,-0.0143841841116253,0.0299999999996637));
#1692=CARTESIAN_POINT('',(0.15,-0.02,0.0346410161513775));
#1693=CARTESIAN_POINT('',(0.05,-0.03,0.03));
#1694=CARTESIAN_POINT('',(0.15,-0.0192442501588533,0.0350773485256035));
#1695=CARTESIAN_POINT('',(0.05,-0.02875,0.03));
#1696=CARTESIAN_POINT('',(0.15,-0.0184742167243167,0.0354889399668748));
#1697=CARTESIAN_POINT('',(0.05,-0.0275,0.03));
#1698=CARTESIAN_POINT('',(0.15,-0.0169088784932034,0.0362608793557403));
#1699=CARTESIAN_POINT('',(0.05,-0.025,0.03));
#1700=CARTESIAN_POINT('',(0.15,-0.016113574281309,0.0366212270060713));
#1701=CARTESIAN_POINT('',(0.05,-0.02375,0.03));
#1702=CARTESIAN_POINT('',(0.15,-0.0145011003078982,0.0372891355948317));
#1703=CARTESIAN_POINT('',(0.05,-0.02125,0.03));
#1704=CARTESIAN_POINT('',(0.15,-0.0136839310394278,0.0375966963290347));
#1705=CARTESIAN_POINT('',(0.05,-0.02,0.03));
#1706=CARTESIAN_POINT('',(0.15,-0.0120312261848252,0.0381577140305738));
#1707=CARTESIAN_POINT('',(0.05,-0.0175,0.03));
#1708=CARTESIAN_POINT('',(0.15,-0.0111956911040404,0.0384111708263674));
#1709=CARTESIAN_POINT('',(0.05,-0.01625,0.03));
#1710=CARTESIAN_POINT('',(0.15,-0.00950983250416129,0.038862895276758));
#1711=CARTESIAN_POINT('',(0.05,-0.01375,0.03));
#1712=CARTESIAN_POINT('',(0.15,-0.00865950950055175,0.0390611627932314));
#1713=CARTESIAN_POINT('',(0.05,-0.0125,0.03));
#1714=CARTESIAN_POINT('',(0.15,-0.00694771626073854,0.0394016596390271));
#1715=CARTESIAN_POINT('',(0.05,-0.01,0.03));
#1716=CARTESIAN_POINT('',(0.15,-0.00608624654794965,0.0395438888642359));
#1717=CARTESIAN_POINT('',(0.05,-0.00875,0.03));
#1718=CARTESIAN_POINT('',(0.15,-0.00435584882965448,0.0397717000456689));
#1719=CARTESIAN_POINT('',(0.05,-0.00625,0.03));
#1720=CARTESIAN_POINT('',(0.15,-0.00348692135325169,0.0398572819322354));
#1721=CARTESIAN_POINT('',(0.05,-0.005,0.03));
#1722=CARTESIAN_POINT('',(0.15,-0.00174532898515979,0.0399714319268528));
#1723=CARTESIAN_POINT('',(0.05,-0.0025,0.03));
#1724=CARTESIAN_POINT('',(0.15,-0.000872664625997169,0.04));
#1725=CARTESIAN_POINT('',(0.05,-0.00125,0.03));
#1726=CARTESIAN_POINT('',(0.15,0.000872664625997159,0.04));
#1727=CARTESIAN_POINT('',(0.05,0.00125,0.03));
#1728=CARTESIAN_POINT('',(0.15,0.00174532898515975,0.0399714319268528));
#1729=CARTESIAN_POINT('',(0.05,0.0025,0.03));
#1730=CARTESIAN_POINT('',(0.15,0.00348692135325164,0.0398572819322355));
#1731=CARTESIAN_POINT('',(0.05,0.005,0.03));
#1732=CARTESIAN_POINT('',(0.15,0.00435584882965446,0.0397717000456689));
#1733=CARTESIAN_POINT('',(0.05,0.00625,0.03));
#1734=CARTESIAN_POINT('',(0.15,0.00608624654794964,0.0395438888642359));
#1735=CARTESIAN_POINT('',(0.05,0.00875,0.03));
#1736=CARTESIAN_POINT('',(0.15,0.00694771626073851,0.0394016596390271));
#1737=CARTESIAN_POINT('',(0.05,0.01,0.03));
#1738=CARTESIAN_POINT('',(0.15,0.00865950950055172,0.0390611627932314));
#1739=CARTESIAN_POINT('',(0.05,0.0125,0.03));
#1740=CARTESIAN_POINT('',(0.15,0.00950983250416126,0.038862895276758));
#1741=CARTESIAN_POINT('',(0.05,0.01375,0.03));
#1742=CARTESIAN_POINT('',(0.15,0.0111956911040404,0.0384111708263674));
#1743=CARTESIAN_POINT('',(0.05,0.01625,0.03));
#1744=CARTESIAN_POINT('',(0.15,0.0120312261848251,0.0381577140305738));
#1745=CARTESIAN_POINT('',(0.05,0.0175,0.03));
#1746=CARTESIAN_POINT('',(0.15,0.0136839310394277,0.0375966963290347));
#1747=CARTESIAN_POINT('',(0.05,0.02,0.03));
#1748=CARTESIAN_POINT('',(0.15,0.0145011003078982,0.0372891355948317));
#1749=CARTESIAN_POINT('',(0.05,0.02125,0.03));
#1750=CARTESIAN_POINT('',(0.15,0.016113574281309,0.0366212270060713));
#1751=CARTESIAN_POINT('',(0.05,0.02375,0.03));
#1752=CARTESIAN_POINT('',(0.15,0.0169088784932034,0.0362608793557403));
#1753=CARTESIAN_POINT('',(0.05,0.025,0.03));
#1754=CARTESIAN_POINT('',(0.15,0.0184742167243167,0.0354889399668748));
#1755=CARTESIAN_POINT('',(0.05,0.0275,0.03));
#1756=CARTESIAN_POINT('',(0.15,0.0192442501588533,0.0350773485256036));
#1757=CARTESIAN_POINT('',(0.05,0.02875,0.03));
#1758=CARTESIAN_POINT('',(0.15,0.02,0.0346410161513775));
#1759=CARTESIAN_POINT('',(0.05,0.03,0.03));
#1760=CARTESIAN_POINT('',(0.0762175910153204,-0.0112157919764572,0.0323849592669879));
#1761=CARTESIAN_POINT('',(0.0758911182335655,-0.0119996052856911,0.0323225484581072));
#1762=CARTESIAN_POINT('',(0.0762179360504177,-0.0127857868807784,0.0323146935052382));
#1763=CARTESIAN_POINT('',(0.07700232198385,-0.0131076985784782,0.0323654914417223));
#1764=CARTESIAN_POINT('',(0.0777830914285489,-0.0127834099379881,0.032448935202997));
#1765=CARTESIAN_POINT('',(0.0781084190805718,-0.012000836213999,0.032517054772856));
#1766=CARTESIAN_POINT('',(0.0777832318933817,-0.0112153114555166,0.0325253006606791));
#1767=CARTESIAN_POINT('',(0.0769982395064264,-0.010892224947773,0.0324686364152117));
#1768=CARTESIAN_POINT('',(0.0762175910153204,-0.0112157919764572,0.0323849592669879));
#1769=CARTESIAN_POINT('',(0.0758911182335655,-0.0119996052856911,0.0323225484581072));
#1770=CARTESIAN_POINT('',(0.0762179360504177,-0.0127857868807784,0.0323146935052382));
#1771=CARTESIAN_POINT('',(0.076,-0.012,0.0323316411007759));
#1772=CARTESIAN_POINT('',(0.076218196926345,0.0127866022883839,0.0323146779670862));
#1773=CARTESIAN_POINT('',(0.0758911180291473,0.0119992221769769,0.0323225657041945));
#1774=CARTESIAN_POINT('',(0.0762173309570659,0.0112165090037086,0.0323849058207908));
#1775=CARTESIAN_POINT('',(0.0769965489978142,0.0108924696107265,0.0324684729298581));
#1776=CARTESIAN_POINT('',(0.0777819187708415,0.0112136302056686,0.0325252598388866));
#1777=CARTESIAN_POINT('',(0.0781085331725279,0.0120005084165485,0.032517082216385));
#1778=CARTESIAN_POINT('',(0.0777839481152725,0.0127820810674981,0.0324490770625636));
#1779=CARTESIAN_POINT('',(0.0770042932321684,0.0131078213863432,0.0323656527724704));
#1780=CARTESIAN_POINT('',(0.076218196926345,0.0127866022883839,0.0323146779670862));
#1781=CARTESIAN_POINT('',(0.0758911180291473,0.0119992221769769,0.0323225657041945));
#1782=CARTESIAN_POINT('',(0.0762173309570659,0.0112165090037086,0.0323849058207908));
#1783=CARTESIAN_POINT('',(0.076,0.012,0.0323316411007759));
#1784=CARTESIAN_POINT('',(0.052218265327083,0.012785813691897,0.030199761668042));
#1785=CARTESIAN_POINT('',(0.0518909332405557,0.0119997700719141,0.0301723984784713));
#1786=CARTESIAN_POINT('',(0.0522180017106943,0.0112151060204467,0.0302044574797736));
#1787=CARTESIAN_POINT('',(0.0529989601770031,0.0108926290667591,0.0302778889578621));
#1788=CARTESIAN_POINT('',(0.0537818884761771,0.0112143792312886,0.0303488512846399));
#1789=CARTESIAN_POINT('',(0.0541087119740667,0.0119998116251854,0.0303741018781185));
#1790=CARTESIAN_POINT('',(0.053783263018843,0.0127836715731816,0.0303397433604117));
#1791=CARTESIAN_POINT('',(0.0530013917094029,0.013107627634946,0.0302682876842185));
#1792=CARTESIAN_POINT('',(0.052218265327083,0.012785813691897,0.030199761668042));
#1793=CARTESIAN_POINT('',(0.0518909332405557,0.0119997700719141,0.0301723984784713));
#1794=CARTESIAN_POINT('',(0.0522180017106943,0.0112151060204467,0.0302044574797736));
#1795=CARTESIAN_POINT('',(0.052,0.012,0.0301823021769502));
#1796=CARTESIAN_POINT('',(0.0642180061239177,-0.0112149867019352,0.0313029969561003));
#1797=CARTESIAN_POINT('',(0.0638909861381068,-0.0119998813119396,0.0312568752564314));
#1798=CARTESIAN_POINT('',(0.0642180493236552,-0.0127854880503062,0.0312679986130675));
#1799=CARTESIAN_POINT('',(0.0650009095028701,-0.0131075301264586,0.031328288440562));
#1800=CARTESIAN_POINT('',(0.0657825589793161,-0.0127843899412604,0.0314052848685885));
#1801=CARTESIAN_POINT('',(0.0661086051733685,-0.0120004389218384,0.0314553147717902));
#1802=CARTESIAN_POINT('',(0.06578302009394,-0.0112155274648864,0.0314455494459865));
#1803=CARTESIAN_POINT('',(0.0649995146792357,-0.0108923714757393,0.0313812170935563));
#1804=CARTESIAN_POINT('',(0.0642180061239177,-0.0112149867019352,0.0313029969561003));
#1805=CARTESIAN_POINT('',(0.0638909861381068,-0.0119998813119396,0.0312568752564314));
#1806=CARTESIAN_POINT('',(0.0642180493236552,-0.0127854880503062,0.0312679986130675));
#1807=CARTESIAN_POINT('',(0.064,-0.012,0.0312664160991488));
#1808=CARTESIAN_POINT('',(0.0762185272776208,0.000786021839603019,0.0326209215587103));
#1809=CARTESIAN_POINT('',(0.0758908014572446,-1.82443582988706E-7,0.0325895453193102));
#1810=CARTESIAN_POINT('',(0.0762182668934009,-0.000785292065271064,0.0326208971640488));
#1811=CARTESIAN_POINT('',(0.0769994865624572,-0.00110727780006555,0.032697514167978));
#1812=CARTESIAN_POINT('',(0.0777817754639197,-0.000785596397325197,0.0327771442417204));
#1813=CARTESIAN_POINT('',(0.0781088393709385,-1.7795397058293E-7,0.0328113994726234));
#1814=CARTESIAN_POINT('',(0.0777828666548208,0.000784124164470187,0.0327772578264166));
#1815=CARTESIAN_POINT('',(0.0770011936670774,0.0011074627062391,0.0326976840018186));
#1816=CARTESIAN_POINT('',(0.0762185272776208,0.000786021839603019,0.0326209215587103));
#1817=CARTESIAN_POINT('',(0.0758908014572446,-1.82443582988706E-7,0.0325895453193102));
#1818=CARTESIAN_POINT('',(0.0762182668934009,-0.000785292065271064,0.0326208971640488));
#1819=CARTESIAN_POINT('',(0.076,-1.19262238973405E-18,0.0326));
#1820=CARTESIAN_POINT('',(0.0642183064911328,0.0127862602896867,0.0312680035309124));
#1821=CARTESIAN_POINT('',(0.0638909862694328,0.0119995080993413,0.0312568836339573));
#1822=CARTESIAN_POINT('',(0.0642177484311362,0.0112157073129483,0.0313029585281516));
#1823=CARTESIAN_POINT('',(0.0649978134301031,0.0108925892462565,0.0313810561531174));
#1824=CARTESIAN_POINT('',(0.0657818126745041,0.011213942732648,0.0314454776530177));
#1825=CARTESIAN_POINT('',(0.0661086650802681,0.0120001063362738,0.0314553297611882));
#1826=CARTESIAN_POINT('',(0.0657835264223955,0.0127829891324353,0.0314054076698648));
#1827=CARTESIAN_POINT('',(0.0650027615774087,0.0131076841887491,0.0313284457457683));
#1828=CARTESIAN_POINT('',(0.0642183064911328,0.0127862602896867,0.0312680035309124));
#1829=CARTESIAN_POINT('',(0.0638909862694328,0.0119995080993413,0.0312568836339573));
#1830=CARTESIAN_POINT('',(0.0642177484311362,0.0112157073129483,0.0313029585281516));
#1831=CARTESIAN_POINT('',(0.064,0.012,0.0312664160991488));
#1832=CARTESIAN_POINT('',(0.0642176144150438,0.022785736612915,0.0309355586910947));
#1833=CARTESIAN_POINT('',(0.0638913534307379,0.0219994040188386,0.0309467011062775));
#1834=CARTESIAN_POINT('',(0.0642169718620045,0.0212166473117308,0.0309988984071886));
#1835=CARTESIAN_POINT('',(0.0649972652008612,0.0208922194520094,0.0310652384621677));
#1836=CARTESIAN_POINT('',(0.0657825296048388,0.0212144857820464,0.0311049617665568));
#1837=CARTESIAN_POINT('',(0.0661082613423713,0.022000212524487,0.0310900928846721));
#1838=CARTESIAN_POINT('',(0.0657844243962415,0.022781915808712,0.0310321754163216));
#1839=CARTESIAN_POINT('',(0.0650033542591776,0.0231080819178509,0.0309693949483731));
#1840=CARTESIAN_POINT('',(0.0642176144150438,0.022785736612915,0.0309355586910947));
#1841=CARTESIAN_POINT('',(0.0638913534307379,0.0219994040188386,0.0309467011062775));
#1842=CARTESIAN_POINT('',(0.0642169718620045,0.0212166473117308,0.0309988984071886));
#1843=CARTESIAN_POINT('',(0.064,0.022,0.0309535435872322));
#1844=CARTESIAN_POINT('',(0.0762169301514326,0.0227855605788022,0.0316478106247576));
#1845=CARTESIAN_POINT('',(0.0758917749675412,0.021999086286416,0.0316941857657499));
#1846=CARTESIAN_POINT('',(0.0762159699784029,0.0212180942755337,0.0317758187828761));
#1847=CARTESIAN_POINT('',(0.0769958290577119,0.0208917794460831,0.0318508119343094));
#1848=CARTESIAN_POINT('',(0.0777833587333166,0.0212148130400211,0.0318734044178186));
#1849=CARTESIAN_POINT('',(0.0781077800995592,0.0220007384830529,0.0318237710112389));
#1850=CARTESIAN_POINT('',(0.0777855205414837,0.0227802522307022,0.0317342562327081));
#1851=CARTESIAN_POINT('',(0.0770050998947196,0.0231085359197736,0.0316622475833798));
#1852=CARTESIAN_POINT('',(0.0762169301514326,0.0227855605788022,0.0316478106247576));
#1853=CARTESIAN_POINT('',(0.0758917749675412,0.021999086286416,0.0316941857657499));
#1854=CARTESIAN_POINT('',(0.0762159699784029,0.0212180942755337,0.0317758187828761));
#1855=CARTESIAN_POINT('',(0.076,0.022,0.0317000620784389));
#1856=CARTESIAN_POINT('',(0.0522182585758762,-0.0112143736741798,0.0302044830334506));
#1857=CARTESIAN_POINT('',(0.0518909327492316,-0.0120001387906882,0.0301723973014329));
#1858=CARTESIAN_POINT('',(0.0522180104271974,-0.0127850711630673,0.0301997408225188));
#1859=CARTESIAN_POINT('',(0.0529996206671882,-0.0131074466029725,0.0302681312053174));
#1860=CARTESIAN_POINT('',(0.0537821980518842,-0.0127851422822852,0.0303396390946141));
#1861=CARTESIAN_POINT('',(0.0541087001258452,-0.0120001454489621,0.0303740979472132));
#1862=CARTESIAN_POINT('',(0.0537830012291371,-0.0112158843922067,0.0303489456465457));
#1863=CARTESIAN_POINT('',(0.053000694810112,-0.0108924358232761,0.0302780508475025));
#1864=CARTESIAN_POINT('',(0.0522182585758762,-0.0112143736741798,0.0302044830334506));
#1865=CARTESIAN_POINT('',(0.0518909327492316,-0.0120001387906882,0.0301723973014329));
#1866=CARTESIAN_POINT('',(0.0522180104271974,-0.0127850711630673,0.0301997408225188));
#1867=CARTESIAN_POINT('',(0.052,-0.012,0.0301823021769502));
#1868=CARTESIAN_POINT('',(0.0655791459634273,0.0284420733682759,0.030723031377875));
#1869=CARTESIAN_POINT('',(0.0611045566137138,0.0242014218728576,0.0307870466546524));
#1870=CARTESIAN_POINT('',(0.0559115079592381,0.0195359633490801,0.0305170246440427));
#1871=CARTESIAN_POINT('',(0.05,0.0143841841115579,0.03));
#1872=CARTESIAN_POINT('',(0.05,-0.0143841841115591,0.03));
#1873=CARTESIAN_POINT('',(0.0559115080241841,-0.0195359634056807,0.0305170246497229));
#1874=CARTESIAN_POINT('',(0.0611045566786599,-0.0242014219221871,0.0307870466544315));
#1875=CARTESIAN_POINT('',(0.0655791459634273,-0.0284420733682759,0.030723031377875));
#1876=CARTESIAN_POINT('',(0.065579137804826,-0.0284420851761598,0.0307230065962654));
#1877=CARTESIAN_POINT('',(0.1,-0.025,0.0323205080756887));
#1878=CARTESIAN_POINT('',(0.15,-0.04,8.88178419700125E-18));
#1879=CARTESIAN_POINT('',(0.05,-0.03,0.));
#1880=CARTESIAN_POINT('',(0.15,-0.04,0.000872664748452061));
#1881=CARTESIAN_POINT('',(0.05,-0.03,0.000625));
#1882=CARTESIAN_POINT('',(0.15,-0.0399714319268528,0.00174532898515978));
#1883=CARTESIAN_POINT('',(0.05,-0.03,0.00125));
#1884=CARTESIAN_POINT('',(0.15,-0.0398572819322354,0.00348692135325168));
#1885=CARTESIAN_POINT('',(0.05,-0.03,0.0025));
#1886=CARTESIAN_POINT('',(0.15,-0.0397717000456689,0.00435584882965449));
#1887=CARTESIAN_POINT('',(0.05,-0.03,0.003125));
#1888=CARTESIAN_POINT('',(0.15,-0.0395438888642359,0.00608624654794966));
#1889=CARTESIAN_POINT('',(0.05,-0.03,0.004375));
#1890=CARTESIAN_POINT('',(0.15,-0.0394016596390271,0.00694771626073853));
#1891=CARTESIAN_POINT('',(0.05,-0.03,0.005));
#1892=CARTESIAN_POINT('',(0.15,-0.0390611627932314,0.00865950950055175));
#1893=CARTESIAN_POINT('',(0.05,-0.03,0.00625));
#1894=CARTESIAN_POINT('',(0.15,-0.038862895276758,0.00950983250416129));
#1895=CARTESIAN_POINT('',(0.05,-0.03,0.006875));
#1896=CARTESIAN_POINT('',(0.15,-0.0384111708263674,0.0111956911040404));
#1897=CARTESIAN_POINT('',(0.05,-0.03,0.008125));
#1898=CARTESIAN_POINT('',(0.15,-0.0381577140305738,0.0120312261848252));
#1899=CARTESIAN_POINT('',(0.05,-0.03,0.00875));
#1900=CARTESIAN_POINT('',(0.15,-0.0375966963290347,0.0136839310394278));
#1901=CARTESIAN_POINT('',(0.05,-0.03,0.01));
#1902=CARTESIAN_POINT('',(0.15,-0.0372891355948317,0.0145011003078982));
#1903=CARTESIAN_POINT('',(0.05,-0.03,0.010625));
#1904=CARTESIAN_POINT('',(0.15,-0.0366212270060713,0.016113574281309));
#1905=CARTESIAN_POINT('',(0.05,-0.03,0.011875));
#1906=CARTESIAN_POINT('',(0.15,-0.0362608793557403,0.0169088784932034));
#1907=CARTESIAN_POINT('',(0.05,-0.03,0.0125));
#1908=CARTESIAN_POINT('',(0.15,-0.0354889399668748,0.0184742167243167));
#1909=CARTESIAN_POINT('',(0.05,-0.03,0.01375));
#1910=CARTESIAN_POINT('',(0.15,-0.0350773484643761,0.0192442502649025));
#1911=CARTESIAN_POINT('',(0.05,-0.03,0.014375));
#1912=CARTESIAN_POINT('',(0.15,-0.034204683838379,0.0207557497350976));
#1913=CARTESIAN_POINT('',(0.05,-0.03,0.015625));
#1914=CARTESIAN_POINT('',(0.15,-0.033743610981715,0.0214972152025361));
#1915=CARTESIAN_POINT('',(0.05,-0.03,0.01625));
#1916=CARTESIAN_POINT('',(0.15,-0.0327739580024886,0.0229484034390321));
#1917=CARTESIAN_POINT('',(0.05,-0.03,0.0175));
#1918=CARTESIAN_POINT('',(0.15,-0.0322653781764168,0.02365812576436));
#1919=CARTESIAN_POINT('',(0.05,-0.03,0.018125));
#1920=CARTESIAN_POINT('',(0.15,-0.031202889046882,0.0250427885563377));
#1921=CARTESIAN_POINT('',(0.05,-0.03,0.019375));
#1922=CARTESIAN_POINT('',(0.15,-0.0306489800682962,0.0257177285995993));
#1923=CARTESIAN_POINT('',(0.05,-0.03,0.02));
#1924=CARTESIAN_POINT('',(0.15,-0.029498204530022,0.0270299366084062));
#1925=CARTESIAN_POINT('',(0.05,-0.03,0.02125));
#1926=CARTESIAN_POINT('',(0.15,-0.0289013383222061,0.0276672041727177));
#1927=CARTESIAN_POINT('',(0.05,-0.03,0.021875));
#1928=CARTESIAN_POINT('',(0.15,-0.0276672041727177,0.0289013383222061));
#1929=CARTESIAN_POINT('',(0.05,-0.03,0.023125));
#1930=CARTESIAN_POINT('',(0.15,-0.0270299366084062,0.029498204530022));
#1931=CARTESIAN_POINT('',(0.05,-0.03,0.02375));
#1932=CARTESIAN_POINT('',(0.15,-0.0257177285995993,0.0306489800682962));
#1933=CARTESIAN_POINT('',(0.05,-0.03,0.025));
#1934=CARTESIAN_POINT('',(0.15,-0.0250427885563377,0.031202889046882));
#1935=CARTESIAN_POINT('',(0.05,-0.03,0.025625));
#1936=CARTESIAN_POINT('',(0.15,-0.02365812576436,0.0322653781764168));
#1937=CARTESIAN_POINT('',(0.05,-0.03,0.026875));
#1938=CARTESIAN_POINT('',(0.15,-0.0229484034390321,0.0327739580024886));
#1939=CARTESIAN_POINT('',(0.05,-0.03,0.0275));
#1940=CARTESIAN_POINT('',(0.15,-0.0214972152025361,0.033743610981715));
#1941=CARTESIAN_POINT('',(0.05,-0.03,0.02875));
#1942=CARTESIAN_POINT('',(0.15,-0.0207557498411466,0.0342046837771516));
#1943=CARTESIAN_POINT('',(0.05,-0.03,0.029375));
#1944=CARTESIAN_POINT('',(0.15,-0.02,0.0346410161513775));
#1945=CARTESIAN_POINT('',(0.05,-0.03,0.03));
#1946=CARTESIAN_POINT('',(0.0655791361423652,-0.0284420967004638,0.0307229780456488));
#1947=CARTESIAN_POINT('',(0.0652045198801288,-0.0289011118160755,0.0285730769582814));
#1948=CARTESIAN_POINT('',(0.0648610608150757,-0.0293058688967023,0.0263276352263201));
#1949=CARTESIAN_POINT('',(0.0645487589472061,-0.0296543808116909,0.0239999999744082));
#1950=CARTESIAN_POINT('',(0.0645487589471485,-0.0296543808079123,0.024));
#1951=CARTESIAN_POINT('',(0.0645487589471485,-0.0296543808079123,0.024));
#1952=CARTESIAN_POINT('',(0.059698191562832,-0.0297282893523102,0.024));
#1953=CARTESIAN_POINT('',(0.0548485972408221,-0.0298431587266109,0.024));
#1954=CARTESIAN_POINT('',(0.05,-0.03,0.024));
#1955=CARTESIAN_POINT('',(0.1,-0.035,4.44089209850062E-18));
#1956=CARTESIAN_POINT('',(0.0135,-0.015,0.024));
#1957=CARTESIAN_POINT('',(0.0645487589514371,-0.029654380697401,0.0240000000000011));
#1958=CARTESIAN_POINT('',(0.059742063031867,-0.0248943882871804,0.0240000000000011));
#1959=CARTESIAN_POINT('',(0.0548986731223566,-0.0201714119248188,0.024));
#1960=CARTESIAN_POINT('',(0.0500000000070282,-0.0155061084666618,0.024));
#1961=CARTESIAN_POINT('',(0.02,-0.17465249196573,0.005));
#1962=CARTESIAN_POINT('',(0.02,-0.17465249196573,0.01));
#1963=CARTESIAN_POINT('',(0.02,-0.17465249196573,-0.01));
#1964=CARTESIAN_POINT('',(0.01,-0.17465249196573,0.01));
#1965=CARTESIAN_POINT('',(0.1015,0.02,0.02));
#1966=CARTESIAN_POINT('',(-2.000000000002E-6,0.0274954541697351,0.02));
#1967=CARTESIAN_POINT('',(0.1015,-0.02,0.02));
#1968=CARTESIAN_POINT('',(0.075,-0.02,0.02));
#1969=CARTESIAN_POINT('',(0.075,0.02,0.02));
#1970=CARTESIAN_POINT('',(0.075,0.02,0.01));
#1971=CARTESIAN_POINT('',(0.075,-0.02,0.01));
#1972=CARTESIAN_POINT('',(0.075,-0.02,-0.02));
#1973=CARTESIAN_POINT('',(0.075,0.02,-0.02));
#1974=CARTESIAN_POINT('',(0.1015,-0.02,0.01));
#1975=CARTESIAN_POINT('',(0.1015,-0.02,-0.02));
#1976=CARTESIAN_POINT('',(0.053,-0.012,0.19865249196573));
#1977=CARTESIAN_POINT('',(0.077,0.022,0.19865249196573));
#1978=CARTESIAN_POINT('',(0.065,0.022,0.19865249196573));
#1979=CARTESIAN_POINT('',(0.065,0.012,0.19865249196573));
#1980=CARTESIAN_POINT('',(0.077,8.06129398031036E-19,0.19865249196573));
#1981=CARTESIAN_POINT('',(0.065,-0.012,0.19865249196573));
#1982=CARTESIAN_POINT('',(0.053,0.012,0.19865249196573));
#1983=CARTESIAN_POINT('',(0.077,0.012,0.19865249196573));
#1984=CARTESIAN_POINT('',(0.077,-0.012,0.19865249196573));
#1985=CARTESIAN_POINT('',(0.141,0.,0.02));
#1986=CARTESIAN_POINT('',(0.141,0.,9.63141612600156E-18));
#1987=CARTESIAN_POINT('',(0.141,3.46944695195361E-18,1.14278310470556E-17));
#1988=CARTESIAN_POINT('',(0.141,3.46944695195361E-18,-0.029));
#1989=CARTESIAN_POINT('',(0.14,3.46944695195361E-18,1.14278310470556E-17));
#1990=CARTESIAN_POINT('',(0.14,3.46944695195361E-18,1.14278310470556E-17));
#1991=CARTESIAN_POINT('',(0.14,3.46944695195361E-18,-0.029));
#1992=CARTESIAN_POINT('',(0.14,3.46944695195361E-18,6.04556909429006E-18));
#1993=CARTESIAN_POINT('',(0.14,3.46944695195361E-18,6.04556909429006E-18));
#1994=CARTESIAN_POINT('',(0.14,3.46944695195361E-18,-0.01));
#1995=CARTESIAN_POINT('',(0.149,3.46944695195361E-18,6.04556909429006E-18));
#1996=CARTESIAN_POINT('',(0.149,3.46944695195361E-18,-0.01));
#1997=CARTESIAN_POINT('',(0.14,0.,0.02));
#1998=CARTESIAN_POINT('',(-2.000000000002E-6,5.20417042793042E-18,-1.51788304147971E-18));
#1999=CARTESIAN_POINT('',(-2.000000000002E-6,0.0274954541697351,-0.02));
#2000=CARTESIAN_POINT('',(0.0645415776237034,0.0296623916290666,0.0239464157577826));
#2001=CARTESIAN_POINT('',(0.0646336333132969,0.0295597399603561,0.0246340786171354));
#2002=CARTESIAN_POINT('',(0.0647297124707076,0.0294511206552438,0.0253217527319218));
#2003=CARTESIAN_POINT('',(0.0649489578303308,0.029199231663304,0.0268278823269896));
#2004=CARTESIAN_POINT('',(0.0650741509058542,0.0290526746055337,0.0276492078464272));
#2005=CARTESIAN_POINT('',(0.0652693506865796,0.0288200468519865,0.0288721234814457));
#2006=CARTESIAN_POINT('',(0.0653366020354784,0.0287386834875357,0.0292860110900814));
#2007=CARTESIAN_POINT('',(0.0654718385770988,0.0285745276315948,0.0300968177489008));
#2008=CARTESIAN_POINT('',(0.0655437041886176,0.0284849128941945,0.030524470612214));
#2009=CARTESIAN_POINT('',(0.0656777219660556,0.0283223154308181,0.031281053317914));
#2010=CARTESIAN_POINT('',(0.0657443047217821,0.0282404697670013,0.0316584152749591));
#2011=CARTESIAN_POINT('',(0.0658561814472395,0.0281010618293594,0.0322925822946201));
#2012=CARTESIAN_POINT('',(0.0659013991186724,0.0280442019670454,0.0325491612971872));
#2013=CARTESIAN_POINT('',(0.0659465443700289,0.0279869124966873,0.0328056309513317));
#2014=CARTESIAN_POINT('',(0.05,0.0158313327334642,0.0219090133785962));
#2015=CARTESIAN_POINT('',(0.05,0.0157396502757627,0.0225314061915278));
#2016=CARTESIAN_POINT('',(0.05,0.0156435553230658,0.023153110238329));
#2017=CARTESIAN_POINT('',(0.05,0.015423118775152,0.0245133872434207));
#2018=CARTESIAN_POINT('',(0.05,0.0152968650623123,0.02525166043532));
#2019=CARTESIAN_POINT('',(0.05,0.0150975540275156,0.026357524018404));
#2020=CARTESIAN_POINT('',(0.05,0.015029402360309,0.0267259004733882));
#2021=CARTESIAN_POINT('',(0.05,0.0148898656688125,0.0274619941800785));
#2022=CARTESIAN_POINT('',(0.05,0.0148181632276396,0.027829640758387));
#2023=CARTESIAN_POINT('',(0.05,0.0146724025647669,0.0285644545191698));
#2024=CARTESIAN_POINT('',(0.05,0.0145992371940506,0.0289318029229749));
#2025=CARTESIAN_POINT('',(0.05,0.0144753733612198,0.0295487542620574));
#2026=CARTESIAN_POINT('',(0.05,0.0144250207541131,0.0297984281081027));
#2027=CARTESIAN_POINT('',(0.05,0.0143744515411614,0.0300480575356425));
#2028=CARTESIAN_POINT('',(0.0659465443699883,-0.0279869124967388,0.0328056309511014));
#2029=CARTESIAN_POINT('',(0.0659013991186453,-0.0280442019670794,0.0325491612970336));
#2030=CARTESIAN_POINT('',(0.0658561814472259,-0.0281010618293763,0.0322925822945433));
#2031=CARTESIAN_POINT('',(0.0657443047217821,-0.0282404697670013,0.0316584152749591));
#2032=CARTESIAN_POINT('',(0.0656777219660557,-0.0283223154308181,0.0312810533179141));
#2033=CARTESIAN_POINT('',(0.0655437041886176,-0.0284849128941946,0.0305244706122139));
#2034=CARTESIAN_POINT('',(0.0654718385770988,-0.0285745276315948,0.0300968177489008));
#2035=CARTESIAN_POINT('',(0.0653366020354783,-0.0287386834875357,0.0292860110900812));
#2036=CARTESIAN_POINT('',(0.0652693506865796,-0.0288200468519865,0.0288721234814457));
#2037=CARTESIAN_POINT('',(0.0650741509058542,-0.0290526746055337,0.0276492078464274));
#2038=CARTESIAN_POINT('',(0.0649489578303307,-0.029199231663304,0.0268278823269897));
#2039=CARTESIAN_POINT('',(0.0647297124727356,-0.0294511206529137,0.0253217527458541));
#2040=CARTESIAN_POINT('',(0.0646336333171905,-0.0295597399559542,0.024634078645004));
#2041=CARTESIAN_POINT('',(0.0645415776292992,-0.0296623916228265,0.0239464157995847));
#2042=CARTESIAN_POINT('',(0.05,-0.0143744515412069,0.0300480575354184));
#2043=CARTESIAN_POINT('',(0.05,-0.0144250207541434,0.0297984281079534));
#2044=CARTESIAN_POINT('',(0.05,-0.0144753733612349,0.0295487542619827));
#2045=CARTESIAN_POINT('',(0.05,-0.0145992371940508,0.0289318029229751));
#2046=CARTESIAN_POINT('',(0.05,-0.014672402564767,0.0285644545191699));
#2047=CARTESIAN_POINT('',(0.05,-0.0148181632276398,0.027829640758387));
#2048=CARTESIAN_POINT('',(0.05,-0.0148898656688126,0.0274619941800789));
#2049=CARTESIAN_POINT('',(0.05,-0.0150294023603092,0.0267259004733879));
#2050=CARTESIAN_POINT('',(0.05,-0.0150975540275158,0.0263575240184041));
#2051=CARTESIAN_POINT('',(0.05,-0.0152968650623125,0.0252516604353202));
#2052=CARTESIAN_POINT('',(0.05,-0.0154231187751521,0.0245133872434209));
#2053=CARTESIAN_POINT('',(0.05,-0.0156435553210268,0.0231531102509122));
#2054=CARTESIAN_POINT('',(0.05,-0.0157396502718686,0.022531406216723));
#2055=CARTESIAN_POINT('',(0.05,-0.0158313327278911,0.0219090134164306));
#2056=CARTESIAN_POINT('',(-2.000000000002E-6,0.00494974746830583,-0.00494974746830583));
#2057=CARTESIAN_POINT('',(0.149,0.00494974746830583,-0.00494974746830583));
#2058=CARTESIAN_POINT('',(0.149,0.00494974746830583,-0.00369974746830583));
#2059=CARTESIAN_POINT('',(-2.000000000002E-6,-0.00494974746830583,-0.00494974746830583));
#2060=CARTESIAN_POINT('',(0.149,-0.00494974746830583,-0.00494974746830583));
#2061=CARTESIAN_POINT('',(0.149,-0.00494974746830583,-0.00369974746830583));
#2062=CARTESIAN_POINT('',(0.08,-0.015,-0.012));
#2063=CARTESIAN_POINT('',(0.08,0.0306252936883213,-0.02));
#2064=CARTESIAN_POINT('',(0.08,0.0303013144855326,-0.0213417738603428));
#2065=CARTESIAN_POINT('',(0.08,0.0299445720332732,-0.0226751246688798));
#2066=CARTESIAN_POINT('',(0.08,0.0295548624109913,-0.024));
#2067=CARTESIAN_POINT('',(0.08,0.0295548624109913,-0.024));
#2068=CARTESIAN_POINT('',(0.08,0.0306252936883212,-0.02));
#2069=CARTESIAN_POINT('',(0.08,-0.015,-0.024));
#2070=CARTESIAN_POINT('',(0.08,-0.015,-0.02));
#2071=CARTESIAN_POINT('',(0.15,0.02,-0.0346410161513775));
#2072=CARTESIAN_POINT('',(0.0640360515007723,0.0285963948499228,-0.0306514154171665));
#2073=CARTESIAN_POINT('',(0.15,0.0207557498411466,-0.0342046837771516));
#2074=CARTESIAN_POINT('',(0.0640360515007723,0.0287024722868431,-0.0300528969022854));
#2075=CARTESIAN_POINT('',(0.15,0.0214972152025361,-0.033743610981715));
#2076=CARTESIAN_POINT('',(0.0640360515007723,0.0288065447468281,-0.0294509058091417));
#2077=CARTESIAN_POINT('',(0.15,0.0229484034390321,-0.0327739580024886));
#2078=CARTESIAN_POINT('',(0.0640360515007723,0.0290102342750759,-0.0282402554613584));
#2079=CARTESIAN_POINT('',(0.15,0.02365812576436,-0.0322653781764168));
#2080=CARTESIAN_POINT('',(0.0640360515007723,0.0291098512661714,-0.0276315962569283));
#2081=CARTESIAN_POINT('',(0.15,0.0250427885563376,-0.031202889046882));
#2082=CARTESIAN_POINT('',(0.0640360515007723,0.0293042032487654,-0.0264079153792763));
#2083=CARTESIAN_POINT('',(0.15,0.0257177285995993,-0.0306489800682962));
#2084=CARTESIAN_POINT('',(0.0640360515007723,0.0293989381808369,-0.0257928937516544));
#2085=CARTESIAN_POINT('',(0.15,0.0270299366084061,-0.029498204530022));
#2086=CARTESIAN_POINT('',(0.0640360515007723,0.0295831203727503,-0.0245568209482036));
#2087=CARTESIAN_POINT('',(0.15,0.0276672041727177,-0.0289013383222061));
#2088=CARTESIAN_POINT('',(0.0640360515007723,0.0296725675762748,-0.0239357698217637));
#2089=CARTESIAN_POINT('',(0.15,0.0289013383222061,-0.0276672041727177));
#2090=CARTESIAN_POINT('',(0.0640360515007723,0.0298457912810856,-0.0226879967607125));
#2091=CARTESIAN_POINT('',(0.15,0.029498204530022,-0.0270299366084062));
#2092=CARTESIAN_POINT('',(0.0640360515007723,0.0299295677294053,-0.0220612748790679));
#2093=CARTESIAN_POINT('',(0.15,0.0306489800682962,-0.0257177285995993));
#2094=CARTESIAN_POINT('',(0.0640360515007723,0.0300910911766158,-0.0208025433309141));
#2095=CARTESIAN_POINT('',(0.15,0.031202889046882,-0.0250427885563377));
#2096=CARTESIAN_POINT('',(0.0640360515007723,0.0301688381261175,-0.0201705337207224));
#2097=CARTESIAN_POINT('',(0.15,0.0322653781764168,-0.02365812576436));
#2098=CARTESIAN_POINT('',(0.0640360515007723,0.0303179696475291,-0.0189016323818881));
#2099=CARTESIAN_POINT('',(0.15,0.0327739580024886,-0.0229484034390322));
#2100=CARTESIAN_POINT('',(0.0640360515007723,0.0303893541738391,-0.0182647407126724));
#2101=CARTESIAN_POINT('',(0.15,0.033743610981715,-0.0214972152025361));
#2102=CARTESIAN_POINT('',(0.0640360515007723,0.0305254551653821,-0.0169865018281843));
#2103=CARTESIAN_POINT('',(0.15,0.034204683838379,-0.0207557497350976));
#2104=CARTESIAN_POINT('',(0.0640360515007723,0.0305901715889995,-0.016345154675194));
#2105=CARTESIAN_POINT('',(0.15,0.0346619601024015,-0.0199637240127153));
#2106=CARTESIAN_POINT('',(0.0640360515007723,0.0306543551209185,-0.0156709216742312));
#2107=CARTESIAN_POINT('',(0.15,0.034682847050598,-0.0199274151155428));
#2108=CARTESIAN_POINT('',(0.0640360515007723,0.0306572868237243,-0.0156400361541749));
#2109=CARTESIAN_POINT('',(0.15,0.0347036768985359,-0.0198910734907635));
#2110=CARTESIAN_POINT('',(0.0640360515007723,0.0306602105119084,-0.0156091460404549));
#2111=CARTESIAN_POINT('',(0.0645487589471485,0.0296543808079123,-0.024));
#2112=CARTESIAN_POINT('',(0.0696996219947537,0.0295758966306855,-0.024));
#2113=CARTESIAN_POINT('',(0.0748500267607272,0.029543623106115,-0.024));
#2114=CARTESIAN_POINT('',(0.08,0.0295548624109913,-0.024));
#2115=CARTESIAN_POINT('',(0.0645487589471485,0.0296543808079123,-0.024));
#2116=CARTESIAN_POINT('',(0.15,0.0346410161513776,-0.02));
#2117=CARTESIAN_POINT('',(0.126692066792149,0.0328864491310586,-0.02));
#2118=CARTESIAN_POINT('',(0.103360600743774,0.0314254271033475,-0.02));
#2119=CARTESIAN_POINT('',(0.08,0.0306252936883213,-0.02));
#2120=CARTESIAN_POINT('',(0.1,0.025,-0.0323205080756887));
#2121=CARTESIAN_POINT('',(0.0655791414037509,0.0284420829616318,-0.0307230306367364));
#2122=CARTESIAN_POINT('',(0.064548758947206,0.0296543808116909,-0.0239999999744082));
#2123=CARTESIAN_POINT('',(0.0648610608150761,0.0293058688967017,-0.0263276352263233));
#2124=CARTESIAN_POINT('',(0.0652045198801292,0.0289011118160749,-0.0285730769582845));
#2125=CARTESIAN_POINT('',(0.0655791361423652,0.0284420967004638,-0.0307229780456488));
#2126=CARTESIAN_POINT('',(0.0635,-0.015,-0.024));
#2127=CARTESIAN_POINT('',(0.077,-0.012,-0.024));
#2128=CARTESIAN_POINT('',(0.076,-0.012,-0.024));
#2129=CARTESIAN_POINT('',(0.077,0.012,-0.024));
#2130=CARTESIAN_POINT('',(0.076,0.012,-0.024));
#2131=CARTESIAN_POINT('',(0.053,0.012,-0.024));
#2132=CARTESIAN_POINT('',(0.052,0.012,-0.024));
#2133=CARTESIAN_POINT('',(0.065,-0.012,-0.024));
#2134=CARTESIAN_POINT('',(0.064,-0.012,-0.024));
#2135=CARTESIAN_POINT('',(0.077,8.06129398031036E-19,-0.024));
#2136=CARTESIAN_POINT('',(0.076,8.06129398031036E-19,-0.024));
#2137=CARTESIAN_POINT('',(0.065,0.012,-0.024));
#2138=CARTESIAN_POINT('',(0.064,0.012,-0.024));
#2139=CARTESIAN_POINT('',(0.065,0.022,-0.024));
#2140=CARTESIAN_POINT('',(0.064,0.022,-0.024));
#2141=CARTESIAN_POINT('',(0.077,0.022,-0.024));
#2142=CARTESIAN_POINT('',(0.076,0.022,-0.024));
#2143=CARTESIAN_POINT('',(0.053,-0.012,-0.024));
#2144=CARTESIAN_POINT('',(0.052,-0.012,-0.024));
#2145=CARTESIAN_POINT('',(0.05,-0.17465249196573,-0.024));
#2146=CARTESIAN_POINT('',(0.05,0.0155061084666616,-0.024));
#2147=CARTESIAN_POINT('',(0.0500000000070282,0.0155061084666616,-0.024));
#2148=CARTESIAN_POINT('',(0.0545552980809495,0.0198443950509822,-0.024));
#2149=CARTESIAN_POINT('',(0.0594048843957524,0.0245604857945621,-0.024));
#2150=CARTESIAN_POINT('',(0.064548758951437,0.0296543806974012,-0.024));
#2151=CARTESIAN_POINT('',(0.05,6.93889390390723E-18,-0.015));
#2152=CARTESIAN_POINT('',(0.05,-0.03,-0.03));
#2153=CARTESIAN_POINT('',(0.05,-0.0143841841115591,-0.03));
#2154=CARTESIAN_POINT('',(0.05,0.0143841841115589,-0.03));
#2155=CARTESIAN_POINT('',(0.05,-0.0155061084481218,-0.0240000000722892));
#2156=CARTESIAN_POINT('',(0.05,-0.0154233895216188,-0.0245047577451153));
#2157=CARTESIAN_POINT('',(0.05,-0.01529489030199,-0.0252602945861709));
#2158=CARTESIAN_POINT('',(0.05,-0.0151384907727372,-0.0261323366786429));
#2159=CARTESIAN_POINT('',(0.05,-0.0150574173855954,-0.0265726214721274));
#2160=CARTESIAN_POINT('',(0.05,-0.0150122371967767,-0.0268150310680246));
#2161=CARTESIAN_POINT('',(0.05,-0.014973378206068,-0.0270215562960794));
#2162=CARTESIAN_POINT('',(0.05,-0.0149522725739835,-0.0271327275151878));
#2163=CARTESIAN_POINT('',(0.05,-0.0149152838163293,-0.027326417516828));
#2164=CARTESIAN_POINT('',(0.05,-0.0148481705093495,-0.0276740853586923));
#2165=CARTESIAN_POINT('',(0.05,-0.0147348653064162,-0.0282520106537695));
#2166=CARTESIAN_POINT('',(0.05,-0.0145743504644402,-0.0290578157576133));
#2167=CARTESIAN_POINT('',(0.05,-0.0144503679499014,-0.0296731034847748));
#2168=CARTESIAN_POINT('',(0.05,-0.0143841841116253,-0.0299999999996637));
#2169=CARTESIAN_POINT('',(0.0500000000042979,-0.0155061084547971,-0.0240000000733832));
#2170=CARTESIAN_POINT('',(0.05,-0.17465249196573,-0.024));
#2171=CARTESIAN_POINT('',(0.05,0.0143841841116252,-0.0299999999996637));
#2172=CARTESIAN_POINT('',(0.05,0.0144503366775078,-0.0296732579459952));
#2173=CARTESIAN_POINT('',(0.05,0.0145742721673486,-0.0290582025344508));
#2174=CARTESIAN_POINT('',(0.05,0.0147347640812952,-0.0282525104494606));
#2175=CARTESIAN_POINT('',(0.05,0.0148480872298421,-0.0276744972098713));
#2176=CARTESIAN_POINT('',(0.05,0.0149152375983235,-0.0273266450761185));
#2177=CARTESIAN_POINT('',(0.05,0.0149522471926025,-0.0271328541376144));
#2178=CARTESIAN_POINT('',(0.05,0.0149733888631971,-0.0270214988330122));
#2179=CARTESIAN_POINT('',(0.05,0.0150122200101317,-0.0268151339775142));
#2180=CARTESIAN_POINT('',(0.05,0.0150573884912935,-0.026572798924922));
#2181=CARTESIAN_POINT('',(0.05,0.0151384372708515,-0.0261326623617982));
#2182=CARTESIAN_POINT('',(0.05,0.0152948213816011,-0.0252607157528159));
#2183=CARTESIAN_POINT('',(0.05,0.0154233496528779,-0.0245050010313541));
#2184=CARTESIAN_POINT('',(0.05,0.0155061084737755,-0.0239999999157473));
#2185=CARTESIAN_POINT('',(0.15,-0.04,-8.88178419700125E-18));
#2186=CARTESIAN_POINT('',(0.05,-0.03,0.));
#2187=CARTESIAN_POINT('',(0.15,-0.04,-0.000872664748452061));
#2188=CARTESIAN_POINT('',(0.05,-0.03,-0.000625));
#2189=CARTESIAN_POINT('',(0.15,-0.0399714319268528,-0.00174532898515978));
#2190=CARTESIAN_POINT('',(0.05,-0.03,-0.00125));
#2191=CARTESIAN_POINT('',(0.15,-0.0398572819322354,-0.00348692135325168));
#2192=CARTESIAN_POINT('',(0.05,-0.03,-0.0025));
#2193=CARTESIAN_POINT('',(0.15,-0.0397717000456689,-0.00435584882965449));
#2194=CARTESIAN_POINT('',(0.05,-0.03,-0.003125));
#2195=CARTESIAN_POINT('',(0.15,-0.0395438888642359,-0.00608624654794966));
#2196=CARTESIAN_POINT('',(0.05,-0.03,-0.004375));
#2197=CARTESIAN_POINT('',(0.15,-0.0394016596390271,-0.00694771626073853));
#2198=CARTESIAN_POINT('',(0.05,-0.03,-0.005));
#2199=CARTESIAN_POINT('',(0.15,-0.0390611627932314,-0.00865950950055175));
#2200=CARTESIAN_POINT('',(0.05,-0.03,-0.00625));
#2201=CARTESIAN_POINT('',(0.15,-0.038862895276758,-0.00950983250416129));
#2202=CARTESIAN_POINT('',(0.05,-0.03,-0.006875));
#2203=CARTESIAN_POINT('',(0.15,-0.0384111708263674,-0.0111956911040404));
#2204=CARTESIAN_POINT('',(0.05,-0.03,-0.008125));
#2205=CARTESIAN_POINT('',(0.15,-0.0381577140305738,-0.0120312261848252));
#2206=CARTESIAN_POINT('',(0.05,-0.03,-0.00875));
#2207=CARTESIAN_POINT('',(0.15,-0.0375966963290347,-0.0136839310394278));
#2208=CARTESIAN_POINT('',(0.05,-0.03,-0.01));
#2209=CARTESIAN_POINT('',(0.15,-0.0372891355948317,-0.0145011003078982));
#2210=CARTESIAN_POINT('',(0.05,-0.03,-0.010625));
#2211=CARTESIAN_POINT('',(0.15,-0.0366212270060713,-0.016113574281309));
#2212=CARTESIAN_POINT('',(0.05,-0.03,-0.011875));
#2213=CARTESIAN_POINT('',(0.15,-0.0362608793557403,-0.0169088784932034));
#2214=CARTESIAN_POINT('',(0.05,-0.03,-0.0125));
#2215=CARTESIAN_POINT('',(0.15,-0.0354889399668748,-0.0184742167243167));
#2216=CARTESIAN_POINT('',(0.05,-0.03,-0.01375));
#2217=CARTESIAN_POINT('',(0.15,-0.0350773484643761,-0.0192442502649025));
#2218=CARTESIAN_POINT('',(0.05,-0.03,-0.014375));
#2219=CARTESIAN_POINT('',(0.15,-0.034204683838379,-0.0207557497350976));
#2220=CARTESIAN_POINT('',(0.05,-0.03,-0.015625));
#2221=CARTESIAN_POINT('',(0.15,-0.033743610981715,-0.0214972152025361));
#2222=CARTESIAN_POINT('',(0.05,-0.03,-0.01625));
#2223=CARTESIAN_POINT('',(0.15,-0.0327739580024886,-0.0229484034390321));
#2224=CARTESIAN_POINT('',(0.05,-0.03,-0.0175));
#2225=CARTESIAN_POINT('',(0.15,-0.0322653781764168,-0.02365812576436));
#2226=CARTESIAN_POINT('',(0.05,-0.03,-0.018125));
#2227=CARTESIAN_POINT('',(0.15,-0.031202889046882,-0.0250427885563377));
#2228=CARTESIAN_POINT('',(0.05,-0.03,-0.019375));
#2229=CARTESIAN_POINT('',(0.15,-0.0306489800682962,-0.0257177285995993));
#2230=CARTESIAN_POINT('',(0.05,-0.03,-0.02));
#2231=CARTESIAN_POINT('',(0.15,-0.029498204530022,-0.0270299366084062));
#2232=CARTESIAN_POINT('',(0.05,-0.03,-0.02125));
#2233=CARTESIAN_POINT('',(0.15,-0.0289013383222061,-0.0276672041727177));
#2234=CARTESIAN_POINT('',(0.05,-0.03,-0.021875));
#2235=CARTESIAN_POINT('',(0.15,-0.0276672041727177,-0.0289013383222061));
#2236=CARTESIAN_POINT('',(0.05,-0.03,-0.023125));
#2237=CARTESIAN_POINT('',(0.15,-0.0270299366084062,-0.029498204530022));
#2238=CARTESIAN_POINT('',(0.05,-0.03,-0.02375));
#2239=CARTESIAN_POINT('',(0.15,-0.0257177285995993,-0.0306489800682962));
#2240=CARTESIAN_POINT('',(0.05,-0.03,-0.025));
#2241=CARTESIAN_POINT('',(0.15,-0.0250427885563377,-0.031202889046882));
#2242=CARTESIAN_POINT('',(0.05,-0.03,-0.025625));
#2243=CARTESIAN_POINT('',(0.15,-0.02365812576436,-0.0322653781764168));
#2244=CARTESIAN_POINT('',(0.05,-0.03,-0.026875));
#2245=CARTESIAN_POINT('',(0.15,-0.0229484034390321,-0.0327739580024886));
#2246=CARTESIAN_POINT('',(0.05,-0.03,-0.0275));
#2247=CARTESIAN_POINT('',(0.15,-0.0214972152025361,-0.033743610981715));
#2248=CARTESIAN_POINT('',(0.05,-0.03,-0.02875));
#2249=CARTESIAN_POINT('',(0.15,-0.0207557498411466,-0.0342046837771516));
#2250=CARTESIAN_POINT('',(0.05,-0.03,-0.029375));
#2251=CARTESIAN_POINT('',(0.15,-0.02,-0.0346410161513775));
#2252=CARTESIAN_POINT('',(0.05,-0.03,-0.03));
#2253=CARTESIAN_POINT('',(0.1,-0.025,-0.0323205080756887));
#2254=CARTESIAN_POINT('',(0.065579137804826,-0.0284420851761598,-0.0307230065962654));
#2255=CARTESIAN_POINT('',(0.0645487589471485,-0.0296543808079123,-0.024));
#2256=CARTESIAN_POINT('',(0.059698191562832,-0.0297282893523102,-0.024));
#2257=CARTESIAN_POINT('',(0.0548485972408221,-0.0298431587266109,-0.024));
#2258=CARTESIAN_POINT('',(0.05,-0.03,-0.024));
#2259=CARTESIAN_POINT('',(0.0645487589628479,-0.0296543807244657,-0.0240000001041651));
#2260=CARTESIAN_POINT('',(0.0655791361423652,-0.0284420967004638,-0.0307229780456488));
#2261=CARTESIAN_POINT('',(0.0652045198876011,-0.0289011118069197,-0.0285730770011648));
#2262=CARTESIAN_POINT('',(0.0648610608287774,-0.0293058688805597,-0.0263276353158984));
#2263=CARTESIAN_POINT('',(0.0645487589658942,-0.029654380790836,-0.0240000001136938));
#2264=CARTESIAN_POINT('',(0.15,-0.02,-0.0346410161513775));
#2265=CARTESIAN_POINT('',(0.05,-0.03,-0.03));
#2266=CARTESIAN_POINT('',(0.15,-0.0192442501588533,-0.0350773485256035));
#2267=CARTESIAN_POINT('',(0.05,-0.02875,-0.03));
#2268=CARTESIAN_POINT('',(0.15,-0.0184742167243167,-0.0354889399668748));
#2269=CARTESIAN_POINT('',(0.05,-0.0275,-0.03));
#2270=CARTESIAN_POINT('',(0.15,-0.0169088784932034,-0.0362608793557403));
#2271=CARTESIAN_POINT('',(0.05,-0.025,-0.03));
#2272=CARTESIAN_POINT('',(0.15,-0.016113574281309,-0.0366212270060713));
#2273=CARTESIAN_POINT('',(0.05,-0.02375,-0.03));
#2274=CARTESIAN_POINT('',(0.15,-0.0145011003078982,-0.0372891355948317));
#2275=CARTESIAN_POINT('',(0.05,-0.02125,-0.03));
#2276=CARTESIAN_POINT('',(0.15,-0.0136839310394278,-0.0375966963290347));
#2277=CARTESIAN_POINT('',(0.05,-0.02,-0.03));
#2278=CARTESIAN_POINT('',(0.15,-0.0120312261848252,-0.0381577140305738));
#2279=CARTESIAN_POINT('',(0.05,-0.0175,-0.03));
#2280=CARTESIAN_POINT('',(0.15,-0.0111956911040404,-0.0384111708263674));
#2281=CARTESIAN_POINT('',(0.05,-0.01625,-0.03));
#2282=CARTESIAN_POINT('',(0.15,-0.00950983250416129,-0.038862895276758));
#2283=CARTESIAN_POINT('',(0.05,-0.01375,-0.03));
#2284=CARTESIAN_POINT('',(0.15,-0.00865950950055175,-0.0390611627932314));
#2285=CARTESIAN_POINT('',(0.05,-0.0125,-0.03));
#2286=CARTESIAN_POINT('',(0.15,-0.00694771626073854,-0.0394016596390271));
#2287=CARTESIAN_POINT('',(0.05,-0.01,-0.03));
#2288=CARTESIAN_POINT('',(0.15,-0.00608624654794965,-0.0395438888642359));
#2289=CARTESIAN_POINT('',(0.05,-0.00875,-0.03));
#2290=CARTESIAN_POINT('',(0.15,-0.00435584882965448,-0.0397717000456689));
#2291=CARTESIAN_POINT('',(0.05,-0.00625,-0.03));
#2292=CARTESIAN_POINT('',(0.15,-0.00348692135325169,-0.0398572819322354));
#2293=CARTESIAN_POINT('',(0.05,-0.005,-0.03));
#2294=CARTESIAN_POINT('',(0.15,-0.00174532898515979,-0.0399714319268528));
#2295=CARTESIAN_POINT('',(0.05,-0.0025,-0.03));
#2296=CARTESIAN_POINT('',(0.15,-0.000872664625997169,-0.04));
#2297=CARTESIAN_POINT('',(0.05,-0.00125,-0.03));
#2298=CARTESIAN_POINT('',(0.15,0.000872664625997159,-0.04));
#2299=CARTESIAN_POINT('',(0.05,0.00125,-0.03));
#2300=CARTESIAN_POINT('',(0.15,0.00174532898515975,-0.0399714319268528));
#2301=CARTESIAN_POINT('',(0.05,0.0025,-0.03));
#2302=CARTESIAN_POINT('',(0.15,0.00348692135325164,-0.0398572819322355));
#2303=CARTESIAN_POINT('',(0.05,0.005,-0.03));
#2304=CARTESIAN_POINT('',(0.15,0.00435584882965446,-0.0397717000456689));
#2305=CARTESIAN_POINT('',(0.05,0.00625,-0.03));
#2306=CARTESIAN_POINT('',(0.15,0.00608624654794964,-0.0395438888642359));
#2307=CARTESIAN_POINT('',(0.05,0.00875,-0.03));
#2308=CARTESIAN_POINT('',(0.15,0.00694771626073851,-0.0394016596390271));
#2309=CARTESIAN_POINT('',(0.05,0.01,-0.03));
#2310=CARTESIAN_POINT('',(0.15,0.00865950950055172,-0.0390611627932314));
#2311=CARTESIAN_POINT('',(0.05,0.0125,-0.03));
#2312=CARTESIAN_POINT('',(0.15,0.00950983250416126,-0.038862895276758));
#2313=CARTESIAN_POINT('',(0.05,0.01375,-0.03));
#2314=CARTESIAN_POINT('',(0.15,0.0111956911040404,-0.0384111708263674));
#2315=CARTESIAN_POINT('',(0.05,0.01625,-0.03));
#2316=CARTESIAN_POINT('',(0.15,0.0120312261848251,-0.0381577140305738));
#2317=CARTESIAN_POINT('',(0.05,0.0175,-0.03));
#2318=CARTESIAN_POINT('',(0.15,0.0136839310394277,-0.0375966963290347));
#2319=CARTESIAN_POINT('',(0.05,0.02,-0.03));
#2320=CARTESIAN_POINT('',(0.15,0.0145011003078982,-0.0372891355948317));
#2321=CARTESIAN_POINT('',(0.05,0.02125,-0.03));
#2322=CARTESIAN_POINT('',(0.15,0.016113574281309,-0.0366212270060713));
#2323=CARTESIAN_POINT('',(0.05,0.02375,-0.03));
#2324=CARTESIAN_POINT('',(0.15,0.0169088784932034,-0.0362608793557403));
#2325=CARTESIAN_POINT('',(0.05,0.025,-0.03));
#2326=CARTESIAN_POINT('',(0.15,0.0184742167243167,-0.0354889399668748));
#2327=CARTESIAN_POINT('',(0.05,0.0275,-0.03));
#2328=CARTESIAN_POINT('',(0.15,0.0192442501588533,-0.0350773485256036));
#2329=CARTESIAN_POINT('',(0.05,0.02875,-0.03));
#2330=CARTESIAN_POINT('',(0.15,0.02,-0.0346410161513775));
#2331=CARTESIAN_POINT('',(0.05,0.03,-0.03));
#2332=CARTESIAN_POINT('',(0.0762175910153204,-0.0112157919764572,-0.0323849592669879));
#2333=CARTESIAN_POINT('',(0.0758911182335655,-0.0119996052856911,-0.0323225484581072));
#2334=CARTESIAN_POINT('',(0.0762179360504177,-0.0127857868807784,-0.0323146935052382));
#2335=CARTESIAN_POINT('',(0.07700232198385,-0.0131076985784782,-0.0323654914417223));
#2336=CARTESIAN_POINT('',(0.0777830914285489,-0.0127834099379881,-0.032448935202997));
#2337=CARTESIAN_POINT('',(0.0781084190805718,-0.012000836213999,-0.032517054772856));
#2338=CARTESIAN_POINT('',(0.0777832318933817,-0.0112153114555166,-0.0325253006606791));
#2339=CARTESIAN_POINT('',(0.0769982395064264,-0.010892224947773,-0.0324686364152117));
#2340=CARTESIAN_POINT('',(0.0762175910153204,-0.0112157919764572,-0.0323849592669879));
#2341=CARTESIAN_POINT('',(0.0758911182335655,-0.0119996052856911,-0.0323225484581072));
#2342=CARTESIAN_POINT('',(0.0762179360504177,-0.0127857868807784,-0.0323146935052382));
#2343=CARTESIAN_POINT('',(0.076,-0.012,-0.0323316411007759));
#2344=CARTESIAN_POINT('',(0.076218196926345,0.0127866022883839,-0.0323146779670862));
#2345=CARTESIAN_POINT('',(0.0758911180291473,0.0119992221769769,-0.0323225657041945));
#2346=CARTESIAN_POINT('',(0.0762173309570659,0.0112165090037086,-0.0323849058207908));
#2347=CARTESIAN_POINT('',(0.0769965489978142,0.0108924696107265,-0.0324684729298581));
#2348=CARTESIAN_POINT('',(0.0777819187708415,0.0112136302056686,-0.0325252598388866));
#2349=CARTESIAN_POINT('',(0.0781085331725279,0.0120005084165485,-0.032517082216385));
#2350=CARTESIAN_POINT('',(0.0777839481152725,0.0127820810674981,-0.0324490770625636));
#2351=CARTESIAN_POINT('',(0.0770042932321684,0.0131078213863432,-0.0323656527724704));
#2352=CARTESIAN_POINT('',(0.076218196926345,0.0127866022883839,-0.0323146779670862));
#2353=CARTESIAN_POINT('',(0.0758911180291473,0.0119992221769769,-0.0323225657041945));
#2354=CARTESIAN_POINT('',(0.0762173309570659,0.0112165090037086,-0.0323849058207908));
#2355=CARTESIAN_POINT('',(0.076,0.012,-0.0323316411007759));
#2356=CARTESIAN_POINT('',(0.052218265327083,0.012785813691897,-0.030199761668042));
#2357=CARTESIAN_POINT('',(0.0518909332405557,0.0119997700719141,-0.0301723984784713));
#2358=CARTESIAN_POINT('',(0.0522180017106943,0.0112151060204467,-0.0302044574797736));
#2359=CARTESIAN_POINT('',(0.0529989601770031,0.0108926290667591,-0.0302778889578621));
#2360=CARTESIAN_POINT('',(0.0537818884761771,0.0112143792312886,-0.0303488512846399));
#2361=CARTESIAN_POINT('',(0.0541087119740667,0.0119998116251854,-0.0303741018781185));
#2362=CARTESIAN_POINT('',(0.053783263018843,0.0127836715731816,-0.0303397433604117));
#2363=CARTESIAN_POINT('',(0.0530013917094029,0.013107627634946,-0.0302682876842185));
#2364=CARTESIAN_POINT('',(0.052218265327083,0.012785813691897,-0.030199761668042));
#2365=CARTESIAN_POINT('',(0.0518909332405557,0.0119997700719141,-0.0301723984784713));
#2366=CARTESIAN_POINT('',(0.0522180017106943,0.0112151060204467,-0.0302044574797736));
#2367=CARTESIAN_POINT('',(0.052,0.012,-0.0301823021769502));
#2368=CARTESIAN_POINT('',(0.0642180061239177,-0.0112149867019352,-0.0313029969561003));
#2369=CARTESIAN_POINT('',(0.0638909861381068,-0.0119998813119396,-0.0312568752564314));
#2370=CARTESIAN_POINT('',(0.0642180493236552,-0.0127854880503062,-0.0312679986130675));
#2371=CARTESIAN_POINT('',(0.0650009095028701,-0.0131075301264586,-0.031328288440562));
#2372=CARTESIAN_POINT('',(0.0657825589793161,-0.0127843899412604,-0.0314052848685885));
#2373=CARTESIAN_POINT('',(0.0661086051733685,-0.0120004389218384,-0.0314553147717902));
#2374=CARTESIAN_POINT('',(0.06578302009394,-0.0112155274648864,-0.0314455494459865));
#2375=CARTESIAN_POINT('',(0.0649995146792357,-0.0108923714757393,-0.0313812170935563));
#2376=CARTESIAN_POINT('',(0.0642180061239177,-0.0112149867019352,-0.0313029969561003));
#2377=CARTESIAN_POINT('',(0.0638909861381068,-0.0119998813119396,-0.0312568752564314));
#2378=CARTESIAN_POINT('',(0.0642180493236552,-0.0127854880503062,-0.0312679986130675));
#2379=CARTESIAN_POINT('',(0.064,-0.012,-0.0312664160991488));
#2380=CARTESIAN_POINT('',(0.0762185272776208,0.000786021839603019,-0.0326209215587103));
#2381=CARTESIAN_POINT('',(0.0758908014572446,-1.82443582988706E-7,-0.0325895453193102));
#2382=CARTESIAN_POINT('',(0.0762182668934009,-0.000785292065271064,-0.0326208971640488));
#2383=CARTESIAN_POINT('',(0.0769994865624572,-0.00110727780006555,-0.032697514167978));
#2384=CARTESIAN_POINT('',(0.0777817754639197,-0.000785596397325197,-0.0327771442417204));
#2385=CARTESIAN_POINT('',(0.0781088393709385,-1.7795397058293E-7,-0.0328113994726234));
#2386=CARTESIAN_POINT('',(0.0777828666548208,0.000784124164470187,-0.0327772578264166));
#2387=CARTESIAN_POINT('',(0.0770011936670774,0.0011074627062391,-0.0326976840018186));
#2388=CARTESIAN_POINT('',(0.0762185272776208,0.000786021839603019,-0.0326209215587103));
#2389=CARTESIAN_POINT('',(0.0758908014572446,-1.82443582988706E-7,-0.0325895453193102));
#2390=CARTESIAN_POINT('',(0.0762182668934009,-0.000785292065271064,-0.0326208971640488));
#2391=CARTESIAN_POINT('',(0.076,-1.19262238973405E-18,-0.0326));
#2392=CARTESIAN_POINT('',(0.0642183064911328,0.0127862602896867,-0.0312680035309124));
#2393=CARTESIAN_POINT('',(0.0638909862694328,0.0119995080993413,-0.0312568836339573));
#2394=CARTESIAN_POINT('',(0.0642177484311362,0.0112157073129483,-0.0313029585281516));
#2395=CARTESIAN_POINT('',(0.0649978134301031,0.0108925892462565,-0.0313810561531174));
#2396=CARTESIAN_POINT('',(0.0657818126745041,0.011213942732648,-0.0314454776530177));
#2397=CARTESIAN_POINT('',(0.0661086650802681,0.0120001063362738,-0.0314553297611882));
#2398=CARTESIAN_POINT('',(0.0657835264223955,0.0127829891324353,-0.0314054076698648));
#2399=CARTESIAN_POINT('',(0.0650027615774087,0.0131076841887491,-0.0313284457457683));
#2400=CARTESIAN_POINT('',(0.0642183064911328,0.0127862602896867,-0.0312680035309124));
#2401=CARTESIAN_POINT('',(0.0638909862694328,0.0119995080993413,-0.0312568836339573));
#2402=CARTESIAN_POINT('',(0.0642177484311362,0.0112157073129483,-0.0313029585281516));
#2403=CARTESIAN_POINT('',(0.064,0.012,-0.0312664160991488));
#2404=CARTESIAN_POINT('',(0.0642176144150438,0.022785736612915,-0.0309355586910947));
#2405=CARTESIAN_POINT('',(0.0638913534307379,0.0219994040188386,-0.0309467011062775));
#2406=CARTESIAN_POINT('',(0.0642169718620045,0.0212166473117308,-0.0309988984071886));
#2407=CARTESIAN_POINT('',(0.0649972652008612,0.0208922194520094,-0.0310652384621677));
#2408=CARTESIAN_POINT('',(0.0657825296048388,0.0212144857820464,-0.0311049617665568));
#2409=CARTESIAN_POINT('',(0.0661082613423713,0.022000212524487,-0.0310900928846721));
#2410=CARTESIAN_POINT('',(0.0657844243962415,0.022781915808712,-0.0310321754163216));
#2411=CARTESIAN_POINT('',(0.0650033542591776,0.0231080819178509,-0.0309693949483731));
#2412=CARTESIAN_POINT('',(0.0642176144150438,0.022785736612915,-0.0309355586910947));
#2413=CARTESIAN_POINT('',(0.0638913534307379,0.0219994040188386,-0.0309467011062775));
#2414=CARTESIAN_POINT('',(0.0642169718620045,0.0212166473117308,-0.0309988984071886));
#2415=CARTESIAN_POINT('',(0.064,0.022,-0.0309535435872322));
#2416=CARTESIAN_POINT('',(0.0762169301514326,0.0227855605788022,-0.0316478106247576));
#2417=CARTESIAN_POINT('',(0.0758917749675412,0.021999086286416,-0.0316941857657499));
#2418=CARTESIAN_POINT('',(0.0762159699784029,0.0212180942755337,-0.0317758187828761));
#2419=CARTESIAN_POINT('',(0.0769958290577119,0.0208917794460831,-0.0318508119343094));
#2420=CARTESIAN_POINT('',(0.0777833587333166,0.0212148130400211,-0.0318734044178186));
#2421=CARTESIAN_POINT('',(0.0781077800995592,0.0220007384830529,-0.0318237710112389));
#2422=CARTESIAN_POINT('',(0.0777855205414837,0.0227802522307022,-0.0317342562327081));
#2423=CARTESIAN_POINT('',(0.0770050998947196,0.0231085359197736,-0.0316622475833798));
#2424=CARTESIAN_POINT('',(0.0762169301514326,0.0227855605788022,-0.0316478106247576));
#2425=CARTESIAN_POINT('',(0.0758917749675412,0.021999086286416,-0.0316941857657499));
#2426=CARTESIAN_POINT('',(0.0762159699784029,0.0212180942755337,-0.0317758187828761));
#2427=CARTESIAN_POINT('',(0.076,0.022,-0.0317000620784389));
#2428=CARTESIAN_POINT('',(0.0522182585758762,-0.0112143736741798,-0.0302044830334506));
#2429=CARTESIAN_POINT('',(0.0518909327492316,-0.0120001387906882,-0.0301723973014329));
#2430=CARTESIAN_POINT('',(0.0522180104271974,-0.0127850711630673,-0.0301997408225188));
#2431=CARTESIAN_POINT('',(0.0529996206671882,-0.0131074466029725,-0.0302681312053174));
#2432=CARTESIAN_POINT('',(0.0537821980518842,-0.0127851422822852,-0.0303396390946141));
#2433=CARTESIAN_POINT('',(0.0541087001258452,-0.0120001454489621,-0.0303740979472132));
#2434=CARTESIAN_POINT('',(0.0537830012291371,-0.0112158843922067,-0.0303489456465457));
#2435=CARTESIAN_POINT('',(0.053000694810112,-0.0108924358232761,-0.0302780508475025));
#2436=CARTESIAN_POINT('',(0.0522182585758762,-0.0112143736741798,-0.0302044830334506));
#2437=CARTESIAN_POINT('',(0.0518909327492316,-0.0120001387906882,-0.0301723973014329));
#2438=CARTESIAN_POINT('',(0.0522180104271974,-0.0127850711630673,-0.0301997408225188));
#2439=CARTESIAN_POINT('',(0.052,-0.012,-0.0301823021769502));
#2440=CARTESIAN_POINT('',(0.05,-0.0143841841115591,-0.03));
#2441=CARTESIAN_POINT('',(0.0559115080241841,-0.0195359634056807,-0.0305170246497229));
#2442=CARTESIAN_POINT('',(0.0611045566786599,-0.0242014219221871,-0.0307870466544315));
#2443=CARTESIAN_POINT('',(0.0655791459634273,-0.0284420733682759,-0.030723031377875));
#2444=CARTESIAN_POINT('',(0.0655791459634273,0.0284420733682759,-0.030723031377875));
#2445=CARTESIAN_POINT('',(0.0611045566137138,0.0242014218728576,-0.0307870466546524));
#2446=CARTESIAN_POINT('',(0.0559115079592381,0.0195359633490801,-0.0305170246440427));
#2447=CARTESIAN_POINT('',(0.05,0.0143841841115579,-0.03));
#2448=CARTESIAN_POINT('',(0.0135,-0.015,-0.024));
#2449=CARTESIAN_POINT('',(0.0500000000070282,-0.0155061084666618,-0.024));
#2450=CARTESIAN_POINT('',(0.0548986731223566,-0.0201714119248188,-0.024));
#2451=CARTESIAN_POINT('',(0.059742063031867,-0.0248943882871804,-0.0240000000000011));
#2452=CARTESIAN_POINT('',(0.0645487589514371,-0.029654380697401,-0.0240000000000011));
#2453=CARTESIAN_POINT('',(0.01,-0.17465249196573,-0.01));
#2454=CARTESIAN_POINT('',(0.1015,0.02,-0.02));
#2455=CARTESIAN_POINT('',(0.053,-0.012,-0.19865249196573));
#2456=CARTESIAN_POINT('',(0.077,0.022,-0.19865249196573));
#2457=CARTESIAN_POINT('',(0.065,0.022,-0.19865249196573));
#2458=CARTESIAN_POINT('',(0.065,0.012,-0.19865249196573));
#2459=CARTESIAN_POINT('',(0.077,8.06129398031036E-19,-0.19865249196573));
#2460=CARTESIAN_POINT('',(0.065,-0.012,-0.19865249196573));
#2461=CARTESIAN_POINT('',(0.053,0.012,-0.19865249196573));
#2462=CARTESIAN_POINT('',(0.077,0.012,-0.19865249196573));
#2463=CARTESIAN_POINT('',(0.077,-0.012,-0.19865249196573));
#2464=CARTESIAN_POINT('',(0.0645415776237034,0.0296623916290666,-0.0239464157577826));
#2465=CARTESIAN_POINT('',(0.0646336333132969,0.0295597399603561,-0.0246340786171354));
#2466=CARTESIAN_POINT('',(0.0647297124707076,0.0294511206552438,-0.0253217527319218));
#2467=CARTESIAN_POINT('',(0.0649489578303308,0.029199231663304,-0.0268278823269896));
#2468=CARTESIAN_POINT('',(0.0650741509058542,0.0290526746055337,-0.0276492078464272));
#2469=CARTESIAN_POINT('',(0.0652693506865796,0.0288200468519865,-0.0288721234814457));
#2470=CARTESIAN_POINT('',(0.0653366020354784,0.0287386834875357,-0.0292860110900814));
#2471=CARTESIAN_POINT('',(0.0654718385770988,0.0285745276315948,-0.0300968177489008));
#2472=CARTESIAN_POINT('',(0.0655437041886176,0.0284849128941945,-0.030524470612214));
#2473=CARTESIAN_POINT('',(0.0656777219660556,0.0283223154308181,-0.031281053317914));
#2474=CARTESIAN_POINT('',(0.0657443047217821,0.0282404697670013,-0.0316584152749591));
#2475=CARTESIAN_POINT('',(0.0658561814472395,0.0281010618293594,-0.0322925822946201));
#2476=CARTESIAN_POINT('',(0.0659013991186724,0.0280442019670454,-0.0325491612971872));
#2477=CARTESIAN_POINT('',(0.0659465443700289,0.0279869124966873,-0.0328056309513317));
#2478=CARTESIAN_POINT('',(0.05,0.0158313327334642,-0.0219090133785962));
#2479=CARTESIAN_POINT('',(0.05,0.0157396502757627,-0.0225314061915278));
#2480=CARTESIAN_POINT('',(0.05,0.0156435553230658,-0.023153110238329));
#2481=CARTESIAN_POINT('',(0.05,0.015423118775152,-0.0245133872434207));
#2482=CARTESIAN_POINT('',(0.05,0.0152968650623123,-0.02525166043532));
#2483=CARTESIAN_POINT('',(0.05,0.0150975540275156,-0.026357524018404));
#2484=CARTESIAN_POINT('',(0.05,0.015029402360309,-0.0267259004733882));
#2485=CARTESIAN_POINT('',(0.05,0.0148898656688125,-0.0274619941800785));
#2486=CARTESIAN_POINT('',(0.05,0.0148181632276396,-0.027829640758387));
#2487=CARTESIAN_POINT('',(0.05,0.0146724025647669,-0.0285644545191698));
#2488=CARTESIAN_POINT('',(0.05,0.0145992371940506,-0.0289318029229749));
#2489=CARTESIAN_POINT('',(0.05,0.0144753733612198,-0.0295487542620574));
#2490=CARTESIAN_POINT('',(0.05,0.0144250207541131,-0.0297984281081027));
#2491=CARTESIAN_POINT('',(0.05,0.0143744515411614,-0.0300480575356425));
#2492=CARTESIAN_POINT('',(0.0659465443699883,-0.0279869124967388,-0.0328056309511014));
#2493=CARTESIAN_POINT('',(0.0659013991186453,-0.0280442019670794,-0.0325491612970336));
#2494=CARTESIAN_POINT('',(0.0658561814472259,-0.0281010618293763,-0.0322925822945433));
#2495=CARTESIAN_POINT('',(0.0657443047217821,-0.0282404697670013,-0.0316584152749591));
#2496=CARTESIAN_POINT('',(0.0656777219660557,-0.0283223154308181,-0.0312810533179141));
#2497=CARTESIAN_POINT('',(0.0655437041886176,-0.0284849128941946,-0.0305244706122139));
#2498=CARTESIAN_POINT('',(0.0654718385770988,-0.0285745276315948,-0.0300968177489008));
#2499=CARTESIAN_POINT('',(0.0653366020354783,-0.0287386834875357,-0.0292860110900812));
#2500=CARTESIAN_POINT('',(0.0652693506865796,-0.0288200468519865,-0.0288721234814457));
#2501=CARTESIAN_POINT('',(0.0650741509058542,-0.0290526746055337,-0.0276492078464274));
#2502=CARTESIAN_POINT('',(0.0649489578303307,-0.029199231663304,-0.0268278823269897));
#2503=CARTESIAN_POINT('',(0.0647297124727356,-0.0294511206529137,-0.0253217527458541));
#2504=CARTESIAN_POINT('',(0.0646336333171905,-0.0295597399559542,-0.024634078645004));
#2505=CARTESIAN_POINT('',(0.0645415776292992,-0.0296623916228265,-0.0239464157995847));
#2506=CARTESIAN_POINT('',(0.05,-0.0143744515412069,-0.0300480575354184));
#2507=CARTESIAN_POINT('',(0.05,-0.0144250207541434,-0.0297984281079534));
#2508=CARTESIAN_POINT('',(0.05,-0.0144753733612349,-0.0295487542619827));
#2509=CARTESIAN_POINT('',(0.05,-0.0145992371940508,-0.0289318029229751));
#2510=CARTESIAN_POINT('',(0.05,-0.014672402564767,-0.0285644545191699));
#2511=CARTESIAN_POINT('',(0.05,-0.0148181632276398,-0.027829640758387));
#2512=CARTESIAN_POINT('',(0.05,-0.0148898656688126,-0.0274619941800789));
#2513=CARTESIAN_POINT('',(0.05,-0.0150294023603092,-0.0267259004733879));
#2514=CARTESIAN_POINT('',(0.05,-0.0150975540275158,-0.0263575240184041));
#2515=CARTESIAN_POINT('',(0.05,-0.0152968650623125,-0.0252516604353202));
#2516=CARTESIAN_POINT('',(0.05,-0.0154231187751521,-0.0245133872434209));
#2517=CARTESIAN_POINT('',(0.05,-0.0156435553210268,-0.0231531102509122));
#2518=CARTESIAN_POINT('',(0.05,-0.0157396502718686,-0.022531406216723));
#2519=CARTESIAN_POINT('',(0.05,-0.0158313327278911,-0.0219090134164306));
#2520=CARTESIAN_POINT('',(0.149,0.,0.02));
#2521=MECHANICAL_DESIGN_GEOMETRIC_PRESENTATION_REPRESENTATION('',(#1114),
#2522);
#2522=(
GEOMETRIC_REPRESENTATION_CONTEXT(3)
GLOBAL_UNCERTAINTY_ASSIGNED_CONTEXT((#2523))
GLOBAL_UNIT_ASSIGNED_CONTEXT((#2526,#2525,#2524))
REPRESENTATION_CONTEXT('Part 1','TOP_LEVEL_ASSEMBLY_PART')
);
#2523=UNCERTAINTY_MEASURE_WITH_UNIT(LENGTH_MEASURE(2.E-5),#2526,
'DISTANCE_ACCURACY_VALUE','Maximum Tolerance applied to model');
#2524=(
NAMED_UNIT(*)
SI_UNIT($,.STERADIAN.)
SOLID_ANGLE_UNIT()
);
#2525=(
NAMED_UNIT(*)
PLANE_ANGLE_UNIT()
SI_UNIT($,.RADIAN.)
);
#2526=(
LENGTH_UNIT()
NAMED_UNIT(*)
SI_UNIT($,.METRE.)
);
#2527=PRODUCT_DEFINITION_SHAPE('','',#2528);
#2528=PRODUCT_DEFINITION('','',#2530,#2529);
#2529=PRODUCT_DEFINITION_CONTEXT('',#2536,'design');
#2530=PRODUCT_DEFINITION_FORMATION_WITH_SPECIFIED_SOURCE('','',#2532,
 .NOT_KNOWN.);
#2531=PRODUCT_RELATED_PRODUCT_CATEGORY('','',(#2532));
#2532=PRODUCT('Part 1','Part 1','Part 1',(#2534));
#2533=PRODUCT_CATEGORY('','');
#2534=PRODUCT_CONTEXT('',#2536,'mechanical');
#2535=APPLICATION_PROTOCOL_DEFINITION('international standard',
'ap242_managed_model_based_3d_engineering',2020,#2536);
#2536=APPLICATION_CONTEXT('managed model based 3d engineering');
ENDSEC;
END-ISO-10303-21;
