ISO-10303-21;
HEADER;
/* Generated by software containing ST-Developer
 * from STEP Tools, Inc. (www.steptools.com) 
 */
/* OPTION: using custom renumber hook */

FILE_DESCRIPTION(
/* description */ ('STEP AP242 Edition 2',
'CAx-IF Rec.Pracs.---Representation and Presentation of Product Manufa
cturing Information (PMI)---4.0---2014-10-13',
'CAx-IF Rec.Pracs.---3D Tessellated Geometry---0.4---2014-09-14','2;1',
'CAx-IF Rec.Pracs.---User Defined Attributes---1.5---2016-08-15'),
/* implementation_level */ '2;1');

FILE_NAME(
/* name */ 'Shoulder2.0 - Part 1',
/* time_stamp */ '2026-05-19T16:29:24Z',
/* author */ (''),
/* organization */ (''),
/* preprocessor_version */ 'ST-DEVELOPER v20',
/* originating_system */ 'ONSHAPE BY PTC INC, 1.215',
/* authorisation */ '  ');

FILE_SCHEMA (('AP242_MANAGED_MODEL_BASED_3D_ENGINEERING_MIM_LF { 1 0 10303 442 3 1 4 }'));
ENDSEC;

DATA;
#10=SHAPE_REPRESENTATION_RELATIONSHIP('','',#933,#11);
#11=ADVANCED_BREP_SHAPE_REPRESENTATION('',(#931),#2329);
#12=CYLINDRICAL_SURFACE('',#955,0.0015);
#13=CYLINDRICAL_SURFACE('',#965,0.03);
#14=CYLINDRICAL_SURFACE('',#972,0.00125);
#15=CYLINDRICAL_SURFACE('',#973,0.00125);
#16=CYLINDRICAL_SURFACE('',#974,0.006);
#17=CYLINDRICAL_SURFACE('',#978,0.00125);
#18=CYLINDRICAL_SURFACE('',#979,0.00125);
#19=CYLINDRICAL_SURFACE('',#980,0.00125);
#20=CYLINDRICAL_SURFACE('',#981,0.00125);
#21=CYLINDRICAL_SURFACE('',#982,0.00125);
#22=CYLINDRICAL_SURFACE('',#983,0.00125);
#23=CYLINDRICAL_SURFACE('',#984,0.00125);
#24=CYLINDRICAL_SURFACE('',#993,0.03);
#25=CYLINDRICAL_SURFACE('',#999,0.00125);
#26=CYLINDRICAL_SURFACE('',#1000,0.00125);
#27=CYLINDRICAL_SURFACE('',#1001,0.00125);
#28=CYLINDRICAL_SURFACE('',#1002,0.00125);
#29=CYLINDRICAL_SURFACE('',#1003,0.00125);
#30=CYLINDRICAL_SURFACE('',#1004,0.00125);
#31=CYLINDRICAL_SURFACE('',#1005,0.00125);
#32=CYLINDRICAL_SURFACE('',#1006,0.00125);
#33=CYLINDRICAL_SURFACE('',#1007,0.00125);
#34=PLANE('',#936);
#35=PLANE('',#944);
#36=PLANE('',#958);
#37=PLANE('',#963);
#38=PLANE('',#964);
#39=PLANE('',#968);
#40=PLANE('',#969);
#41=PLANE('',#970);
#42=PLANE('',#971);
#43=PLANE('',#976);
#44=PLANE('',#977);
#45=PLANE('',#985);
#46=PLANE('',#996);
#47=PLANE('',#997);
#48=PLANE('',#998);
#49=CIRCLE('',#935,0.04);
#50=CIRCLE('',#937,0.00125);
#51=CIRCLE('',#938,0.00125);
#52=CIRCLE('',#939,0.00125);
#53=CIRCLE('',#940,0.00125);
#54=CIRCLE('',#941,0.00125);
#55=CIRCLE('',#942,0.00125);
#56=CIRCLE('',#943,0.00125);
#57=CIRCLE('',#945,0.04);
#58=CIRCLE('',#946,0.04);
#59=CIRCLE('',#947,0.04);
#60=CIRCLE('',#948,0.04);
#61=CIRCLE('',#949,0.04);
#62=CIRCLE('',#950,0.00125);
#63=CIRCLE('',#951,0.00125);
#64=CIRCLE('',#952,0.006);
#65=CIRCLE('',#953,0.00125);
#66=CIRCLE('',#954,0.00125);
#67=CIRCLE('',#956,0.0015);
#68=CIRCLE('',#957,0.0015);
#69=CIRCLE('',#959,0.00125);
#70=CIRCLE('',#960,0.00125);
#71=CIRCLE('',#961,0.00125);
#72=CIRCLE('',#962,0.00125);
#73=CIRCLE('',#966,0.03);
#74=CIRCLE('',#967,0.03);
#75=CIRCLE('',#975,0.006);
#76=CIRCLE('',#986,0.00125);
#77=CIRCLE('',#987,0.00125);
#78=CIRCLE('',#988,0.00125);
#79=CIRCLE('',#989,0.00125);
#80=CIRCLE('',#990,0.00125);
#81=CIRCLE('',#991,0.00125);
#82=CIRCLE('',#992,0.00125);
#83=CIRCLE('',#994,0.03);
#84=CIRCLE('',#995,0.03);
#85=LINE('',#1316,#129);
#86=LINE('',#1350,#130);
#87=LINE('',#1371,#131);
#88=LINE('',#1375,#132);
#89=LINE('',#1445,#133);
#90=LINE('',#1448,#134);
#91=LINE('',#1465,#135);
#92=LINE('',#1467,#136);
#93=LINE('',#1469,#137);
#94=LINE('',#1485,#138);
#95=LINE('',#1487,#139);
#96=LINE('',#1572,#140);
#97=LINE('',#1574,#141);
#98=LINE('',#1576,#142);
#99=LINE('',#1586,#143);
#100=LINE('',#1589,#144);
#101=LINE('',#1591,#145);
#102=LINE('',#1593,#146);
#103=LINE('',#1595,#147);
#104=LINE('',#1597,#148);
#105=LINE('',#1599,#149);
#106=LINE('',#1601,#150);
#107=LINE('',#1603,#151);
#108=LINE('',#1605,#152);
#109=LINE('',#1608,#153);
#110=LINE('',#1609,#154);
#111=LINE('',#1611,#155);
#112=LINE('',#1613,#156);
#113=LINE('',#1615,#157);
#114=LINE('',#1617,#158);
#115=LINE('',#1619,#159);
#116=LINE('',#1621,#160);
#117=LINE('',#1623,#161);
#118=LINE('',#1632,#162);
#119=LINE('',#1687,#163);
#120=LINE('',#1694,#164);
#121=LINE('',#1695,#165);
#122=LINE('',#1704,#166);
#123=LINE('',#1931,#167);
#124=LINE('',#1932,#168);
#125=LINE('',#1953,#169);
#126=LINE('',#1987,#170);
#127=LINE('',#2072,#171);
#128=LINE('',#2159,#172);
#129=VECTOR('',#1010,1.);
#130=VECTOR('',#1011,1.);
#131=VECTOR('',#1012,1.);
#132=VECTOR('',#1015,1.);
#133=VECTOR('',#1026,1.);
#134=VECTOR('',#1027,1.);
#135=VECTOR('',#1028,1.);
#136=VECTOR('',#1029,1.);
#137=VECTOR('',#1030,1.);
#138=VECTOR('',#1047,1.);
#139=VECTOR('',#1048,1.);
#140=VECTOR('',#1069,1.);
#141=VECTOR('',#1070,1.);
#142=VECTOR('',#1071,1.);
#143=VECTOR('',#1082,1.);
#144=VECTOR('',#1083,1.);
#145=VECTOR('',#1084,1.);
#146=VECTOR('',#1085,1.);
#147=VECTOR('',#1086,1.);
#148=VECTOR('',#1087,1.);
#149=VECTOR('',#1088,1.);
#150=VECTOR('',#1089,1.);
#151=VECTOR('',#1090,1.);
#152=VECTOR('',#1093,1.);
#153=VECTOR('',#1094,1.);
#154=VECTOR('',#1095,1.);
#155=VECTOR('',#1096,1.);
#156=VECTOR('',#1097,1.);
#157=VECTOR('',#1098,1.);
#158=VECTOR('',#1099,1.);
#159=VECTOR('',#1100,1.);
#160=VECTOR('',#1101,1.);
#161=VECTOR('',#1102,1.);
#162=VECTOR('',#1111,1.);
#163=VECTOR('',#1112,1.);
#164=VECTOR('',#1117,1.);
#165=VECTOR('',#1118,1.);
#166=VECTOR('',#1133,1.);
#167=VECTOR('',#1148,1.);
#168=VECTOR('',#1149,1.);
#169=VECTOR('',#1150,1.);
#170=VECTOR('',#1151,1.);
#171=VECTOR('',#1162,1.);
#172=VECTOR('',#1177,1.);
#173=ORIENTED_EDGE('',*,*,#409,.F.);
#174=ORIENTED_EDGE('',*,*,#410,.T.);
#175=ORIENTED_EDGE('',*,*,#411,.T.);
#176=ORIENTED_EDGE('',*,*,#412,.F.);
#177=ORIENTED_EDGE('',*,*,#413,.T.);
#178=ORIENTED_EDGE('',*,*,#414,.F.);
#179=ORIENTED_EDGE('',*,*,#415,.T.);
#180=ORIENTED_EDGE('',*,*,#416,.T.);
#181=ORIENTED_EDGE('',*,*,#417,.F.);
#182=ORIENTED_EDGE('',*,*,#418,.F.);
#183=ORIENTED_EDGE('',*,*,#419,.F.);
#184=ORIENTED_EDGE('',*,*,#420,.T.);
#185=ORIENTED_EDGE('',*,*,#421,.T.);
#186=ORIENTED_EDGE('',*,*,#422,.F.);
#187=ORIENTED_EDGE('',*,*,#423,.F.);
#188=ORIENTED_EDGE('',*,*,#424,.F.);
#189=ORIENTED_EDGE('',*,*,#425,.F.);
#190=ORIENTED_EDGE('',*,*,#426,.F.);
#191=ORIENTED_EDGE('',*,*,#427,.F.);
#192=ORIENTED_EDGE('',*,*,#428,.T.);
#193=ORIENTED_EDGE('',*,*,#429,.T.);
#194=ORIENTED_EDGE('',*,*,#430,.F.);
#195=ORIENTED_EDGE('',*,*,#431,.F.);
#196=ORIENTED_EDGE('',*,*,#432,.F.);
#197=ORIENTED_EDGE('',*,*,#433,.F.);
#198=ORIENTED_EDGE('',*,*,#434,.T.);
#199=ORIENTED_EDGE('',*,*,#435,.T.);
#200=ORIENTED_EDGE('',*,*,#436,.T.);
#201=ORIENTED_EDGE('',*,*,#437,.F.);
#202=ORIENTED_EDGE('',*,*,#438,.T.);
#203=ORIENTED_EDGE('',*,*,#439,.T.);
#204=ORIENTED_EDGE('',*,*,#440,.T.);
#205=ORIENTED_EDGE('',*,*,#441,.F.);
#206=ORIENTED_EDGE('',*,*,#442,.T.);
#207=ORIENTED_EDGE('',*,*,#431,.T.);
#208=ORIENTED_EDGE('',*,*,#443,.F.);
#209=ORIENTED_EDGE('',*,*,#415,.F.);
#210=ORIENTED_EDGE('',*,*,#444,.T.);
#211=ORIENTED_EDGE('',*,*,#445,.F.);
#212=ORIENTED_EDGE('',*,*,#446,.T.);
#213=ORIENTED_EDGE('',*,*,#447,.F.);
#214=ORIENTED_EDGE('',*,*,#448,.T.);
#215=ORIENTED_EDGE('',*,*,#449,.F.);
#216=ORIENTED_EDGE('',*,*,#450,.F.);
#217=ORIENTED_EDGE('',*,*,#416,.F.);
#218=ORIENTED_EDGE('',*,*,#443,.T.);
#219=ORIENTED_EDGE('',*,*,#430,.T.);
#220=ORIENTED_EDGE('',*,*,#451,.T.);
#221=ORIENTED_EDGE('',*,*,#410,.F.);
#222=ORIENTED_EDGE('',*,*,#452,.T.);
#223=ORIENTED_EDGE('',*,*,#453,.F.);
#224=ORIENTED_EDGE('',*,*,#454,.T.);
#225=ORIENTED_EDGE('',*,*,#455,.F.);
#226=ORIENTED_EDGE('',*,*,#456,.F.);
#227=ORIENTED_EDGE('',*,*,#433,.T.);
#228=ORIENTED_EDGE('',*,*,#457,.T.);
#229=ORIENTED_EDGE('',*,*,#458,.F.);
#230=ORIENTED_EDGE('',*,*,#453,.T.);
#231=ORIENTED_EDGE('',*,*,#459,.F.);
#232=ORIENTED_EDGE('',*,*,#460,.T.);
#233=ORIENTED_EDGE('',*,*,#461,.F.);
#234=ORIENTED_EDGE('',*,*,#462,.T.);
#235=ORIENTED_EDGE('',*,*,#463,.T.);
#236=ORIENTED_EDGE('',*,*,#464,.F.);
#237=ORIENTED_EDGE('',*,*,#465,.T.);
#238=ORIENTED_EDGE('',*,*,#466,.F.);
#239=ORIENTED_EDGE('',*,*,#467,.T.);
#240=ORIENTED_EDGE('',*,*,#468,.F.);
#241=ORIENTED_EDGE('',*,*,#469,.T.);
#242=ORIENTED_EDGE('',*,*,#470,.F.);
#243=ORIENTED_EDGE('',*,*,#471,.F.);
#244=ORIENTED_EDGE('',*,*,#426,.T.);
#245=ORIENTED_EDGE('',*,*,#456,.T.);
#246=ORIENTED_EDGE('',*,*,#472,.F.);
#247=ORIENTED_EDGE('',*,*,#473,.T.);
#248=ORIENTED_EDGE('',*,*,#474,.T.);
#249=ORIENTED_EDGE('',*,*,#475,.F.);
#250=ORIENTED_EDGE('',*,*,#476,.T.);
#251=ORIENTED_EDGE('',*,*,#477,.T.);
#252=ORIENTED_EDGE('',*,*,#478,.F.);
#253=ORIENTED_EDGE('',*,*,#479,.T.);
#254=ORIENTED_EDGE('',*,*,#479,.F.);
#255=ORIENTED_EDGE('',*,*,#480,.F.);
#256=ORIENTED_EDGE('',*,*,#469,.F.);
#257=ORIENTED_EDGE('',*,*,#481,.F.);
#258=ORIENTED_EDGE('',*,*,#482,.T.);
#259=ORIENTED_EDGE('',*,*,#427,.T.);
#260=ORIENTED_EDGE('',*,*,#471,.T.);
#261=ORIENTED_EDGE('',*,*,#483,.F.);
#262=ORIENTED_EDGE('',*,*,#484,.T.);
#263=ORIENTED_EDGE('',*,*,#412,.T.);
#264=ORIENTED_EDGE('',*,*,#414,.T.);
#265=ORIENTED_EDGE('',*,*,#485,.T.);
#266=ORIENTED_EDGE('',*,*,#486,.T.);
#267=ORIENTED_EDGE('',*,*,#467,.F.);
#268=ORIENTED_EDGE('',*,*,#487,.F.);
#269=ORIENTED_EDGE('',*,*,#437,.T.);
#270=ORIENTED_EDGE('',*,*,#470,.T.);
#271=ORIENTED_EDGE('',*,*,#481,.T.);
#272=ORIENTED_EDGE('',*,*,#468,.T.);
#273=ORIENTED_EDGE('',*,*,#486,.F.);
#274=ORIENTED_EDGE('',*,*,#488,.T.);
#275=ORIENTED_EDGE('',*,*,#483,.T.);
#276=ORIENTED_EDGE('',*,*,#489,.T.);
#277=ORIENTED_EDGE('',*,*,#477,.F.);
#278=ORIENTED_EDGE('',*,*,#490,.F.);
#279=ORIENTED_EDGE('',*,*,#462,.F.);
#280=ORIENTED_EDGE('',*,*,#480,.T.);
#281=ORIENTED_EDGE('',*,*,#478,.T.);
#282=ORIENTED_EDGE('',*,*,#489,.F.);
#283=ORIENTED_EDGE('',*,*,#461,.T.);
#284=ORIENTED_EDGE('',*,*,#457,.F.);
#285=ORIENTED_EDGE('',*,*,#444,.F.);
#286=ORIENTED_EDGE('',*,*,#458,.T.);
#287=ORIENTED_EDGE('',*,*,#445,.T.);
#288=ORIENTED_EDGE('',*,*,#446,.F.);
#289=ORIENTED_EDGE('',*,*,#491,.T.);
#290=ORIENTED_EDGE('',*,*,#491,.F.);
#291=ORIENTED_EDGE('',*,*,#452,.F.);
#292=ORIENTED_EDGE('',*,*,#432,.T.);
#293=ORIENTED_EDGE('',*,*,#442,.F.);
#294=ORIENTED_EDGE('',*,*,#492,.F.);
#295=ORIENTED_EDGE('',*,*,#454,.F.);
#296=ORIENTED_EDGE('',*,*,#428,.F.);
#297=ORIENTED_EDGE('',*,*,#482,.F.);
#298=ORIENTED_EDGE('',*,*,#411,.F.);
#299=ORIENTED_EDGE('',*,*,#451,.F.);
#300=ORIENTED_EDGE('',*,*,#429,.F.);
#301=ORIENTED_EDGE('',*,*,#413,.F.);
#302=ORIENTED_EDGE('',*,*,#484,.F.);
#303=ORIENTED_EDGE('',*,*,#488,.F.);
#304=ORIENTED_EDGE('',*,*,#485,.F.);
#305=ORIENTED_EDGE('',*,*,#425,.T.);
#306=ORIENTED_EDGE('',*,*,#420,.F.);
#307=ORIENTED_EDGE('',*,*,#424,.T.);
#308=ORIENTED_EDGE('',*,*,#421,.F.);
#309=ORIENTED_EDGE('',*,*,#434,.F.);
#310=ORIENTED_EDGE('',*,*,#419,.T.);
#311=ORIENTED_EDGE('',*,*,#435,.F.);
#312=ORIENTED_EDGE('',*,*,#418,.T.);
#313=ORIENTED_EDGE('',*,*,#436,.F.);
#314=ORIENTED_EDGE('',*,*,#417,.T.);
#315=ORIENTED_EDGE('',*,*,#409,.T.);
#316=ORIENTED_EDGE('',*,*,#450,.T.);
#317=ORIENTED_EDGE('',*,*,#423,.T.);
#318=ORIENTED_EDGE('',*,*,#449,.T.);
#319=ORIENTED_EDGE('',*,*,#422,.T.);
#320=ORIENTED_EDGE('',*,*,#493,.T.);
#321=ORIENTED_EDGE('',*,*,#494,.F.);
#322=ORIENTED_EDGE('',*,*,#439,.F.);
#323=ORIENTED_EDGE('',*,*,#495,.T.);
#324=ORIENTED_EDGE('',*,*,#496,.F.);
#325=ORIENTED_EDGE('',*,*,#497,.T.);
#326=ORIENTED_EDGE('',*,*,#498,.F.);
#327=ORIENTED_EDGE('',*,*,#499,.F.);
#328=ORIENTED_EDGE('',*,*,#500,.T.);
#329=ORIENTED_EDGE('',*,*,#501,.T.);
#330=ORIENTED_EDGE('',*,*,#502,.T.);
#331=ORIENTED_EDGE('',*,*,#503,.F.);
#332=ORIENTED_EDGE('',*,*,#504,.F.);
#333=ORIENTED_EDGE('',*,*,#505,.T.);
#334=ORIENTED_EDGE('',*,*,#506,.T.);
#335=ORIENTED_EDGE('',*,*,#507,.T.);
#336=ORIENTED_EDGE('',*,*,#508,.T.);
#337=ORIENTED_EDGE('',*,*,#472,.T.);
#338=ORIENTED_EDGE('',*,*,#455,.T.);
#339=ORIENTED_EDGE('',*,*,#492,.T.);
#340=ORIENTED_EDGE('',*,*,#441,.T.);
#341=ORIENTED_EDGE('',*,*,#509,.T.);
#342=ORIENTED_EDGE('',*,*,#510,.F.);
#343=ORIENTED_EDGE('',*,*,#511,.F.);
#344=ORIENTED_EDGE('',*,*,#512,.T.);
#345=ORIENTED_EDGE('',*,*,#513,.F.);
#346=ORIENTED_EDGE('',*,*,#514,.F.);
#347=ORIENTED_EDGE('',*,*,#515,.F.);
#348=ORIENTED_EDGE('',*,*,#516,.T.);
#349=ORIENTED_EDGE('',*,*,#517,.T.);
#350=ORIENTED_EDGE('',*,*,#499,.T.);
#351=ORIENTED_EDGE('',*,*,#518,.F.);
#352=ORIENTED_EDGE('',*,*,#509,.F.);
#353=ORIENTED_EDGE('',*,*,#440,.F.);
#354=ORIENTED_EDGE('',*,*,#494,.T.);
#355=ORIENTED_EDGE('',*,*,#475,.T.);
#356=ORIENTED_EDGE('',*,*,#519,.T.);
#357=ORIENTED_EDGE('',*,*,#464,.T.);
#358=ORIENTED_EDGE('',*,*,#520,.T.);
#359=ORIENTED_EDGE('',*,*,#521,.F.);
#360=ORIENTED_EDGE('',*,*,#497,.F.);
#361=ORIENTED_EDGE('',*,*,#522,.F.);
#362=ORIENTED_EDGE('',*,*,#523,.T.);
#363=ORIENTED_EDGE('',*,*,#473,.F.);
#364=ORIENTED_EDGE('',*,*,#512,.F.);
#365=ORIENTED_EDGE('',*,*,#495,.F.);
#366=ORIENTED_EDGE('',*,*,#438,.F.);
#367=ORIENTED_EDGE('',*,*,#487,.T.);
#368=ORIENTED_EDGE('',*,*,#466,.T.);
#369=ORIENTED_EDGE('',*,*,#524,.F.);
#370=ORIENTED_EDGE('',*,*,#525,.F.);
#371=ORIENTED_EDGE('',*,*,#474,.F.);
#372=ORIENTED_EDGE('',*,*,#523,.F.);
#373=ORIENTED_EDGE('',*,*,#526,.F.);
#374=ORIENTED_EDGE('',*,*,#524,.T.);
#375=ORIENTED_EDGE('',*,*,#465,.F.);
#376=ORIENTED_EDGE('',*,*,#519,.F.);
#377=ORIENTED_EDGE('',*,*,#520,.F.);
#378=ORIENTED_EDGE('',*,*,#463,.F.);
#379=ORIENTED_EDGE('',*,*,#490,.T.);
#380=ORIENTED_EDGE('',*,*,#476,.F.);
#381=ORIENTED_EDGE('',*,*,#459,.T.);
#382=ORIENTED_EDGE('',*,*,#447,.T.);
#383=ORIENTED_EDGE('',*,*,#460,.F.);
#384=ORIENTED_EDGE('',*,*,#448,.F.);
#385=ORIENTED_EDGE('',*,*,#511,.T.);
#386=ORIENTED_EDGE('',*,*,#510,.T.);
#387=ORIENTED_EDGE('',*,*,#518,.T.);
#388=ORIENTED_EDGE('',*,*,#498,.T.);
#389=ORIENTED_EDGE('',*,*,#521,.T.);
#390=ORIENTED_EDGE('',*,*,#496,.T.);
#391=ORIENTED_EDGE('',*,*,#525,.T.);
#392=ORIENTED_EDGE('',*,*,#526,.T.);
#393=ORIENTED_EDGE('',*,*,#522,.T.);
#394=ORIENTED_EDGE('',*,*,#508,.F.);
#395=ORIENTED_EDGE('',*,*,#503,.T.);
#396=ORIENTED_EDGE('',*,*,#507,.F.);
#397=ORIENTED_EDGE('',*,*,#504,.T.);
#398=ORIENTED_EDGE('',*,*,#513,.T.);
#399=ORIENTED_EDGE('',*,*,#502,.F.);
#400=ORIENTED_EDGE('',*,*,#514,.T.);
#401=ORIENTED_EDGE('',*,*,#501,.F.);
#402=ORIENTED_EDGE('',*,*,#515,.T.);
#403=ORIENTED_EDGE('',*,*,#500,.F.);
#404=ORIENTED_EDGE('',*,*,#493,.F.);
#405=ORIENTED_EDGE('',*,*,#517,.F.);
#406=ORIENTED_EDGE('',*,*,#506,.F.);
#407=ORIENTED_EDGE('',*,*,#516,.F.);
#408=ORIENTED_EDGE('',*,*,#505,.F.);
#409=EDGE_CURVE('',#527,#528,#619,.T.);
#410=EDGE_CURVE('',#527,#529,#85,.T.);
#411=EDGE_CURVE('',#529,#530,#620,.T.);
#412=EDGE_CURVE('',#531,#530,#86,.T.);
#413=EDGE_CURVE('',#531,#532,#621,.T.);
#414=EDGE_CURVE('',#533,#532,#87,.T.);
#415=EDGE_CURVE('',#533,#534,#49,.T.);
#416=EDGE_CURVE('',#534,#528,#88,.T.);
#417=EDGE_CURVE('',#535,#535,#622,.T.);
#418=EDGE_CURVE('',#536,#536,#623,.T.);
#419=EDGE_CURVE('',#537,#537,#624,.T.);
#420=EDGE_CURVE('',#538,#538,#625,.T.);
#421=EDGE_CURVE('',#539,#539,#626,.T.);
#422=EDGE_CURVE('',#540,#540,#50,.T.);
#423=EDGE_CURVE('',#541,#541,#51,.T.);
#424=EDGE_CURVE('',#542,#542,#52,.T.);
#425=EDGE_CURVE('',#543,#543,#53,.T.);
#426=EDGE_CURVE('',#544,#545,#89,.T.);
#427=EDGE_CURVE('',#546,#544,#90,.T.);
#428=EDGE_CURVE('',#546,#547,#627,.T.);
#429=EDGE_CURVE('',#547,#548,#628,.T.);
#430=EDGE_CURVE('',#549,#548,#629,.T.);
#431=EDGE_CURVE('',#550,#549,#91,.T.);
#432=EDGE_CURVE('',#551,#550,#92,.T.);
#433=EDGE_CURVE('',#545,#551,#93,.T.);
#434=EDGE_CURVE('',#552,#552,#54,.T.);
#435=EDGE_CURVE('',#553,#553,#55,.T.);
#436=EDGE_CURVE('',#554,#554,#56,.T.);
#437=EDGE_CURVE('',#555,#533,#57,.T.);
#438=EDGE_CURVE('',#555,#556,#58,.T.);
#439=EDGE_CURVE('',#556,#557,#59,.T.);
#440=EDGE_CURVE('',#557,#558,#60,.T.);
#441=EDGE_CURVE('',#559,#558,#94,.T.);
#442=EDGE_CURVE('',#559,#550,#95,.T.);
#443=EDGE_CURVE('',#534,#549,#61,.T.);
#444=EDGE_CURVE('',#560,#560,#62,.T.);
#445=EDGE_CURVE('',#561,#561,#63,.T.);
#446=EDGE_CURVE('',#562,#562,#64,.T.);
#447=EDGE_CURVE('',#563,#563,#65,.T.);
#448=EDGE_CURVE('',#564,#564,#66,.T.);
#449=EDGE_CURVE('',#565,#565,#630,.F.);
#450=EDGE_CURVE('',#528,#527,#631,.T.);
#451=EDGE_CURVE('',#548,#529,#632,.T.);
#452=EDGE_CURVE('',#566,#566,#67,.T.);
#453=EDGE_CURVE('',#567,#567,#68,.T.);
#454=EDGE_CURVE('',#551,#568,#96,.T.);
#455=EDGE_CURVE('',#569,#568,#97,.T.);
#456=EDGE_CURVE('',#545,#569,#98,.T.);
#457=EDGE_CURVE('',#570,#570,#69,.T.);
#458=EDGE_CURVE('',#571,#571,#70,.F.);
#459=EDGE_CURVE('',#572,#572,#71,.T.);
#460=EDGE_CURVE('',#573,#573,#72,.F.);
#461=EDGE_CURVE('',#574,#575,#99,.T.);
#462=EDGE_CURVE('',#574,#576,#100,.T.);
#463=EDGE_CURVE('',#576,#577,#101,.T.);
#464=EDGE_CURVE('',#578,#577,#102,.F.);
#465=EDGE_CURVE('',#578,#579,#103,.T.);
#466=EDGE_CURVE('',#580,#579,#104,.T.);
#467=EDGE_CURVE('',#580,#581,#105,.T.);
#468=EDGE_CURVE('',#582,#581,#106,.T.);
#469=EDGE_CURVE('',#582,#575,#107,.F.);
#470=EDGE_CURVE('',#583,#584,#108,.T.);
#471=EDGE_CURVE('',#544,#583,#109,.T.);
#472=EDGE_CURVE('',#585,#569,#110,.T.);
#473=EDGE_CURVE('',#585,#586,#111,.T.);
#474=EDGE_CURVE('',#586,#587,#112,.T.);
#475=EDGE_CURVE('',#588,#587,#113,.T.);
#476=EDGE_CURVE('',#588,#589,#114,.T.);
#477=EDGE_CURVE('',#589,#590,#115,.T.);
#478=EDGE_CURVE('',#591,#590,#116,.T.);
#479=EDGE_CURVE('',#591,#584,#117,.T.);
#480=EDGE_CURVE('',#575,#591,#73,.F.);
#481=EDGE_CURVE('',#584,#582,#74,.F.);
#482=EDGE_CURVE('',#530,#546,#633,.T.);
#483=EDGE_CURVE('',#592,#583,#118,.T.);
#484=EDGE_CURVE('',#592,#531,#634,.T.);
#485=EDGE_CURVE('',#532,#593,#635,.T.);
#486=EDGE_CURVE('',#593,#581,#636,.T.);
#487=EDGE_CURVE('',#555,#580,#119,.T.);
#488=EDGE_CURVE('',#593,#592,#637,.T.);
#489=EDGE_CURVE('',#574,#590,#120,.T.);
#490=EDGE_CURVE('',#576,#589,#121,.T.);
#491=EDGE_CURVE('',#594,#594,#75,.T.);
#492=EDGE_CURVE('',#568,#559,#122,.T.);
#493=EDGE_CURVE('',#595,#596,#638,.T.);
#494=EDGE_CURVE('',#557,#596,#123,.T.);
#495=EDGE_CURVE('',#556,#597,#124,.T.);
#496=EDGE_CURVE('',#598,#597,#639,.T.);
#497=EDGE_CURVE('',#598,#599,#125,.T.);
#498=EDGE_CURVE('',#600,#599,#640,.T.);
#499=EDGE_CURVE('',#595,#600,#126,.T.);
#500=EDGE_CURVE('',#601,#601,#641,.T.);
#501=EDGE_CURVE('',#602,#602,#642,.T.);
#502=EDGE_CURVE('',#603,#603,#643,.T.);
#503=EDGE_CURVE('',#604,#604,#644,.T.);
#504=EDGE_CURVE('',#605,#605,#645,.T.);
#505=EDGE_CURVE('',#606,#606,#76,.T.);
#506=EDGE_CURVE('',#607,#607,#77,.T.);
#507=EDGE_CURVE('',#608,#608,#78,.T.);
#508=EDGE_CURVE('',#609,#609,#79,.T.);
#509=EDGE_CURVE('',#558,#610,#646,.T.);
#510=EDGE_CURVE('',#611,#610,#647,.T.);
#511=EDGE_CURVE('',#612,#611,#648,.T.);
#512=EDGE_CURVE('',#612,#585,#127,.T.);
#513=EDGE_CURVE('',#613,#613,#80,.T.);
#514=EDGE_CURVE('',#614,#614,#81,.T.);
#515=EDGE_CURVE('',#615,#615,#82,.T.);
#516=EDGE_CURVE('',#616,#616,#649,.F.);
#517=EDGE_CURVE('',#596,#595,#650,.T.);
#518=EDGE_CURVE('',#610,#600,#651,.T.);
#519=EDGE_CURVE('',#587,#578,#83,.F.);
#520=EDGE_CURVE('',#577,#588,#84,.F.);
#521=EDGE_CURVE('',#599,#612,#652,.T.);
#522=EDGE_CURVE('',#617,#598,#653,.T.);
#523=EDGE_CURVE('',#617,#586,#128,.T.);
#524=EDGE_CURVE('',#618,#579,#654,.T.);
#525=EDGE_CURVE('',#597,#618,#655,.T.);
#526=EDGE_CURVE('',#618,#617,#656,.F.);
#527=VERTEX_POINT('',#1314);
#528=VERTEX_POINT('',#1315);
#529=VERTEX_POINT('',#1317);
#530=VERTEX_POINT('',#1349);
#531=VERTEX_POINT('',#1351);
#532=VERTEX_POINT('',#1370);
#533=VERTEX_POINT('',#1372);
#534=VERTEX_POINT('',#1374);
#535=VERTEX_POINT('',#1387);
#536=VERTEX_POINT('',#1399);
#537=VERTEX_POINT('',#1411);
#538=VERTEX_POINT('',#1423);
#539=VERTEX_POINT('',#1435);
#540=VERTEX_POINT('',#1438);
#541=VERTEX_POINT('',#1440);
#542=VERTEX_POINT('',#1442);
#543=VERTEX_POINT('',#1444);
#544=VERTEX_POINT('',#1446);
#545=VERTEX_POINT('',#1447);
#546=VERTEX_POINT('',#1449);
#547=VERTEX_POINT('',#1454);
#548=VERTEX_POINT('',#1459);
#549=VERTEX_POINT('',#1464);
#550=VERTEX_POINT('',#1466);
#551=VERTEX_POINT('',#1468);
#552=VERTEX_POINT('',#1471);
#553=VERTEX_POINT('',#1473);
#554=VERTEX_POINT('',#1475);
#555=VERTEX_POINT('',#1478);
#556=VERTEX_POINT('',#1480);
#557=VERTEX_POINT('',#1482);
#558=VERTEX_POINT('',#1484);
#559=VERTEX_POINT('',#1486);
#560=VERTEX_POINT('',#1490);
#561=VERTEX_POINT('',#1492);
#562=VERTEX_POINT('',#1494);
#563=VERTEX_POINT('',#1496);
#564=VERTEX_POINT('',#1498);
#565=VERTEX_POINT('',#1542);
#566=VERTEX_POINT('',#1568);
#567=VERTEX_POINT('',#1570);
#568=VERTEX_POINT('',#1573);
#569=VERTEX_POINT('',#1575);
#570=VERTEX_POINT('',#1578);
#571=VERTEX_POINT('',#1580);
#572=VERTEX_POINT('',#1582);
#573=VERTEX_POINT('',#1584);
#574=VERTEX_POINT('',#1587);
#575=VERTEX_POINT('',#1588);
#576=VERTEX_POINT('',#1590);
#577=VERTEX_POINT('',#1592);
#578=VERTEX_POINT('',#1594);
#579=VERTEX_POINT('',#1596);
#580=VERTEX_POINT('',#1598);
#581=VERTEX_POINT('',#1600);
#582=VERTEX_POINT('',#1602);
#583=VERTEX_POINT('',#1606);
#584=VERTEX_POINT('',#1607);
#585=VERTEX_POINT('',#1610);
#586=VERTEX_POINT('',#1612);
#587=VERTEX_POINT('',#1614);
#588=VERTEX_POINT('',#1616);
#589=VERTEX_POINT('',#1618);
#590=VERTEX_POINT('',#1620);
#591=VERTEX_POINT('',#1622);
#592=VERTEX_POINT('',#1633);
#593=VERTEX_POINT('',#1682);
#594=VERTEX_POINT('',#1701);
#595=VERTEX_POINT('',#1929);
#596=VERTEX_POINT('',#1930);
#597=VERTEX_POINT('',#1933);
#598=VERTEX_POINT('',#1952);
#599=VERTEX_POINT('',#1954);
#600=VERTEX_POINT('',#1986);
#601=VERTEX_POINT('',#1999);
#602=VERTEX_POINT('',#2011);
#603=VERTEX_POINT('',#2023);
#604=VERTEX_POINT('',#2035);
#605=VERTEX_POINT('',#2047);
#606=VERTEX_POINT('',#2050);
#607=VERTEX_POINT('',#2052);
#608=VERTEX_POINT('',#2054);
#609=VERTEX_POINT('',#2056);
#610=VERTEX_POINT('',#2061);
#611=VERTEX_POINT('',#2066);
#612=VERTEX_POINT('',#2071);
#613=VERTEX_POINT('',#2074);
#614=VERTEX_POINT('',#2076);
#615=VERTEX_POINT('',#2078);
#616=VERTEX_POINT('',#2122);
#617=VERTEX_POINT('',#2158);
#618=VERTEX_POINT('',#2188);
#619=B_SPLINE_CURVE_WITH_KNOTS('',3,(#1303,#1304,#1305,#1306,#1307,#1308,
#1309,#1310,#1311,#1312,#1313),.UNSPECIFIED.,.F.,.F.,(4,1,1,1,1,1,1,1,4),
(0.,0.000821056037983806,0.00164211207596761,0.00246316811395142,0.00328422415193522,
0.00410528018991903,0.00492633622790284,0.00574739226588664,0.00656844830387045),
 .UNSPECIFIED.);
#620=B_SPLINE_CURVE_WITH_KNOTS('',3,(#1318,#1319,#1320,#1321,#1322,#1323,
#1324,#1325,#1326,#1327,#1328,#1329,#1330,#1331,#1332,#1333,#1334,#1335,
#1336,#1337,#1338,#1339,#1340,#1341,#1342,#1343,#1344,#1345,#1346,#1347,
#1348),.UNSPECIFIED.,.F.,.F.,(4,1,1,1,1,1,1,1,1,1,1,1,1,1,1,1,1,1,1,1,1,
1,1,1,1,1,1,1,4),(2.66253652740457E-7,0.0156252620934394,0.0234377600133328,
0.0312502579332261,0.0390627558531194,0.0468752537730128,0.0546877516929061,
0.0625002496127994,0.0703127475326928,0.0781252454525861,0.0937502412923728,
0.125000232971946,0.156250224651519,0.187500216331093,0.218750208010666,
0.25000019969024,0.281250191369813,0.312500183049386,0.375000166408533,
0.43750014976768,0.468750141447253,0.500000133126826,0.5312501248064,0.562500116485973,
0.62500009984512,0.687500083204266,0.750000066563413,0.875000033281707,
1.),.UNSPECIFIED.);
#621=B_SPLINE_CURVE_WITH_KNOTS('',3,(#1352,#1353,#1354,#1355,#1356,#1357,
#1358,#1359,#1360,#1361,#1362,#1363,#1364,#1365,#1366,#1367,#1368,#1369),
 .UNSPECIFIED.,.F.,.F.,(4,1,1,1,1,1,1,1,1,1,1,1,1,1,1,4),(0.,0.125,0.25,
0.3125,0.375,0.4375,0.46875,0.5,0.53125,0.5625,0.625,0.6875,0.75,0.8125,
0.875,1.),.UNSPECIFIED.);
#622=B_SPLINE_CURVE_WITH_KNOTS('',3,(#1376,#1377,#1378,#1379,#1380,#1381,
#1382,#1383,#1384,#1385,#1386),.UNSPECIFIED.,.T.,.F.,(1,1,1,1,1,1,1,1,1,
1,1,1,1,1,1),(-0.00297626038491025,-0.00198417358994017,-0.000992086794970084,
0.,0.000992086794970084,0.00198417358994017,0.00297626038491025,0.00396834717988034,
0.00496043397485042,0.0059525207698205,0.00694460756479059,0.00793669435976067,
0.00892878115473076,0.00992086794970084,0.0109129547446709),
 .UNSPECIFIED.);
#623=B_SPLINE_CURVE_WITH_KNOTS('',3,(#1388,#1389,#1390,#1391,#1392,#1393,
#1394,#1395,#1396,#1397,#1398),.UNSPECIFIED.,.T.,.F.,(1,1,1,1,1,1,1,1,1,
1,1,1,1,1,1),(-0.0029678438380906,-0.00197856255872707,-0.000989281279363535,
0.,0.000989281279363535,0.00197856255872707,0.0029678438380906,0.00395712511745414,
0.00494640639681767,0.00593568767618121,0.00692496895554474,0.00791425023490828,
0.00890353151427181,0.00989281279363535,0.0108820940729989),
 .UNSPECIFIED.);
#624=B_SPLINE_CURVE_WITH_KNOTS('',3,(#1400,#1401,#1402,#1403,#1404,#1405,
#1406,#1407,#1408,#1409,#1410),.UNSPECIFIED.,.T.,.F.,(1,1,1,1,1,1,1,1,1,
1,1,1,1,1,1),(-0.00297659141328605,-0.00198439427552403,-0.000992197137762016,
1.09051566934956E-18,0.000992197137762019,0.00198439427552404,0.00297659141328605,
0.00396878855104807,0.00496098568881009,0.00595318282657211,0.00694537996433412,
0.00793757710209614,0.00892977423985816,0.00992197137762017,0.0109141685153822),
 .UNSPECIFIED.);
#625=B_SPLINE_CURVE_WITH_KNOTS('',3,(#1412,#1413,#1414,#1415,#1416,#1417,
#1418,#1419,#1420,#1421,#1422),.UNSPECIFIED.,.T.,.F.,(1,1,1,1,1,1,1,1,1,
1,1,1,1,1,1),(-0.00296784383809061,-0.00197856255872707,-0.000989281279363536,
0.,0.000989281279363536,0.00197856255872707,0.00296784383809061,0.00395712511745415,
0.00494640639681768,0.00593568767618122,0.00692496895554475,0.00791425023490829,
0.00890353151427183,0.00989281279363536,0.0108820940729989),
 .UNSPECIFIED.);
#626=B_SPLINE_CURVE_WITH_KNOTS('',3,(#1424,#1425,#1426,#1427,#1428,#1429,
#1430,#1431,#1432,#1433,#1434),.UNSPECIFIED.,.T.,.F.,(1,1,1,1,1,1,1,1,1,
1,1,1,1,1,1),(-0.00297626038491026,-0.00198417358994017,-0.000992086794970087,
0.,0.000992086794970087,0.00198417358994017,0.00297626038491026,0.00396834717988035,
0.00496043397485043,0.00595252076982052,0.00694460756479061,0.00793669435976069,
0.00892878115473078,0.00992086794970087,0.010912954744671),
 .UNSPECIFIED.);
#627=B_SPLINE_CURVE_WITH_KNOTS('',3,(#1450,#1451,#1452,#1453),
 .UNSPECIFIED.,.F.,.F.,(4,4),(0.,0.0149573207377261),.UNSPECIFIED.);
#628=B_SPLINE_CURVE_WITH_KNOTS('',3,(#1455,#1456,#1457,#1458),
 .UNSPECIFIED.,.F.,.F.,(4,4),(0.,1.),.UNSPECIFIED.);
#629=B_SPLINE_CURVE_WITH_KNOTS('',3,(#1460,#1461,#1462,#1463),
 .UNSPECIFIED.,.F.,.F.,(4,4),(0.00752126874609385,0.0329398856049998),
 .UNSPECIFIED.);
#630=B_SPLINE_CURVE_WITH_KNOTS('',3,(#1527,#1528,#1529,#1530,#1531,#1532,
#1533,#1534,#1535,#1536,#1537,#1538,#1539,#1540,#1541),.UNSPECIFIED.,.T.,
 .F.,(1,1,1,1,1,1,1,1,1,1,1,1,1,1,1,1,1,1,1),(-0.0022791111262391,-0.00170933334467932,
-0.00113955556311955,0.,0.00113955556311955,0.00170933334467932,0.0022791111262391,
0.00284888890779887,0.00341866668935865,0.0045582222524782,0.00569777781559775,
0.00626755559715752,0.0068373333787173,0.00740711116027707,0.00797688894183684,
0.00911644450495639,0.0102560000680759,0.0108257778496357,0.0113955556311955),
 .UNSPECIFIED.);
#631=B_SPLINE_CURVE_WITH_KNOTS('',3,(#1543,#1544,#1545,#1546,#1547),
 .UNSPECIFIED.,.F.,.F.,(4,1,4),(1.86835436258807E-17,0.000726346201529582,
0.00145269240305915),.UNSPECIFIED.);
#632=B_SPLINE_CURVE_WITH_KNOTS('',3,(#1548,#1549,#1550,#1551,#1552,#1553,
#1554,#1555,#1556,#1557,#1558,#1559,#1560,#1561,#1562,#1563,#1564,#1565),
 .UNSPECIFIED.,.F.,.F.,(4,1,1,1,1,1,1,1,1,1,1,1,1,1,1,4),(0.,0.125,0.25,
0.375,0.4375,0.46875,0.484375,0.5,0.515625,0.53125,0.5625,0.625,0.6875,
0.75,0.875,1.),.UNSPECIFIED.);
#633=B_SPLINE_CURVE_WITH_KNOTS('',3,(#1628,#1629,#1630,#1631),
 .UNSPECIFIED.,.F.,.F.,(4,4),(0.,0.602458122729168),.UNSPECIFIED.);
#634=B_SPLINE_CURVE_WITH_KNOTS('',3,(#1634,#1635,#1636,#1637),
 .UNSPECIFIED.,.F.,.F.,(4,4),(0.,1.),.UNSPECIFIED.);
#635=B_SPLINE_CURVE_WITH_KNOTS('',3,(#1662,#1663,#1664,#1665,#1666,#1667,
#1668,#1669,#1670,#1671,#1672,#1673,#1674,#1675,#1676,#1677,#1678,#1679,
#1680,#1681),.UNSPECIFIED.,.F.,.F.,(4,1,1,1,1,1,1,1,1,1,1,1,1,1,1,1,1,4),
(0.,0.0625,0.125,0.15625,0.1875,0.21875,0.234375,0.25,0.265625,0.28125,
0.3125,0.375,0.4375,0.5,0.5625,0.625,0.75,1.),.UNSPECIFIED.);
#636=B_SPLINE_CURVE_WITH_KNOTS('',3,(#1683,#1684,#1685,#1686),
 .UNSPECIFIED.,.F.,.F.,(4,4),(0.,0.0141622164737804),.UNSPECIFIED.);
#637=B_SPLINE_CURVE_WITH_KNOTS('',3,(#1689,#1690,#1691,#1692),
 .UNSPECIFIED.,.F.,.F.,(4,4),(0.,0.0194946816416868),.UNSPECIFIED.);
#638=B_SPLINE_CURVE_WITH_KNOTS('',3,(#1918,#1919,#1920,#1921,#1922,#1923,
#1924,#1925,#1926,#1927,#1928),.UNSPECIFIED.,.F.,.F.,(4,1,1,1,1,1,1,1,4),
(0.,0.000821056037983806,0.00164211207596761,0.00246316811395142,0.00328422415193522,
0.00410528018991903,0.00492633622790284,0.00574739226588664,0.00656844830387045),
 .UNSPECIFIED.);
#639=B_SPLINE_CURVE_WITH_KNOTS('',3,(#1934,#1935,#1936,#1937,#1938,#1939,
#1940,#1941,#1942,#1943,#1944,#1945,#1946,#1947,#1948,#1949,#1950,#1951),
 .UNSPECIFIED.,.F.,.F.,(4,1,1,1,1,1,1,1,1,1,1,1,1,1,1,4),(0.,0.125,0.25,
0.3125,0.375,0.4375,0.46875,0.5,0.53125,0.5625,0.625,0.6875,0.75,0.8125,
0.875,1.),.UNSPECIFIED.);
#640=B_SPLINE_CURVE_WITH_KNOTS('',3,(#1955,#1956,#1957,#1958,#1959,#1960,
#1961,#1962,#1963,#1964,#1965,#1966,#1967,#1968,#1969,#1970,#1971,#1972,
#1973,#1974,#1975,#1976,#1977,#1978,#1979,#1980,#1981,#1982,#1983,#1984,
#1985),.UNSPECIFIED.,.F.,.F.,(4,1,1,1,1,1,1,1,1,1,1,1,1,1,1,1,1,1,1,1,1,
1,1,1,1,1,1,1,4),(2.66253652740457E-7,0.0156252620934394,0.0234377600133328,
0.0312502579332261,0.0390627558531194,0.0468752537730128,0.0546877516929061,
0.0625002496127994,0.0703127475326928,0.0781252454525861,0.0937502412923728,
0.125000232971946,0.156250224651519,0.187500216331093,0.218750208010666,
0.25000019969024,0.281250191369813,0.312500183049386,0.375000166408533,
0.43750014976768,0.468750141447253,0.500000133126826,0.5312501248064,0.562500116485973,
0.62500009984512,0.687500083204266,0.750000066563413,0.875000033281707,
1.),.UNSPECIFIED.);
#641=B_SPLINE_CURVE_WITH_KNOTS('',3,(#1988,#1989,#1990,#1991,#1992,#1993,
#1994,#1995,#1996,#1997,#1998),.UNSPECIFIED.,.T.,.F.,(1,1,1,1,1,1,1,1,1,
1,1,1,1,1,1),(-0.00297626038491025,-0.00198417358994017,-0.000992086794970084,
0.,0.000992086794970084,0.00198417358994017,0.00297626038491025,0.00396834717988034,
0.00496043397485042,0.0059525207698205,0.00694460756479059,0.00793669435976067,
0.00892878115473076,0.00992086794970084,0.0109129547446709),
 .UNSPECIFIED.);
#642=B_SPLINE_CURVE_WITH_KNOTS('',3,(#2000,#2001,#2002,#2003,#2004,#2005,
#2006,#2007,#2008,#2009,#2010),.UNSPECIFIED.,.T.,.F.,(1,1,1,1,1,1,1,1,1,
1,1,1,1,1,1),(-0.0029678438380906,-0.00197856255872707,-0.000989281279363535,
0.,0.000989281279363535,0.00197856255872707,0.0029678438380906,0.00395712511745414,
0.00494640639681767,0.00593568767618121,0.00692496895554474,0.00791425023490828,
0.00890353151427181,0.00989281279363535,0.0108820940729989),
 .UNSPECIFIED.);
#643=B_SPLINE_CURVE_WITH_KNOTS('',3,(#2012,#2013,#2014,#2015,#2016,#2017,
#2018,#2019,#2020,#2021,#2022),.UNSPECIFIED.,.T.,.F.,(1,1,1,1,1,1,1,1,1,
1,1,1,1,1,1),(-0.00297659141328605,-0.00198439427552403,-0.000992197137762016,
1.09051566934956E-18,0.000992197137762019,0.00198439427552404,0.00297659141328605,
0.00396878855104807,0.00496098568881009,0.00595318282657211,0.00694537996433412,
0.00793757710209614,0.00892977423985816,0.00992197137762017,0.0109141685153822),
 .UNSPECIFIED.);
#644=B_SPLINE_CURVE_WITH_KNOTS('',3,(#2024,#2025,#2026,#2027,#2028,#2029,
#2030,#2031,#2032,#2033,#2034),.UNSPECIFIED.,.T.,.F.,(1,1,1,1,1,1,1,1,1,
1,1,1,1,1,1),(-0.00296784383809061,-0.00197856255872707,-0.000989281279363536,
0.,0.000989281279363536,0.00197856255872707,0.00296784383809061,0.00395712511745415,
0.00494640639681768,0.00593568767618122,0.00692496895554475,0.00791425023490829,
0.00890353151427183,0.00989281279363536,0.0108820940729989),
 .UNSPECIFIED.);
#645=B_SPLINE_CURVE_WITH_KNOTS('',3,(#2036,#2037,#2038,#2039,#2040,#2041,
#2042,#2043,#2044,#2045,#2046),.UNSPECIFIED.,.T.,.F.,(1,1,1,1,1,1,1,1,1,
1,1,1,1,1,1),(-0.00297626038491026,-0.00198417358994017,-0.000992086794970087,
0.,0.000992086794970087,0.00198417358994017,0.00297626038491026,0.00396834717988035,
0.00496043397485043,0.00595252076982052,0.00694460756479061,0.00793669435976069,
0.00892878115473078,0.00992086794970087,0.010912954744671),
 .UNSPECIFIED.);
#646=B_SPLINE_CURVE_WITH_KNOTS('',3,(#2057,#2058,#2059,#2060),
 .UNSPECIFIED.,.F.,.F.,(4,4),(0.00752126874609385,0.0329398856049998),
 .UNSPECIFIED.);
#647=B_SPLINE_CURVE_WITH_KNOTS('',3,(#2062,#2063,#2064,#2065),
 .UNSPECIFIED.,.F.,.F.,(4,4),(0.,1.),.UNSPECIFIED.);
#648=B_SPLINE_CURVE_WITH_KNOTS('',3,(#2067,#2068,#2069,#2070),
 .UNSPECIFIED.,.F.,.F.,(4,4),(0.,0.0149573207377261),.UNSPECIFIED.);
#649=B_SPLINE_CURVE_WITH_KNOTS('',3,(#2107,#2108,#2109,#2110,#2111,#2112,
#2113,#2114,#2115,#2116,#2117,#2118,#2119,#2120,#2121),.UNSPECIFIED.,.T.,
 .F.,(1,1,1,1,1,1,1,1,1,1,1,1,1,1,1,1,1,1,1),(-0.0022791111262391,-0.00170933334467932,
-0.00113955556311955,0.,0.00113955556311955,0.00170933334467932,0.0022791111262391,
0.00284888890779887,0.00341866668935864,0.00455822225247819,0.00569777781559774,
0.00626755559715751,0.00683733337871729,0.00740711116027706,0.00797688894183684,
0.00911644450495638,0.0102560000680759,0.0108257778496357,0.0113955556311955),
 .UNSPECIFIED.);
#650=B_SPLINE_CURVE_WITH_KNOTS('',3,(#2123,#2124,#2125,#2126,#2127),
 .UNSPECIFIED.,.F.,.F.,(4,1,4),(1.86835436258807E-17,0.000726346201529581,
0.00145269240305914),.UNSPECIFIED.);
#651=B_SPLINE_CURVE_WITH_KNOTS('',3,(#2128,#2129,#2130,#2131,#2132,#2133,
#2134,#2135,#2136,#2137,#2138,#2139,#2140,#2141,#2142,#2143,#2144,#2145),
 .UNSPECIFIED.,.F.,.F.,(4,1,1,1,1,1,1,1,1,1,1,1,1,1,1,4),(0.,0.125,0.25,
0.375,0.4375,0.46875,0.484375,0.5,0.515625,0.53125,0.5625,0.625,0.6875,
0.75,0.875,1.),.UNSPECIFIED.);
#652=B_SPLINE_CURVE_WITH_KNOTS('',3,(#2150,#2151,#2152,#2153),
 .UNSPECIFIED.,.F.,.F.,(4,4),(0.,0.602458122729168),.UNSPECIFIED.);
#653=B_SPLINE_CURVE_WITH_KNOTS('',3,(#2154,#2155,#2156,#2157),
 .UNSPECIFIED.,.F.,.F.,(4,4),(0.,1.),.UNSPECIFIED.);
#654=B_SPLINE_CURVE_WITH_KNOTS('',3,(#2184,#2185,#2186,#2187),
 .UNSPECIFIED.,.F.,.F.,(4,4),(-1.81137698590516E-10,0.0141622164737804),
 .UNSPECIFIED.);
#655=B_SPLINE_CURVE_WITH_KNOTS('',3,(#2189,#2190,#2191,#2192,#2193,#2194,
#2195,#2196,#2197,#2198,#2199,#2200,#2201,#2202,#2203,#2204,#2205,#2206,
#2207,#2208),.UNSPECIFIED.,.F.,.F.,(4,1,1,1,1,1,1,1,1,1,1,1,1,1,1,1,1,4),
(0.,0.0624999949999856,0.124999989999971,0.156249987499964,0.187499984999957,
0.218749982499949,0.234374981249946,0.249999979999942,0.265624978749939,
0.281249977499935,0.312499974999928,0.374999969999913,0.437499964999899,
0.499999959999885,0.56249995499987,0.624999949999856,0.749999939999827,
0.999999919999769),.UNSPECIFIED.);
#656=B_SPLINE_CURVE_WITH_KNOTS('',3,(#2210,#2211,#2212,#2213),
 .UNSPECIFIED.,.F.,.F.,(4,4),(0.,0.0194940492658583),.UNSPECIFIED.);
#657=EDGE_LOOP('',(#173,#174,#175,#176,#177,#178,#179,#180));
#658=EDGE_LOOP('',(#181));
#659=EDGE_LOOP('',(#182));
#660=EDGE_LOOP('',(#183));
#661=EDGE_LOOP('',(#184));
#662=EDGE_LOOP('',(#185));
#663=EDGE_LOOP('',(#186));
#664=EDGE_LOOP('',(#187));
#665=EDGE_LOOP('',(#188));
#666=EDGE_LOOP('',(#189));
#667=EDGE_LOOP('',(#190,#191,#192,#193,#194,#195,#196,#197));
#668=EDGE_LOOP('',(#198));
#669=EDGE_LOOP('',(#199));
#670=EDGE_LOOP('',(#200));
#671=EDGE_LOOP('',(#201,#202,#203,#204,#205,#206,#207,#208,#209));
#672=EDGE_LOOP('',(#210));
#673=EDGE_LOOP('',(#211));
#674=EDGE_LOOP('',(#212));
#675=EDGE_LOOP('',(#213));
#676=EDGE_LOOP('',(#214));
#677=EDGE_LOOP('',(#215));
#678=EDGE_LOOP('',(#216,#217,#218,#219,#220,#221));
#679=EDGE_LOOP('',(#222));
#680=EDGE_LOOP('',(#223));
#681=EDGE_LOOP('',(#224,#225,#226,#227));
#682=EDGE_LOOP('',(#228));
#683=EDGE_LOOP('',(#229));
#684=EDGE_LOOP('',(#230));
#685=EDGE_LOOP('',(#231));
#686=EDGE_LOOP('',(#232));
#687=EDGE_LOOP('',(#233,#234,#235,#236,#237,#238,#239,#240,#241));
#688=EDGE_LOOP('',(#242,#243,#244,#245,#246,#247,#248,#249,#250,#251,#252,
#253));
#689=EDGE_LOOP('',(#254,#255,#256,#257));
#690=EDGE_LOOP('',(#258,#259,#260,#261,#262,#263));
#691=EDGE_LOOP('',(#264,#265,#266,#267,#268,#269));
#692=EDGE_LOOP('',(#270,#271,#272,#273,#274,#275));
#693=EDGE_LOOP('',(#276,#277,#278,#279));
#694=EDGE_LOOP('',(#280,#281,#282,#283));
#695=EDGE_LOOP('',(#284));
#696=EDGE_LOOP('',(#285));
#697=EDGE_LOOP('',(#286));
#698=EDGE_LOOP('',(#287));
#699=EDGE_LOOP('',(#288));
#700=EDGE_LOOP('',(#289));
#701=EDGE_LOOP('',(#290));
#702=EDGE_LOOP('',(#291));
#703=EDGE_LOOP('',(#292,#293,#294,#295));
#704=EDGE_LOOP('',(#296,#297,#298,#299,#300));
#705=EDGE_LOOP('',(#301,#302,#303,#304));
#706=EDGE_LOOP('',(#305));
#707=EDGE_LOOP('',(#306));
#708=EDGE_LOOP('',(#307));
#709=EDGE_LOOP('',(#308));
#710=EDGE_LOOP('',(#309));
#711=EDGE_LOOP('',(#310));
#712=EDGE_LOOP('',(#311));
#713=EDGE_LOOP('',(#312));
#714=EDGE_LOOP('',(#313));
#715=EDGE_LOOP('',(#314));
#716=EDGE_LOOP('',(#315,#316));
#717=EDGE_LOOP('',(#317));
#718=EDGE_LOOP('',(#318));
#719=EDGE_LOOP('',(#319));
#720=EDGE_LOOP('',(#320,#321,#322,#323,#324,#325,#326,#327));
#721=EDGE_LOOP('',(#328));
#722=EDGE_LOOP('',(#329));
#723=EDGE_LOOP('',(#330));
#724=EDGE_LOOP('',(#331));
#725=EDGE_LOOP('',(#332));
#726=EDGE_LOOP('',(#333));
#727=EDGE_LOOP('',(#334));
#728=EDGE_LOOP('',(#335));
#729=EDGE_LOOP('',(#336));
#730=EDGE_LOOP('',(#337,#338,#339,#340,#341,#342,#343,#344));
#731=EDGE_LOOP('',(#345));
#732=EDGE_LOOP('',(#346));
#733=EDGE_LOOP('',(#347));
#734=EDGE_LOOP('',(#348));
#735=EDGE_LOOP('',(#349,#350,#351,#352,#353,#354));
#736=EDGE_LOOP('',(#355,#356,#357,#358));
#737=EDGE_LOOP('',(#359,#360,#361,#362,#363,#364));
#738=EDGE_LOOP('',(#365,#366,#367,#368,#369,#370));
#739=EDGE_LOOP('',(#371,#372,#373,#374,#375,#376));
#740=EDGE_LOOP('',(#377,#378,#379,#380));
#741=EDGE_LOOP('',(#381));
#742=EDGE_LOOP('',(#382));
#743=EDGE_LOOP('',(#383));
#744=EDGE_LOOP('',(#384));
#745=EDGE_LOOP('',(#385,#386,#387,#388,#389));
#746=EDGE_LOOP('',(#390,#391,#392,#393));
#747=EDGE_LOOP('',(#394));
#748=EDGE_LOOP('',(#395));
#749=EDGE_LOOP('',(#396));
#750=EDGE_LOOP('',(#397));
#751=EDGE_LOOP('',(#398));
#752=EDGE_LOOP('',(#399));
#753=EDGE_LOOP('',(#400));
#754=EDGE_LOOP('',(#401));
#755=EDGE_LOOP('',(#402));
#756=EDGE_LOOP('',(#403));
#757=EDGE_LOOP('',(#404,#405));
#758=EDGE_LOOP('',(#406));
#759=EDGE_LOOP('',(#407));
#760=EDGE_LOOP('',(#408));
#761=FACE_BOUND('',#657,.T.);
#762=FACE_BOUND('',#658,.T.);
#763=FACE_BOUND('',#659,.T.);
#764=FACE_BOUND('',#660,.T.);
#765=FACE_BOUND('',#661,.T.);
#766=FACE_BOUND('',#662,.T.);
#767=FACE_BOUND('',#663,.T.);
#768=FACE_BOUND('',#664,.T.);
#769=FACE_BOUND('',#665,.T.);
#770=FACE_BOUND('',#666,.T.);
#771=FACE_BOUND('',#667,.T.);
#772=FACE_BOUND('',#668,.T.);
#773=FACE_BOUND('',#669,.T.);
#774=FACE_BOUND('',#670,.T.);
#775=FACE_BOUND('',#671,.T.);
#776=FACE_BOUND('',#672,.T.);
#777=FACE_BOUND('',#673,.T.);
#778=FACE_BOUND('',#674,.T.);
#779=FACE_BOUND('',#675,.T.);
#780=FACE_BOUND('',#676,.T.);
#781=FACE_BOUND('',#677,.T.);
#782=FACE_BOUND('',#678,.T.);
#783=FACE_BOUND('',#679,.T.);
#784=FACE_BOUND('',#680,.T.);
#785=FACE_BOUND('',#681,.T.);
#786=FACE_BOUND('',#682,.T.);
#787=FACE_BOUND('',#683,.T.);
#788=FACE_BOUND('',#684,.T.);
#789=FACE_BOUND('',#685,.T.);
#790=FACE_BOUND('',#686,.T.);
#791=FACE_BOUND('',#687,.T.);
#792=FACE_BOUND('',#688,.T.);
#793=FACE_BOUND('',#689,.T.);
#794=FACE_BOUND('',#690,.T.);
#795=FACE_BOUND('',#691,.T.);
#796=FACE_BOUND('',#692,.T.);
#797=FACE_BOUND('',#693,.T.);
#798=FACE_BOUND('',#694,.T.);
#799=FACE_BOUND('',#695,.T.);
#800=FACE_BOUND('',#696,.T.);
#801=FACE_BOUND('',#697,.T.);
#802=FACE_BOUND('',#698,.T.);
#803=FACE_BOUND('',#699,.T.);
#804=FACE_BOUND('',#700,.T.);
#805=FACE_BOUND('',#701,.T.);
#806=FACE_BOUND('',#702,.T.);
#807=FACE_BOUND('',#703,.T.);
#808=FACE_BOUND('',#704,.T.);
#809=FACE_BOUND('',#705,.T.);
#810=FACE_BOUND('',#706,.T.);
#811=FACE_BOUND('',#707,.T.);
#812=FACE_BOUND('',#708,.T.);
#813=FACE_BOUND('',#709,.T.);
#814=FACE_BOUND('',#710,.T.);
#815=FACE_BOUND('',#711,.T.);
#816=FACE_BOUND('',#712,.T.);
#817=FACE_BOUND('',#713,.T.);
#818=FACE_BOUND('',#714,.T.);
#819=FACE_BOUND('',#715,.T.);
#820=FACE_BOUND('',#716,.T.);
#821=FACE_BOUND('',#717,.T.);
#822=FACE_BOUND('',#718,.T.);
#823=FACE_BOUND('',#719,.T.);
#824=FACE_BOUND('',#720,.T.);
#825=FACE_BOUND('',#721,.T.);
#826=FACE_BOUND('',#722,.T.);
#827=FACE_BOUND('',#723,.T.);
#828=FACE_BOUND('',#724,.T.);
#829=FACE_BOUND('',#725,.T.);
#830=FACE_BOUND('',#726,.T.);
#831=FACE_BOUND('',#727,.T.);
#832=FACE_BOUND('',#728,.T.);
#833=FACE_BOUND('',#729,.T.);
#834=FACE_BOUND('',#730,.T.);
#835=FACE_BOUND('',#731,.T.);
#836=FACE_BOUND('',#732,.T.);
#837=FACE_BOUND('',#733,.T.);
#838=FACE_BOUND('',#734,.T.);
#839=FACE_BOUND('',#735,.T.);
#840=FACE_BOUND('',#736,.T.);
#841=FACE_BOUND('',#737,.T.);
#842=FACE_BOUND('',#738,.T.);
#843=FACE_BOUND('',#739,.T.);
#844=FACE_BOUND('',#740,.T.);
#845=FACE_BOUND('',#741,.T.);
#846=FACE_BOUND('',#742,.T.);
#847=FACE_BOUND('',#743,.T.);
#848=FACE_BOUND('',#744,.T.);
#849=FACE_BOUND('',#745,.T.);
#850=FACE_BOUND('',#746,.T.);
#851=FACE_BOUND('',#747,.T.);
#852=FACE_BOUND('',#748,.T.);
#853=FACE_BOUND('',#749,.T.);
#854=FACE_BOUND('',#750,.T.);
#855=FACE_BOUND('',#751,.T.);
#856=FACE_BOUND('',#752,.T.);
#857=FACE_BOUND('',#753,.T.);
#858=FACE_BOUND('',#754,.T.);
#859=FACE_BOUND('',#755,.T.);
#860=FACE_BOUND('',#756,.T.);
#861=FACE_BOUND('',#757,.T.);
#862=FACE_BOUND('',#758,.T.);
#863=FACE_BOUND('',#759,.T.);
#864=FACE_BOUND('',#760,.T.);
#865=B_SPLINE_SURFACE_WITH_KNOTS('',3,1,((#1201,#1202,#1203),(#1204,#1205,
#1206),(#1207,#1208,#1209),(#1210,#1211,#1212),(#1213,#1214,#1215),(#1216,
#1217,#1218),(#1219,#1220,#1221),(#1222,#1223,#1224),(#1225,#1226,#1227),
(#1228,#1229,#1230),(#1231,#1232,#1233),(#1234,#1235,#1236),(#1237,#1238,
#1239),(#1240,#1241,#1242),(#1243,#1244,#1245),(#1246,#1247,#1248),(#1249,
#1250,#1251),(#1252,#1253,#1254),(#1255,#1256,#1257),(#1258,#1259,#1260),
(#1261,#1262,#1263),(#1264,#1265,#1266),(#1267,#1268,#1269),(#1270,#1271,
#1272),(#1273,#1274,#1275),(#1276,#1277,#1278),(#1279,#1280,#1281),(#1282,
#1283,#1284),(#1285,#1286,#1287),(#1288,#1289,#1290),(#1291,#1292,#1293),
(#1294,#1295,#1296),(#1297,#1298,#1299),(#1300,#1301,#1302)),
 .RULED_SURF.,.F.,.F.,.F.,(4,2,2,2,2,2,2,2,2,2,2,2,2,2,2,2,4),(2,1,2),(0.,
0.0625,0.125,0.1875,0.25,0.3125,0.375,0.4375,0.5,0.5625,0.625,0.6875,0.75,
0.8125,0.875,0.9375,1.),(-0.00600002636049749,0.,1.),.UNSPECIFIED.);
#866=B_SPLINE_SURFACE_WITH_KNOTS('',3,1,((#1499,#1500),(#1501,#1502),(#1503,
#1504),(#1505,#1506),(#1507,#1508),(#1509,#1510),(#1511,#1512),(#1513,#1514),
(#1515,#1516),(#1517,#1518),(#1519,#1520),(#1521,#1522),(#1523,#1524),(#1525,
#1526)),.RULED_SURF.,.F.,.F.,.F.,(4,2,2,2,2,2,4),(2,2),(0.,0.0625,0.125,
0.1875,0.25,0.3125,0.326252460789136),(0.,0.637447083512664),
 .UNSPECIFIED.);
#867=B_SPLINE_SURFACE_WITH_KNOTS('',3,3,((#1638,#1639,#1640,#1641),(#1642,
#1643,#1644,#1645),(#1646,#1647,#1648,#1649),(#1650,#1651,#1652,#1653),
(#1654,#1655,#1656,#1657),(#1658,#1659,#1660,#1661)),.UNSPECIFIED.,.F.,
 .F.,.F.,(4,2,4),(4,4),(0.,0.5,1.),(-0.00600001793130046,1.),
 .UNSPECIFIED.);
#868=B_SPLINE_SURFACE_WITH_KNOTS('',1,3,((#1705,#1706,#1707,#1708,#1709,
#1710,#1711,#1712,#1713,#1714,#1715,#1716,#1717,#1718,#1719,#1720,#1721,
#1722,#1723,#1724,#1725,#1726,#1727,#1728,#1729,#1730),(#1731,#1732,#1733,
#1734,#1735,#1736,#1737,#1738,#1739,#1740,#1741,#1742,#1743,#1744,#1745,
#1746,#1747,#1748,#1749,#1750,#1751,#1752,#1753,#1754,#1755,#1756)),
 .RULED_SURF.,.F.,.F.,.F.,(2,2),(4,2,2,2,2,2,2,2,2,2,2,2,4),(0.,1.),(0.0506877097487881,
0.0528953635451517,0.0542094348577429,0.0548664705140385,0.0551949883421863,
0.0553592472562602,0.0555235061703342,0.0556877650844081,0.055852023998482,
0.0561805418266298,0.0568375774829254,0.0581516487955166,0.0603592900651345),
 .UNSPECIFIED.);
#869=B_SPLINE_SURFACE_WITH_KNOTS('',1,3,((#1757,#1758,#1759,#1760,#1761,
#1762,#1763,#1764,#1765,#1766,#1767,#1768,#1769,#1770,#1771,#1772,#1773,
#1774,#1775,#1776,#1777,#1778,#1779,#1780,#1781,#1782),(#1783,#1784,#1785,
#1786,#1787,#1788,#1789,#1790,#1791,#1792,#1793,#1794,#1795,#1796,#1797,
#1798,#1799,#1800,#1801,#1802,#1803,#1804,#1805,#1806,#1807,#1808)),
 .RULED_SURF.,.F.,.F.,.F.,(2,2),(4,2,2,2,2,2,2,2,2,2,2,2,4),(0.,1.),(0.0506780479053308,
0.0517223975920823,0.0532582058981837,0.0540261100512344,0.054794014204285,
0.0551779662808104,0.0555619183573357,0.0559458704338611,0.0563298225103864,
0.0570977266634371,0.0578656308164878,0.0594014391225891,0.0619816097714554),
 .UNSPECIFIED.);
#870=B_SPLINE_SURFACE_WITH_KNOTS('',3,1,((#1816,#1817,#1818),(#1819,#1820,
#1821),(#1822,#1823,#1824),(#1825,#1826,#1827),(#1828,#1829,#1830),(#1831,
#1832,#1833),(#1834,#1835,#1836),(#1837,#1838,#1839),(#1840,#1841,#1842),
(#1843,#1844,#1845),(#1846,#1847,#1848),(#1849,#1850,#1851),(#1852,#1853,
#1854),(#1855,#1856,#1857),(#1858,#1859,#1860),(#1861,#1862,#1863),(#1864,
#1865,#1866),(#1867,#1868,#1869),(#1870,#1871,#1872),(#1873,#1874,#1875),
(#1876,#1877,#1878),(#1879,#1880,#1881),(#1882,#1883,#1884),(#1885,#1886,
#1887),(#1888,#1889,#1890),(#1891,#1892,#1893),(#1894,#1895,#1896),(#1897,
#1898,#1899),(#1900,#1901,#1902),(#1903,#1904,#1905),(#1906,#1907,#1908),
(#1909,#1910,#1911),(#1912,#1913,#1914),(#1915,#1916,#1917)),
 .RULED_SURF.,.F.,.F.,.F.,(4,2,2,2,2,2,2,2,2,2,2,2,2,2,2,2,4),(2,1,2),(0.,
0.0625,0.125,0.1875,0.25,0.3125,0.375,0.4375,0.5,0.5625,0.625,0.6875,0.75,
0.8125,0.875,0.9375,1.),(-0.00600002636049749,0.,1.),.UNSPECIFIED.);
#871=B_SPLINE_SURFACE_WITH_KNOTS('',3,1,((#2079,#2080),(#2081,#2082),(#2083,
#2084),(#2085,#2086),(#2087,#2088),(#2089,#2090),(#2091,#2092),(#2093,#2094),
(#2095,#2096),(#2097,#2098),(#2099,#2100),(#2101,#2102),(#2103,#2104),(#2105,
#2106)),.RULED_SURF.,.F.,.F.,.F.,(4,2,2,2,2,2,4),(2,2),(0.,0.0625,0.125,
0.1875,0.25,0.3125,0.326252460789136),(0.,0.637447083512664),
 .UNSPECIFIED.);
#872=B_SPLINE_SURFACE_WITH_KNOTS('',3,3,((#2160,#2161,#2162,#2163),(#2164,
#2165,#2166,#2167),(#2168,#2169,#2170,#2171),(#2172,#2173,#2174,#2175),
(#2176,#2177,#2178,#2179),(#2180,#2181,#2182,#2183)),.UNSPECIFIED.,.F.,
 .F.,.F.,(4,2,4),(4,4),(0.,0.5,1.),(-0.00600001793130042,1.),
 .UNSPECIFIED.);
#873=B_SPLINE_SURFACE_WITH_KNOTS('',1,3,((#2217,#2218,#2219,#2220,#2221,
#2222,#2223,#2224,#2225,#2226,#2227,#2228,#2229,#2230,#2231,#2232,#2233,
#2234,#2235,#2236,#2237,#2238,#2239,#2240,#2241,#2242),(#2243,#2244,#2245,
#2246,#2247,#2248,#2249,#2250,#2251,#2252,#2253,#2254,#2255,#2256,#2257,
#2258,#2259,#2260,#2261,#2262,#2263,#2264,#2265,#2266,#2267,#2268)),
 .RULED_SURF.,.F.,.F.,.F.,(2,2),(4,2,2,2,2,2,2,2,2,2,2,2,4),(0.,1.),(0.0506877097487881,
0.0528953635451517,0.0542094348577429,0.0548664705140385,0.0551949883421863,
0.0553592472562602,0.0555235061703342,0.0556877650844081,0.055852023998482,
0.0561805418266298,0.0568375774829254,0.0581516487955166,0.0603592900651345),
 .UNSPECIFIED.);
#874=B_SPLINE_SURFACE_WITH_KNOTS('',1,3,((#2269,#2270,#2271,#2272,#2273,
#2274,#2275,#2276,#2277,#2278,#2279,#2280,#2281,#2282,#2283,#2284,#2285,
#2286,#2287,#2288,#2289,#2290,#2291,#2292,#2293,#2294),(#2295,#2296,#2297,
#2298,#2299,#2300,#2301,#2302,#2303,#2304,#2305,#2306,#2307,#2308,#2309,
#2310,#2311,#2312,#2313,#2314,#2315,#2316,#2317,#2318,#2319,#2320)),
 .RULED_SURF.,.F.,.F.,.F.,(2,2),(4,2,2,2,2,2,2,2,2,2,2,2,4),(0.,1.),(0.0506780479053308,
0.0517223975920823,0.0532582058981837,0.0540261100512344,0.054794014204285,
0.0551779662808104,0.0555619183573357,0.0559458704338611,0.0563298225103864,
0.0570977266634371,0.0578656308164878,0.0594014391225891,0.0619816097714554),
 .UNSPECIFIED.);
#875=ADVANCED_FACE('',(#761,#762,#763,#764,#765,#766),#865,.T.);
#876=ADVANCED_FACE('',(#767,#768,#769,#770,#771,#772,#773,#774),#34,.F.);
#877=ADVANCED_FACE('',(#775,#776,#777,#778,#779,#780),#35,.T.);
#878=ADVANCED_FACE('',(#781,#782),#866,.T.);
#879=ADVANCED_FACE('',(#783,#784),#12,.F.);
#880=ADVANCED_FACE('',(#785,#786,#787,#788,#789,#790),#36,.F.);
#881=ADVANCED_FACE('',(#791),#37,.T.);
#882=ADVANCED_FACE('',(#792),#38,.T.);
#883=ADVANCED_FACE('',(#793),#13,.T.);
#884=ADVANCED_FACE('',(#794),#39,.F.);
#885=ADVANCED_FACE('',(#795),#867,.T.);
#886=ADVANCED_FACE('',(#796),#40,.T.);
#887=ADVANCED_FACE('',(#797),#41,.T.);
#888=ADVANCED_FACE('',(#798),#42,.F.);
#889=ADVANCED_FACE('',(#799,#800),#14,.F.);
#890=ADVANCED_FACE('',(#801,#802),#15,.F.);
#891=ADVANCED_FACE('',(#803,#804),#16,.F.);
#892=ADVANCED_FACE('',(#805,#806),#43,.T.);
#893=ADVANCED_FACE('',(#807),#44,.T.);
#894=ADVANCED_FACE('',(#808),#868,.T.);
#895=ADVANCED_FACE('',(#809),#869,.T.);
#896=ADVANCED_FACE('',(#810,#811),#17,.F.);
#897=ADVANCED_FACE('',(#812,#813),#18,.F.);
#898=ADVANCED_FACE('',(#814,#815),#19,.F.);
#899=ADVANCED_FACE('',(#816,#817),#20,.F.);
#900=ADVANCED_FACE('',(#818,#819),#21,.F.);
#901=ADVANCED_FACE('',(#820,#821),#22,.F.);
#902=ADVANCED_FACE('',(#822,#823),#23,.F.);
#903=ADVANCED_FACE('',(#824,#825,#826,#827,#828,#829),#870,.F.);
#904=ADVANCED_FACE('',(#830,#831,#832,#833,#834,#835,#836,#837),#45,.F.);
#905=ADVANCED_FACE('',(#838,#839),#871,.F.);
#906=ADVANCED_FACE('',(#840),#24,.T.);
#907=ADVANCED_FACE('',(#841),#46,.F.);
#908=ADVANCED_FACE('',(#842),#872,.F.);
#909=ADVANCED_FACE('',(#843),#47,.T.);
#910=ADVANCED_FACE('',(#844),#48,.F.);
#911=ADVANCED_FACE('',(#845,#846),#25,.F.);
#912=ADVANCED_FACE('',(#847,#848),#26,.F.);
#913=ADVANCED_FACE('',(#849),#873,.F.);
#914=ADVANCED_FACE('',(#850),#874,.F.);
#915=ADVANCED_FACE('',(#851,#852),#27,.F.);
#916=ADVANCED_FACE('',(#853,#854),#28,.F.);
#917=ADVANCED_FACE('',(#855,#856),#29,.F.);
#918=ADVANCED_FACE('',(#857,#858),#30,.F.);
#919=ADVANCED_FACE('',(#859,#860),#31,.F.);
#920=ADVANCED_FACE('',(#861,#862),#32,.F.);
#921=ADVANCED_FACE('',(#863,#864),#33,.F.);
#922=CLOSED_SHELL('',(#875,#876,#877,#878,#879,#880,#881,#882,#883,#884,
#885,#886,#887,#888,#889,#890,#891,#892,#893,#894,#895,#896,#897,#898,#899,
#900,#901,#902,#903,#904,#905,#906,#907,#908,#909,#910,#911,#912,#913,#914,
#915,#916,#917,#918,#919,#920,#921));
#923=STYLED_ITEM('',(#924),#931);
#924=PRESENTATION_STYLE_ASSIGNMENT((#925));
#925=SURFACE_STYLE_USAGE(.BOTH.,#926);
#926=SURFACE_SIDE_STYLE('',(#927));
#927=SURFACE_STYLE_FILL_AREA(#928);
#928=FILL_AREA_STYLE('',(#929));
#929=FILL_AREA_STYLE_COLOUR('',#930);
#930=COLOUR_RGB('',0.615686274509804,0.811764705882353,0.929411764705882);
#931=MANIFOLD_SOLID_BREP('Part 1',#922);
#932=SHAPE_DEFINITION_REPRESENTATION(#2334,#933);
#933=SHAPE_REPRESENTATION('Part 1',(#934),#2329);
#934=AXIS2_PLACEMENT_3D('',#1200,#1008,#1009);
#935=AXIS2_PLACEMENT_3D('',#1373,#1013,#1014);
#936=AXIS2_PLACEMENT_3D('',#1436,#1016,#1017);
#937=AXIS2_PLACEMENT_3D('',#1437,#1018,#1019);
#938=AXIS2_PLACEMENT_3D('',#1439,#1020,#1021);
#939=AXIS2_PLACEMENT_3D('',#1441,#1022,#1023);
#940=AXIS2_PLACEMENT_3D('',#1443,#1024,#1025);
#941=AXIS2_PLACEMENT_3D('',#1470,#1031,#1032);
#942=AXIS2_PLACEMENT_3D('',#1472,#1033,#1034);
#943=AXIS2_PLACEMENT_3D('',#1474,#1035,#1036);
#944=AXIS2_PLACEMENT_3D('',#1476,#1037,#1038);
#945=AXIS2_PLACEMENT_3D('',#1477,#1039,#1040);
#946=AXIS2_PLACEMENT_3D('',#1479,#1041,#1042);
#947=AXIS2_PLACEMENT_3D('',#1481,#1043,#1044);
#948=AXIS2_PLACEMENT_3D('',#1483,#1045,#1046);
#949=AXIS2_PLACEMENT_3D('',#1488,#1049,#1050);
#950=AXIS2_PLACEMENT_3D('',#1489,#1051,#1052);
#951=AXIS2_PLACEMENT_3D('',#1491,#1053,#1054);
#952=AXIS2_PLACEMENT_3D('',#1493,#1055,#1056);
#953=AXIS2_PLACEMENT_3D('',#1495,#1057,#1058);
#954=AXIS2_PLACEMENT_3D('',#1497,#1059,#1060);
#955=AXIS2_PLACEMENT_3D('',#1566,#1061,#1062);
#956=AXIS2_PLACEMENT_3D('',#1567,#1063,#1064);
#957=AXIS2_PLACEMENT_3D('',#1569,#1065,#1066);
#958=AXIS2_PLACEMENT_3D('',#1571,#1067,#1068);
#959=AXIS2_PLACEMENT_3D('',#1577,#1072,#1073);
#960=AXIS2_PLACEMENT_3D('',#1579,#1074,#1075);
#961=AXIS2_PLACEMENT_3D('',#1581,#1076,#1077);
#962=AXIS2_PLACEMENT_3D('',#1583,#1078,#1079);
#963=AXIS2_PLACEMENT_3D('',#1585,#1080,#1081);
#964=AXIS2_PLACEMENT_3D('',#1604,#1091,#1092);
#965=AXIS2_PLACEMENT_3D('',#1624,#1103,#1104);
#966=AXIS2_PLACEMENT_3D('',#1625,#1105,#1106);
#967=AXIS2_PLACEMENT_3D('',#1626,#1107,#1108);
#968=AXIS2_PLACEMENT_3D('',#1627,#1109,#1110);
#969=AXIS2_PLACEMENT_3D('',#1688,#1113,#1114);
#970=AXIS2_PLACEMENT_3D('',#1693,#1115,#1116);
#971=AXIS2_PLACEMENT_3D('',#1696,#1119,#1120);
#972=AXIS2_PLACEMENT_3D('',#1697,#1121,#1122);
#973=AXIS2_PLACEMENT_3D('',#1698,#1123,#1124);
#974=AXIS2_PLACEMENT_3D('',#1699,#1125,#1126);
#975=AXIS2_PLACEMENT_3D('',#1700,#1127,#1128);
#976=AXIS2_PLACEMENT_3D('',#1702,#1129,#1130);
#977=AXIS2_PLACEMENT_3D('',#1703,#1131,#1132);
#978=AXIS2_PLACEMENT_3D('',#1809,#1134,#1135);
#979=AXIS2_PLACEMENT_3D('',#1810,#1136,#1137);
#980=AXIS2_PLACEMENT_3D('',#1811,#1138,#1139);
#981=AXIS2_PLACEMENT_3D('',#1812,#1140,#1141);
#982=AXIS2_PLACEMENT_3D('',#1813,#1142,#1143);
#983=AXIS2_PLACEMENT_3D('',#1814,#1144,#1145);
#984=AXIS2_PLACEMENT_3D('',#1815,#1146,#1147);
#985=AXIS2_PLACEMENT_3D('',#2048,#1152,#1153);
#986=AXIS2_PLACEMENT_3D('',#2049,#1154,#1155);
#987=AXIS2_PLACEMENT_3D('',#2051,#1156,#1157);
#988=AXIS2_PLACEMENT_3D('',#2053,#1158,#1159);
#989=AXIS2_PLACEMENT_3D('',#2055,#1160,#1161);
#990=AXIS2_PLACEMENT_3D('',#2073,#1163,#1164);
#991=AXIS2_PLACEMENT_3D('',#2075,#1165,#1166);
#992=AXIS2_PLACEMENT_3D('',#2077,#1167,#1168);
#993=AXIS2_PLACEMENT_3D('',#2146,#1169,#1170);
#994=AXIS2_PLACEMENT_3D('',#2147,#1171,#1172);
#995=AXIS2_PLACEMENT_3D('',#2148,#1173,#1174);
#996=AXIS2_PLACEMENT_3D('',#2149,#1175,#1176);
#997=AXIS2_PLACEMENT_3D('',#2209,#1178,#1179);
#998=AXIS2_PLACEMENT_3D('',#2214,#1180,#1181);
#999=AXIS2_PLACEMENT_3D('',#2215,#1182,#1183);
#1000=AXIS2_PLACEMENT_3D('',#2216,#1184,#1185);
#1001=AXIS2_PLACEMENT_3D('',#2321,#1186,#1187);
#1002=AXIS2_PLACEMENT_3D('',#2322,#1188,#1189);
#1003=AXIS2_PLACEMENT_3D('',#2323,#1190,#1191);
#1004=AXIS2_PLACEMENT_3D('',#2324,#1192,#1193);
#1005=AXIS2_PLACEMENT_3D('',#2325,#1194,#1195);
#1006=AXIS2_PLACEMENT_3D('',#2326,#1196,#1197);
#1007=AXIS2_PLACEMENT_3D('',#2327,#1198,#1199);
#1008=DIRECTION('',(0.,0.,1.));
#1009=DIRECTION('',(1.,0.,0.));
#1010=DIRECTION('',(-0.964054429857818,0.241013607464455,-0.111854804494431));
#1011=DIRECTION('',(0.,1.,0.));
#1012=DIRECTION('',(-0.964054429857818,-0.241013607464454,-0.11185480449443));
#1013=DIRECTION('',(-1.,0.,0.));
#1014=DIRECTION('',(0.,0.,-1.));
#1015=DIRECTION('',(-0.964054429857818,0.241013607464455,-0.111854804494431));
#1016=DIRECTION('',(1.33440267382831E-16,0.,1.));
#1017=DIRECTION('',(1.,0.,-1.33440267382831E-16));
#1018=DIRECTION('',(-1.33440267382831E-16,0.,-1.));
#1019=DIRECTION('',(-1.,0.,1.33440267382831E-16));
#1020=DIRECTION('',(-1.33440267382831E-16,0.,-1.));
#1021=DIRECTION('',(-1.,0.,1.33440267382831E-16));
#1022=DIRECTION('',(-1.33440267382831E-16,0.,-1.));
#1023=DIRECTION('',(-1.,0.,1.33440267382831E-16));
#1024=DIRECTION('',(-1.33440267382831E-16,0.,-1.));
#1025=DIRECTION('',(-1.,0.,1.33440267382831E-16));
#1026=DIRECTION('',(1.,0.,-1.33440267382831E-16));
#1027=DIRECTION('',(0.,-1.,0.));
#1028=DIRECTION('',(0.,1.,0.));
#1029=DIRECTION('',(1.,0.,0.));
#1030=DIRECTION('',(0.,1.,0.));
#1031=DIRECTION('',(1.33440267382831E-16,0.,1.));
#1032=DIRECTION('',(-1.,0.,1.33440267382831E-16));
#1033=DIRECTION('',(1.33440267382831E-16,0.,1.));
#1034=DIRECTION('',(-1.,0.,1.33440267382831E-16));
#1035=DIRECTION('',(1.33440267382831E-16,0.,1.));
#1036=DIRECTION('',(-1.,0.,1.33440267382831E-16));
#1037=DIRECTION('',(1.,0.,0.));
#1038=DIRECTION('',(0.,1.,0.));
#1039=DIRECTION('',(-1.,0.,0.));
#1040=DIRECTION('',(0.,0.,-1.));
#1041=DIRECTION('',(1.,0.,0.));
#1042=DIRECTION('',(0.,0.,1.));
#1043=DIRECTION('',(1.,0.,0.));
#1044=DIRECTION('',(0.,0.,1.));
#1045=DIRECTION('',(1.,0.,0.));
#1046=DIRECTION('',(0.,0.,1.));
#1047=DIRECTION('',(0.,1.,0.));
#1048=DIRECTION('',(0.,-1.33440267382831E-16,1.));
#1049=DIRECTION('',(-1.,0.,0.));
#1050=DIRECTION('',(0.,0.,-1.));
#1051=DIRECTION('',(-1.,0.,0.));
#1052=DIRECTION('',(0.,0.,-1.));
#1053=DIRECTION('',(1.,0.,0.));
#1054=DIRECTION('',(0.,0.,-1.));
#1055=DIRECTION('',(-1.,0.,0.));
#1056=DIRECTION('',(0.,0.,-1.));
#1057=DIRECTION('',(1.,0.,0.));
#1058=DIRECTION('',(0.,0.,1.));
#1059=DIRECTION('',(-1.,0.,0.));
#1060=DIRECTION('',(0.,0.,1.));
#1061=DIRECTION('',(1.,0.,0.));
#1062=DIRECTION('',(0.,0.,-1.));
#1063=DIRECTION('',(1.,0.,0.));
#1064=DIRECTION('',(0.,0.,-1.));
#1065=DIRECTION('',(1.,0.,0.));
#1066=DIRECTION('',(0.,0.,-1.));
#1067=DIRECTION('',(1.,0.,0.));
#1068=DIRECTION('',(0.,0.,-1.));
#1069=DIRECTION('',(0.,1.33440267382831E-16,-1.));
#1070=DIRECTION('',(0.,1.,0.));
#1071=DIRECTION('',(0.,0.,-1.));
#1072=DIRECTION('',(1.,0.,0.));
#1073=DIRECTION('',(0.,0.,-1.));
#1074=DIRECTION('',(1.,0.,0.));
#1075=DIRECTION('',(0.,0.,-1.));
#1076=DIRECTION('',(-1.,0.,0.));
#1077=DIRECTION('',(0.,0.,1.));
#1078=DIRECTION('',(-1.,0.,0.));
#1079=DIRECTION('',(0.,0.,1.));
#1080=DIRECTION('',(0.,-1.,0.));
#1081=DIRECTION('',(1.,0.,0.));
#1082=DIRECTION('',(-1.,0.,0.));
#1083=DIRECTION('',(0.,0.,-1.));
#1084=DIRECTION('',(-1.,0.,0.));
#1085=DIRECTION('',(0.,0.,-1.));
#1086=DIRECTION('',(1.,0.,0.));
#1087=DIRECTION('',(-2.31296463463574E-16,0.,-1.));
#1088=DIRECTION('',(-2.31296463463574E-16,0.,1.));
#1089=DIRECTION('',(1.,0.,0.));
#1090=DIRECTION('',(0.,0.,1.));
#1091=DIRECTION('',(0.,1.,0.));
#1092=DIRECTION('',(-1.,0.,0.));
#1093=DIRECTION('',(-1.,0.,0.));
#1094=DIRECTION('',(2.31296463463574E-16,0.,-1.));
#1095=DIRECTION('',(1.,0.,1.33440267382831E-16));
#1096=DIRECTION('',(2.31296463463574E-16,0.,1.));
#1097=DIRECTION('',(-1.,0.,0.));
#1098=DIRECTION('',(0.,0.,-1.));
#1099=DIRECTION('',(1.,0.,0.));
#1100=DIRECTION('',(0.,0.,1.));
#1101=DIRECTION('',(1.,0.,0.));
#1102=DIRECTION('',(0.,0.,1.));
#1103=DIRECTION('',(0.,0.,1.));
#1104=DIRECTION('',(1.,0.,0.));
#1105=DIRECTION('',(0.,0.,1.));
#1106=DIRECTION('',(1.,0.,0.));
#1107=DIRECTION('',(0.,0.,-1.));
#1108=DIRECTION('',(-1.,0.,0.));
#1109=DIRECTION('',(1.,0.,2.31296463463574E-16));
#1110=DIRECTION('',(0.,1.,0.));
#1111=DIRECTION('',(0.,1.,0.));
#1112=DIRECTION('',(-0.970142500145332,0.242535625036333,-2.15414908165752E-16));
#1113=DIRECTION('',(0.,0.,1.));
#1114=DIRECTION('',(1.,0.,0.));
#1115=DIRECTION('',(-1.,0.,0.));
#1116=DIRECTION('',(0.,0.,1.));
#1117=DIRECTION('',(0.,1.,0.));
#1118=DIRECTION('',(0.,1.,0.));
#1119=DIRECTION('',(0.,0.,1.));
#1120=DIRECTION('',(1.,0.,0.));
#1121=DIRECTION('',(1.,0.,0.));
#1122=DIRECTION('',(0.,0.,-1.));
#1123=DIRECTION('',(1.,0.,0.));
#1124=DIRECTION('',(0.,0.,-1.));
#1125=DIRECTION('',(1.,0.,0.));
#1126=DIRECTION('',(0.,0.,-1.));
#1127=DIRECTION('',(-1.,0.,0.));
#1128=DIRECTION('',(0.,0.,-1.));
#1129=DIRECTION('',(1.,0.,0.));
#1130=DIRECTION('',(0.,1.,0.));
#1131=DIRECTION('',(0.,1.,1.33440267382831E-16));
#1132=DIRECTION('',(0.,-1.33440267382831E-16,1.));
#1133=DIRECTION('',(1.,0.,0.));
#1134=DIRECTION('',(-1.33440267382831E-16,0.,-1.));
#1135=DIRECTION('',(-1.,0.,1.33440267382831E-16));
#1136=DIRECTION('',(-1.33440267382831E-16,0.,-1.));
#1137=DIRECTION('',(-1.,0.,1.33440267382831E-16));
#1138=DIRECTION('',(-1.33440267382831E-16,0.,-1.));
#1139=DIRECTION('',(-1.,0.,1.33440267382831E-16));
#1140=DIRECTION('',(-1.33440267382831E-16,0.,-1.));
#1141=DIRECTION('',(-1.,0.,1.33440267382831E-16));
#1142=DIRECTION('',(-1.33440267382831E-16,0.,-1.));
#1143=DIRECTION('',(-1.,0.,1.33440267382831E-16));
#1144=DIRECTION('',(-1.33440267382831E-16,0.,-1.));
#1145=DIRECTION('',(-1.,0.,1.33440267382831E-16));
#1146=DIRECTION('',(-1.33440267382831E-16,0.,-1.));
#1147=DIRECTION('',(-1.,0.,1.33440267382831E-16));
#1148=DIRECTION('',(-0.964054429857818,0.241013607464455,0.111854804494431));
#1149=DIRECTION('',(-0.964054429857818,-0.241013607464454,0.11185480449443));
#1150=DIRECTION('',(0.,1.,0.));
#1151=DIRECTION('',(-0.964054429857818,0.241013607464455,0.111854804494431));
#1152=DIRECTION('',(1.33440267382831E-16,0.,-1.));
#1153=DIRECTION('',(1.,0.,1.33440267382831E-16));
#1154=DIRECTION('',(1.33440267382831E-16,0.,-1.));
#1155=DIRECTION('',(-1.,0.,-1.33440267382831E-16));
#1156=DIRECTION('',(1.33440267382831E-16,0.,-1.));
#1157=DIRECTION('',(-1.,0.,-1.33440267382831E-16));
#1158=DIRECTION('',(1.33440267382831E-16,0.,-1.));
#1159=DIRECTION('',(-1.,0.,-1.33440267382831E-16));
#1160=DIRECTION('',(1.33440267382831E-16,0.,-1.));
#1161=DIRECTION('',(-1.,0.,-1.33440267382831E-16));
#1162=DIRECTION('',(0.,-1.,0.));
#1163=DIRECTION('',(-1.33440267382831E-16,0.,1.));
#1164=DIRECTION('',(-1.,0.,-1.33440267382831E-16));
#1165=DIRECTION('',(-1.33440267382831E-16,0.,1.));
#1166=DIRECTION('',(-1.,0.,-1.33440267382831E-16));
#1167=DIRECTION('',(-1.33440267382831E-16,0.,1.));
#1168=DIRECTION('',(-1.,0.,-1.33440267382831E-16));
#1169=DIRECTION('',(0.,0.,-1.));
#1170=DIRECTION('',(1.,0.,0.));
#1171=DIRECTION('',(0.,0.,-1.));
#1172=DIRECTION('',(-1.,0.,0.));
#1173=DIRECTION('',(0.,0.,1.));
#1174=DIRECTION('',(1.,0.,0.));
#1175=DIRECTION('',(1.,0.,-2.31296463463574E-16));
#1176=DIRECTION('',(0.,1.,0.));
#1177=DIRECTION('',(0.,1.,0.));
#1178=DIRECTION('',(0.,0.,-1.));
#1179=DIRECTION('',(1.,0.,0.));
#1180=DIRECTION('',(0.,0.,-1.));
#1181=DIRECTION('',(1.,0.,0.));
#1182=DIRECTION('',(1.,0.,0.));
#1183=DIRECTION('',(0.,0.,1.));
#1184=DIRECTION('',(1.,0.,0.));
#1185=DIRECTION('',(0.,0.,1.));
#1186=DIRECTION('',(-1.33440267382831E-16,0.,1.));
#1187=DIRECTION('',(-1.,0.,-1.33440267382831E-16));
#1188=DIRECTION('',(-1.33440267382831E-16,0.,1.));
#1189=DIRECTION('',(-1.,0.,-1.33440267382831E-16));
#1190=DIRECTION('',(-1.33440267382831E-16,0.,1.));
#1191=DIRECTION('',(-1.,0.,-1.33440267382831E-16));
#1192=DIRECTION('',(-1.33440267382831E-16,0.,1.));
#1193=DIRECTION('',(-1.,0.,-1.33440267382831E-16));
#1194=DIRECTION('',(-1.33440267382831E-16,0.,1.));
#1195=DIRECTION('',(-1.,0.,-1.33440267382831E-16));
#1196=DIRECTION('',(-1.33440267382831E-16,0.,1.));
#1197=DIRECTION('',(-1.,0.,-1.33440267382831E-16));
#1198=DIRECTION('',(-1.33440267382831E-16,0.,1.));
#1199=DIRECTION('',(-1.,0.,-1.33440267382831E-16));
#1200=CARTESIAN_POINT('',(0.,0.,0.));
#1201=CARTESIAN_POINT('',(0.0902400010544199,-0.019939999736395,0.0346688623706253));
#1202=CARTESIAN_POINT('',(0.09,-0.02,0.0346410161513775));
#1203=CARTESIAN_POINT('',(0.05,-0.03,0.03));
#1204=CARTESIAN_POINT('',(0.0902400010544199,-0.0191872154092302,0.0351078127505986));
#1205=CARTESIAN_POINT('',(0.09,-0.0192442501588533,0.0350773485256035));
#1206=CARTESIAN_POINT('',(0.05,-0.02875,0.03));
#1207=CARTESIAN_POINT('',(0.0902400010544199,-0.0184200617867385,0.0355218737513672));
#1208=CARTESIAN_POINT('',(0.09,-0.0184742167243167,0.0354889399668748));
#1209=CARTESIAN_POINT('',(0.05,-0.0275,0.03));
#1210=CARTESIAN_POINT('',(0.0902400010544199,-0.0168603315508766,0.0362984447969146));
#1211=CARTESIAN_POINT('',(0.09,-0.0169088784932034,0.0362608793557403));
#1212=CARTESIAN_POINT('',(0.05,-0.025,0.03));
#1213=CARTESIAN_POINT('',(0.0902400010544199,-0.0160677555256969,0.0366609545426466));
#1214=CARTESIAN_POINT('',(0.09,-0.016113574281309,0.0366212270060713));
#1215=CARTESIAN_POINT('',(0.05,-0.02375,0.03));
#1216=CARTESIAN_POINT('',(0.0902400010544199,-0.0144606067318412,0.0373328706005459));
#1217=CARTESIAN_POINT('',(0.09,-0.0145011003078982,0.0372891355948317));
#1218=CARTESIAN_POINT('',(0.05,-0.02125,0.03));
#1219=CARTESIAN_POINT('',(0.0902400010544199,-0.0136460344591696,0.0376422767072616));
#1220=CARTESIAN_POINT('',(0.09,-0.0136839310394278,0.0375966963290347));
#1221=CARTESIAN_POINT('',(0.05,-0.02,0.03));
#1222=CARTESIAN_POINT('',(0.0902400010544199,-0.0119984133977745,0.0382066605297986));
#1223=CARTESIAN_POINT('',(0.09,-0.0120312261848252,0.0381577140305738));
#1224=CARTESIAN_POINT('',(0.05,-0.0175,0.03));
#1225=CARTESIAN_POINT('',(0.0902400010544199,-0.0111653651174305,0.0384616380730483));
#1226=CARTESIAN_POINT('',(0.09,-0.0111956911040404,0.0384111708263674));
#1227=CARTESIAN_POINT('',(0.05,-0.01625,0.03));
#1228=CARTESIAN_POINT('',(0.0902400010544199,-0.00948439138741333,0.0389160728820489));
#1229=CARTESIAN_POINT('',(0.09,-0.00950983250416129,0.038862895276758));
#1230=CARTESIAN_POINT('',(0.05,-0.01375,0.03));
#1231=CARTESIAN_POINT('',(0.0902400010544199,-0.00863646645631782,0.0391155300088475));
#1232=CARTESIAN_POINT('',(0.09,-0.00865950950055175,0.0390611627932314));
#1233=CARTESIAN_POINT('',(0.05,-0.0125,0.03));
#1234=CARTESIAN_POINT('',(0.0902400010544199,-0.00692940247784325,0.0394580698446937));
#1235=CARTESIAN_POINT('',(0.09,-0.00694771626073854,0.0394016596390271));
#1236=CARTESIAN_POINT('',(0.05,-0.01,0.03));
#1237=CARTESIAN_POINT('',(0.0902400010544199,-0.00607026395701948,0.039601152449003));
#1238=CARTESIAN_POINT('',(0.09,-0.00608624654794965,0.0395438888642359));
#1239=CARTESIAN_POINT('',(0.05,-0.00875,0.03));
#1240=CARTESIAN_POINT('',(0.0902400010544199,-0.00434448387270163,0.0398303305035298));
#1241=CARTESIAN_POINT('',(0.09,-0.00435584882965448,0.0397717000456689));
#1242=CARTESIAN_POINT('',(0.05,-0.00625,0.03));
#1243=CARTESIAN_POINT('',(0.0902400010544199,-0.0034778428414857,0.0399164258836717));
#1244=CARTESIAN_POINT('',(0.09,-0.00348692135325169,0.0398572819322354));
#1245=CARTESIAN_POINT('',(0.05,-0.005,0.03));
#1246=CARTESIAN_POINT('',(0.0902400010544199,-0.00174080093917725,0.0400312607812658));
#1247=CARTESIAN_POINT('',(0.09,-0.00174532898515979,0.0399714319268528));
#1248=CARTESIAN_POINT('',(0.05,-0.0025,0.03));
#1249=CARTESIAN_POINT('',(0.0902400010544199,-0.000870400603806404,0.040060000263605));
#1250=CARTESIAN_POINT('',(0.09,-0.000872664625997169,0.04));
#1251=CARTESIAN_POINT('',(0.05,-0.00125,0.03));
#1252=CARTESIAN_POINT('',(0.0902400010544199,0.000870400603806394,0.040060000263605));
#1253=CARTESIAN_POINT('',(0.09,0.000872664625997159,0.04));
#1254=CARTESIAN_POINT('',(0.05,0.00125,0.03));
#1255=CARTESIAN_POINT('',(0.0902400010544199,0.00174080093917721,0.0400312607812658));
#1256=CARTESIAN_POINT('',(0.09,0.00174532898515975,0.0399714319268528));
#1257=CARTESIAN_POINT('',(0.05,0.0025,0.03));
#1258=CARTESIAN_POINT('',(0.0902400010544199,0.00347784284148565,0.0399164258836718));
#1259=CARTESIAN_POINT('',(0.09,0.00348692135325164,0.0398572819322355));
#1260=CARTESIAN_POINT('',(0.05,0.005,0.03));
#1261=CARTESIAN_POINT('',(0.0902400010544199,0.00434448387270162,0.0398303305035298));
#1262=CARTESIAN_POINT('',(0.09,0.00435584882965446,0.0397717000456689));
#1263=CARTESIAN_POINT('',(0.05,0.00625,0.03));
#1264=CARTESIAN_POINT('',(0.0902400010544199,0.00607026395701947,0.039601152449003));
#1265=CARTESIAN_POINT('',(0.09,0.00608624654794964,0.0395438888642359));
#1266=CARTESIAN_POINT('',(0.05,0.00875,0.03));
#1267=CARTESIAN_POINT('',(0.0902400010544199,0.00692940247784322,0.0394580698446937));
#1268=CARTESIAN_POINT('',(0.09,0.00694771626073851,0.0394016596390271));
#1269=CARTESIAN_POINT('',(0.05,0.01,0.03));
#1270=CARTESIAN_POINT('',(0.0902400010544199,0.00863646645631779,0.0391155300088475));
#1271=CARTESIAN_POINT('',(0.09,0.00865950950055172,0.0390611627932314));
#1272=CARTESIAN_POINT('',(0.05,0.0125,0.03));
#1273=CARTESIAN_POINT('',(0.0902400010544199,0.0094843913874133,0.0389160728820489));
#1274=CARTESIAN_POINT('',(0.09,0.00950983250416126,0.038862895276758));
#1275=CARTESIAN_POINT('',(0.05,0.01375,0.03));
#1276=CARTESIAN_POINT('',(0.0902400010544199,0.0111653651174305,0.0384616380730483));
#1277=CARTESIAN_POINT('',(0.09,0.0111956911040404,0.0384111708263674));
#1278=CARTESIAN_POINT('',(0.05,0.01625,0.03));
#1279=CARTESIAN_POINT('',(0.0902400010544199,0.0119984133977745,0.0382066605297986));
#1280=CARTESIAN_POINT('',(0.09,0.0120312261848251,0.0381577140305738));
#1281=CARTESIAN_POINT('',(0.05,0.0175,0.03));
#1282=CARTESIAN_POINT('',(0.0902400010544199,0.0136460344591696,0.0376422767072616));
#1283=CARTESIAN_POINT('',(0.09,0.0136839310394277,0.0375966963290347));
#1284=CARTESIAN_POINT('',(0.05,0.02,0.03));
#1285=CARTESIAN_POINT('',(0.0902400010544199,0.0144606067318412,0.0373328706005459));
#1286=CARTESIAN_POINT('',(0.09,0.0145011003078982,0.0372891355948317));
#1287=CARTESIAN_POINT('',(0.05,0.02125,0.03));
#1288=CARTESIAN_POINT('',(0.0902400010544199,0.0160677555256968,0.0366609545426466));
#1289=CARTESIAN_POINT('',(0.09,0.016113574281309,0.0366212270060713));
#1290=CARTESIAN_POINT('',(0.05,0.02375,0.03));
#1291=CARTESIAN_POINT('',(0.0902400010544199,0.0168603315508766,0.0362984447969146));
#1292=CARTESIAN_POINT('',(0.09,0.0169088784932034,0.0362608793557403));
#1293=CARTESIAN_POINT('',(0.05,0.025,0.03));
#1294=CARTESIAN_POINT('',(0.0902400010544199,0.0184200617867385,0.0355218737513672));
#1295=CARTESIAN_POINT('',(0.09,0.0184742167243167,0.0354889399668748));
#1296=CARTESIAN_POINT('',(0.05,0.0275,0.03));
#1297=CARTESIAN_POINT('',(0.0902400010544199,0.0191872154092302,0.0351078127505987));
#1298=CARTESIAN_POINT('',(0.09,0.0192442501588533,0.0350773485256036));
#1299=CARTESIAN_POINT('',(0.05,0.02875,0.03));
#1300=CARTESIAN_POINT('',(0.0902400010544199,0.019939999736395,0.0346688623706253));
#1301=CARTESIAN_POINT('',(0.09,0.02,0.0346410161513775));
#1302=CARTESIAN_POINT('',(0.05,0.03,0.03));
#1303=CARTESIAN_POINT('',(0.0716320533568184,0.0245919866607954,0.0325098677254114));
#1304=CARTESIAN_POINT('',(0.0713667133928696,0.0245102610858116,0.0325146340147438));
#1305=CARTESIAN_POINT('',(0.0709034126958252,0.0241698558083647,0.0325654858545493));
#1306=CARTESIAN_POINT('',(0.0706612052267202,0.0233501193145881,0.032723916648673));
#1307=CARTESIAN_POINT('',(0.0709560918311481,0.0225591893493723,0.0329143744885729));
#1308=CARTESIAN_POINT('',(0.0716707504052312,0.0220961107470396,0.0330801171189753));
#1309=CARTESIAN_POINT('',(0.0725390196840256,0.0221652211069606,0.0331471731961227));
#1310=CARTESIAN_POINT('',(0.0731779041107559,0.0227554131590924,0.0330604455062568));
#1311=CARTESIAN_POINT('',(0.0733231047966099,0.0235867999627499,0.0328588452825958));
#1312=CARTESIAN_POINT('',(0.0730778685655863,0.0240859746552292,0.032714932655575));
#1313=CARTESIAN_POINT('',(0.0728868325902233,0.0242782918524442,0.0326554539926275));
#1314=CARTESIAN_POINT('',(0.0716320533568184,0.0245919866607954,0.0325098677254114));
#1315=CARTESIAN_POINT('',(0.072886832590223,0.0242782918524443,0.0326554539926275));
#1316=CARTESIAN_POINT('',(0.07,0.025,0.0323205080756887));
#1317=CARTESIAN_POINT('',(0.0663642594199199,0.0259089362556132,0.0318986696176251));
#1318=CARTESIAN_POINT('',(0.0663642690926154,0.0259089276385222,0.0318986717959716));
#1319=CARTESIAN_POINT('',(0.0662902073205395,0.025827907607947,0.0319070359350171));
#1320=CARTESIAN_POINT('',(0.0661775436912178,0.0257026414247728,0.0319194910068924));
#1321=CARTESIAN_POINT('',(0.06603680270745,0.0255432601796404,0.0319345722224366));
#1322=CARTESIAN_POINT('',(0.065910747301801,0.0253973326725929,0.0319478182011429));
#1323=CARTESIAN_POINT('',(0.0658651560304798,0.0253458807386479,0.0319522133069015));
#1324=CARTESIAN_POINT('',(0.0657597005410998,0.0252299938406385,0.031961634498375));
#1325=CARTESIAN_POINT('',(0.0656416328437966,0.0251022826143881,0.0319713473080591));
#1326=CARTESIAN_POINT('',(0.065462273250414,0.0249094469022635,0.0319846216983335));
#1327=CARTESIAN_POINT('',(0.0653690996271234,0.0248098375104282,0.0319908384530657));
#1328=CARTESIAN_POINT('',(0.0652132515837227,0.0246444078320475,0.0320006083679216));
#1329=CARTESIAN_POINT('',(0.0649526146097295,0.0243710232049754,0.0320145949215868));
#1330=CARTESIAN_POINT('',(0.0645560935356284,0.0239644080093605,0.0320294130266808));
#1331=CARTESIAN_POINT('',(0.0641062065914793,0.0235161553799223,0.0320370756394133));
#1332=CARTESIAN_POINT('',(0.0636320565522476,0.0230561088096629,0.0320365494191314));
#1333=CARTESIAN_POINT('',(0.0631531337496562,0.022603405054257,0.0320276763934927));
#1334=CARTESIAN_POINT('',(0.0626416782966683,0.0221326085181756,0.0320093880845639));
#1335=CARTESIAN_POINT('',(0.0621892409794945,0.0217259709187552,0.0319863974142899));
#1336=CARTESIAN_POINT('',(0.0615459629054071,0.0211598077761724,0.0319454009639198));
#1337=CARTESIAN_POINT('',(0.0607235527166506,0.0204589618549842,0.0318770220239787));
#1338=CARTESIAN_POINT('',(0.0598534486692731,0.0197467417110715,0.0317843069101033));
#1339=CARTESIAN_POINT('',(0.0591496970565556,0.0191863549849966,0.0316984476036378));
#1340=CARTESIAN_POINT('',(0.0585709170023187,0.0187344622087416,0.0316216257658153));
#1341=CARTESIAN_POINT('',(0.05813144687068,0.0183969557192958,0.0315594341921297));
#1342=CARTESIAN_POINT('',(0.0574819050623002,0.0179044297735279,0.0314631749953375));
#1343=CARTESIAN_POINT('',(0.0566655706401163,0.0172986884627186,0.0313330587336614));
#1344=CARTESIAN_POINT('',(0.0556429026369822,0.0165590697018955,0.0311567818438891));
#1345=CARTESIAN_POINT('',(0.0542347144756153,0.0155653690557619,0.0308970293590219));
#1346=CARTESIAN_POINT('',(0.0523848987874028,0.0143034222371713,0.0305261403400044));
#1347=CARTESIAN_POINT('',(0.050810751892141,0.013271438526879,0.0301826992114753));
#1348=CARTESIAN_POINT('',(0.0500000000104833,0.0127491887053484,0.0300000000023624));
#1349=CARTESIAN_POINT('',(0.05,0.0127491887053484,0.03));
#1350=CARTESIAN_POINT('',(0.05,-0.03,0.03));
#1351=CARTESIAN_POINT('',(0.05,-0.0127491889482379,0.03));
#1352=CARTESIAN_POINT('',(0.05,-0.0127491889479166,0.03));
#1353=CARTESIAN_POINT('',(0.0508104658467737,-0.0132712546009898,0.0301826347517372));
#1354=CARTESIAN_POINT('',(0.0523840865824282,-0.0143028899596029,0.0305259653046655));
#1355=CARTESIAN_POINT('',(0.0542333597593078,-0.0155644453840295,0.0308967639458492));
#1356=CARTESIAN_POINT('',(0.0556411822815191,-0.0165578551904547,0.0311564729203354));
#1357=CARTESIAN_POINT('',(0.0566636120977295,-0.0172972671547605,0.0313327319640301));
#1358=CARTESIAN_POINT('',(0.0574797717713604,-0.0179028409688049,0.0314628438773287));
#1359=CARTESIAN_POINT('',(0.0581292022040496,-0.0183952439585312,0.0315591094989082));
#1360=CARTESIAN_POINT('',(0.0585685668564051,-0.0187326416493161,0.0316213012759167));
#1361=CARTESIAN_POINT('',(0.0591473667206911,-0.0191844984293976,0.0316981574211604));
#1362=CARTESIAN_POINT('',(0.0598515473929109,-0.0197452319377378,0.0317840662153821));
#1363=CARTESIAN_POINT('',(0.0607191586331802,-0.0204550572507921,0.0318767649831903));
#1364=CARTESIAN_POINT('',(0.0617173667161049,-0.0213065471432587,0.031959197191243));
#1365=CARTESIAN_POINT('',(0.0626343875064082,-0.0221205974337805,0.0320127611881714));
#1366=CARTESIAN_POINT('',(0.0636460105983721,-0.0230633898143166,0.0320410376373746));
#1367=CARTESIAN_POINT('',(0.0648645926099546,-0.0242611166376073,0.032031478712665));
#1368=CARTESIAN_POINT('',(0.0657862648666089,-0.0252487948564643,0.0319686942777285));
#1369=CARTESIAN_POINT('',(0.0663648254556824,-0.0259087936360794,0.0318987354813574));
#1370=CARTESIAN_POINT('',(0.0663647130012946,-0.0259088682187418,0.0318986440173153));
#1371=CARTESIAN_POINT('',(0.07,-0.025,0.0323205080756887));
#1372=CARTESIAN_POINT('',(0.09,-0.02,0.0346410161513775));
#1373=CARTESIAN_POINT('',(0.09,0.,2.4492935982947E-18));
#1374=CARTESIAN_POINT('',(0.09,0.02,0.0346410161513775));
#1375=CARTESIAN_POINT('',(0.07,0.025,0.0323205080756887));
#1376=CARTESIAN_POINT('',(0.076027755266279,0.01299551981746,0.0354647675660722));
#1377=CARTESIAN_POINT('',(0.0756125382930121,0.0119945160780041,0.0355371921455645));
#1378=CARTESIAN_POINT('',(0.0760220915616727,0.0110264158705235,0.0357543662563953));
#1379=CARTESIAN_POINT('',(0.0769749694600902,0.0106174268220488,0.0360090010308348));
#1380=CARTESIAN_POINT('',(0.0779716826742655,0.0110046308712439,0.0361611334280727));
#1381=CARTESIAN_POINT('',(0.0783863799900277,0.0120060972138308,0.0360808884191019));
#1382=CARTESIAN_POINT('',(0.0779827962092562,0.0129668154785123,0.0358314229212877));
#1383=CARTESIAN_POINT('',(0.0770311737907554,0.0133841112903315,0.0355823262229107));
#1384=CARTESIAN_POINT('',(0.076027755266279,0.01299551981746,0.0354647675660722));
#1385=CARTESIAN_POINT('',(0.0756125382930121,0.0119945160780041,0.0355371921455645));
#1386=CARTESIAN_POINT('',(0.0760220915616727,0.0110264158705235,0.0357543662563953));
#1387=CARTESIAN_POINT('',(0.07575,0.012,0.0355613170674543));
#1388=CARTESIAN_POINT('',(0.0640306367335765,0.0129938671109123,0.0330580402056681));
#1389=CARTESIAN_POINT('',(0.0636104198295515,0.0119972590572793,0.033032919675305));
#1390=CARTESIAN_POINT('',(0.0640276839482175,0.0110170966599704,0.0331818863941956));
#1391=CARTESIAN_POINT('',(0.0649871411609535,0.0106194811089435,0.0334193475474629));
#1392=CARTESIAN_POINT('',(0.0659679245352925,0.0110051866831146,0.0336126317427383));
#1393=CARTESIAN_POINT('',(0.0663890450474666,0.0120016279039772,0.0336296860758501));
#1394=CARTESIAN_POINT('',(0.0659758892553803,0.0129787994969341,0.0334625037663349));
#1395=CARTESIAN_POINT('',(0.0650154136920684,0.01338175586951,0.0332325726793008));
#1396=CARTESIAN_POINT('',(0.0640306367335765,0.0129938671109123,0.0330580402056681));
#1397=CARTESIAN_POINT('',(0.0636104198295515,0.0119972590572793,0.033032919675305));
#1398=CARTESIAN_POINT('',(0.0640276839482175,0.0110170966599704,0.0331818863941956));
#1399=CARTESIAN_POINT('',(0.06375,0.012,0.0330619342168473));
#1400=CARTESIAN_POINT('',(0.0760329553180022,0.000992470117698878,0.0365034242586787));
#1401=CARTESIAN_POINT('',(0.0756086338865059,-1.47816151161909E-7,0.0364045644371149));
#1402=CARTESIAN_POINT('',(0.0760325091359741,-0.000991878853094225,0.0365033179928616));
#1403=CARTESIAN_POINT('',(0.0770020624427398,-0.00137930874524835,0.0367379269262776));
#1404=CARTESIAN_POINT('',(0.0779674701543336,-0.000990881651414653,0.0369862047101525));
#1405=CARTESIAN_POINT('',(0.0783908566813096,-6.59655368457845E-7,0.0371005401341338));
#1406=CARTESIAN_POINT('',(0.0779691019964805,0.000989414274724172,0.0369866344527887));
#1407=CARTESIAN_POINT('',(0.0770026038546486,0.00137952630907461,0.0367380575751142));
#1408=CARTESIAN_POINT('',(0.0760329553180022,0.000992470117698878,0.0365034242586787));
#1409=CARTESIAN_POINT('',(0.0756086338865059,-1.47816151161909E-7,0.0364045644371149));
#1410=CARTESIAN_POINT('',(0.0760325091359741,-0.000991878853094225,0.0365033179928616));
#1411=CARTESIAN_POINT('',(0.07575,2.16844084860908E-18,0.0364375));
#1412=CARTESIAN_POINT('',(0.0640306367335765,-0.0129938671109123,0.0330580402056681));
#1413=CARTESIAN_POINT('',(0.0636104198295515,-0.0119972590572793,0.033032919675305));
#1414=CARTESIAN_POINT('',(0.0640276839482175,-0.0110170966599704,0.0331818863941956));
#1415=CARTESIAN_POINT('',(0.0649871411609535,-0.0106194811089435,0.0334193475474629));
#1416=CARTESIAN_POINT('',(0.0659679245352925,-0.0110051866831146,0.0336126317427383));
#1417=CARTESIAN_POINT('',(0.0663890450474666,-0.0120016279039772,0.0336296860758501));
#1418=CARTESIAN_POINT('',(0.0659758892553803,-0.0129787994969341,0.0334625037663349));
#1419=CARTESIAN_POINT('',(0.0650154136920684,-0.01338175586951,0.0332325726793008));
#1420=CARTESIAN_POINT('',(0.0640306367335765,-0.0129938671109123,0.0330580402056681));
#1421=CARTESIAN_POINT('',(0.0636104198295515,-0.0119972590572793,0.033032919675305));
#1422=CARTESIAN_POINT('',(0.0640276839482175,-0.0110170966599704,0.0331818863941956));
#1423=CARTESIAN_POINT('',(0.06375,-0.012,0.0330619342168473));
#1424=CARTESIAN_POINT('',(0.0760277552662791,-0.01299551981746,0.0354647675660722));
#1425=CARTESIAN_POINT('',(0.0756125382930121,-0.0119945160780041,0.0355371921455645));
#1426=CARTESIAN_POINT('',(0.0760220915616726,-0.0110264158705234,0.0357543662563953));
#1427=CARTESIAN_POINT('',(0.0769749694600902,-0.0106174268220488,0.0360090010308348));
#1428=CARTESIAN_POINT('',(0.0779716826742655,-0.0110046308712439,0.0361611334280727));
#1429=CARTESIAN_POINT('',(0.0783863799900276,-0.0120060972138308,0.0360808884191019));
#1430=CARTESIAN_POINT('',(0.0779827962092563,-0.0129668154785123,0.0358314229212878));
#1431=CARTESIAN_POINT('',(0.0770311737907553,-0.0133841112903315,0.0355823262229107));
#1432=CARTESIAN_POINT('',(0.0760277552662791,-0.01299551981746,0.0354647675660722));
#1433=CARTESIAN_POINT('',(0.0756125382930121,-0.0119945160780041,0.0355371921455645));
#1434=CARTESIAN_POINT('',(0.0760220915616726,-0.0110264158705234,0.0357543662563953));
#1435=CARTESIAN_POINT('',(0.07575,-0.012,0.0355613170674543));
#1436=CARTESIAN_POINT('',(0.074,-0.015,0.026));
#1437=CARTESIAN_POINT('',(0.082,0.023397367362537,0.026));
#1438=CARTESIAN_POINT('',(0.08075,0.023397367362537,0.026));
#1439=CARTESIAN_POINT('',(0.072,0.023397367362537,0.026));
#1440=CARTESIAN_POINT('',(0.07075,0.023397367362537,0.026));
#1441=CARTESIAN_POINT('',(0.077,-0.012,0.026));
#1442=CARTESIAN_POINT('',(0.07575,-0.012,0.026));
#1443=CARTESIAN_POINT('',(0.065,-0.012,0.026));
#1444=CARTESIAN_POINT('',(0.06375,-0.012,0.026));
#1445=CARTESIAN_POINT('',(0.074,-0.015,0.026));
#1446=CARTESIAN_POINT('',(0.05,-0.015,0.026));
#1447=CARTESIAN_POINT('',(0.087,-0.015,0.026));
#1448=CARTESIAN_POINT('',(0.05,-0.015,0.026));
#1449=CARTESIAN_POINT('',(0.05,0.0151370748459439,0.0259999967258509));
#1450=CARTESIAN_POINT('',(0.05,0.0151370654495364,0.0259999999999991));
#1451=CARTESIAN_POINT('',(0.0537827865560238,0.0183864691126318,0.0259999999999991));
#1452=CARTESIAN_POINT('',(0.0574189891951264,0.0218006832199831,0.026));
#1453=CARTESIAN_POINT('',(0.061,0.0252705914865912,0.026));
#1454=CARTESIAN_POINT('',(0.061,0.0252705914865912,0.026));
#1455=CARTESIAN_POINT('',(0.061,0.0252705914865912,0.026));
#1456=CARTESIAN_POINT('',(0.0621710326931164,0.0264052923416634,0.026));
#1457=CARTESIAN_POINT('',(0.0633890965560128,0.0275993883741826,0.026));
#1458=CARTESIAN_POINT('',(0.0646541915886893,0.028852879584149,0.026));
#1459=CARTESIAN_POINT('',(0.0646541915563841,0.0288528831769666,0.026));
#1460=CARTESIAN_POINT('',(0.09,0.030397367362537,0.026));
#1461=CARTESIAN_POINT('',(0.0815994408427612,0.029284767452946,0.026));
#1462=CARTESIAN_POINT('',(0.0731235155398434,0.028660537247109,0.026));
#1463=CARTESIAN_POINT('',(0.0646541915563841,0.0288528831769667,0.026));
#1464=CARTESIAN_POINT('',(0.09,0.030397367362537,0.026));
#1465=CARTESIAN_POINT('',(0.09,0.026,0.026));
#1466=CARTESIAN_POINT('',(0.09,0.012,0.026));
#1467=CARTESIAN_POINT('',(0.086998,0.012,0.026));
#1468=CARTESIAN_POINT('',(0.087,0.012,0.026));
#1469=CARTESIAN_POINT('',(0.087,-0.015,0.026));
#1470=CARTESIAN_POINT('',(0.077,-7.65404249467096E-20,0.026));
#1471=CARTESIAN_POINT('',(0.07575,-7.65404249467096E-20,0.026));
#1472=CARTESIAN_POINT('',(0.065,0.012,0.026));
#1473=CARTESIAN_POINT('',(0.06375,0.012,0.026));
#1474=CARTESIAN_POINT('',(0.077,0.012,0.026));
#1475=CARTESIAN_POINT('',(0.07575,0.012,0.026));
#1476=CARTESIAN_POINT('',(0.09,0.,0.02));
#1477=CARTESIAN_POINT('',(0.09,0.,2.4492935982947E-18));
#1478=CARTESIAN_POINT('',(0.09,-0.04,6.89018569679533E-18));
#1479=CARTESIAN_POINT('',(0.09,0.,-2.4492935982947E-18));
#1480=CARTESIAN_POINT('',(0.09,-0.02,-0.0346410161513775));
#1481=CARTESIAN_POINT('',(0.09,0.,-2.4492935982947E-18));
#1482=CARTESIAN_POINT('',(0.09,0.02,-0.0346410161513775));
#1483=CARTESIAN_POINT('',(0.09,0.,-2.4492935982947E-18));
#1484=CARTESIAN_POINT('',(0.09,0.030397367362537,-0.026));
#1485=CARTESIAN_POINT('',(0.09,0.026,-0.026));
#1486=CARTESIAN_POINT('',(0.09,0.012,-0.026));
#1487=CARTESIAN_POINT('',(0.09,0.012,0.013));
#1488=CARTESIAN_POINT('',(0.09,0.,2.4492935982947E-18));
#1489=CARTESIAN_POINT('',(0.09,0.00848528137423857,0.00848528137423857));
#1490=CARTESIAN_POINT('',(0.09,0.00848528137423857,0.00723528137423857));
#1491=CARTESIAN_POINT('',(0.09,-0.00848528137423857,0.00848528137423857));
#1492=CARTESIAN_POINT('',(0.09,-0.00848528137423857,0.00723528137423857));
#1493=CARTESIAN_POINT('',(0.09,0.,3.03192929884458E-18));
#1494=CARTESIAN_POINT('',(0.09,0.,-0.006));
#1495=CARTESIAN_POINT('',(0.09,0.00848528137423857,-0.00848528137423857));
#1496=CARTESIAN_POINT('',(0.09,0.00848528137423857,-0.00723528137423857));
#1497=CARTESIAN_POINT('',(0.09,-0.00848528137423857,-0.00848528137423857));
#1498=CARTESIAN_POINT('',(0.09,-0.00848528137423857,-0.00723528137423857));
#1499=CARTESIAN_POINT('',(0.09,0.02,0.0346410161513775));
#1500=CARTESIAN_POINT('',(0.0645021166594934,0.0263744708351266,0.0316826139411468));
#1501=CARTESIAN_POINT('',(0.09,0.0207557498411466,0.0342046837771516));
#1502=CARTESIAN_POINT('',(0.0645021166594934,0.0266484701441692,0.0311260159391179));
#1503=CARTESIAN_POINT('',(0.09,0.0214972152025361,0.033743610981715));
#1504=CARTESIAN_POINT('',(0.0645021166594934,0.0269172905734153,0.030560448225224));
#1505=CARTESIAN_POINT('',(0.09,0.0229484034390321,0.0327739580024886));
#1506=CARTESIAN_POINT('',(0.0645021166594934,0.027443423100929,0.029412088855234));
#1507=CARTESIAN_POINT('',(0.09,0.02365812576436,0.0322653781764168));
#1508=CARTESIAN_POINT('',(0.0645021166594934,0.0277007349998728,0.0288292973288296));
#1509=CARTESIAN_POINT('',(0.09,0.0250427885563376,0.031202889046882));
#1510=CARTESIAN_POINT('',(0.0645021166594934,0.0282027485334558,0.0276472799417898));
#1511=CARTESIAN_POINT('',(0.09,0.0257177285995993,0.0306489800682962));
#1512=CARTESIAN_POINT('',(0.0645021166594934,0.0284474500145944,0.0270480541989396));
#1513=CARTESIAN_POINT('',(0.09,0.0270299366084061,0.029498204530022));
#1514=CARTESIAN_POINT('',(0.0645021166594934,0.0289231948552254,0.0258340283169252));
#1515=CARTESIAN_POINT('',(0.09,0.0276672041727177,0.0289013383222061));
#1516=CARTESIAN_POINT('',(0.0645021166594934,0.0291542380692493,0.0252192283053334));
#1517=CARTESIAN_POINT('',(0.09,0.0289013383222061,0.0276672041727177));
#1518=CARTESIAN_POINT('',(0.0645021166594934,0.029601677004483,0.0239749805157089));
#1519=CARTESIAN_POINT('',(0.09,0.029498204530022,0.0270299366084062));
#1520=CARTESIAN_POINT('',(0.0645021166594934,0.0298180725888793,0.0233455328744896));
#1521=CARTESIAN_POINT('',(0.09,0.0302002002628968,0.0262294638904963));
#1522=CARTESIAN_POINT('',(0.0645021166594934,0.0300725831891948,0.0225692500686358));
#1523=CARTESIAN_POINT('',(0.09,0.0303257682810409,0.0260841831863652));
#1524=CARTESIAN_POINT('',(0.0645021166594934,0.0301181082403905,0.0224289134654322));
#1525=CARTESIAN_POINT('',(0.09,0.0304502837222956,0.025938005882888));
#1526=CARTESIAN_POINT('',(0.0645021166594934,0.030163251676765,0.0222882517975207));
#1527=CARTESIAN_POINT('',(0.0808906980005304,0.0226648709769945,0.0332666010188342));
#1528=CARTESIAN_POINT('',(0.080656774589015,0.0234072859229642,0.0326438126899343));
#1529=CARTESIAN_POINT('',(0.0808889782324247,0.0241001080667978,0.0319920995513194));
#1530=CARTESIAN_POINT('',(0.0813848463748691,0.0245277681600773,0.0315700772328428));
#1531=CARTESIAN_POINT('',(0.0819338467371627,0.0246920462253171,0.0313997928396329));
#1532=CARTESIAN_POINT('',(0.0825196648364131,0.0245796012368367,0.0314935867089359));
#1533=CARTESIAN_POINT('',(0.0830758867372204,0.0241661409041008,0.0318579797486869));
#1534=CARTESIAN_POINT('',(0.0833498423055828,0.0234417973957504,0.0324756627412861));
#1535=CARTESIAN_POINT('',(0.0831213019950955,0.0226978959219089,0.0330863538235773));
#1536=CARTESIAN_POINT('',(0.0826022600308637,0.0222585776614934,0.0334646264534163));
#1537=CARTESIAN_POINT('',(0.0820499365686649,0.0221027037933484,0.0336271946738292));
#1538=CARTESIAN_POINT('',(0.0814652191785643,0.0222195734828245,0.0335824323267907));
#1539=CARTESIAN_POINT('',(0.0808906980005304,0.0226648709769945,0.0332666010188342));
#1540=CARTESIAN_POINT('',(0.080656774589015,0.0234072859229642,0.0326438126899343));
#1541=CARTESIAN_POINT('',(0.0808889782324247,0.0241001080667978,0.0319920995513194));
#1542=CARTESIAN_POINT('',(0.08075,0.023397367362537,0.0326380277279913));
#1543=CARTESIAN_POINT('',(0.072886832590223,0.0242782918524442,0.0326554539926275));
#1544=CARTESIAN_POINT('',(0.0727470062093167,0.0244190560075805,0.0325127146004077));
#1545=CARTESIAN_POINT('',(0.0723548387301487,0.0246729233906393,0.0322690236206482));
#1546=CARTESIAN_POINT('',(0.0718356019846766,0.0246546803025723,0.0323881514625514));
#1547=CARTESIAN_POINT('',(0.0716320533568182,0.0245919866607954,0.0325098677254114));
#1548=CARTESIAN_POINT('',(0.0646541915104308,0.0288528828831349,0.026000000760453));
#1549=CARTESIAN_POINT('',(0.0647146084247732,0.0287612741183631,0.0262327116562646));
#1550=CARTESIAN_POINT('',(0.0648391426585641,0.0285701584992529,0.0267056898521601));
#1551=CARTESIAN_POINT('',(0.0650373355531138,0.0282574755822652,0.0274375411024614));
#1552=CARTESIAN_POINT('',(0.0652112634304284,0.0279748887313964,0.0280623799512409));
#1553=CARTESIAN_POINT('',(0.0653390128948971,0.0277622507218325,0.0285117257607134));
#1554=CARTESIAN_POINT('',(0.0654026093523793,0.0276551576683087,0.0287331721274495));
#1555=CARTESIAN_POINT('',(0.0654417195270038,0.0275888447086032,0.0288685811848828));
#1556=CARTESIAN_POINT('',(0.0654643983572663,0.027550315790634,0.0289469044563503));
#1557=CARTESIAN_POINT('',(0.0655133575311666,0.0274665786175772,0.0291153319567671));
#1558=CARTESIAN_POINT('',(0.065567815310707,0.0273725694883136,0.0293019073042379));
#1559=CARTESIAN_POINT('',(0.0656641053248518,0.0272046078539909,0.0296301402820443));
#1560=CARTESIAN_POINT('',(0.0657895118701154,0.0269810860256965,0.0300528229674401));
#1561=CARTESIAN_POINT('',(0.065925256701137,0.0267336483727684,0.0305038335827771));
#1562=CARTESIAN_POINT('',(0.0660849238807186,0.0264372172685981,0.0310264193239644));
#1563=CARTESIAN_POINT('',(0.0662452910568001,0.0261331839540738,0.0315380830781202));
#1564=CARTESIAN_POINT('',(0.0663315894249888,0.0259695441790911,0.0318019620856438));
#1565=CARTESIAN_POINT('',(0.0663642534426686,0.0259089557828457,0.031898635194435));
#1566=CARTESIAN_POINT('',(-2.000000000002E-6,0.,2.75638376903643E-18));
#1567=CARTESIAN_POINT('',(0.089,0.,2.75638376903643E-18));
#1568=CARTESIAN_POINT('',(0.089,0.,-0.0015));
#1569=CARTESIAN_POINT('',(0.087,0.,2.75638376903643E-18));
#1570=CARTESIAN_POINT('',(0.087,0.,-0.0015));
#1571=CARTESIAN_POINT('',(0.087,-0.015,0.013));
#1572=CARTESIAN_POINT('',(0.087,0.012,0.013));
#1573=CARTESIAN_POINT('',(0.087,0.012,-0.026));
#1574=CARTESIAN_POINT('',(0.087,-0.015,-0.026));
#1575=CARTESIAN_POINT('',(0.087,-0.015,-0.026));
#1576=CARTESIAN_POINT('',(0.087,-0.015,0.013));
#1577=CARTESIAN_POINT('',(0.087,0.00848528137423857,0.00848528137423857));
#1578=CARTESIAN_POINT('',(0.087,0.00848528137423857,0.00723528137423857));
#1579=CARTESIAN_POINT('',(0.087,-0.00848528137423857,0.00848528137423857));
#1580=CARTESIAN_POINT('',(0.087,-0.00848528137423857,0.00723528137423857));
#1581=CARTESIAN_POINT('',(0.087,0.00848528137423857,-0.00848528137423857));
#1582=CARTESIAN_POINT('',(0.087,0.00848528137423857,-0.00723528137423857));
#1583=CARTESIAN_POINT('',(0.087,-0.00848528137423857,-0.00848528137423857));
#1584=CARTESIAN_POINT('',(0.087,-0.00848528137423857,-0.00723528137423857));
#1585=CARTESIAN_POINT('',(0.025,-0.03,0.015));
#1586=CARTESIAN_POINT('',(0.025,-0.03,0.01));
#1587=CARTESIAN_POINT('',(0.04,-0.03,0.01));
#1588=CARTESIAN_POINT('',(0.03,-0.03,0.01));
#1589=CARTESIAN_POINT('',(0.04,-0.03,0.015));
#1590=CARTESIAN_POINT('',(0.04,-0.03,-0.01));
#1591=CARTESIAN_POINT('',(0.025,-0.03,-0.01));
#1592=CARTESIAN_POINT('',(0.03,-0.03,-0.01));
#1593=CARTESIAN_POINT('',(0.03,-0.03,-0.015));
#1594=CARTESIAN_POINT('',(0.03,-0.03,-0.024));
#1595=CARTESIAN_POINT('',(0.025,-0.03,-0.024));
#1596=CARTESIAN_POINT('',(0.05,-0.03,-0.024));
#1597=CARTESIAN_POINT('',(0.05,-0.03,-0.015));
#1598=CARTESIAN_POINT('',(0.05,-0.03,0.));
#1599=CARTESIAN_POINT('',(0.05,-0.03,0.015));
#1600=CARTESIAN_POINT('',(0.05,-0.03,0.024));
#1601=CARTESIAN_POINT('',(0.025,-0.03,0.024));
#1602=CARTESIAN_POINT('',(0.03,-0.03,0.024));
#1603=CARTESIAN_POINT('',(0.03,-0.03,0.015));
#1604=CARTESIAN_POINT('',(0.0435,-0.015,0.017));
#1605=CARTESIAN_POINT('',(0.054,-0.015,0.024));
#1606=CARTESIAN_POINT('',(0.05,-0.015,0.024));
#1607=CARTESIAN_POINT('',(0.00401923788646684,-0.015,0.024));
#1608=CARTESIAN_POINT('',(0.05,-0.015,0.025));
#1609=CARTESIAN_POINT('',(0.074,-0.015,-0.026));
#1610=CARTESIAN_POINT('',(0.05,-0.015,-0.026));
#1611=CARTESIAN_POINT('',(0.05,-0.015,-0.025));
#1612=CARTESIAN_POINT('',(0.05,-0.015,-0.024));
#1613=CARTESIAN_POINT('',(0.054,-0.015,-0.024));
#1614=CARTESIAN_POINT('',(0.00401923788646684,-0.015,-0.024));
#1615=CARTESIAN_POINT('',(0.00401923788646684,-0.015,-0.015));
#1616=CARTESIAN_POINT('',(0.00401923788646684,-0.015,-0.01));
#1617=CARTESIAN_POINT('',(0.0435,-0.015,-0.01));
#1618=CARTESIAN_POINT('',(0.04,-0.015,-0.01));
#1619=CARTESIAN_POINT('',(0.04,-0.015,0.017));
#1620=CARTESIAN_POINT('',(0.04,-0.015,0.01));
#1621=CARTESIAN_POINT('',(0.0435,-0.015,0.01));
#1622=CARTESIAN_POINT('',(0.00401923788646684,-0.015,0.01));
#1623=CARTESIAN_POINT('',(0.00401923788646684,-0.015,0.015));
#1624=CARTESIAN_POINT('',(0.03,0.,0.015));
#1625=CARTESIAN_POINT('',(0.03,0.,0.01));
#1626=CARTESIAN_POINT('',(0.03,0.,0.024));
#1627=CARTESIAN_POINT('',(0.05,6.93889390390723E-18,0.015));
#1628=CARTESIAN_POINT('',(0.05,0.0127491887525597,0.0299999999138576));
#1629=CARTESIAN_POINT('',(0.05,0.0137063749456892,0.0284720556825545));
#1630=CARTESIAN_POINT('',(0.05,0.0145023399037828,0.0271387223619927));
#1631=CARTESIAN_POINT('',(0.05,0.0151370836268404,0.0259999999521723));
#1632=CARTESIAN_POINT('',(0.05,-0.126895775404495,0.024));
#1633=CARTESIAN_POINT('',(0.05,-0.0161830220772445,0.024));
#1634=CARTESIAN_POINT('',(0.05,-0.0161830220772445,0.0240000000212219));
#1635=CARTESIAN_POINT('',(0.05,-0.0154825868393459,0.0254638376676084));
#1636=CARTESIAN_POINT('',(0.05,-0.0143379757913843,0.0274638376695745));
#1637=CARTESIAN_POINT('',(0.05,-0.0127491889333595,0.0300000000271202));
#1638=CARTESIAN_POINT('',(0.090240000717252,-0.040060000179313,8.9350750614452E-18));
#1639=CARTESIAN_POINT('',(0.0768266671448347,-0.0367066667862087,5.95671670763013E-18));
#1640=CARTESIAN_POINT('',(0.0634133335724173,-0.0333533333931043,2.97835835381507E-18));
#1641=CARTESIAN_POINT('',(0.05,-0.03,0.));
#1642=CARTESIAN_POINT('',(0.090240000717252,-0.040060000179313,0.00699320593106973));
#1643=CARTESIAN_POINT('',(0.0768266671448347,-0.0367066667862087,0.00632880395404649));
#1644=CARTESIAN_POINT('',(0.0634133335724173,-0.0333533333931043,0.00566440197702324));
#1645=CARTESIAN_POINT('',(0.05,-0.03,0.005));
#1646=CARTESIAN_POINT('',(0.090240000717252,-0.0381804648491098,0.0139777262028352));
#1647=CARTESIAN_POINT('',(0.0768266671448347,-0.0354536432327399,0.0126518174685568));
#1648=CARTESIAN_POINT('',(0.0634133335724173,-0.0327268216163699,0.0113259087342784));
#1649=CARTESIAN_POINT('',(0.05,-0.03,0.01));
#1650=CARTESIAN_POINT('',(0.090240000717252,-0.0311572598139007,0.0260822739764779));
#1651=CARTESIAN_POINT('',(0.0768266671448347,-0.0307715065426004,0.0240548493176519));
#1652=CARTESIAN_POINT('',(0.0634133335724173,-0.0303857532713002,0.022027424658826));
#1653=CARTESIAN_POINT('',(0.05,-0.03,0.02));
#1654=CARTESIAN_POINT('',(0.090240000717252,-0.0260222746506478,0.0311872594107989));
#1655=CARTESIAN_POINT('',(0.0768266671448347,-0.0273481831004319,0.0291248396071993));
#1656=CARTESIAN_POINT('',(0.0634133335724173,-0.0286740915502159,0.0270624198035996));
#1657=CARTESIAN_POINT('',(0.05,-0.03,0.025));
#1658=CARTESIAN_POINT('',(0.090240000717252,-0.019939999820687,0.0346688623315053));
#1659=CARTESIAN_POINT('',(0.0768266671448347,-0.0232933332137913,0.0331125748876702));
#1660=CARTESIAN_POINT('',(0.0634133335724173,-0.0266466666068957,0.0315562874438351));
#1661=CARTESIAN_POINT('',(0.05,-0.03,0.03));
#1662=CARTESIAN_POINT('',(0.066364694039703,-0.0259089575124274,0.0318984880916696));
#1663=CARTESIAN_POINT('',(0.0663489031792389,-0.0259383526611785,0.0318515683369595));
#1664=CARTESIAN_POINT('',(0.0662999163348963,-0.02603193845828,0.0317013727861226));
#1665=CARTESIAN_POINT('',(0.0661953274883551,-0.0262325066240925,0.0313708265488234));
#1666=CARTESIAN_POINT('',(0.0660853597050929,-0.0264402956341311,0.031017258797834));
#1667=CARTESIAN_POINT('',(0.0659904443430355,-0.0266174307154434,0.030709072626391));
#1668=CARTESIAN_POINT('',(0.0658985797967765,-0.026786001286532,0.0304076586475678));
#1669=CARTESIAN_POINT('',(0.0658228378365263,-0.026923136828449,0.0301573472593459));
#1670=CARTESIAN_POINT('',(0.0657511076784527,-0.0270513531945436,0.029918833116873));
#1671=CARTESIAN_POINT('',(0.0657206402973165,-0.0271052834311228,0.0298169663455665));
#1672=CARTESIAN_POINT('',(0.0656663532820868,-0.0272011422108071,0.0296349572078749));
#1673=CARTESIAN_POINT('',(0.0655794374702111,-0.0273531054704672,0.0293413980309148));
#1674=CARTESIAN_POINT('',(0.0654565614281352,-0.027564545638064,0.0289212121888804));
#1675=CARTESIAN_POINT('',(0.0653154177845798,-0.0278020694084782,0.0284297564342587));
#1676=CARTESIAN_POINT('',(0.0651882874565548,-0.0280121126071467,0.0279800854777601));
#1677=CARTESIAN_POINT('',(0.0650401030482826,-0.0282522029821354,0.0274461487068602));
#1678=CARTESIAN_POINT('',(0.0648567464799126,-0.0285430348535555,0.0267716921489211));
#1679=CARTESIAN_POINT('',(0.064546067791217,-0.0290215497733268,0.0255952317009355));
#1680=CARTESIAN_POINT('',(0.0643057083896125,-0.029370767795542,0.0246274568542076));
#1681=CARTESIAN_POINT('',(0.0641560562906738,-0.0295823325920361,0.0240000006647477));
#1682=CARTESIAN_POINT('',(0.0641560562861391,-0.0295823328192485,0.024));
#1683=CARTESIAN_POINT('',(0.0641560562861391,-0.0295823328192485,0.024));
#1684=CARTESIAN_POINT('',(0.0594304805604836,-0.0294880213470166,0.024));
#1685=CARTESIAN_POINT('',(0.0547115513037262,-0.029618979640187,0.024));
#1686=CARTESIAN_POINT('',(0.05,-0.03,0.024));
#1687=CARTESIAN_POINT('',(0.07,-0.035,4.44089209850062E-18));
#1688=CARTESIAN_POINT('',(0.0135,-0.015,0.024));
#1689=CARTESIAN_POINT('',(0.0641560567526323,-0.0295823267126857,0.024));
#1690=CARTESIAN_POINT('',(0.0595481807969244,-0.0250001118952128,0.024));
#1691=CARTESIAN_POINT('',(0.0548764293595688,-0.020478719868531,0.024));
#1692=CARTESIAN_POINT('',(0.0499999999949633,-0.0161830220829622,0.024));
#1693=CARTESIAN_POINT('',(0.04,-0.128474743453534,0.005));
#1694=CARTESIAN_POINT('',(0.04,-0.128474743453534,0.01));
#1695=CARTESIAN_POINT('',(0.04,-0.128474743453534,-0.01));
#1696=CARTESIAN_POINT('',(0.02,-0.128474743453534,0.01));
#1697=CARTESIAN_POINT('',(-2.000000000002E-6,0.00848528137423857,0.00848528137423857));
#1698=CARTESIAN_POINT('',(-2.000000000002E-6,-0.00848528137423857,0.00848528137423857));
#1699=CARTESIAN_POINT('',(0.089,0.,3.03192929884458E-18));
#1700=CARTESIAN_POINT('',(0.089,0.,3.03192929884458E-18));
#1701=CARTESIAN_POINT('',(0.089,0.,-0.006));
#1702=CARTESIAN_POINT('',(0.089,0.,0.02));
#1703=CARTESIAN_POINT('',(0.086998,0.012,0.013));
#1704=CARTESIAN_POINT('',(0.086998,0.012,-0.026));
#1705=CARTESIAN_POINT('',(0.0646357531821437,0.0288807995299529,0.0259288769822749));
#1706=CARTESIAN_POINT('',(0.0648720381044198,0.0285234726075417,0.0268416258424083));
#1707=CARTESIAN_POINT('',(0.0651214426451992,0.0281285256403323,0.0277542031157081));
#1708=CARTESIAN_POINT('',(0.0655382942025365,0.0274266477486447,0.0292055279990964));
#1709=CARTESIAN_POINT('',(0.065698032434539,0.027148795777895,0.0297460075181431));
#1710=CARTESIAN_POINT('',(0.0659432810898954,0.0267054631199994,0.030554030485718));
#1711=CARTESIAN_POINT('',(0.0660259604148948,0.026553289531984,0.0308228601147432));
#1712=CARTESIAN_POINT('',(0.0661512754290866,0.026318081290352,0.0312252079983966));
#1713=CARTESIAN_POINT('',(0.066193262806725,0.0262385211484967,0.0313591730707422));
#1714=CARTESIAN_POINT('',(0.0662565535803658,0.0261174007512717,0.03155987367259));
#1715=CARTESIAN_POINT('',(0.0662777021163703,0.0260767305808367,0.031626732696307));
#1716=CARTESIAN_POINT('',(0.0663201000130223,0.0259947893563252,0.0317603648189934));
#1717=CARTESIAN_POINT('',(0.0663422160499282,0.0259500794354617,0.0318329556797004));
#1718=CARTESIAN_POINT('',(0.0663830797867897,0.0258738066181245,0.0319547767771683));
#1719=CARTESIAN_POINT('',(0.0664011675177433,0.0258447137276941,0.0320002081113833));
#1720=CARTESIAN_POINT('',(0.0664395444761304,0.0257773347257416,0.0321062545058247));
#1721=CARTESIAN_POINT('',(0.0664585883247332,0.0257439820150854,0.0321585258914726));
#1722=CARTESIAN_POINT('',(0.0665157982107682,0.0256428638286554,0.0323165939556905));
#1723=CARTESIAN_POINT('',(0.0665536779467274,0.0255754928258203,0.0324211852258666));
#1724=CARTESIAN_POINT('',(0.0666669207095513,0.0253719618694403,0.0327352514207754));
#1725=CARTESIAN_POINT('',(0.0667415936542689,0.0252355838080906,0.0329429880330011));
#1726=CARTESIAN_POINT('',(0.0669634613662553,0.0248230575752956,0.0335638970427834));
#1727=CARTESIAN_POINT('',(0.0671082358611107,0.0245446747023778,0.0339728091800923));
#1728=CARTESIAN_POINT('',(0.0674879686012917,0.0237894978853397,0.035058048817162));
#1729=CARTESIAN_POINT('',(0.0677171292348517,0.0233072924897852,0.0357258499639738));
#1730=CARTESIAN_POINT('',(0.0679375314598245,0.0228179423959423,0.0363827057310606));
#1731=CARTESIAN_POINT('',(0.05,0.0172800273240937,0.0214505123379418));
#1732=CARTESIAN_POINT('',(0.05,0.0170130823246354,0.0221420325521839));
#1733=CARTESIAN_POINT('',(0.05,0.0167265828065602,0.0228249948551753));
#1734=CARTESIAN_POINT('',(0.05,0.0162342990122078,0.0238990528544499));
#1735=CARTESIAN_POINT('',(0.05,0.0160427766475877,0.024296390185303));
#1736=CARTESIAN_POINT('',(0.05,0.0157427627249767,0.0248868248135696));
#1737=CARTESIAN_POINT('',(0.05,0.0156406357545739,0.0250827075322501));
#1738=CARTESIAN_POINT('',(0.05,0.01548412843305,0.0253750800049264));
#1739=CARTESIAN_POINT('',(0.05,0.0154314064425974,0.0254722955299545));
#1740=CARTESIAN_POINT('',(0.05,0.0153514763551374,0.0256177480887731));
#1741=CARTESIAN_POINT('',(0.05,0.0153246918031078,0.0256661704843371));
#1742=CARTESIAN_POINT('',(0.05,0.015270837256879,0.0257628903535081));
#1743=CARTESIAN_POINT('',(0.05,0.0152437694744644,0.0258111887950322));
#1744=CARTESIAN_POINT('',(0.05,0.0151893364895991,0.0259076555143131));
#1745=CARTESIAN_POINT('',(0.05,0.0151620708525433,0.0259558677431122));
#1746=CARTESIAN_POINT('',(0.05,0.0151074579676633,0.026052254975969));
#1747=CARTESIAN_POINT('',(0.05,0.0150801063430228,0.0261004318468104));
#1748=CARTESIAN_POINT('',(0.05,0.0149979435543513,0.026244866518034));
#1749=CARTESIAN_POINT('',(0.05,0.0149430177446225,0.026341039450439));
#1750=CARTESIAN_POINT('',(0.05,0.0147778065885272,0.02662919104428));
#1751=CARTESIAN_POINT('',(0.05,0.0146670638532975,0.0268208438403286));
#1752=CARTESIAN_POINT('',(0.05,0.0143331398771771,0.0273943803943682));
#1753=CARTESIAN_POINT('',(0.05,0.0141082028426936,0.0277749487426889));
#1754=CARTESIAN_POINT('',(0.05,0.0134995615953937,0.0287901793266068));
#1755=CARTESIAN_POINT('',(0.05,0.0131118574425788,0.0294217449985893));
#1756=CARTESIAN_POINT('',(0.05,0.0127185529091431,0.0300488764089451));
#1757=CARTESIAN_POINT('',(0.0679404258954675,-0.0228115167703438,0.0363913290826424));
#1758=CARTESIAN_POINT('',(0.0678361976127204,-0.0230430478995645,0.0360806245850354));
#1759=CARTESIAN_POINT('',(0.0677300123947571,-0.0232729855222554,0.0357674583176103));
#1760=CARTESIAN_POINT('',(0.0674627901712217,-0.0238366726251437,0.0349873426041483));
#1761=CARTESIAN_POINT('',(0.0672994518326958,-0.0241683558569655,0.0345173736947538));
#1762=CARTESIAN_POINT('',(0.0670480494412095,-0.0246591135152476,0.033803398703026));
#1763=CARTESIAN_POINT('',(0.0669631838173854,-0.0248215702712338,0.0335639036001398));
#1764=CARTESIAN_POINT('',(0.0667913457335729,-0.0251440436830617,0.0330818152582472));
#1765=CARTESIAN_POINT('',(0.0667046842879001,-0.0253028152679052,0.0328413403598885));
#1766=CARTESIAN_POINT('',(0.0665722058184216,-0.0255427342805239,0.032471885713197));
#1767=CARTESIAN_POINT('',(0.0665285723109217,-0.0256192542513827,0.0323536509181581));
#1768=CARTESIAN_POINT('',(0.0664385892240565,-0.0257803725351649,0.0321014740794349));
#1769=CARTESIAN_POINT('',(0.0663968480193716,-0.0258466224362968,0.0319988554102532));
#1770=CARTESIAN_POINT('',(0.0662985798119094,-0.0260354985262404,0.0316952353196115));
#1771=CARTESIAN_POINT('',(0.0662485222617437,-0.0261331018205083,0.0315347533166143));
#1772=CARTESIAN_POINT('',(0.0661501724298973,-0.0263202668911363,0.0312217801257627));
#1773=CARTESIAN_POINT('',(0.0661012831063034,-0.0264122403518749,0.0310650732120794));
#1774=CARTESIAN_POINT('',(0.0659555164123382,-0.0266834690963063,0.0305943642505449));
#1775=CARTESIAN_POINT('',(0.0658595371306563,-0.0268580481009624,0.0302797467067385));
#1776=CARTESIAN_POINT('',(0.0656702044695574,-0.0271953720720138,0.0296493414824526));
#1777=CARTESIAN_POINT('',(0.0655768567546183,-0.0273580955155402,0.0293336007497422));
#1778=CARTESIAN_POINT('',(0.0653010151852504,-0.0278295408941899,0.0283851237841132));
#1779=CARTESIAN_POINT('',(0.0651227294159954,-0.0281215644563345,0.027751106338608));
#1780=CARTESIAN_POINT('',(0.0646614318117831,-0.0288512078370864,0.0260506629855497));
#1781=CARTESIAN_POINT('',(0.0643896409621535,-0.0292530758766239,0.0249831722787567));
#1782=CARTESIAN_POINT('',(0.0641362768276292,-0.0296102488649815,0.0239169126911978));
#1783=CARTESIAN_POINT('',(0.05,-0.0127133816158097,0.0300571217969028));
#1784=CARTESIAN_POINT('',(0.05,-0.0128994611614879,0.0297604697873235));
#1785=CARTESIAN_POINT('',(0.05,-0.0130842868628985,0.0294628266310907));
#1786=CARTESIAN_POINT('',(0.05,-0.0135376750598637,0.0287249117945013));
#1787=CARTESIAN_POINT('',(0.05,-0.0138047127708026,0.0282834347928722));
#1788=CARTESIAN_POINT('',(0.05,-0.0142007303212141,0.0276176312606921));
#1789=CARTESIAN_POINT('',(0.05,-0.0143319795437061,0.0273950986462155));
#1790=CARTESIAN_POINT('',(0.05,-0.0145929163891154,0.0269487989942696));
#1791=CARTESIAN_POINT('',(0.05,-0.0147226129153894,0.0267250248561005));
#1792=CARTESIAN_POINT('',(0.05,-0.0149159231747124,0.0263884301858297));
#1793=CARTESIAN_POINT('',(0.05,-0.0149801717802433,0.026276071365675));
#1794=CARTESIAN_POINT('',(0.05,-0.0151082344751205,0.0260510153048873));
#1795=CARTESIAN_POINT('',(0.05,-0.0151721298258176,0.0259383692269646));
#1796=CARTESIAN_POINT('',(0.05,-0.015299113430607,0.0257127763726548));
#1797=CARTESIAN_POINT('',(0.05,-0.0153617460000731,0.0255995971602994));
#1798=CARTESIAN_POINT('',(0.05,-0.0154855507597852,0.0253726063572328));
#1799=CARTESIAN_POINT('',(0.05,-0.0155466864438947,0.0252587754161647));
#1800=CARTESIAN_POINT('',(0.05,-0.0157278492806988,0.024916300426259));
#1801=CARTESIAN_POINT('',(0.05,-0.0158456327689785,0.0246866744519094));
#1802=CARTESIAN_POINT('',(0.05,-0.0160754923354165,0.0242249246913404));
#1803=CARTESIAN_POINT('',(0.05,-0.0161875690608684,0.0239928011884075));
#1804=CARTESIAN_POINT('',(0.05,-0.0165156300531128,0.0232928554879408));
#1805=CARTESIAN_POINT('',(0.05,-0.016723445339203,0.0228214579809897));
#1806=CARTESIAN_POINT('',(0.05,-0.017253684052235,0.0215464212998851));
#1807=CARTESIAN_POINT('',(0.05,-0.0175579755081196,0.0207348439647516));
#1808=CARTESIAN_POINT('',(0.05,-0.017837675777903,0.0199125086112724));
#1809=CARTESIAN_POINT('',(0.065,-0.012,0.040002));
#1810=CARTESIAN_POINT('',(0.077,-0.012,0.040002));
#1811=CARTESIAN_POINT('',(0.077,-7.65404249467096E-20,0.040002));
#1812=CARTESIAN_POINT('',(0.065,0.012,0.040002));
#1813=CARTESIAN_POINT('',(0.077,0.012,0.040002));
#1814=CARTESIAN_POINT('',(0.072,0.023397367362537,0.144415760493978));
#1815=CARTESIAN_POINT('',(0.082,0.023397367362537,0.144415760493978));
#1816=CARTESIAN_POINT('',(0.0902400010544199,-0.019939999736395,-0.0346688623706253));
#1817=CARTESIAN_POINT('',(0.09,-0.02,-0.0346410161513775));
#1818=CARTESIAN_POINT('',(0.05,-0.03,-0.03));
#1819=CARTESIAN_POINT('',(0.0902400010544199,-0.0191872154092302,-0.0351078127505986));
#1820=CARTESIAN_POINT('',(0.09,-0.0192442501588533,-0.0350773485256035));
#1821=CARTESIAN_POINT('',(0.05,-0.02875,-0.03));
#1822=CARTESIAN_POINT('',(0.0902400010544199,-0.0184200617867385,-0.0355218737513672));
#1823=CARTESIAN_POINT('',(0.09,-0.0184742167243167,-0.0354889399668748));
#1824=CARTESIAN_POINT('',(0.05,-0.0275,-0.03));
#1825=CARTESIAN_POINT('',(0.0902400010544199,-0.0168603315508766,-0.0362984447969146));
#1826=CARTESIAN_POINT('',(0.09,-0.0169088784932034,-0.0362608793557403));
#1827=CARTESIAN_POINT('',(0.05,-0.025,-0.03));
#1828=CARTESIAN_POINT('',(0.0902400010544199,-0.0160677555256969,-0.0366609545426466));
#1829=CARTESIAN_POINT('',(0.09,-0.016113574281309,-0.0366212270060713));
#1830=CARTESIAN_POINT('',(0.05,-0.02375,-0.03));
#1831=CARTESIAN_POINT('',(0.0902400010544199,-0.0144606067318412,-0.0373328706005459));
#1832=CARTESIAN_POINT('',(0.09,-0.0145011003078982,-0.0372891355948317));
#1833=CARTESIAN_POINT('',(0.05,-0.02125,-0.03));
#1834=CARTESIAN_POINT('',(0.0902400010544199,-0.0136460344591696,-0.0376422767072616));
#1835=CARTESIAN_POINT('',(0.09,-0.0136839310394278,-0.0375966963290347));
#1836=CARTESIAN_POINT('',(0.05,-0.02,-0.03));
#1837=CARTESIAN_POINT('',(0.0902400010544199,-0.0119984133977745,-0.0382066605297986));
#1838=CARTESIAN_POINT('',(0.09,-0.0120312261848252,-0.0381577140305738));
#1839=CARTESIAN_POINT('',(0.05,-0.0175,-0.03));
#1840=CARTESIAN_POINT('',(0.0902400010544199,-0.0111653651174305,-0.0384616380730483));
#1841=CARTESIAN_POINT('',(0.09,-0.0111956911040404,-0.0384111708263674));
#1842=CARTESIAN_POINT('',(0.05,-0.01625,-0.03));
#1843=CARTESIAN_POINT('',(0.0902400010544199,-0.00948439138741333,-0.0389160728820489));
#1844=CARTESIAN_POINT('',(0.09,-0.00950983250416129,-0.038862895276758));
#1845=CARTESIAN_POINT('',(0.05,-0.01375,-0.03));
#1846=CARTESIAN_POINT('',(0.0902400010544199,-0.00863646645631782,-0.0391155300088475));
#1847=CARTESIAN_POINT('',(0.09,-0.00865950950055175,-0.0390611627932314));
#1848=CARTESIAN_POINT('',(0.05,-0.0125,-0.03));
#1849=CARTESIAN_POINT('',(0.0902400010544199,-0.00692940247784325,-0.0394580698446937));
#1850=CARTESIAN_POINT('',(0.09,-0.00694771626073854,-0.0394016596390271));
#1851=CARTESIAN_POINT('',(0.05,-0.01,-0.03));
#1852=CARTESIAN_POINT('',(0.0902400010544199,-0.00607026395701948,-0.039601152449003));
#1853=CARTESIAN_POINT('',(0.09,-0.00608624654794965,-0.0395438888642359));
#1854=CARTESIAN_POINT('',(0.05,-0.00875,-0.03));
#1855=CARTESIAN_POINT('',(0.0902400010544199,-0.00434448387270163,-0.0398303305035298));
#1856=CARTESIAN_POINT('',(0.09,-0.00435584882965448,-0.0397717000456689));
#1857=CARTESIAN_POINT('',(0.05,-0.00625,-0.03));
#1858=CARTESIAN_POINT('',(0.0902400010544199,-0.0034778428414857,-0.0399164258836717));
#1859=CARTESIAN_POINT('',(0.09,-0.00348692135325169,-0.0398572819322354));
#1860=CARTESIAN_POINT('',(0.05,-0.005,-0.03));
#1861=CARTESIAN_POINT('',(0.0902400010544199,-0.00174080093917725,-0.0400312607812658));
#1862=CARTESIAN_POINT('',(0.09,-0.00174532898515979,-0.0399714319268528));
#1863=CARTESIAN_POINT('',(0.05,-0.0025,-0.03));
#1864=CARTESIAN_POINT('',(0.0902400010544199,-0.000870400603806404,-0.040060000263605));
#1865=CARTESIAN_POINT('',(0.09,-0.000872664625997169,-0.04));
#1866=CARTESIAN_POINT('',(0.05,-0.00125,-0.03));
#1867=CARTESIAN_POINT('',(0.0902400010544199,0.000870400603806394,-0.040060000263605));
#1868=CARTESIAN_POINT('',(0.09,0.000872664625997159,-0.04));
#1869=CARTESIAN_POINT('',(0.05,0.00125,-0.03));
#1870=CARTESIAN_POINT('',(0.0902400010544199,0.00174080093917721,-0.0400312607812658));
#1871=CARTESIAN_POINT('',(0.09,0.00174532898515975,-0.0399714319268528));
#1872=CARTESIAN_POINT('',(0.05,0.0025,-0.03));
#1873=CARTESIAN_POINT('',(0.0902400010544199,0.00347784284148565,-0.0399164258836718));
#1874=CARTESIAN_POINT('',(0.09,0.00348692135325164,-0.0398572819322355));
#1875=CARTESIAN_POINT('',(0.05,0.005,-0.03));
#1876=CARTESIAN_POINT('',(0.0902400010544199,0.00434448387270162,-0.0398303305035298));
#1877=CARTESIAN_POINT('',(0.09,0.00435584882965446,-0.0397717000456689));
#1878=CARTESIAN_POINT('',(0.05,0.00625,-0.03));
#1879=CARTESIAN_POINT('',(0.0902400010544199,0.00607026395701947,-0.039601152449003));
#1880=CARTESIAN_POINT('',(0.09,0.00608624654794964,-0.0395438888642359));
#1881=CARTESIAN_POINT('',(0.05,0.00875,-0.03));
#1882=CARTESIAN_POINT('',(0.0902400010544199,0.00692940247784322,-0.0394580698446937));
#1883=CARTESIAN_POINT('',(0.09,0.00694771626073851,-0.0394016596390271));
#1884=CARTESIAN_POINT('',(0.05,0.01,-0.03));
#1885=CARTESIAN_POINT('',(0.0902400010544199,0.00863646645631779,-0.0391155300088475));
#1886=CARTESIAN_POINT('',(0.09,0.00865950950055172,-0.0390611627932314));
#1887=CARTESIAN_POINT('',(0.05,0.0125,-0.03));
#1888=CARTESIAN_POINT('',(0.0902400010544199,0.0094843913874133,-0.0389160728820489));
#1889=CARTESIAN_POINT('',(0.09,0.00950983250416126,-0.038862895276758));
#1890=CARTESIAN_POINT('',(0.05,0.01375,-0.03));
#1891=CARTESIAN_POINT('',(0.0902400010544199,0.0111653651174305,-0.0384616380730483));
#1892=CARTESIAN_POINT('',(0.09,0.0111956911040404,-0.0384111708263674));
#1893=CARTESIAN_POINT('',(0.05,0.01625,-0.03));
#1894=CARTESIAN_POINT('',(0.0902400010544199,0.0119984133977745,-0.0382066605297986));
#1895=CARTESIAN_POINT('',(0.09,0.0120312261848251,-0.0381577140305738));
#1896=CARTESIAN_POINT('',(0.05,0.0175,-0.03));
#1897=CARTESIAN_POINT('',(0.0902400010544199,0.0136460344591696,-0.0376422767072616));
#1898=CARTESIAN_POINT('',(0.09,0.0136839310394277,-0.0375966963290347));
#1899=CARTESIAN_POINT('',(0.05,0.02,-0.03));
#1900=CARTESIAN_POINT('',(0.0902400010544199,0.0144606067318412,-0.0373328706005459));
#1901=CARTESIAN_POINT('',(0.09,0.0145011003078982,-0.0372891355948317));
#1902=CARTESIAN_POINT('',(0.05,0.02125,-0.03));
#1903=CARTESIAN_POINT('',(0.0902400010544199,0.0160677555256968,-0.0366609545426466));
#1904=CARTESIAN_POINT('',(0.09,0.016113574281309,-0.0366212270060713));
#1905=CARTESIAN_POINT('',(0.05,0.02375,-0.03));
#1906=CARTESIAN_POINT('',(0.0902400010544199,0.0168603315508766,-0.0362984447969146));
#1907=CARTESIAN_POINT('',(0.09,0.0169088784932034,-0.0362608793557403));
#1908=CARTESIAN_POINT('',(0.05,0.025,-0.03));
#1909=CARTESIAN_POINT('',(0.0902400010544199,0.0184200617867385,-0.0355218737513672));
#1910=CARTESIAN_POINT('',(0.09,0.0184742167243167,-0.0354889399668748));
#1911=CARTESIAN_POINT('',(0.05,0.0275,-0.03));
#1912=CARTESIAN_POINT('',(0.0902400010544199,0.0191872154092302,-0.0351078127505987));
#1913=CARTESIAN_POINT('',(0.09,0.0192442501588533,-0.0350773485256036));
#1914=CARTESIAN_POINT('',(0.05,0.02875,-0.03));
#1915=CARTESIAN_POINT('',(0.0902400010544199,0.019939999736395,-0.0346688623706253));
#1916=CARTESIAN_POINT('',(0.09,0.02,-0.0346410161513775));
#1917=CARTESIAN_POINT('',(0.05,0.03,-0.03));
#1918=CARTESIAN_POINT('',(0.0716320533568184,0.0245919866607954,-0.0325098677254114));
#1919=CARTESIAN_POINT('',(0.0713667133928696,0.0245102610858116,-0.0325146340147438));
#1920=CARTESIAN_POINT('',(0.0709034126958252,0.0241698558083647,-0.0325654858545493));
#1921=CARTESIAN_POINT('',(0.0706612052267202,0.0233501193145881,-0.032723916648673));
#1922=CARTESIAN_POINT('',(0.0709560918311481,0.0225591893493723,-0.0329143744885729));
#1923=CARTESIAN_POINT('',(0.0716707504052312,0.0220961107470396,-0.0330801171189753));
#1924=CARTESIAN_POINT('',(0.0725390196840256,0.0221652211069606,-0.0331471731961227));
#1925=CARTESIAN_POINT('',(0.0731779041107559,0.0227554131590924,-0.0330604455062568));
#1926=CARTESIAN_POINT('',(0.0733231047966099,0.0235867999627499,-0.0328588452825958));
#1927=CARTESIAN_POINT('',(0.0730778685655863,0.0240859746552292,-0.032714932655575));
#1928=CARTESIAN_POINT('',(0.0728868325902233,0.0242782918524442,-0.0326554539926275));
#1929=CARTESIAN_POINT('',(0.0716320533568184,0.0245919866607954,-0.0325098677254114));
#1930=CARTESIAN_POINT('',(0.072886832590223,0.0242782918524443,-0.0326554539926275));
#1931=CARTESIAN_POINT('',(0.07,0.025,-0.0323205080756887));
#1932=CARTESIAN_POINT('',(0.07,-0.025,-0.0323205080756887));
#1933=CARTESIAN_POINT('',(0.0663647130012946,-0.0259088682187418,-0.0318986440173153));
#1934=CARTESIAN_POINT('',(0.05,-0.0127491889479166,-0.03));
#1935=CARTESIAN_POINT('',(0.0508104658467737,-0.0132712546009898,-0.0301826347517372));
#1936=CARTESIAN_POINT('',(0.0523840865824282,-0.0143028899596029,-0.0305259653046655));
#1937=CARTESIAN_POINT('',(0.0542333597593078,-0.0155644453840295,-0.0308967639458492));
#1938=CARTESIAN_POINT('',(0.0556411822815191,-0.0165578551904547,-0.0311564729203354));
#1939=CARTESIAN_POINT('',(0.0566636120977295,-0.0172972671547605,-0.0313327319640301));
#1940=CARTESIAN_POINT('',(0.0574797717713604,-0.0179028409688049,-0.0314628438773287));
#1941=CARTESIAN_POINT('',(0.0581292022040496,-0.0183952439585312,-0.0315591094989082));
#1942=CARTESIAN_POINT('',(0.0585685668564051,-0.0187326416493161,-0.0316213012759167));
#1943=CARTESIAN_POINT('',(0.0591473667206911,-0.0191844984293976,-0.0316981574211604));
#1944=CARTESIAN_POINT('',(0.0598515473929109,-0.0197452319377378,-0.0317840662153821));
#1945=CARTESIAN_POINT('',(0.0607191586331802,-0.0204550572507921,-0.0318767649831903));
#1946=CARTESIAN_POINT('',(0.0617173667161049,-0.0213065471432587,-0.031959197191243));
#1947=CARTESIAN_POINT('',(0.0626343875064082,-0.0221205974337805,-0.0320127611881714));
#1948=CARTESIAN_POINT('',(0.0636460105983721,-0.0230633898143166,-0.0320410376373746));
#1949=CARTESIAN_POINT('',(0.0648645926099546,-0.0242611166376073,-0.032031478712665));
#1950=CARTESIAN_POINT('',(0.0657862648666089,-0.0252487948564643,-0.0319686942777285));
#1951=CARTESIAN_POINT('',(0.0663648254556824,-0.0259087936360794,-0.0318987354813574));
#1952=CARTESIAN_POINT('',(0.05,-0.0127491889482379,-0.03));
#1953=CARTESIAN_POINT('',(0.05,-0.03,-0.03));
#1954=CARTESIAN_POINT('',(0.05,0.0127491887053484,-0.03));
#1955=CARTESIAN_POINT('',(0.0663642690926154,0.0259089276385222,-0.0318986717959716));
#1956=CARTESIAN_POINT('',(0.0662902073205395,0.025827907607947,-0.0319070359350171));
#1957=CARTESIAN_POINT('',(0.0661775436912178,0.0257026414247728,-0.0319194910068924));
#1958=CARTESIAN_POINT('',(0.06603680270745,0.0255432601796404,-0.0319345722224366));
#1959=CARTESIAN_POINT('',(0.065910747301801,0.0253973326725929,-0.0319478182011429));
#1960=CARTESIAN_POINT('',(0.0658651560304798,0.0253458807386479,-0.0319522133069015));
#1961=CARTESIAN_POINT('',(0.0657597005410998,0.0252299938406385,-0.031961634498375));
#1962=CARTESIAN_POINT('',(0.0656416328437966,0.0251022826143881,-0.0319713473080591));
#1963=CARTESIAN_POINT('',(0.065462273250414,0.0249094469022635,-0.0319846216983335));
#1964=CARTESIAN_POINT('',(0.0653690996271234,0.0248098375104282,-0.0319908384530657));
#1965=CARTESIAN_POINT('',(0.0652132515837227,0.0246444078320475,-0.0320006083679216));
#1966=CARTESIAN_POINT('',(0.0649526146097295,0.0243710232049754,-0.0320145949215868));
#1967=CARTESIAN_POINT('',(0.0645560935356284,0.0239644080093605,-0.0320294130266808));
#1968=CARTESIAN_POINT('',(0.0641062065914793,0.0235161553799223,-0.0320370756394133));
#1969=CARTESIAN_POINT('',(0.0636320565522476,0.0230561088096629,-0.0320365494191314));
#1970=CARTESIAN_POINT('',(0.0631531337496562,0.022603405054257,-0.0320276763934927));
#1971=CARTESIAN_POINT('',(0.0626416782966683,0.0221326085181756,-0.0320093880845639));
#1972=CARTESIAN_POINT('',(0.0621892409794945,0.0217259709187552,-0.0319863974142899));
#1973=CARTESIAN_POINT('',(0.0615459629054071,0.0211598077761724,-0.0319454009639198));
#1974=CARTESIAN_POINT('',(0.0607235527166506,0.0204589618549842,-0.0318770220239787));
#1975=CARTESIAN_POINT('',(0.0598534486692731,0.0197467417110715,-0.0317843069101033));
#1976=CARTESIAN_POINT('',(0.0591496970565556,0.0191863549849966,-0.0316984476036378));
#1977=CARTESIAN_POINT('',(0.0585709170023187,0.0187344622087416,-0.0316216257658153));
#1978=CARTESIAN_POINT('',(0.05813144687068,0.0183969557192958,-0.0315594341921297));
#1979=CARTESIAN_POINT('',(0.0574819050623002,0.0179044297735279,-0.0314631749953375));
#1980=CARTESIAN_POINT('',(0.0566655706401163,0.0172986884627186,-0.0313330587336614));
#1981=CARTESIAN_POINT('',(0.0556429026369822,0.0165590697018955,-0.0311567818438891));
#1982=CARTESIAN_POINT('',(0.0542347144756153,0.0155653690557619,-0.0308970293590219));
#1983=CARTESIAN_POINT('',(0.0523848987874028,0.0143034222371713,-0.0305261403400044));
#1984=CARTESIAN_POINT('',(0.050810751892141,0.013271438526879,-0.0301826992114753));
#1985=CARTESIAN_POINT('',(0.0500000000104833,0.0127491887053484,-0.0300000000023624));
#1986=CARTESIAN_POINT('',(0.0663642594199199,0.0259089362556132,-0.0318986696176251));
#1987=CARTESIAN_POINT('',(0.07,0.025,-0.0323205080756887));
#1988=CARTESIAN_POINT('',(0.076027755266279,0.01299551981746,-0.0354647675660722));
#1989=CARTESIAN_POINT('',(0.0756125382930121,0.0119945160780041,-0.0355371921455645));
#1990=CARTESIAN_POINT('',(0.0760220915616727,0.0110264158705235,-0.0357543662563953));
#1991=CARTESIAN_POINT('',(0.0769749694600902,0.0106174268220488,-0.0360090010308348));
#1992=CARTESIAN_POINT('',(0.0779716826742655,0.0110046308712439,-0.0361611334280727));
#1993=CARTESIAN_POINT('',(0.0783863799900277,0.0120060972138308,-0.0360808884191019));
#1994=CARTESIAN_POINT('',(0.0779827962092562,0.0129668154785123,-0.0358314229212877));
#1995=CARTESIAN_POINT('',(0.0770311737907554,0.0133841112903315,-0.0355823262229107));
#1996=CARTESIAN_POINT('',(0.076027755266279,0.01299551981746,-0.0354647675660722));
#1997=CARTESIAN_POINT('',(0.0756125382930121,0.0119945160780041,-0.0355371921455645));
#1998=CARTESIAN_POINT('',(0.0760220915616727,0.0110264158705235,-0.0357543662563953));
#1999=CARTESIAN_POINT('',(0.07575,0.012,-0.0355613170674543));
#2000=CARTESIAN_POINT('',(0.0640306367335765,0.0129938671109123,-0.0330580402056681));
#2001=CARTESIAN_POINT('',(0.0636104198295515,0.0119972590572793,-0.033032919675305));
#2002=CARTESIAN_POINT('',(0.0640276839482175,0.0110170966599704,-0.0331818863941956));
#2003=CARTESIAN_POINT('',(0.0649871411609535,0.0106194811089435,-0.0334193475474629));
#2004=CARTESIAN_POINT('',(0.0659679245352925,0.0110051866831146,-0.0336126317427383));
#2005=CARTESIAN_POINT('',(0.0663890450474666,0.0120016279039772,-0.0336296860758501));
#2006=CARTESIAN_POINT('',(0.0659758892553803,0.0129787994969341,-0.0334625037663349));
#2007=CARTESIAN_POINT('',(0.0650154136920684,0.01338175586951,-0.0332325726793008));
#2008=CARTESIAN_POINT('',(0.0640306367335765,0.0129938671109123,-0.0330580402056681));
#2009=CARTESIAN_POINT('',(0.0636104198295515,0.0119972590572793,-0.033032919675305));
#2010=CARTESIAN_POINT('',(0.0640276839482175,0.0110170966599704,-0.0331818863941956));
#2011=CARTESIAN_POINT('',(0.06375,0.012,-0.0330619342168473));
#2012=CARTESIAN_POINT('',(0.0760329553180022,0.000992470117698878,-0.0365034242586787));
#2013=CARTESIAN_POINT('',(0.0756086338865059,-1.47816151161909E-7,-0.0364045644371149));
#2014=CARTESIAN_POINT('',(0.0760325091359741,-0.000991878853094225,-0.0365033179928616));
#2015=CARTESIAN_POINT('',(0.0770020624427398,-0.00137930874524835,-0.0367379269262776));
#2016=CARTESIAN_POINT('',(0.0779674701543336,-0.000990881651414653,-0.0369862047101525));
#2017=CARTESIAN_POINT('',(0.0783908566813096,-6.59655368457845E-7,-0.0371005401341338));
#2018=CARTESIAN_POINT('',(0.0779691019964805,0.000989414274724172,-0.0369866344527887));
#2019=CARTESIAN_POINT('',(0.0770026038546486,0.00137952630907461,-0.0367380575751142));
#2020=CARTESIAN_POINT('',(0.0760329553180022,0.000992470117698878,-0.0365034242586787));
#2021=CARTESIAN_POINT('',(0.0756086338865059,-1.47816151161909E-7,-0.0364045644371149));
#2022=CARTESIAN_POINT('',(0.0760325091359741,-0.000991878853094225,-0.0365033179928616));
#2023=CARTESIAN_POINT('',(0.07575,2.16844084860908E-18,-0.0364375));
#2024=CARTESIAN_POINT('',(0.0640306367335765,-0.0129938671109123,-0.0330580402056681));
#2025=CARTESIAN_POINT('',(0.0636104198295515,-0.0119972590572793,-0.033032919675305));
#2026=CARTESIAN_POINT('',(0.0640276839482175,-0.0110170966599704,-0.0331818863941956));
#2027=CARTESIAN_POINT('',(0.0649871411609535,-0.0106194811089435,-0.0334193475474629));
#2028=CARTESIAN_POINT('',(0.0659679245352925,-0.0110051866831146,-0.0336126317427383));
#2029=CARTESIAN_POINT('',(0.0663890450474666,-0.0120016279039772,-0.0336296860758501));
#2030=CARTESIAN_POINT('',(0.0659758892553803,-0.0129787994969341,-0.0334625037663349));
#2031=CARTESIAN_POINT('',(0.0650154136920684,-0.01338175586951,-0.0332325726793008));
#2032=CARTESIAN_POINT('',(0.0640306367335765,-0.0129938671109123,-0.0330580402056681));
#2033=CARTESIAN_POINT('',(0.0636104198295515,-0.0119972590572793,-0.033032919675305));
#2034=CARTESIAN_POINT('',(0.0640276839482175,-0.0110170966599704,-0.0331818863941956));
#2035=CARTESIAN_POINT('',(0.06375,-0.012,-0.0330619342168473));
#2036=CARTESIAN_POINT('',(0.0760277552662791,-0.01299551981746,-0.0354647675660722));
#2037=CARTESIAN_POINT('',(0.0756125382930121,-0.0119945160780041,-0.0355371921455645));
#2038=CARTESIAN_POINT('',(0.0760220915616726,-0.0110264158705234,-0.0357543662563953));
#2039=CARTESIAN_POINT('',(0.0769749694600902,-0.0106174268220488,-0.0360090010308348));
#2040=CARTESIAN_POINT('',(0.0779716826742655,-0.0110046308712439,-0.0361611334280727));
#2041=CARTESIAN_POINT('',(0.0783863799900276,-0.0120060972138308,-0.0360808884191019));
#2042=CARTESIAN_POINT('',(0.0779827962092563,-0.0129668154785123,-0.0358314229212878));
#2043=CARTESIAN_POINT('',(0.0770311737907553,-0.0133841112903315,-0.0355823262229107));
#2044=CARTESIAN_POINT('',(0.0760277552662791,-0.01299551981746,-0.0354647675660722));
#2045=CARTESIAN_POINT('',(0.0756125382930121,-0.0119945160780041,-0.0355371921455645));
#2046=CARTESIAN_POINT('',(0.0760220915616726,-0.0110264158705234,-0.0357543662563953));
#2047=CARTESIAN_POINT('',(0.07575,-0.012,-0.0355613170674543));
#2048=CARTESIAN_POINT('',(0.074,-0.015,-0.026));
#2049=CARTESIAN_POINT('',(0.082,0.023397367362537,-0.026));
#2050=CARTESIAN_POINT('',(0.08075,0.023397367362537,-0.026));
#2051=CARTESIAN_POINT('',(0.072,0.023397367362537,-0.026));
#2052=CARTESIAN_POINT('',(0.07075,0.023397367362537,-0.026));
#2053=CARTESIAN_POINT('',(0.077,-0.012,-0.026));
#2054=CARTESIAN_POINT('',(0.07575,-0.012,-0.026));
#2055=CARTESIAN_POINT('',(0.065,-0.012,-0.026));
#2056=CARTESIAN_POINT('',(0.06375,-0.012,-0.026));
#2057=CARTESIAN_POINT('',(0.09,0.030397367362537,-0.026));
#2058=CARTESIAN_POINT('',(0.0815994408427612,0.029284767452946,-0.026));
#2059=CARTESIAN_POINT('',(0.0731235155398434,0.028660537247109,-0.026));
#2060=CARTESIAN_POINT('',(0.0646541915563841,0.0288528831769667,-0.026));
#2061=CARTESIAN_POINT('',(0.0646541915563841,0.0288528831769666,-0.026));
#2062=CARTESIAN_POINT('',(0.061,0.0252705914865912,-0.026));
#2063=CARTESIAN_POINT('',(0.0621710326931164,0.0264052923416634,-0.026));
#2064=CARTESIAN_POINT('',(0.0633890965560128,0.0275993883741826,-0.026));
#2065=CARTESIAN_POINT('',(0.0646541915886893,0.028852879584149,-0.026));
#2066=CARTESIAN_POINT('',(0.061,0.0252705914865912,-0.026));
#2067=CARTESIAN_POINT('',(0.05,0.0151370654495364,-0.0259999999999991));
#2068=CARTESIAN_POINT('',(0.0537827865560238,0.0183864691126318,-0.0259999999999991));
#2069=CARTESIAN_POINT('',(0.0574189891951264,0.0218006832199831,-0.026));
#2070=CARTESIAN_POINT('',(0.061,0.0252705914865912,-0.026));
#2071=CARTESIAN_POINT('',(0.05,0.0151370748459439,-0.0259999967258509));
#2072=CARTESIAN_POINT('',(0.05,-0.015,-0.026));
#2073=CARTESIAN_POINT('',(0.077,-7.65404249467096E-20,-0.026));
#2074=CARTESIAN_POINT('',(0.07575,-7.65404249467096E-20,-0.026));
#2075=CARTESIAN_POINT('',(0.065,0.012,-0.026));
#2076=CARTESIAN_POINT('',(0.06375,0.012,-0.026));
#2077=CARTESIAN_POINT('',(0.077,0.012,-0.026));
#2078=CARTESIAN_POINT('',(0.07575,0.012,-0.026));
#2079=CARTESIAN_POINT('',(0.09,0.02,-0.0346410161513775));
#2080=CARTESIAN_POINT('',(0.0645021166594934,0.0263744708351266,-0.0316826139411468));
#2081=CARTESIAN_POINT('',(0.09,0.0207557498411466,-0.0342046837771516));
#2082=CARTESIAN_POINT('',(0.0645021166594934,0.0266484701441692,-0.0311260159391179));
#2083=CARTESIAN_POINT('',(0.09,0.0214972152025361,-0.033743610981715));
#2084=CARTESIAN_POINT('',(0.0645021166594934,0.0269172905734153,-0.030560448225224));
#2085=CARTESIAN_POINT('',(0.09,0.0229484034390321,-0.0327739580024886));
#2086=CARTESIAN_POINT('',(0.0645021166594934,0.027443423100929,-0.029412088855234));
#2087=CARTESIAN_POINT('',(0.09,0.02365812576436,-0.0322653781764168));
#2088=CARTESIAN_POINT('',(0.0645021166594934,0.0277007349998728,-0.0288292973288296));
#2089=CARTESIAN_POINT('',(0.09,0.0250427885563376,-0.031202889046882));
#2090=CARTESIAN_POINT('',(0.0645021166594934,0.0282027485334558,-0.0276472799417898));
#2091=CARTESIAN_POINT('',(0.09,0.0257177285995993,-0.0306489800682962));
#2092=CARTESIAN_POINT('',(0.0645021166594934,0.0284474500145944,-0.0270480541989396));
#2093=CARTESIAN_POINT('',(0.09,0.0270299366084061,-0.029498204530022));
#2094=CARTESIAN_POINT('',(0.0645021166594934,0.0289231948552254,-0.0258340283169252));
#2095=CARTESIAN_POINT('',(0.09,0.0276672041727177,-0.0289013383222061));
#2096=CARTESIAN_POINT('',(0.0645021166594934,0.0291542380692493,-0.0252192283053334));
#2097=CARTESIAN_POINT('',(0.09,0.0289013383222061,-0.0276672041727177));
#2098=CARTESIAN_POINT('',(0.0645021166594934,0.029601677004483,-0.0239749805157089));
#2099=CARTESIAN_POINT('',(0.09,0.029498204530022,-0.0270299366084062));
#2100=CARTESIAN_POINT('',(0.0645021166594934,0.0298180725888793,-0.0233455328744896));
#2101=CARTESIAN_POINT('',(0.09,0.0302002002628968,-0.0262294638904963));
#2102=CARTESIAN_POINT('',(0.0645021166594934,0.0300725831891948,-0.0225692500686358));
#2103=CARTESIAN_POINT('',(0.09,0.0303257682810409,-0.0260841831863652));
#2104=CARTESIAN_POINT('',(0.0645021166594934,0.0301181082403905,-0.0224289134654322));
#2105=CARTESIAN_POINT('',(0.09,0.0304502837222956,-0.025938005882888));
#2106=CARTESIAN_POINT('',(0.0645021166594934,0.030163251676765,-0.0222882517975207));
#2107=CARTESIAN_POINT('',(0.0808906980005303,0.0226648709769945,-0.0332666010188341));
#2108=CARTESIAN_POINT('',(0.080656774589015,0.0234072859229642,-0.0326438126899343));
#2109=CARTESIAN_POINT('',(0.0808889782324246,0.0241001080667978,-0.0319920995513194));
#2110=CARTESIAN_POINT('',(0.0813848463748692,0.0245277681600773,-0.0315700772328428));
#2111=CARTESIAN_POINT('',(0.0819338467371626,0.0246920462253171,-0.0313997928396329));
#2112=CARTESIAN_POINT('',(0.0825196648364132,0.0245796012368367,-0.0314935867089359));
#2113=CARTESIAN_POINT('',(0.0830758867372205,0.0241661409041008,-0.0318579797486869));
#2114=CARTESIAN_POINT('',(0.0833498423055828,0.0234417973957504,-0.0324756627412861));
#2115=CARTESIAN_POINT('',(0.0831213019950955,0.0226978959219089,-0.0330863538235773));
#2116=CARTESIAN_POINT('',(0.0826022600308636,0.0222585776614934,-0.0334646264534163));
#2117=CARTESIAN_POINT('',(0.0820499365686649,0.0221027037933484,-0.0336271946738292));
#2118=CARTESIAN_POINT('',(0.0814652191785642,0.0222195734828245,-0.0335824323267907));
#2119=CARTESIAN_POINT('',(0.0808906980005303,0.0226648709769945,-0.0332666010188341));
#2120=CARTESIAN_POINT('',(0.080656774589015,0.0234072859229642,-0.0326438126899343));
#2121=CARTESIAN_POINT('',(0.0808889782324246,0.0241001080667978,-0.0319920995513194));
#2122=CARTESIAN_POINT('',(0.08075,0.023397367362537,-0.0326380277279913));
#2123=CARTESIAN_POINT('',(0.072886832590223,0.0242782918524442,-0.0326554539926275));
#2124=CARTESIAN_POINT('',(0.0727470062093167,0.0244190560075805,-0.0325127146004077));
#2125=CARTESIAN_POINT('',(0.0723548387301488,0.0246729233906393,-0.0322690236206481));
#2126=CARTESIAN_POINT('',(0.0718356019846766,0.0246546803025724,-0.0323881514625514));
#2127=CARTESIAN_POINT('',(0.0716320533568182,0.0245919866607955,-0.0325098677254114));
#2128=CARTESIAN_POINT('',(0.0646541915104308,0.0288528828831349,-0.026000000760453));
#2129=CARTESIAN_POINT('',(0.0647146084247732,0.0287612741183631,-0.0262327116562646));
#2130=CARTESIAN_POINT('',(0.0648391426585641,0.0285701584992529,-0.0267056898521601));
#2131=CARTESIAN_POINT('',(0.0650373355531138,0.0282574755822652,-0.0274375411024614));
#2132=CARTESIAN_POINT('',(0.0652112634304284,0.0279748887313964,-0.0280623799512409));
#2133=CARTESIAN_POINT('',(0.0653390128948971,0.0277622507218325,-0.0285117257607134));
#2134=CARTESIAN_POINT('',(0.0654026093523793,0.0276551576683087,-0.0287331721274495));
#2135=CARTESIAN_POINT('',(0.0654417195270038,0.0275888447086032,-0.0288685811848828));
#2136=CARTESIAN_POINT('',(0.0654643983572663,0.027550315790634,-0.0289469044563503));
#2137=CARTESIAN_POINT('',(0.0655133575311666,0.0274665786175772,-0.0291153319567671));
#2138=CARTESIAN_POINT('',(0.065567815310707,0.0273725694883136,-0.0293019073042379));
#2139=CARTESIAN_POINT('',(0.0656641053248518,0.0272046078539909,-0.0296301402820443));
#2140=CARTESIAN_POINT('',(0.0657895118701154,0.0269810860256965,-0.0300528229674401));
#2141=CARTESIAN_POINT('',(0.065925256701137,0.0267336483727684,-0.0305038335827771));
#2142=CARTESIAN_POINT('',(0.0660849238807186,0.0264372172685981,-0.0310264193239644));
#2143=CARTESIAN_POINT('',(0.0662452910568001,0.0261331839540738,-0.0315380830781202));
#2144=CARTESIAN_POINT('',(0.0663315894249888,0.0259695441790911,-0.0318019620856438));
#2145=CARTESIAN_POINT('',(0.0663642534426686,0.0259089557828457,-0.031898635194435));
#2146=CARTESIAN_POINT('',(0.03,0.,-0.015));
#2147=CARTESIAN_POINT('',(0.03,0.,-0.024));
#2148=CARTESIAN_POINT('',(0.03,0.,-0.01));
#2149=CARTESIAN_POINT('',(0.05,6.93889390390723E-18,-0.015));
#2150=CARTESIAN_POINT('',(0.05,0.0127491887525597,-0.0299999999138576));
#2151=CARTESIAN_POINT('',(0.05,0.0137063749456892,-0.0284720556825545));
#2152=CARTESIAN_POINT('',(0.05,0.0145023399037828,-0.0271387223619927));
#2153=CARTESIAN_POINT('',(0.05,0.0151370836268404,-0.0259999999521723));
#2154=CARTESIAN_POINT('',(0.05,-0.0161830220772445,-0.0240000000212219));
#2155=CARTESIAN_POINT('',(0.05,-0.0154825868393459,-0.0254638376676084));
#2156=CARTESIAN_POINT('',(0.05,-0.0143379757913843,-0.0274638376695745));
#2157=CARTESIAN_POINT('',(0.05,-0.0127491889333595,-0.0300000000271202));
#2158=CARTESIAN_POINT('',(0.0500000000005507,-0.0161830220381656,-0.0240000000996621));
#2159=CARTESIAN_POINT('',(0.05,-0.126895775404495,-0.024));
#2160=CARTESIAN_POINT('',(0.090240000717252,-0.040060000179313,-8.9350750614452E-18));
#2161=CARTESIAN_POINT('',(0.0768266671448347,-0.0367066667862087,-5.95671670763013E-18));
#2162=CARTESIAN_POINT('',(0.0634133335724173,-0.0333533333931043,-2.97835835381507E-18));
#2163=CARTESIAN_POINT('',(0.05,-0.03,0.));
#2164=CARTESIAN_POINT('',(0.090240000717252,-0.040060000179313,-0.00699320593106973));
#2165=CARTESIAN_POINT('',(0.0768266671448347,-0.0367066667862087,-0.00632880395404649));
#2166=CARTESIAN_POINT('',(0.0634133335724173,-0.0333533333931043,-0.00566440197702324));
#2167=CARTESIAN_POINT('',(0.05,-0.03,-0.005));
#2168=CARTESIAN_POINT('',(0.090240000717252,-0.0381804648491098,-0.0139777262028352));
#2169=CARTESIAN_POINT('',(0.0768266671448347,-0.0354536432327399,-0.0126518174685568));
#2170=CARTESIAN_POINT('',(0.0634133335724173,-0.0327268216163699,-0.0113259087342784));
#2171=CARTESIAN_POINT('',(0.05,-0.03,-0.01));
#2172=CARTESIAN_POINT('',(0.090240000717252,-0.0311572598139007,-0.0260822739764779));
#2173=CARTESIAN_POINT('',(0.0768266671448347,-0.0307715065426004,-0.0240548493176519));
#2174=CARTESIAN_POINT('',(0.0634133335724173,-0.0303857532713002,-0.022027424658826));
#2175=CARTESIAN_POINT('',(0.05,-0.03,-0.02));
#2176=CARTESIAN_POINT('',(0.090240000717252,-0.0260222746506478,-0.0311872594107989));
#2177=CARTESIAN_POINT('',(0.0768266671448347,-0.0273481831004319,-0.0291248396071993));
#2178=CARTESIAN_POINT('',(0.0634133335724173,-0.0286740915502159,-0.0270624198035996));
#2179=CARTESIAN_POINT('',(0.05,-0.03,-0.025));
#2180=CARTESIAN_POINT('',(0.090240000717252,-0.019939999820687,-0.0346688623315053));
#2181=CARTESIAN_POINT('',(0.0768266671448347,-0.0232933332137913,-0.0331125748876702));
#2182=CARTESIAN_POINT('',(0.0634133335724173,-0.0266466666068957,-0.0315562874438351));
#2183=CARTESIAN_POINT('',(0.05,-0.03,-0.03));
#2184=CARTESIAN_POINT('',(0.0641560562861391,-0.0295823328192485,-0.024));
#2185=CARTESIAN_POINT('',(0.0594304805000425,-0.0294880213458103,-0.024));
#2186=CARTESIAN_POINT('',(0.0547115513639879,-0.0296189796353136,-0.024));
#2187=CARTESIAN_POINT('',(0.05,-0.03,-0.024));
#2188=CARTESIAN_POINT('',(0.0641560565420072,-0.0295823290877248,-0.0240000001283312));
#2189=CARTESIAN_POINT('',(0.0663646940397031,-0.0259089575124274,-0.0318984880916696));
#2190=CARTESIAN_POINT('',(0.0663489031805022,-0.0259383526588269,-0.0318515683407131));
#2191=CARTESIAN_POINT('',(0.0662999163415056,-0.0260319384455851,-0.0317013728065074));
#2192=CARTESIAN_POINT('',(0.0661953275084103,-0.0262325065857101,-0.031370826612506));
#2193=CARTESIAN_POINT('',(0.066085359740477,-0.0264402955676092,-0.0310172589120992));
#2194=CARTESIAN_POINT('',(0.0659904443909164,-0.0266174306266108,-0.0307090727824926));
#2195=CARTESIAN_POINT('',(0.0658985798602631,-0.0267860011707744,-0.0304076588565855));
#2196=CARTESIAN_POINT('',(0.0658228379057955,-0.0269231367035794,-0.0301573474887929));
#2197=CARTESIAN_POINT('',(0.0657511077737435,-0.0270513530252254,-0.0299188334345573));
#2198=CARTESIAN_POINT('',(0.0657206403383708,-0.027105283358514,-0.0298169664830836));
#2199=CARTESIAN_POINT('',(0.0656663533449428,-0.0272011421002932,-0.0296349574192408));
#2200=CARTESIAN_POINT('',(0.065579437527136,-0.0273531053719448,-0.0293413982247141));
#2201=CARTESIAN_POINT('',(0.065456561498413,-0.0275645455182115,-0.0289212124309002));
#2202=CARTESIAN_POINT('',(0.065315417861924,-0.0278020692795952,-0.0284297567058062));
#2203=CARTESIAN_POINT('',(0.0651882875352628,-0.0280121124781463,-0.0279800857581824));
#2204=CARTESIAN_POINT('',(0.065040103153513,-0.028252202813293,-0.0274461490896153));
#2205=CARTESIAN_POINT('',(0.0648567465899827,-0.0285430346816983,-0.0267716925600476));
#2206=CARTESIAN_POINT('',(0.0645460679213665,-0.0290215495783382,-0.0255952322077638));
#2207=CARTESIAN_POINT('',(0.0643057085282833,-0.029370767595408,-0.0246274574183772));
#2208=CARTESIAN_POINT('',(0.0641560564343402,-0.0295823323889333,-0.0240000012671074));
#2209=CARTESIAN_POINT('',(0.0135,-0.015,-0.024));
#2210=CARTESIAN_POINT('',(0.0499999999949633,-0.0161830220829622,-0.024));
#2211=CARTESIAN_POINT('',(0.0548764293595688,-0.020478719868531,-0.024));
#2212=CARTESIAN_POINT('',(0.0595481807969244,-0.0250001118952128,-0.024));
#2213=CARTESIAN_POINT('',(0.0641560567526323,-0.0295823267126857,-0.024));
#2214=CARTESIAN_POINT('',(0.02,-0.128474743453534,-0.01));
#2215=CARTESIAN_POINT('',(-2.000000000002E-6,0.00848528137423857,-0.00848528137423857));
#2216=CARTESIAN_POINT('',(-2.000000000002E-6,-0.00848528137423857,-0.00848528137423857));
#2217=CARTESIAN_POINT('',(0.0646357531821437,0.0288807995299529,-0.0259288769822749));
#2218=CARTESIAN_POINT('',(0.0648720381044198,0.0285234726075417,-0.0268416258424083));
#2219=CARTESIAN_POINT('',(0.0651214426451992,0.0281285256403323,-0.0277542031157081));
#2220=CARTESIAN_POINT('',(0.0655382942025365,0.0274266477486447,-0.0292055279990964));
#2221=CARTESIAN_POINT('',(0.065698032434539,0.027148795777895,-0.0297460075181431));
#2222=CARTESIAN_POINT('',(0.0659432810898954,0.0267054631199994,-0.030554030485718));
#2223=CARTESIAN_POINT('',(0.0660259604148948,0.026553289531984,-0.0308228601147432));
#2224=CARTESIAN_POINT('',(0.0661512754290866,0.026318081290352,-0.0312252079983966));
#2225=CARTESIAN_POINT('',(0.066193262806725,0.0262385211484967,-0.0313591730707422));
#2226=CARTESIAN_POINT('',(0.0662565535803658,0.0261174007512717,-0.03155987367259));
#2227=CARTESIAN_POINT('',(0.0662777021163703,0.0260767305808367,-0.031626732696307));
#2228=CARTESIAN_POINT('',(0.0663201000130223,0.0259947893563252,-0.0317603648189934));
#2229=CARTESIAN_POINT('',(0.0663422160499282,0.0259500794354617,-0.0318329556797004));
#2230=CARTESIAN_POINT('',(0.0663830797867897,0.0258738066181245,-0.0319547767771683));
#2231=CARTESIAN_POINT('',(0.0664011675177433,0.0258447137276941,-0.0320002081113833));
#2232=CARTESIAN_POINT('',(0.0664395444761304,0.0257773347257416,-0.0321062545058247));
#2233=CARTESIAN_POINT('',(0.0664585883247332,0.0257439820150854,-0.0321585258914726));
#2234=CARTESIAN_POINT('',(0.0665157982107682,0.0256428638286554,-0.0323165939556905));
#2235=CARTESIAN_POINT('',(0.0665536779467274,0.0255754928258203,-0.0324211852258666));
#2236=CARTESIAN_POINT('',(0.0666669207095513,0.0253719618694403,-0.0327352514207754));
#2237=CARTESIAN_POINT('',(0.0667415936542689,0.0252355838080906,-0.0329429880330011));
#2238=CARTESIAN_POINT('',(0.0669634613662553,0.0248230575752956,-0.0335638970427834));
#2239=CARTESIAN_POINT('',(0.0671082358611107,0.0245446747023778,-0.0339728091800923));
#2240=CARTESIAN_POINT('',(0.0674879686012917,0.0237894978853397,-0.035058048817162));
#2241=CARTESIAN_POINT('',(0.0677171292348517,0.0233072924897852,-0.0357258499639738));
#2242=CARTESIAN_POINT('',(0.0679375314598245,0.0228179423959423,-0.0363827057310606));
#2243=CARTESIAN_POINT('',(0.05,0.0172800273240937,-0.0214505123379418));
#2244=CARTESIAN_POINT('',(0.05,0.0170130823246354,-0.0221420325521839));
#2245=CARTESIAN_POINT('',(0.05,0.0167265828065602,-0.0228249948551753));
#2246=CARTESIAN_POINT('',(0.05,0.0162342990122078,-0.0238990528544499));
#2247=CARTESIAN_POINT('',(0.05,0.0160427766475877,-0.024296390185303));
#2248=CARTESIAN_POINT('',(0.05,0.0157427627249767,-0.0248868248135696));
#2249=CARTESIAN_POINT('',(0.05,0.0156406357545739,-0.0250827075322501));
#2250=CARTESIAN_POINT('',(0.05,0.01548412843305,-0.0253750800049264));
#2251=CARTESIAN_POINT('',(0.05,0.0154314064425974,-0.0254722955299545));
#2252=CARTESIAN_POINT('',(0.05,0.0153514763551374,-0.0256177480887731));
#2253=CARTESIAN_POINT('',(0.05,0.0153246918031078,-0.0256661704843371));
#2254=CARTESIAN_POINT('',(0.05,0.015270837256879,-0.0257628903535081));
#2255=CARTESIAN_POINT('',(0.05,0.0152437694744644,-0.0258111887950322));
#2256=CARTESIAN_POINT('',(0.05,0.0151893364895991,-0.0259076555143131));
#2257=CARTESIAN_POINT('',(0.05,0.0151620708525433,-0.0259558677431122));
#2258=CARTESIAN_POINT('',(0.05,0.0151074579676633,-0.026052254975969));
#2259=CARTESIAN_POINT('',(0.05,0.0150801063430228,-0.0261004318468104));
#2260=CARTESIAN_POINT('',(0.05,0.0149979435543513,-0.026244866518034));
#2261=CARTESIAN_POINT('',(0.05,0.0149430177446225,-0.026341039450439));
#2262=CARTESIAN_POINT('',(0.05,0.0147778065885272,-0.02662919104428));
#2263=CARTESIAN_POINT('',(0.05,0.0146670638532975,-0.0268208438403286));
#2264=CARTESIAN_POINT('',(0.05,0.0143331398771771,-0.0273943803943682));
#2265=CARTESIAN_POINT('',(0.05,0.0141082028426936,-0.0277749487426889));
#2266=CARTESIAN_POINT('',(0.05,0.0134995615953937,-0.0287901793266068));
#2267=CARTESIAN_POINT('',(0.05,0.0131118574425788,-0.0294217449985893));
#2268=CARTESIAN_POINT('',(0.05,0.0127185529091431,-0.0300488764089451));
#2269=CARTESIAN_POINT('',(0.0679404258954675,-0.0228115167703438,-0.0363913290826424));
#2270=CARTESIAN_POINT('',(0.0678361976127204,-0.0230430478995645,-0.0360806245850354));
#2271=CARTESIAN_POINT('',(0.0677300123947571,-0.0232729855222554,-0.0357674583176103));
#2272=CARTESIAN_POINT('',(0.0674627901712217,-0.0238366726251437,-0.0349873426041483));
#2273=CARTESIAN_POINT('',(0.0672994518326958,-0.0241683558569655,-0.0345173736947538));
#2274=CARTESIAN_POINT('',(0.0670480494412095,-0.0246591135152476,-0.033803398703026));
#2275=CARTESIAN_POINT('',(0.0669631838173854,-0.0248215702712338,-0.0335639036001398));
#2276=CARTESIAN_POINT('',(0.0667913457335729,-0.0251440436830617,-0.0330818152582472));
#2277=CARTESIAN_POINT('',(0.0667046842879001,-0.0253028152679052,-0.0328413403598885));
#2278=CARTESIAN_POINT('',(0.0665722058184216,-0.0255427342805239,-0.032471885713197));
#2279=CARTESIAN_POINT('',(0.0665285723109217,-0.0256192542513827,-0.0323536509181581));
#2280=CARTESIAN_POINT('',(0.0664385892240565,-0.0257803725351649,-0.0321014740794349));
#2281=CARTESIAN_POINT('',(0.0663968480193716,-0.0258466224362968,-0.0319988554102532));
#2282=CARTESIAN_POINT('',(0.0662985798119094,-0.0260354985262404,-0.0316952353196115));
#2283=CARTESIAN_POINT('',(0.0662485222617437,-0.0261331018205083,-0.0315347533166143));
#2284=CARTESIAN_POINT('',(0.0661501724298973,-0.0263202668911363,-0.0312217801257627));
#2285=CARTESIAN_POINT('',(0.0661012831063034,-0.0264122403518749,-0.0310650732120794));
#2286=CARTESIAN_POINT('',(0.0659555164123382,-0.0266834690963063,-0.0305943642505449));
#2287=CARTESIAN_POINT('',(0.0658595371306563,-0.0268580481009624,-0.0302797467067385));
#2288=CARTESIAN_POINT('',(0.0656702044695574,-0.0271953720720138,-0.0296493414824526));
#2289=CARTESIAN_POINT('',(0.0655768567546183,-0.0273580955155402,-0.0293336007497422));
#2290=CARTESIAN_POINT('',(0.0653010151852504,-0.0278295408941899,-0.0283851237841132));
#2291=CARTESIAN_POINT('',(0.0651227294159954,-0.0281215644563345,-0.027751106338608));
#2292=CARTESIAN_POINT('',(0.0646614318117831,-0.0288512078370864,-0.0260506629855497));
#2293=CARTESIAN_POINT('',(0.0643896409621535,-0.0292530758766239,-0.0249831722787567));
#2294=CARTESIAN_POINT('',(0.0641362768276292,-0.0296102488649815,-0.0239169126911978));
#2295=CARTESIAN_POINT('',(0.05,-0.0127133816158097,-0.0300571217969028));
#2296=CARTESIAN_POINT('',(0.05,-0.0128994611614879,-0.0297604697873235));
#2297=CARTESIAN_POINT('',(0.05,-0.0130842868628985,-0.0294628266310907));
#2298=CARTESIAN_POINT('',(0.05,-0.0135376750598637,-0.0287249117945013));
#2299=CARTESIAN_POINT('',(0.05,-0.0138047127708026,-0.0282834347928722));
#2300=CARTESIAN_POINT('',(0.05,-0.0142007303212141,-0.0276176312606921));
#2301=CARTESIAN_POINT('',(0.05,-0.0143319795437061,-0.0273950986462155));
#2302=CARTESIAN_POINT('',(0.05,-0.0145929163891154,-0.0269487989942696));
#2303=CARTESIAN_POINT('',(0.05,-0.0147226129153894,-0.0267250248561005));
#2304=CARTESIAN_POINT('',(0.05,-0.0149159231747124,-0.0263884301858297));
#2305=CARTESIAN_POINT('',(0.05,-0.0149801717802433,-0.026276071365675));
#2306=CARTESIAN_POINT('',(0.05,-0.0151082344751205,-0.0260510153048873));
#2307=CARTESIAN_POINT('',(0.05,-0.0151721298258176,-0.0259383692269646));
#2308=CARTESIAN_POINT('',(0.05,-0.015299113430607,-0.0257127763726548));
#2309=CARTESIAN_POINT('',(0.05,-0.0153617460000731,-0.0255995971602994));
#2310=CARTESIAN_POINT('',(0.05,-0.0154855507597852,-0.0253726063572328));
#2311=CARTESIAN_POINT('',(0.05,-0.0155466864438947,-0.0252587754161647));
#2312=CARTESIAN_POINT('',(0.05,-0.0157278492806988,-0.024916300426259));
#2313=CARTESIAN_POINT('',(0.05,-0.0158456327689785,-0.0246866744519094));
#2314=CARTESIAN_POINT('',(0.05,-0.0160754923354165,-0.0242249246913404));
#2315=CARTESIAN_POINT('',(0.05,-0.0161875690608684,-0.0239928011884075));
#2316=CARTESIAN_POINT('',(0.05,-0.0165156300531128,-0.0232928554879408));
#2317=CARTESIAN_POINT('',(0.05,-0.016723445339203,-0.0228214579809897));
#2318=CARTESIAN_POINT('',(0.05,-0.017253684052235,-0.0215464212998851));
#2319=CARTESIAN_POINT('',(0.05,-0.0175579755081196,-0.0207348439647516));
#2320=CARTESIAN_POINT('',(0.05,-0.017837675777903,-0.0199125086112724));
#2321=CARTESIAN_POINT('',(0.065,-0.012,-0.040002));
#2322=CARTESIAN_POINT('',(0.077,-0.012,-0.040002));
#2323=CARTESIAN_POINT('',(0.077,-7.65404249467096E-20,-0.040002));
#2324=CARTESIAN_POINT('',(0.065,0.012,-0.040002));
#2325=CARTESIAN_POINT('',(0.077,0.012,-0.040002));
#2326=CARTESIAN_POINT('',(0.072,0.023397367362537,-0.144415760493978));
#2327=CARTESIAN_POINT('',(0.082,0.023397367362537,-0.144415760493978));
#2328=MECHANICAL_DESIGN_GEOMETRIC_PRESENTATION_REPRESENTATION('',(#923),
#2329);
#2329=(
GEOMETRIC_REPRESENTATION_CONTEXT(3)
GLOBAL_UNCERTAINTY_ASSIGNED_CONTEXT((#2330))
GLOBAL_UNIT_ASSIGNED_CONTEXT((#2333,#2332,#2331))
REPRESENTATION_CONTEXT('Part 1','TOP_LEVEL_ASSEMBLY_PART')
);
#2330=UNCERTAINTY_MEASURE_WITH_UNIT(LENGTH_MEASURE(2.00357549623047E-5),
#2333,'DISTANCE_ACCURACY_VALUE','Maximum Tolerance applied to model');
#2331=(
NAMED_UNIT(*)
SI_UNIT($,.STERADIAN.)
SOLID_ANGLE_UNIT()
);
#2332=(
NAMED_UNIT(*)
PLANE_ANGLE_UNIT()
SI_UNIT($,.RADIAN.)
);
#2333=(
LENGTH_UNIT()
NAMED_UNIT(*)
SI_UNIT($,.METRE.)
);
#2334=PRODUCT_DEFINITION_SHAPE('','',#2335);
#2335=PRODUCT_DEFINITION('','',#2337,#2336);
#2336=PRODUCT_DEFINITION_CONTEXT('',#2343,'design');
#2337=PRODUCT_DEFINITION_FORMATION_WITH_SPECIFIED_SOURCE('','',#2339,
 .NOT_KNOWN.);
#2338=PRODUCT_RELATED_PRODUCT_CATEGORY('','',(#2339));
#2339=PRODUCT('Part 1','Part 1','Part 1',(#2341));
#2340=PRODUCT_CATEGORY('','');
#2341=PRODUCT_CONTEXT('',#2343,'mechanical');
#2342=APPLICATION_PROTOCOL_DEFINITION('international standard',
'ap242_managed_model_based_3d_engineering',2020,#2343);
#2343=APPLICATION_CONTEXT('managed model based 3d engineering');
ENDSEC;
END-ISO-10303-21;
