ISO-10303-21;
HEADER;
/* Generated by software containing ST-Developer
 * from STEP Tools, Inc. (www.steptools.com) 
 */
/* OPTION: using custom renumber hook */

FILE_DESCRIPTION(
/* description */ ('STEP AP242 Edition 2',
'CAx-IF Rec.Pracs.---Representation and Presentation of Product Manufa
cturing Information (PMI)---4.0---2014-10-13',
'CAx-IF Rec.Pracs.---3D Tessellated Geometry---0.4---2014-09-14','2;1',
'CAx-IF Rec.Pracs.---User Defined Attributes---1.5---2016-08-15'),
/* implementation_level */ '2;1');

FILE_NAME(
/* name */ '6a0c8fc5115659fcf4fdb3c5',
/* time_stamp */ '2026-05-19T16:28:55Z',
/* author */ (''),
/* organization */ (''),
/* preprocessor_version */ 'ST-DEVELOPER v20',
/* originating_system */ 'ONSHAPE BY PTC INC, 1.215',
/* authorisation */ '  ');

FILE_SCHEMA (('AP242_MANAGED_MODEL_BASED_3D_ENGINEERING_MIM_LF { 1 0 10303 442 3 1 4 }'));
ENDSEC;

DATA;
#10=B_SPLINE_SURFACE_WITH_KNOTS('',3,1,((#14852,#14853),(#14854,#14855),
(#14856,#14857),(#14858,#14859)),.RULED_SURF.,.F.,.F.,.F.,(4,4),(2,2),(0.,
1.),(0.,0.187559322033901),.PIECEWISE_BEZIER_KNOTS.);
#11=B_SPLINE_SURFACE_WITH_KNOTS('',3,1,((#14907,#14908),(#14909,#14910),
(#14911,#14912),(#14913,#14914)),.RULED_SURF.,.F.,.F.,.F.,(4,4),(2,2),(0.213508209130082,
0.868081556666237),(0.48501992662215,1.),.PIECEWISE_BEZIER_KNOTS.);
#12=B_SPLINE_SURFACE_WITH_KNOTS('',3,1,((#14956,#14957),(#14958,#14959),
(#14960,#14961),(#14962,#14963)),.RULED_SURF.,.F.,.F.,.F.,(4,4),(2,2),(0.,
1.),(0.,1.),.PIECEWISE_BEZIER_KNOTS.);
#13=B_SPLINE_SURFACE_WITH_KNOTS('',3,1,((#15162,#15163),(#15164,#15165),
(#15166,#15167),(#15168,#15169)),.RULED_SURF.,.F.,.F.,.F.,(4,4),(2,2),(0.,
1.),(0.,1.),.PIECEWISE_BEZIER_KNOTS.);
#14=B_SPLINE_SURFACE_WITH_KNOTS('',3,1,((#15193,#15194),(#15195,#15196),
(#15197,#15198),(#15199,#15200)),.RULED_SURF.,.F.,.F.,.F.,(4,4),(2,2),(0.,
1.),(0.,1.),.PIECEWISE_BEZIER_KNOTS.);
#15=B_SPLINE_SURFACE_WITH_KNOTS('',3,1,((#15203,#15204),(#15205,#15206),
(#15207,#15208),(#15209,#15210)),.RULED_SURF.,.F.,.F.,.F.,(4,4),(2,2),(0.,
1.),(0.,0.125431982104062),.PIECEWISE_BEZIER_KNOTS.);
#16=B_SPLINE_SURFACE_WITH_KNOTS('',3,1,((#15211,#15212),(#15213,#15214),
(#15215,#15216),(#15217,#15218)),.RULED_SURF.,.F.,.F.,.F.,(4,4),(2,2),(0.,
1.),(0.724493739110565,1.),.PIECEWISE_BEZIER_KNOTS.);
#17=B_SPLINE_SURFACE_WITH_KNOTS('',3,1,((#15226,#15227),(#15228,#15229),
(#15230,#15231),(#15232,#15233)),.RULED_SURF.,.F.,.F.,.F.,(4,4),(2,2),(0.,
1.),(0.12845029227948,1.),.PIECEWISE_BEZIER_KNOTS.);
#18=(
BOUNDED_SURFACE()
B_SPLINE_SURFACE(3,2,((#13109,#13110,#13111),(#13112,#13113,#13114),(#13115,
#13116,#13117),(#13118,#13119,#13120),(#13121,#13122,#13123)),
 .UNSPECIFIED.,.F.,.F.,.F.)
B_SPLINE_SURFACE_WITH_KNOTS((4,1,4),(3,3),(4.92366410222051,5.60342470470005,
6.28318530717959),(0.,1.),.UNSPECIFIED.)
GEOMETRIC_REPRESENTATION_ITEM()
RATIONAL_B_SPLINE_SURFACE(((1.,0.721500829764152,1.),(1.,0.736555991631752,
1.),(1.,0.763289434986376,1.),(1.,0.773342141337449,1.),(1.,0.773342141337902,
1.)))
REPRESENTATION_ITEM('')
SURFACE()
);
#19=(
BOUNDED_SURFACE()
B_SPLINE_SURFACE(3,2,((#13127,#13128,#13129),(#13130,#13131,#13132),(#13133,
#13134,#13135),(#13136,#13137,#13138),(#13139,#13140,#13141)),
 .UNSPECIFIED.,.F.,.F.,.F.)
B_SPLINE_SURFACE_WITH_KNOTS((4,1,4),(3,3),(3.14159265358979,3.92699081698724,
4.71238898038469),(0.,1.),.UNSPECIFIED.)
GEOMETRIC_REPRESENTATION_ITEM()
RATIONAL_B_SPLINE_SURFACE(((1.,0.773342141337902,1.),(1.,0.773342141337379,
1.),(1.,0.759788439437793,1.),(1.,0.725259303287895,1.),(1.,0.707106781186547,
1.)))
REPRESENTATION_ITEM('')
SURFACE()
);
#20=(
BOUNDED_SURFACE()
B_SPLINE_SURFACE(3,3,((#13246,#13247,#13248,#13249,#13250,#13251),(#13252,
#13253,#13254,#13255,#13256,#13257),(#13258,#13259,#13260,#13261,#13262,
#13263),(#13264,#13265,#13266,#13267,#13268,#13269),(#13270,#13271,#13272,
#13273,#13274,#13275),(#13276,#13277,#13278,#13279,#13280,#13281),(#13282,
#13283,#13284,#13285,#13286,#13287)),.UNSPECIFIED.,.T.,.F.,.F.)
B_SPLINE_SURFACE_WITH_KNOTS((4,3,4),(4,2,4),(0.,0.5,1.),(0.,0.493519330155178,
1.),.UNSPECIFIED.)
GEOMETRIC_REPRESENTATION_ITEM()
RATIONAL_B_SPLINE_SURFACE(((1.,1.,1.,1.,1.,1.),(0.333333333333334,0.333333333333334,
0.333333333333334,0.333333333333334,0.333333333333334,0.333333333333334),
(0.333333333333334,0.333333333333334,0.333333333333334,0.333333333333334,
0.333333333333334,0.333333333333334),(1.,1.,1.,1.,1.,1.),(0.333333333333334,
0.333333333333334,0.333333333333334,0.333333333333334,0.333333333333334,
0.333333333333334),(0.333333333333334,0.333333333333334,0.333333333333334,
0.333333333333334,0.333333333333334,0.333333333333334),(1.,1.,1.,1.,1.,
1.)))
REPRESENTATION_ITEM('')
SURFACE()
);
#21=(
BOUNDED_SURFACE()
B_SPLINE_SURFACE(3,3,((#13859,#13860,#13861,#13862,#13863,#13864,#13865,
#13866,#13867,#13868,#13869,#13870),(#13871,#13872,#13873,#13874,#13875,
#13876,#13877,#13878,#13879,#13880,#13881,#13882),(#13883,#13884,#13885,
#13886,#13887,#13888,#13889,#13890,#13891,#13892,#13893,#13894),(#13895,
#13896,#13897,#13898,#13899,#13900,#13901,#13902,#13903,#13904,#13905,#13906),
(#13907,#13908,#13909,#13910,#13911,#13912,#13913,#13914,#13915,#13916,
#13917,#13918),(#13919,#13920,#13921,#13922,#13923,#13924,#13925,#13926,
#13927,#13928,#13929,#13930),(#13931,#13932,#13933,#13934,#13935,#13936,
#13937,#13938,#13939,#13940,#13941,#13942)),.UNSPECIFIED.,.T.,.F.,.F.)
B_SPLINE_SURFACE_WITH_KNOTS((4,3,4),(4,2,2,2,2,4),(0.,0.5,1.),(0.,0.241277432242101,
0.361916148363153,0.482554864484203,0.741277432242102,1.),.UNSPECIFIED.)
GEOMETRIC_REPRESENTATION_ITEM()
RATIONAL_B_SPLINE_SURFACE(((1.,1.,1.,1.,1.,1.,1.,1.,1.,1.,1.,1.),(0.333333333333334,
0.333333333333334,0.333333333333334,0.333333333333334,0.333333333333334,
0.333333333333334,0.333333333333334,0.333333333333334,0.333333333333334,
0.333333333333334,0.333333333333334,0.333333333333334),(0.333333333333334,
0.333333333333334,0.333333333333334,0.333333333333334,0.333333333333334,
0.333333333333334,0.333333333333334,0.333333333333334,0.333333333333334,
0.333333333333334,0.333333333333334,0.333333333333334),(1.,1.,1.,1.,1.,
1.,1.,1.,1.,1.,1.,1.),(0.333333333333334,0.333333333333334,0.333333333333334,
0.333333333333334,0.333333333333334,0.333333333333334,0.333333333333334,
0.333333333333334,0.333333333333334,0.333333333333334,0.333333333333334,
0.333333333333334),(0.333333333333334,0.333333333333334,0.333333333333334,
0.333333333333334,0.333333333333334,0.333333333333334,0.333333333333334,
0.333333333333334,0.333333333333334,0.333333333333334,0.333333333333334,
0.333333333333334),(1.,1.,1.,1.,1.,1.,1.,1.,1.,1.,1.,1.)))
REPRESENTATION_ITEM('')
SURFACE()
);
#22=(
BOUNDED_SURFACE()
B_SPLINE_SURFACE(3,2,((#14554,#14555,#14556),(#14557,#14558,#14559),(#14560,
#14561,#14562),(#14563,#14564,#14565),(#14566,#14567,#14568)),
 .UNSPECIFIED.,.F.,.F.,.F.)
B_SPLINE_SURFACE_WITH_KNOTS((4,1,4),(3,3),(4.92366410222051,5.60342470470005,
6.28318530717959),(0.,1.),.UNSPECIFIED.)
GEOMETRIC_REPRESENTATION_ITEM()
RATIONAL_B_SPLINE_SURFACE(((1.,0.721500829764152,1.),(1.,0.736555991631752,
1.),(1.,0.763289434986376,1.),(1.,0.773342141337449,1.),(1.,0.773342141337902,
1.)))
REPRESENTATION_ITEM('')
SURFACE()
);
#23=(
BOUNDED_SURFACE()
B_SPLINE_SURFACE(3,2,((#14572,#14573,#14574),(#14575,#14576,#14577),(#14578,
#14579,#14580),(#14581,#14582,#14583),(#14584,#14585,#14586)),
 .UNSPECIFIED.,.F.,.F.,.F.)
B_SPLINE_SURFACE_WITH_KNOTS((4,1,4),(3,3),(3.14159265358979,3.92699081698724,
4.71238898038469),(0.,1.),.UNSPECIFIED.)
GEOMETRIC_REPRESENTATION_ITEM()
RATIONAL_B_SPLINE_SURFACE(((1.,0.773342141337902,1.),(1.,0.773342141337379,
1.),(1.,0.759788439437793,1.),(1.,0.725259303287895,1.),(1.,0.707106781186547,
1.)))
REPRESENTATION_ITEM('')
SURFACE()
);
#24=(
BOUNDED_SURFACE()
B_SPLINE_SURFACE(3,2,((#15111,#15112,#15113),(#15114,#15115,#15116),(#15117,
#15118,#15119),(#15120,#15121,#15122)),.UNSPECIFIED.,.F.,.F.,.F.)
B_SPLINE_SURFACE_WITH_KNOTS((4,4),(3,3),(0.049049356696956,0.0763802817708134),
(0.,1.),.PIECEWISE_BEZIER_KNOTS.)
GEOMETRIC_REPRESENTATION_ITEM()
RATIONAL_B_SPLINE_SURFACE(((1.,0.759686572218136,1.),(1.,0.76764045096184,
1.),(1.,0.773561281811937,1.),(1.,0.778503326178811,1.)))
REPRESENTATION_ITEM('')
SURFACE()
);
#25=(
BOUNDED_SURFACE()
B_SPLINE_SURFACE(3,2,((#15131,#15132,#15133),(#15134,#15135,#15136),(#15137,
#15138,#15139),(#15140,#15141,#15142)),.UNSPECIFIED.,.F.,.F.,.F.)
B_SPLINE_SURFACE_WITH_KNOTS((4,4),(3,3),(0.042156870827026,0.0546802652251548),
(0.,1.),.PIECEWISE_BEZIER_KNOTS.)
GEOMETRIC_REPRESENTATION_ITEM()
RATIONAL_B_SPLINE_SURFACE(((1.,0.514058779216239,1.),(1.,0.508280466333724,
1.),(1.,0.502620213503772,1.),(1.,0.497078224636319,1.)))
REPRESENTATION_ITEM('')
SURFACE()
);
#26=(
BOUNDED_SURFACE()
B_SPLINE_SURFACE(3,2,((#15147,#15148,#15149),(#15150,#15151,#15152),(#15153,
#15154,#15155),(#15156,#15157,#15158),(#15159,#15160,#15161)),
 .UNSPECIFIED.,.F.,.F.,.F.)
B_SPLINE_SURFACE_WITH_KNOTS((4,1,4),(3,3),(0.0345457163438407,0.0641673555953064,
0.0937889948467722),(0.,1.),.UNSPECIFIED.)
GEOMETRIC_REPRESENTATION_ITEM()
RATIONAL_B_SPLINE_SURFACE(((1.,0.654213846104569,1.),(1.,0.643328939266756,
1.),(1.,0.638298931221273,1.),(1.,0.65622365805089,1.),(1.,0.671237907464083,
1.)))
REPRESENTATION_ITEM('')
SURFACE()
);
#27=TOROIDAL_SURFACE('',#9122,0.011,0.004);
#28=TOROIDAL_SURFACE('',#9127,0.011,0.004);
#29=TOROIDAL_SURFACE('',#9254,0.003,0.001);
#30=TOROIDAL_SURFACE('',#9258,0.003,0.001);
#31=TOROIDAL_SURFACE('',#9712,0.003,0.001);
#32=TOROIDAL_SURFACE('',#9716,0.003,0.001);
#33=B_SPLINE_CURVE_WITH_KNOTS('',3,(#12739,#12740,#12741,#12742,#12743),
 .UNSPECIFIED.,.F.,.F.,(4,1,4),(0.,0.00315165427630627,0.00630330855261254),
 .UNSPECIFIED.);
#34=B_SPLINE_CURVE_WITH_KNOTS('',3,(#12745,#12746,#12747,#12748,#12749),
 .UNSPECIFIED.,.F.,.F.,(4,1,4),(4.33680868994202E-19,0.00312455412148183,
0.00624910824296366),.UNSPECIFIED.);
#35=B_SPLINE_CURVE_WITH_KNOTS('',3,(#12754,#12755,#12756,#12757,#12758),
 .UNSPECIFIED.,.F.,.F.,(4,1,4),(0.,0.00315165427630627,0.00630330855261254),
 .UNSPECIFIED.);
#36=B_SPLINE_CURVE_WITH_KNOTS('',3,(#12760,#12761,#12762,#12763,#12764),
 .UNSPECIFIED.,.F.,.F.,(4,1,4),(4.33680868994202E-19,0.00312455412148183,
0.00624910824296366),.UNSPECIFIED.);
#37=B_SPLINE_CURVE_WITH_KNOTS('',3,(#13091,#13092,#13093,#13094,#13095),
 .UNSPECIFIED.,.F.,.F.,(4,1,4),(0.,0.000799376162315778,0.00159875232463156),
 .UNSPECIFIED.);
#38=B_SPLINE_CURVE_WITH_KNOTS('',3,(#13100,#13101,#13102,#13103,#13104),
 .UNSPECIFIED.,.F.,.F.,(4,1,4),(1.95685727564344E-17,0.000772675470084723,
0.00154535094016943),.UNSPECIFIED.);
#39=B_SPLINE_CURVE_WITH_KNOTS('',3,(#13565,#13566,#13567,#13568,#13569),
 .UNSPECIFIED.,.F.,.F.,(4,1,4),(0.,0.000627819830786381,0.00125563966157276),
 .UNSPECIFIED.);
#40=B_SPLINE_CURVE_WITH_KNOTS('',3,(#13571,#13572,#13573,#13574,#13575),
 .UNSPECIFIED.,.F.,.F.,(4,1,4),(0.,0.000627819830786391,0.00125563966157278),
 .UNSPECIFIED.);
#41=B_SPLINE_CURVE_WITH_KNOTS('',3,(#13613,#13614,#13615,#13616,#13617,
#13618,#13619,#13620,#13621,#13622,#13623),.UNSPECIFIED.,.T.,.F.,(1,1,1,
1,1,1,1,1,1,1,1,1,1,1,1),(-0.00184493798739233,-0.00122995865826155,-0.000614979329130777,
3.21408605251785E-19,0.000614979329130777,0.00122995865826155,0.00184493798739233,
0.00245991731652311,0.00307489664565388,0.00368987597478466,0.00430485530391544,
0.00491983463304621,0.00553481396217699,0.00614979329130777,0.00676477262043855),
 .UNSPECIFIED.);
#42=B_SPLINE_CURVE_WITH_KNOTS('',3,(#13787,#13788,#13789,#13790,#13791,
#13792,#13793,#13794,#13795,#13796),.UNSPECIFIED.,.F.,.F.,(4,1,1,1,1,1,
1,4),(6.02878804797657E-18,0.000471839676084975,0.000943679352169943,0.00141551902825491,
0.00188735870433988,0.00235919838042485,0.00283103805650982,0.00377471740867975),
 .UNSPECIFIED.);
#43=B_SPLINE_CURVE_WITH_KNOTS('',3,(#13799,#13800,#13801,#13802,#13803,
#13804),.UNSPECIFIED.,.F.,.F.,(4,1,1,4),(0.,0.000863308365681843,0.00129496254852276,
0.00172661673136369),.UNSPECIFIED.);
#44=B_SPLINE_CURVE_WITH_KNOTS('',3,(#14154,#14155,#14156,#14157,#14158),
 .UNSPECIFIED.,.F.,.F.,(4,1,4),(0.,0.000627819830786381,0.00125563966157276),
 .UNSPECIFIED.);
#45=B_SPLINE_CURVE_WITH_KNOTS('',3,(#14160,#14161,#14162,#14163,#14164),
 .UNSPECIFIED.,.F.,.F.,(4,1,4),(0.,0.000627819830786391,0.00125563966157278),
 .UNSPECIFIED.);
#46=B_SPLINE_CURVE_WITH_KNOTS('',3,(#14202,#14203,#14204,#14205,#14206,
#14207,#14208,#14209,#14210,#14211,#14212),.UNSPECIFIED.,.T.,.F.,(1,1,1,
1,1,1,1,1,1,1,1,1,1,1,1),(-0.00184493798739233,-0.00122995865826155,-0.000614979329130777,
3.21408605251785E-19,0.000614979329130777,0.00122995865826155,0.00184493798739233,
0.00245991731652311,0.00307489664565388,0.00368987597478466,0.00430485530391544,
0.00491983463304621,0.00553481396217699,0.00614979329130777,0.00676477262043855),
 .UNSPECIFIED.);
#47=B_SPLINE_CURVE_WITH_KNOTS('',3,(#14533,#14534,#14535,#14536,#14537),
 .UNSPECIFIED.,.F.,.F.,(4,1,4),(0.,0.000799376162315778,0.00159875232463156),
 .UNSPECIFIED.);
#48=B_SPLINE_CURVE_WITH_KNOTS('',3,(#14542,#14543,#14544,#14545,#14546),
 .UNSPECIFIED.,.F.,.F.,(4,1,4),(1.95685727564344E-17,0.000772675470084723,
0.00154535094016943),.UNSPECIFIED.);
#49=B_SPLINE_CURVE_WITH_KNOTS('',3,(#14719,#14720,#14721,#14722),
 .UNSPECIFIED.,.F.,.F.,(4,4),(0.,0.0114235304012701),.UNSPECIFIED.);
#50=B_SPLINE_CURVE_WITH_KNOTS('',3,(#14745,#14746,#14747,#14748),
 .UNSPECIFIED.,.F.,.F.,(4,4),(0.,0.0240678348075859),.UNSPECIFIED.);
#51=B_SPLINE_CURVE_WITH_KNOTS('',3,(#14758,#14759,#14760,#14761),
 .UNSPECIFIED.,.F.,.F.,(4,4),(3.46944695195361E-18,0.00694596920442634),
 .UNSPECIFIED.);
#52=B_SPLINE_CURVE_WITH_KNOTS('',3,(#14763,#14764,#14765,#14766,#14767,
#14768,#14769),.UNSPECIFIED.,.F.,.F.,(4,1,1,1,4),(1.87639033241565E-17,
0.00314707203940512,0.00629414407881022,0.00944121611821532,0.0125882881576204),
 .UNSPECIFIED.);
#53=B_SPLINE_CURVE_WITH_KNOTS('',3,(#14772,#14773,#14774,#14775,#14776,
#14777),.UNSPECIFIED.,.F.,.F.,(4,1,1,4),(1.73472347597681E-18,0.00191424811975557,
0.00382849623951113,0.00765699247902226),.UNSPECIFIED.);
#54=B_SPLINE_CURVE_WITH_KNOTS('',3,(#14779,#14780,#14781,#14782),
 .UNSPECIFIED.,.F.,.F.,(4,4),(2.60208521396521E-18,0.000752026856470025),
 .UNSPECIFIED.);
#55=B_SPLINE_CURVE_WITH_KNOTS('',3,(#14837,#14838,#14839,#14840),
 .UNSPECIFIED.,.F.,.F.,(4,4),(6.94228120891928E-19,0.0043248952148138),
 .UNSPECIFIED.);
#56=B_SPLINE_CURVE_WITH_KNOTS('',3,(#14848,#14849,#14850,#14851),
 .UNSPECIFIED.,.F.,.F.,(4,4),(0.,0.000434583769955167),.UNSPECIFIED.);
#57=B_SPLINE_CURVE_WITH_KNOTS('',3,(#14863,#14864,#14865,#14866),
 .UNSPECIFIED.,.F.,.F.,(4,4),(5.31236937482151E-17,0.00540257468954889),
 .UNSPECIFIED.);
#58=B_SPLINE_CURVE_WITH_KNOTS('',3,(#14868,#14869,#14870,#14871),
 .UNSPECIFIED.,.F.,.F.,(4,4),(6.50521303491303E-19,0.00677669939022476),
 .UNSPECIFIED.);
#59=B_SPLINE_CURVE_WITH_KNOTS('',3,(#14918,#14919,#14920,#14921),
 .UNSPECIFIED.,.F.,.F.,(4,4),(0.,0.0322530752698962),.UNSPECIFIED.);
#60=B_SPLINE_CURVE_WITH_KNOTS('',3,(#14923,#14924,#14925,#14926),
 .UNSPECIFIED.,.F.,.F.,(4,4),(0.00708664930176797,0.0177746585871936),
 .UNSPECIFIED.);
#61=B_SPLINE_CURVE_WITH_KNOTS('',3,(#14927,#14928,#14929,#14930),
 .UNSPECIFIED.,.F.,.F.,(4,4),(0.,0.0256691426768552),.UNSPECIFIED.);
#62=B_SPLINE_CURVE_WITH_KNOTS('',3,(#14966,#14967,#14968,#14969),
 .UNSPECIFIED.,.F.,.F.,(4,4),(0.,0.0458945350274104),.UNSPECIFIED.);
#63=B_SPLINE_CURVE_WITH_KNOTS('',3,(#14971,#14972,#14973,#14974),
 .UNSPECIFIED.,.F.,.F.,(4,4),(1.6830030975922E-18,0.0149145180440807),
 .UNSPECIFIED.);
#64=B_SPLINE_CURVE_WITH_KNOTS('',3,(#14983,#14984,#14985,#14986,#14987,
#14988,#14989,#14990,#14991,#14992),.UNSPECIFIED.,.F.,.F.,(4,1,1,1,1,1,
1,4),(1.73472347597681E-18,0.00416117612481198,0.00832235224962397,0.01040294031203,
0.0124835283744359,0.0135238224056389,0.0145641164368419,0.0166447044992479),
 .UNSPECIFIED.);
#65=B_SPLINE_CURVE_WITH_KNOTS('',3,(#14993,#14994,#14995,#14996),
 .UNSPECIFIED.,.F.,.F.,(4,4),(3.86123832914061E-21,0.000170192776921725),
 .UNSPECIFIED.);
#66=B_SPLINE_CURVE_WITH_KNOTS('',3,(#15017,#15018,#15019,#15020),
 .UNSPECIFIED.,.F.,.F.,(4,4),(0.017955966686313,0.0397789837406793),
 .UNSPECIFIED.);
#67=B_SPLINE_CURVE_WITH_KNOTS('',3,(#15029,#15030,#15031,#15032,#15033,
#15034,#15035),.UNSPECIFIED.,.F.,.F.,(4,1,1,1,4),(0.,0.00285654045155612,
0.00571308090311224,0.00856962135466836,0.0114261618062245),
 .UNSPECIFIED.);
#68=B_SPLINE_CURVE_WITH_KNOTS('',3,(#15037,#15038,#15039,#15040,#15041,
#15042,#15043,#15044,#15045,#15046,#15047,#15048,#15049,#15050,#15051,#15052),
 .UNSPECIFIED.,.F.,.F.,(4,1,1,1,1,1,1,1,1,1,1,1,1,4),(0.,0.000893580538920645,
0.00178716107784129,0.00268074161676194,0.00357432215568258,0.00536148323352387,
0.00714864431136516,0.00893580538920645,0.0107229664670477,0.0142972886227303,
0.0178716107784129,0.0214459329340955,0.0250202550897781,0.0285945772454606),
 .UNSPECIFIED.);
#69=B_SPLINE_CURVE_WITH_KNOTS('',3,(#15063,#15064,#15065,#15066,#15067,
#15068,#15069,#15070,#15071,#15072,#15073),.UNSPECIFIED.,.T.,.F.,(1,1,1,
1,1,1,1,1,1,1,1,1,1,1,1),(-0.00176153384307748,-0.00117435589538498,-0.000587177947692488,
6.93889390390723E-18,0.000587177947692502,0.001174355895385,0.00176153384307749,
0.00234871179076999,0.00293588973846248,0.00352306768615498,0.00411024563384747,
0.00469742358153997,0.00528460152923246,0.00587177947692496,0.00645895742461745),
 .UNSPECIFIED.);
#70=B_SPLINE_CURVE_WITH_KNOTS('',3,(#15098,#15099,#15100,#15101),
 .UNSPECIFIED.,.F.,.F.,(4,4),(1.6226852269747E-18,0.00747155649342206),
 .UNSPECIFIED.);
#71=B_SPLINE_CURVE_WITH_KNOTS('',3,(#15103,#15104,#15105,#15106),
 .UNSPECIFIED.,.F.,.F.,(4,4),(0.,0.000337497078442262),.UNSPECIFIED.);
#72=B_SPLINE_CURVE_WITH_KNOTS('',3,(#15123,#15124,#15125,#15126,#15127),
 .UNSPECIFIED.,.F.,.F.,(4,1,4),(0.,0.00337141336490945,0.00674282672981889),
 .UNSPECIFIED.);
#73=B_SPLINE_CURVE_WITH_KNOTS('',3,(#15143,#15144,#15145,#15146),
 .UNSPECIFIED.,.F.,.F.,(4,4),(-1.55975151803282E-5,0.00124208260281664),
 .UNSPECIFIED.);
#74=B_SPLINE_CURVE_WITH_KNOTS('',3,(#15170,#15171,#15172,#15173),
 .UNSPECIFIED.,.F.,.F.,(4,4),(0.,0.0104826523570993),.UNSPECIFIED.);
#75=B_SPLINE_CURVE_WITH_KNOTS('',3,(#15176,#15177,#15178,#15179),
 .UNSPECIFIED.,.F.,.F.,(4,4),(0.,0.00856144470013013),.UNSPECIFIED.);
#76=B_SPLINE_CURVE_WITH_KNOTS('',3,(#15181,#15182,#15183,#15184),
 .UNSPECIFIED.,.F.,.F.,(4,4),(0.,0.00372377246506725),.UNSPECIFIED.);
#77=B_SPLINE_CURVE_WITH_KNOTS('',3,(#15186,#15187,#15188,#15189,#15190),
 .UNSPECIFIED.,.F.,.F.,(4,1,4),(0.,0.00450645591721893,0.00901291183443786),
 .UNSPECIFIED.);
#78=B_SPLINE_CURVE_WITH_KNOTS('',3,(#15219,#15220,#15221,#15222,#15223),
 .UNSPECIFIED.,.F.,.F.,(4,1,4),(0.,0.0064763595133256,0.0129527190266512),
 .UNSPECIFIED.);
#79=B_SPLINE_CURVE_WITH_KNOTS('',3,(#15234,#15235,#15236,#15237),
 .UNSPECIFIED.,.F.,.F.,(4,4),(5.42101086242752E-20,0.00595294277493428),
 .UNSPECIFIED.);
#80=ELLIPSE('',#9119,0.00565685424949238,0.004);
#81=ELLIPSE('',#9124,0.00565685424949238,0.004);
#82=ELLIPSE('',#9142,0.00102709865184655,0.001);
#83=ELLIPSE('',#9143,0.00102709865184655,0.001);
#84=ELLIPSE('',#9146,0.0203960780543711,0.004);
#85=ELLIPSE('',#9147,0.00404474968323134,0.004);
#86=ELLIPSE('',#9148,0.0203960780543711,0.004);
#87=ELLIPSE('',#9149,0.00407921561087423,0.004);
#88=ELLIPSE('',#9150,0.0203960780543711,0.004);
#89=ELLIPSE('',#9152,0.000860510613313398,0.00075);
#90=ELLIPSE('',#9155,0.000860510613313398,0.00075);
#91=ELLIPSE('',#9158,0.000860510613313398,0.00075);
#92=ELLIPSE('',#9165,0.00305941170815567,0.003);
#93=ELLIPSE('',#9166,0.00305941170815567,0.003);
#94=ELLIPSE('',#9187,0.0203960780543711,0.004);
#95=ELLIPSE('',#9189,0.00407921561087423,0.004);
#96=ELLIPSE('',#9192,0.0025495097567964,0.0025);
#97=ELLIPSE('',#9229,0.00103467707069646,0.001);
#98=ELLIPSE('',#9230,0.00103467707069646,0.001);
#99=ELLIPSE('',#9234,0.00404474968323134,0.004);
#100=ELLIPSE('',#9415,0.00707106781186547,0.005);
#101=ELLIPSE('',#9417,0.00707106781186547,0.005);
#102=ELLIPSE('',#9419,0.00707106781186547,0.005);
#103=ELLIPSE('',#9421,0.00707106781186547,0.005);
#104=ELLIPSE('',#9457,0.00101539335209459,0.00075);
#105=ELLIPSE('',#9467,0.00141911553049387,0.00075);
#106=ELLIPSE('',#9589,0.00707106781186547,0.005);
#107=ELLIPSE('',#9591,0.00707106781186547,0.005);
#108=ELLIPSE('',#9593,0.00707106781186547,0.005);
#109=ELLIPSE('',#9595,0.00707106781186547,0.005);
#110=ELLIPSE('',#9600,0.00102709865184655,0.001);
#111=ELLIPSE('',#9601,0.00102709865184655,0.001);
#112=ELLIPSE('',#9604,0.0203960780543711,0.004);
#113=ELLIPSE('',#9605,0.0203960780543711,0.004);
#114=ELLIPSE('',#9606,0.00407921561087423,0.004);
#115=ELLIPSE('',#9607,0.0203960780543711,0.004);
#116=ELLIPSE('',#9608,0.00404474968323134,0.004);
#117=ELLIPSE('',#9610,0.000860510613313398,0.00075);
#118=ELLIPSE('',#9613,0.000860510613313398,0.00075);
#119=ELLIPSE('',#9616,0.000860510613313398,0.00075);
#120=ELLIPSE('',#9623,0.00305941170815567,0.003);
#121=ELLIPSE('',#9624,0.00305941170815567,0.003);
#122=ELLIPSE('',#9644,0.0203960780543711,0.004);
#123=ELLIPSE('',#9647,0.00407921561087423,0.004);
#124=ELLIPSE('',#9650,0.0025495097567964,0.0025);
#125=ELLIPSE('',#9689,0.00103467707069646,0.001);
#126=ELLIPSE('',#9690,0.00103467707069646,0.001);
#127=ELLIPSE('',#9692,0.00404474968323134,0.004);
#128=ELLIPSE('',#9761,0.00104667912469995,0.001);
#129=ELLIPSE('',#9803,0.00104667912469995,0.001);
#130=ELLIPSE('',#9805,0.0169315740760285,0.005);
#131=ELLIPSE('',#9822,0.00523339562349973,0.005);
#132=CONTEXT_DEPENDENT_SHAPE_REPRESENTATION(#214,#15319);
#133=CONTEXT_DEPENDENT_SHAPE_REPRESENTATION(#215,#15322);
#134=CONTEXT_DEPENDENT_SHAPE_REPRESENTATION(#216,#15324);
#135=CONTEXT_DEPENDENT_SHAPE_REPRESENTATION(#217,#15326);
#136=CONTEXT_DEPENDENT_SHAPE_REPRESENTATION(#218,#15328);
#137=CONTEXT_DEPENDENT_SHAPE_REPRESENTATION(#219,#15330);
#138=CONTEXT_DEPENDENT_SHAPE_REPRESENTATION(#220,#15332);
#139=CONTEXT_DEPENDENT_SHAPE_REPRESENTATION(#221,#15333);
#140=CONTEXT_DEPENDENT_SHAPE_REPRESENTATION(#222,#15335);
#141=CONTEXT_DEPENDENT_SHAPE_REPRESENTATION(#223,#15336);
#142=CONTEXT_DEPENDENT_SHAPE_REPRESENTATION(#224,#15337);
#143=CONTEXT_DEPENDENT_SHAPE_REPRESENTATION(#225,#15338);
#144=CONTEXT_DEPENDENT_SHAPE_REPRESENTATION(#226,#15339);
#145=CONTEXT_DEPENDENT_SHAPE_REPRESENTATION(#227,#15340);
#146=CONTEXT_DEPENDENT_SHAPE_REPRESENTATION(#228,#15341);
#147=CONTEXT_DEPENDENT_SHAPE_REPRESENTATION(#229,#15343);
#148=CONTEXT_DEPENDENT_SHAPE_REPRESENTATION(#230,#15344);
#149=CONTEXT_DEPENDENT_SHAPE_REPRESENTATION(#231,#15345);
#150=CONTEXT_DEPENDENT_SHAPE_REPRESENTATION(#232,#15347);
#151=CONTEXT_DEPENDENT_SHAPE_REPRESENTATION(#233,#15349);
#152=CONTEXT_DEPENDENT_SHAPE_REPRESENTATION(#234,#15351);
#153=CONTEXT_DEPENDENT_SHAPE_REPRESENTATION(#235,#15353);
#154=CONTEXT_DEPENDENT_SHAPE_REPRESENTATION(#236,#15354);
#155=CONTEXT_DEPENDENT_SHAPE_REPRESENTATION(#237,#15355);
#156=CONTEXT_DEPENDENT_SHAPE_REPRESENTATION(#238,#15357);
#157=CONTEXT_DEPENDENT_SHAPE_REPRESENTATION(#239,#15358);
#158=CONTEXT_DEPENDENT_SHAPE_REPRESENTATION(#240,#15360);
#159=CONTEXT_DEPENDENT_SHAPE_REPRESENTATION(#241,#15362);
#160=CONTEXT_DEPENDENT_SHAPE_REPRESENTATION(#242,#15363);
#161=CONTEXT_DEPENDENT_SHAPE_REPRESENTATION(#243,#15364);
#162=CONTEXT_DEPENDENT_SHAPE_REPRESENTATION(#244,#15365);
#163=CONTEXT_DEPENDENT_SHAPE_REPRESENTATION(#245,#15366);
#164=CONTEXT_DEPENDENT_SHAPE_REPRESENTATION(#246,#15367);
#165=CONTEXT_DEPENDENT_SHAPE_REPRESENTATION(#247,#15368);
#166=CONTEXT_DEPENDENT_SHAPE_REPRESENTATION(#248,#15370);
#167=CONTEXT_DEPENDENT_SHAPE_REPRESENTATION(#249,#15371);
#168=CONTEXT_DEPENDENT_SHAPE_REPRESENTATION(#250,#15372);
#169=CONTEXT_DEPENDENT_SHAPE_REPRESENTATION(#251,#15373);
#170=CONTEXT_DEPENDENT_SHAPE_REPRESENTATION(#252,#15374);
#171=CONTEXT_DEPENDENT_SHAPE_REPRESENTATION(#253,#15375);
#172=CONTEXT_DEPENDENT_SHAPE_REPRESENTATION(#254,#15376);
#173=NEXT_ASSEMBLY_USAGE_OCCURRENCE('NAUO1','Part 1','Part 1',#15377,#15378,
'');
#174=NEXT_ASSEMBLY_USAGE_OCCURRENCE('NAUO2','Part 1','Part 1',#15379,#15380,
'');
#175=NEXT_ASSEMBLY_USAGE_OCCURRENCE('NAUO3','Part 2','Part 2',#15379,#15381,
'');
#176=NEXT_ASSEMBLY_USAGE_OCCURRENCE('NAUO4',
'PTK 7308MG-D 7308H Digital Servo','PTK 7308MG-D 7308H Digital Servo',#15379,
#15382,'');
#177=NEXT_ASSEMBLY_USAGE_OCCURRENCE('NAUO5','Part 1','Part 1',#15379,#15383,
'');
#178=NEXT_ASSEMBLY_USAGE_OCCURRENCE('NAUO6','Part 1','Part 1',#15379,#15384,
'');
#179=NEXT_ASSEMBLY_USAGE_OCCURRENCE('NAUO7','Part 2','Part 2',#15379,#15385,
'');
#180=NEXT_ASSEMBLY_USAGE_OCCURRENCE('NAUO8','Spring_finger_module2 <2>',
'Spring_finger_module2 <2>',#15377,#15379,'');
#181=NEXT_ASSEMBLY_USAGE_OCCURRENCE('NAUO9','Part 2','Part 2',#15386,#15381,
'');
#182=NEXT_ASSEMBLY_USAGE_OCCURRENCE('NAUO10','Part 1','Part 1',#15386,#15383,
'');
#183=NEXT_ASSEMBLY_USAGE_OCCURRENCE('NAUO11','Part 1','Part 1',#15386,#15380,
'');
#184=NEXT_ASSEMBLY_USAGE_OCCURRENCE('NAUO12','Part 1','Part 1',#15386,#15384,
'');
#185=NEXT_ASSEMBLY_USAGE_OCCURRENCE('NAUO13','Part 2','Part 2',#15386,#15385,
'');
#186=NEXT_ASSEMBLY_USAGE_OCCURRENCE('NAUO14',
'PTK 7308MG-D 7308H Digital Servo','PTK 7308MG-D 7308H Digital Servo',#15386,
#15382,'');
#187=NEXT_ASSEMBLY_USAGE_OCCURRENCE('NAUO15',
'Spring_finger_module2 <3>','Spring_finger_module2 <3>',#15377,#15386,
'');
#188=NEXT_ASSEMBLY_USAGE_OCCURRENCE('NAUO16','Part 1','Part 1',#15387,#15384,
'');
#189=NEXT_ASSEMBLY_USAGE_OCCURRENCE('NAUO17',
'PTK 7308MG-D 7308H Digital Servo','PTK 7308MG-D 7308H Digital Servo',#15387,
#15382,'');
#190=NEXT_ASSEMBLY_USAGE_OCCURRENCE('NAUO18',
'PTK 7308MG-D 7308H Digital Servo','PTK 7308MG-D 7308H Digital Servo',#15387,
#15382,'');
#191=NEXT_ASSEMBLY_USAGE_OCCURRENCE('NAUO19','Part 1','Part 1',#15387,#15388,
'');
#192=NEXT_ASSEMBLY_USAGE_OCCURRENCE('NAUO20','Part 1','Part 1',#15387,#15389,
'');
#193=NEXT_ASSEMBLY_USAGE_OCCURRENCE('NAUO21','Part 1','Part 1',#15387,#15390,
'');
#194=NEXT_ASSEMBLY_USAGE_OCCURRENCE('NAUO22','Part 1','Part 1',#15387,#15391,
'');
#195=NEXT_ASSEMBLY_USAGE_OCCURRENCE('NAUO23','Part 1','Part 1',#15387,#15384,
'');
#196=NEXT_ASSEMBLY_USAGE_OCCURRENCE('NAUO24','Part 1','Part 1',#15387,#15380,
'');
#197=NEXT_ASSEMBLY_USAGE_OCCURRENCE('NAUO25','Part 1','Part 1',#15387,#15392,
'');
#198=NEXT_ASSEMBLY_USAGE_OCCURRENCE('NAUO26','Spring_thumb_module <1>',
'Spring_thumb_module <1>',#15377,#15387,'');
#199=NEXT_ASSEMBLY_USAGE_OCCURRENCE('NAUO27','Part 1','Part 1',#15377,#15393,
'');
#200=NEXT_ASSEMBLY_USAGE_OCCURRENCE('NAUO28','Part 2','Part 2',#15394,#15381,
'');
#201=NEXT_ASSEMBLY_USAGE_OCCURRENCE('NAUO29','Part 2','Part 2',#15394,#15385,
'');
#202=NEXT_ASSEMBLY_USAGE_OCCURRENCE('NAUO30',
'PTK 7308MG-D 7308H Digital Servo','PTK 7308MG-D 7308H Digital Servo',#15394,
#15382,'');
#203=NEXT_ASSEMBLY_USAGE_OCCURRENCE('NAUO31','Part 1','Part 1',#15394,#15380,
'');
#204=NEXT_ASSEMBLY_USAGE_OCCURRENCE('NAUO32','Part 1','Part 1',#15394,#15384,
'');
#205=NEXT_ASSEMBLY_USAGE_OCCURRENCE('NAUO33','Part 1','Part 1',#15394,#15383,
'');
#206=NEXT_ASSEMBLY_USAGE_OCCURRENCE('NAUO34',
'Spring_finger_module2 <4>','Spring_finger_module2 <4>',#15377,#15394,
'');
#207=NEXT_ASSEMBLY_USAGE_OCCURRENCE('NAUO35',
'PTK 7308MG-D 7308H Digital Servo','PTK 7308MG-D 7308H Digital Servo',#15395,
#15382,'');
#208=NEXT_ASSEMBLY_USAGE_OCCURRENCE('NAUO36','Part 1','Part 1',#15395,#15384,
'');
#209=NEXT_ASSEMBLY_USAGE_OCCURRENCE('NAUO37','Part 1','Part 1',#15395,#15380,
'');
#210=NEXT_ASSEMBLY_USAGE_OCCURRENCE('NAUO38','Part 1','Part 1',#15395,#15383,
'');
#211=NEXT_ASSEMBLY_USAGE_OCCURRENCE('NAUO39','Part 2','Part 2',#15395,#15381,
'');
#212=NEXT_ASSEMBLY_USAGE_OCCURRENCE('NAUO40','Part 2','Part 2',#15395,#15385,
'');
#213=NEXT_ASSEMBLY_USAGE_OCCURRENCE('NAUO41',
'Spring_finger_module2 <1>','Spring_finger_module2 <1>',#15377,#15395,
'');
#214=(
REPRESENTATION_RELATIONSHIP(' ',' ',#8964,#8963)
REPRESENTATION_RELATIONSHIP_WITH_TRANSFORMATION(#255)
SHAPE_REPRESENTATION_RELATIONSHIP()
);
#215=(
REPRESENTATION_RELATIONSHIP(' ',' ',#8966,#8965)
REPRESENTATION_RELATIONSHIP_WITH_TRANSFORMATION(#256)
SHAPE_REPRESENTATION_RELATIONSHIP()
);
#216=(
REPRESENTATION_RELATIONSHIP(' ',' ',#8967,#8965)
REPRESENTATION_RELATIONSHIP_WITH_TRANSFORMATION(#257)
SHAPE_REPRESENTATION_RELATIONSHIP()
);
#217=(
REPRESENTATION_RELATIONSHIP(' ',' ',#8968,#8965)
REPRESENTATION_RELATIONSHIP_WITH_TRANSFORMATION(#258)
SHAPE_REPRESENTATION_RELATIONSHIP()
);
#218=(
REPRESENTATION_RELATIONSHIP(' ',' ',#8969,#8965)
REPRESENTATION_RELATIONSHIP_WITH_TRANSFORMATION(#259)
SHAPE_REPRESENTATION_RELATIONSHIP()
);
#219=(
REPRESENTATION_RELATIONSHIP(' ',' ',#8970,#8965)
REPRESENTATION_RELATIONSHIP_WITH_TRANSFORMATION(#260)
SHAPE_REPRESENTATION_RELATIONSHIP()
);
#220=(
REPRESENTATION_RELATIONSHIP(' ',' ',#8971,#8965)
REPRESENTATION_RELATIONSHIP_WITH_TRANSFORMATION(#261)
SHAPE_REPRESENTATION_RELATIONSHIP()
);
#221=(
REPRESENTATION_RELATIONSHIP(' ',' ',#8965,#8963)
REPRESENTATION_RELATIONSHIP_WITH_TRANSFORMATION(#262)
SHAPE_REPRESENTATION_RELATIONSHIP()
);
#222=(
REPRESENTATION_RELATIONSHIP(' ',' ',#8967,#8972)
REPRESENTATION_RELATIONSHIP_WITH_TRANSFORMATION(#263)
SHAPE_REPRESENTATION_RELATIONSHIP()
);
#223=(
REPRESENTATION_RELATIONSHIP(' ',' ',#8969,#8972)
REPRESENTATION_RELATIONSHIP_WITH_TRANSFORMATION(#264)
SHAPE_REPRESENTATION_RELATIONSHIP()
);
#224=(
REPRESENTATION_RELATIONSHIP(' ',' ',#8966,#8972)
REPRESENTATION_RELATIONSHIP_WITH_TRANSFORMATION(#265)
SHAPE_REPRESENTATION_RELATIONSHIP()
);
#225=(
REPRESENTATION_RELATIONSHIP(' ',' ',#8970,#8972)
REPRESENTATION_RELATIONSHIP_WITH_TRANSFORMATION(#266)
SHAPE_REPRESENTATION_RELATIONSHIP()
);
#226=(
REPRESENTATION_RELATIONSHIP(' ',' ',#8971,#8972)
REPRESENTATION_RELATIONSHIP_WITH_TRANSFORMATION(#267)
SHAPE_REPRESENTATION_RELATIONSHIP()
);
#227=(
REPRESENTATION_RELATIONSHIP(' ',' ',#8968,#8972)
REPRESENTATION_RELATIONSHIP_WITH_TRANSFORMATION(#268)
SHAPE_REPRESENTATION_RELATIONSHIP()
);
#228=(
REPRESENTATION_RELATIONSHIP(' ',' ',#8972,#8963)
REPRESENTATION_RELATIONSHIP_WITH_TRANSFORMATION(#269)
SHAPE_REPRESENTATION_RELATIONSHIP()
);
#229=(
REPRESENTATION_RELATIONSHIP(' ',' ',#8970,#8973)
REPRESENTATION_RELATIONSHIP_WITH_TRANSFORMATION(#270)
SHAPE_REPRESENTATION_RELATIONSHIP()
);
#230=(
REPRESENTATION_RELATIONSHIP(' ',' ',#8968,#8973)
REPRESENTATION_RELATIONSHIP_WITH_TRANSFORMATION(#271)
SHAPE_REPRESENTATION_RELATIONSHIP()
);
#231=(
REPRESENTATION_RELATIONSHIP(' ',' ',#8968,#8973)
REPRESENTATION_RELATIONSHIP_WITH_TRANSFORMATION(#272)
SHAPE_REPRESENTATION_RELATIONSHIP()
);
#232=(
REPRESENTATION_RELATIONSHIP(' ',' ',#8974,#8973)
REPRESENTATION_RELATIONSHIP_WITH_TRANSFORMATION(#273)
SHAPE_REPRESENTATION_RELATIONSHIP()
);
#233=(
REPRESENTATION_RELATIONSHIP(' ',' ',#8975,#8973)
REPRESENTATION_RELATIONSHIP_WITH_TRANSFORMATION(#274)
SHAPE_REPRESENTATION_RELATIONSHIP()
);
#234=(
REPRESENTATION_RELATIONSHIP(' ',' ',#8976,#8973)
REPRESENTATION_RELATIONSHIP_WITH_TRANSFORMATION(#275)
SHAPE_REPRESENTATION_RELATIONSHIP()
);
#235=(
REPRESENTATION_RELATIONSHIP(' ',' ',#8977,#8973)
REPRESENTATION_RELATIONSHIP_WITH_TRANSFORMATION(#276)
SHAPE_REPRESENTATION_RELATIONSHIP()
);
#236=(
REPRESENTATION_RELATIONSHIP(' ',' ',#8970,#8973)
REPRESENTATION_RELATIONSHIP_WITH_TRANSFORMATION(#277)
SHAPE_REPRESENTATION_RELATIONSHIP()
);
#237=(
REPRESENTATION_RELATIONSHIP(' ',' ',#8966,#8973)
REPRESENTATION_RELATIONSHIP_WITH_TRANSFORMATION(#278)
SHAPE_REPRESENTATION_RELATIONSHIP()
);
#238=(
REPRESENTATION_RELATIONSHIP(' ',' ',#8978,#8973)
REPRESENTATION_RELATIONSHIP_WITH_TRANSFORMATION(#279)
SHAPE_REPRESENTATION_RELATIONSHIP()
);
#239=(
REPRESENTATION_RELATIONSHIP(' ',' ',#8973,#8963)
REPRESENTATION_RELATIONSHIP_WITH_TRANSFORMATION(#280)
SHAPE_REPRESENTATION_RELATIONSHIP()
);
#240=(
REPRESENTATION_RELATIONSHIP(' ',' ',#8979,#8963)
REPRESENTATION_RELATIONSHIP_WITH_TRANSFORMATION(#281)
SHAPE_REPRESENTATION_RELATIONSHIP()
);
#241=(
REPRESENTATION_RELATIONSHIP(' ',' ',#8967,#8980)
REPRESENTATION_RELATIONSHIP_WITH_TRANSFORMATION(#282)
SHAPE_REPRESENTATION_RELATIONSHIP()
);
#242=(
REPRESENTATION_RELATIONSHIP(' ',' ',#8971,#8980)
REPRESENTATION_RELATIONSHIP_WITH_TRANSFORMATION(#283)
SHAPE_REPRESENTATION_RELATIONSHIP()
);
#243=(
REPRESENTATION_RELATIONSHIP(' ',' ',#8968,#8980)
REPRESENTATION_RELATIONSHIP_WITH_TRANSFORMATION(#284)
SHAPE_REPRESENTATION_RELATIONSHIP()
);
#244=(
REPRESENTATION_RELATIONSHIP(' ',' ',#8966,#8980)
REPRESENTATION_RELATIONSHIP_WITH_TRANSFORMATION(#285)
SHAPE_REPRESENTATION_RELATIONSHIP()
);
#245=(
REPRESENTATION_RELATIONSHIP(' ',' ',#8970,#8980)
REPRESENTATION_RELATIONSHIP_WITH_TRANSFORMATION(#286)
SHAPE_REPRESENTATION_RELATIONSHIP()
);
#246=(
REPRESENTATION_RELATIONSHIP(' ',' ',#8969,#8980)
REPRESENTATION_RELATIONSHIP_WITH_TRANSFORMATION(#287)
SHAPE_REPRESENTATION_RELATIONSHIP()
);
#247=(
REPRESENTATION_RELATIONSHIP(' ',' ',#8980,#8963)
REPRESENTATION_RELATIONSHIP_WITH_TRANSFORMATION(#288)
SHAPE_REPRESENTATION_RELATIONSHIP()
);
#248=(
REPRESENTATION_RELATIONSHIP(' ',' ',#8968,#8981)
REPRESENTATION_RELATIONSHIP_WITH_TRANSFORMATION(#289)
SHAPE_REPRESENTATION_RELATIONSHIP()
);
#249=(
REPRESENTATION_RELATIONSHIP(' ',' ',#8970,#8981)
REPRESENTATION_RELATIONSHIP_WITH_TRANSFORMATION(#290)
SHAPE_REPRESENTATION_RELATIONSHIP()
);
#250=(
REPRESENTATION_RELATIONSHIP(' ',' ',#8966,#8981)
REPRESENTATION_RELATIONSHIP_WITH_TRANSFORMATION(#291)
SHAPE_REPRESENTATION_RELATIONSHIP()
);
#251=(
REPRESENTATION_RELATIONSHIP(' ',' ',#8969,#8981)
REPRESENTATION_RELATIONSHIP_WITH_TRANSFORMATION(#292)
SHAPE_REPRESENTATION_RELATIONSHIP()
);
#252=(
REPRESENTATION_RELATIONSHIP(' ',' ',#8967,#8981)
REPRESENTATION_RELATIONSHIP_WITH_TRANSFORMATION(#293)
SHAPE_REPRESENTATION_RELATIONSHIP()
);
#253=(
REPRESENTATION_RELATIONSHIP(' ',' ',#8971,#8981)
REPRESENTATION_RELATIONSHIP_WITH_TRANSFORMATION(#294)
SHAPE_REPRESENTATION_RELATIONSHIP()
);
#254=(
REPRESENTATION_RELATIONSHIP(' ',' ',#8981,#8963)
REPRESENTATION_RELATIONSHIP_WITH_TRANSFORMATION(#295)
SHAPE_REPRESENTATION_RELATIONSHIP()
);
#255=ITEM_DEFINED_TRANSFORMATION(' ',' ',#8982,#9072);
#256=ITEM_DEFINED_TRANSFORMATION(' ',' ',#8982,#9139);
#257=ITEM_DEFINED_TRANSFORMATION(' ',' ',#8982,#9260);
#258=ITEM_DEFINED_TRANSFORMATION(' ',' ',#8982,#9279);
#259=ITEM_DEFINED_TRANSFORMATION(' ',' ',#8982,#9304);
#260=ITEM_DEFINED_TRANSFORMATION(' ',' ',#8982,#9339);
#261=ITEM_DEFINED_TRANSFORMATION(' ',' ',#8982,#9423);
#262=ITEM_DEFINED_TRANSFORMATION(' ',' ',#8982,#9424);
#263=ITEM_DEFINED_TRANSFORMATION(' ',' ',#8982,#9425);
#264=ITEM_DEFINED_TRANSFORMATION(' ',' ',#8982,#9426);
#265=ITEM_DEFINED_TRANSFORMATION(' ',' ',#8982,#9427);
#266=ITEM_DEFINED_TRANSFORMATION(' ',' ',#8982,#9428);
#267=ITEM_DEFINED_TRANSFORMATION(' ',' ',#8982,#9429);
#268=ITEM_DEFINED_TRANSFORMATION(' ',' ',#8982,#9430);
#269=ITEM_DEFINED_TRANSFORMATION(' ',' ',#8982,#9431);
#270=ITEM_DEFINED_TRANSFORMATION(' ',' ',#8982,#9432);
#271=ITEM_DEFINED_TRANSFORMATION(' ',' ',#8982,#9433);
#272=ITEM_DEFINED_TRANSFORMATION(' ',' ',#8982,#9434);
#273=ITEM_DEFINED_TRANSFORMATION(' ',' ',#8982,#9488);
#274=ITEM_DEFINED_TRANSFORMATION(' ',' ',#8982,#9513);
#275=ITEM_DEFINED_TRANSFORMATION(' ',' ',#8982,#9597);
#276=ITEM_DEFINED_TRANSFORMATION(' ',' ',#8982,#9718);
#277=ITEM_DEFINED_TRANSFORMATION(' ',' ',#8982,#9719);
#278=ITEM_DEFINED_TRANSFORMATION(' ',' ',#8982,#9720);
#279=ITEM_DEFINED_TRANSFORMATION(' ',' ',#8982,#9758);
#280=ITEM_DEFINED_TRANSFORMATION(' ',' ',#8982,#9759);
#281=ITEM_DEFINED_TRANSFORMATION(' ',' ',#8982,#9840);
#282=ITEM_DEFINED_TRANSFORMATION(' ',' ',#8982,#9841);
#283=ITEM_DEFINED_TRANSFORMATION(' ',' ',#8982,#9842);
#284=ITEM_DEFINED_TRANSFORMATION(' ',' ',#8982,#9843);
#285=ITEM_DEFINED_TRANSFORMATION(' ',' ',#8982,#9844);
#286=ITEM_DEFINED_TRANSFORMATION(' ',' ',#8982,#9845);
#287=ITEM_DEFINED_TRANSFORMATION(' ',' ',#8982,#9846);
#288=ITEM_DEFINED_TRANSFORMATION(' ',' ',#8982,#9847);
#289=ITEM_DEFINED_TRANSFORMATION(' ',' ',#8982,#9848);
#290=ITEM_DEFINED_TRANSFORMATION(' ',' ',#8982,#9849);
#291=ITEM_DEFINED_TRANSFORMATION(' ',' ',#8982,#9850);
#292=ITEM_DEFINED_TRANSFORMATION(' ',' ',#8982,#9851);
#293=ITEM_DEFINED_TRANSFORMATION(' ',' ',#8982,#9852);
#294=ITEM_DEFINED_TRANSFORMATION(' ',' ',#8982,#9853);
#295=ITEM_DEFINED_TRANSFORMATION(' ',' ',#8982,#9854);
#296=SHAPE_REPRESENTATION_RELATIONSHIP('','',#8964,#309);
#297=SHAPE_REPRESENTATION_RELATIONSHIP('','',#8966,#310);
#298=SHAPE_REPRESENTATION_RELATIONSHIP('','',#8967,#311);
#299=SHAPE_REPRESENTATION_RELATIONSHIP('','',#8968,#312);
#300=SHAPE_REPRESENTATION_RELATIONSHIP('','',#8969,#313);
#301=SHAPE_REPRESENTATION_RELATIONSHIP('','',#8970,#314);
#302=SHAPE_REPRESENTATION_RELATIONSHIP('','',#8971,#315);
#303=SHAPE_REPRESENTATION_RELATIONSHIP('','',#8974,#316);
#304=SHAPE_REPRESENTATION_RELATIONSHIP('','',#8975,#317);
#305=SHAPE_REPRESENTATION_RELATIONSHIP('','',#8976,#318);
#306=SHAPE_REPRESENTATION_RELATIONSHIP('','',#8977,#319);
#307=SHAPE_REPRESENTATION_RELATIONSHIP('','',#8978,#320);
#308=SHAPE_REPRESENTATION_RELATIONSHIP('','',#8979,#321);
#309=ADVANCED_BREP_SHAPE_REPRESENTATION('',(#8931),#15277);
#310=ADVANCED_BREP_SHAPE_REPRESENTATION('',(#8932),#15279);
#311=ADVANCED_BREP_SHAPE_REPRESENTATION('',(#8933),#15280);
#312=ADVANCED_BREP_SHAPE_REPRESENTATION('',(#8934),#15281);
#313=ADVANCED_BREP_SHAPE_REPRESENTATION('',(#8935),#15282);
#314=ADVANCED_BREP_SHAPE_REPRESENTATION('',(#8936),#15283);
#315=ADVANCED_BREP_SHAPE_REPRESENTATION('',(#8937),#15284);
#316=ADVANCED_BREP_SHAPE_REPRESENTATION('',(#8938),#15287);
#317=ADVANCED_BREP_SHAPE_REPRESENTATION('',(#8939),#15288);
#318=ADVANCED_BREP_SHAPE_REPRESENTATION('',(#8940),#15289);
#319=ADVANCED_BREP_SHAPE_REPRESENTATION('',(#8941),#15290);
#320=ADVANCED_BREP_SHAPE_REPRESENTATION('',(#8942),#15291);
#321=ADVANCED_BREP_SHAPE_REPRESENTATION('',(#8943),#15292);
#322=CYLINDRICAL_SURFACE('',#9027,0.0015);
#323=CYLINDRICAL_SURFACE('',#9028,0.004);
#324=CYLINDRICAL_SURFACE('',#9029,0.0101975939516679);
#325=CYLINDRICAL_SURFACE('',#9030,0.0015);
#326=CYLINDRICAL_SURFACE('',#9031,0.0015);
#327=CYLINDRICAL_SURFACE('',#9032,0.0015);
#328=CYLINDRICAL_SURFACE('',#9033,0.0015);
#329=CYLINDRICAL_SURFACE('',#9034,0.003);
#330=CYLINDRICAL_SURFACE('',#9035,0.0015);
#331=CYLINDRICAL_SURFACE('',#9036,0.0015);
#332=CYLINDRICAL_SURFACE('',#9037,0.0015);
#333=CYLINDRICAL_SURFACE('',#9038,0.0015);
#334=CYLINDRICAL_SURFACE('',#9039,0.0015);
#335=CYLINDRICAL_SURFACE('',#9040,0.0015);
#336=CYLINDRICAL_SURFACE('',#9059,0.0015);
#337=CYLINDRICAL_SURFACE('',#9060,0.004);
#338=CYLINDRICAL_SURFACE('',#9061,0.0101975939516679);
#339=CYLINDRICAL_SURFACE('',#9062,0.0015);
#340=CYLINDRICAL_SURFACE('',#9063,0.0015);
#341=CYLINDRICAL_SURFACE('',#9064,0.0015);
#342=CYLINDRICAL_SURFACE('',#9065,0.0015);
#343=CYLINDRICAL_SURFACE('',#9066,0.0015);
#344=CYLINDRICAL_SURFACE('',#9067,0.0015);
#345=CYLINDRICAL_SURFACE('',#9068,0.0015);
#346=CYLINDRICAL_SURFACE('',#9069,0.0015);
#347=CYLINDRICAL_SURFACE('',#9070,0.0015);
#348=CYLINDRICAL_SURFACE('',#9071,0.0015);
#349=CYLINDRICAL_SURFACE('',#9099,0.015);
#350=CYLINDRICAL_SURFACE('',#9103,0.015);
#351=CYLINDRICAL_SURFACE('',#9105,0.0025);
#352=CYLINDRICAL_SURFACE('',#9118,0.004);
#353=CYLINDRICAL_SURFACE('',#9120,0.004);
#354=CYLINDRICAL_SURFACE('',#9121,0.004);
#355=CYLINDRICAL_SURFACE('',#9123,0.004);
#356=CYLINDRICAL_SURFACE('',#9125,0.004);
#357=CYLINDRICAL_SURFACE('',#9126,0.004);
#358=CYLINDRICAL_SURFACE('',#9130,0.0005);
#359=CYLINDRICAL_SURFACE('',#9131,0.0005);
#360=CYLINDRICAL_SURFACE('',#9132,0.0005);
#361=CYLINDRICAL_SURFACE('',#9145,0.004);
#362=CYLINDRICAL_SURFACE('',#9151,0.00075);
#363=CYLINDRICAL_SURFACE('',#9154,0.00075);
#364=CYLINDRICAL_SURFACE('',#9157,0.00075);
#365=CYLINDRICAL_SURFACE('',#9162,0.001);
#366=CYLINDRICAL_SURFACE('',#9167,0.004);
#367=CYLINDRICAL_SURFACE('',#9175,0.0005);
#368=CYLINDRICAL_SURFACE('',#9196,0.0035);
#369=CYLINDRICAL_SURFACE('',#9198,0.0035);
#370=CYLINDRICAL_SURFACE('',#9201,0.0025);
#371=CYLINDRICAL_SURFACE('',#9210,0.0005);
#372=CYLINDRICAL_SURFACE('',#9211,0.0005);
#373=CYLINDRICAL_SURFACE('',#9212,0.0005);
#374=CYLINDRICAL_SURFACE('',#9213,0.0005);
#375=CYLINDRICAL_SURFACE('',#9216,0.0035);
#376=CYLINDRICAL_SURFACE('',#9233,0.004);
#377=CYLINDRICAL_SURFACE('',#9235,0.004);
#378=CYLINDRICAL_SURFACE('',#9245,0.001);
#379=CYLINDRICAL_SURFACE('',#9246,0.001);
#380=CYLINDRICAL_SURFACE('',#9247,0.001);
#381=CYLINDRICAL_SURFACE('',#9249,0.001);
#382=CYLINDRICAL_SURFACE('',#9252,0.001);
#383=CYLINDRICAL_SURFACE('',#9256,0.001);
#384=CYLINDRICAL_SURFACE('',#9272,0.0015);
#385=CYLINDRICAL_SURFACE('',#9305,0.003);
#386=CYLINDRICAL_SURFACE('',#9310,0.002);
#387=CYLINDRICAL_SURFACE('',#9313,0.0005);
#388=CYLINDRICAL_SURFACE('',#9316,0.0005);
#389=CYLINDRICAL_SURFACE('',#9319,0.0005);
#390=CYLINDRICAL_SURFACE('',#9322,0.0005);
#391=CYLINDRICAL_SURFACE('',#9325,0.0025);
#392=CYLINDRICAL_SURFACE('',#9329,0.0005);
#393=CYLINDRICAL_SURFACE('',#9334,0.001);
#394=CYLINDRICAL_SURFACE('',#9360,0.00804166666666667);
#395=CYLINDRICAL_SURFACE('',#9387,0.00075);
#396=CYLINDRICAL_SURFACE('',#9388,0.00075);
#397=CYLINDRICAL_SURFACE('',#9389,0.00075);
#398=CYLINDRICAL_SURFACE('',#9390,0.00075);
#399=CYLINDRICAL_SURFACE('',#9391,0.00075);
#400=CYLINDRICAL_SURFACE('',#9392,0.00075);
#401=CYLINDRICAL_SURFACE('',#9400,0.00075);
#402=CYLINDRICAL_SURFACE('',#9401,0.00075);
#403=CYLINDRICAL_SURFACE('',#9402,0.00075);
#404=CYLINDRICAL_SURFACE('',#9405,0.00075);
#405=CYLINDRICAL_SURFACE('',#9406,0.00075);
#406=CYLINDRICAL_SURFACE('',#9407,0.00075);
#407=CYLINDRICAL_SURFACE('',#9408,0.00075);
#408=CYLINDRICAL_SURFACE('',#9409,0.00075);
#409=CYLINDRICAL_SURFACE('',#9410,0.00075);
#410=CYLINDRICAL_SURFACE('',#9413,0.00075);
#411=CYLINDRICAL_SURFACE('',#9414,0.005);
#412=CYLINDRICAL_SURFACE('',#9416,0.005);
#413=CYLINDRICAL_SURFACE('',#9418,0.005);
#414=CYLINDRICAL_SURFACE('',#9420,0.005);
#415=CYLINDRICAL_SURFACE('',#9422,0.005);
#416=CYLINDRICAL_SURFACE('',#9452,0.01);
#417=CYLINDRICAL_SURFACE('',#9453,0.003);
#418=CYLINDRICAL_SURFACE('',#9458,0.002);
#419=CYLINDRICAL_SURFACE('',#9468,0.0025);
#420=CYLINDRICAL_SURFACE('',#9469,0.0005);
#421=CYLINDRICAL_SURFACE('',#9470,0.0005);
#422=CYLINDRICAL_SURFACE('',#9476,0.00075);
#423=CYLINDRICAL_SURFACE('',#9479,0.00075);
#424=CYLINDRICAL_SURFACE('',#9480,0.00075);
#425=CYLINDRICAL_SURFACE('',#9534,0.00804166666666667);
#426=CYLINDRICAL_SURFACE('',#9561,0.00075);
#427=CYLINDRICAL_SURFACE('',#9562,0.00075);
#428=CYLINDRICAL_SURFACE('',#9563,0.00075);
#429=CYLINDRICAL_SURFACE('',#9564,0.00075);
#430=CYLINDRICAL_SURFACE('',#9565,0.00075);
#431=CYLINDRICAL_SURFACE('',#9566,0.00075);
#432=CYLINDRICAL_SURFACE('',#9574,0.00075);
#433=CYLINDRICAL_SURFACE('',#9575,0.00075);
#434=CYLINDRICAL_SURFACE('',#9576,0.00075);
#435=CYLINDRICAL_SURFACE('',#9579,0.00075);
#436=CYLINDRICAL_SURFACE('',#9580,0.00075);
#437=CYLINDRICAL_SURFACE('',#9581,0.00075);
#438=CYLINDRICAL_SURFACE('',#9582,0.00075);
#439=CYLINDRICAL_SURFACE('',#9583,0.00075);
#440=CYLINDRICAL_SURFACE('',#9584,0.00075);
#441=CYLINDRICAL_SURFACE('',#9587,0.00075);
#442=CYLINDRICAL_SURFACE('',#9588,0.005);
#443=CYLINDRICAL_SURFACE('',#9590,0.005);
#444=CYLINDRICAL_SURFACE('',#9592,0.005);
#445=CYLINDRICAL_SURFACE('',#9594,0.005);
#446=CYLINDRICAL_SURFACE('',#9596,0.005);
#447=CYLINDRICAL_SURFACE('',#9603,0.004);
#448=CYLINDRICAL_SURFACE('',#9609,0.00075);
#449=CYLINDRICAL_SURFACE('',#9612,0.00075);
#450=CYLINDRICAL_SURFACE('',#9615,0.00075);
#451=CYLINDRICAL_SURFACE('',#9620,0.001);
#452=CYLINDRICAL_SURFACE('',#9625,0.004);
#453=CYLINDRICAL_SURFACE('',#9633,0.0005);
#454=CYLINDRICAL_SURFACE('',#9654,0.0035);
#455=CYLINDRICAL_SURFACE('',#9656,0.0035);
#456=CYLINDRICAL_SURFACE('',#9659,0.0025);
#457=CYLINDRICAL_SURFACE('',#9668,0.0005);
#458=CYLINDRICAL_SURFACE('',#9669,0.0005);
#459=CYLINDRICAL_SURFACE('',#9670,0.0005);
#460=CYLINDRICAL_SURFACE('',#9671,0.0005);
#461=CYLINDRICAL_SURFACE('',#9674,0.0035);
#462=CYLINDRICAL_SURFACE('',#9691,0.004);
#463=CYLINDRICAL_SURFACE('',#9693,0.004);
#464=CYLINDRICAL_SURFACE('',#9703,0.001);
#465=CYLINDRICAL_SURFACE('',#9704,0.001);
#466=CYLINDRICAL_SURFACE('',#9705,0.001);
#467=CYLINDRICAL_SURFACE('',#9707,0.001);
#468=CYLINDRICAL_SURFACE('',#9710,0.001);
#469=CYLINDRICAL_SURFACE('',#9714,0.001);
#470=CYLINDRICAL_SURFACE('',#9749,0.00075);
#471=CYLINDRICAL_SURFACE('',#9750,0.00075);
#472=CYLINDRICAL_SURFACE('',#9751,0.00075);
#473=CYLINDRICAL_SURFACE('',#9752,0.00075);
#474=CYLINDRICAL_SURFACE('',#9753,0.00075);
#475=CYLINDRICAL_SURFACE('',#9754,0.00075);
#476=CYLINDRICAL_SURFACE('',#9755,0.002);
#477=CYLINDRICAL_SURFACE('',#9756,0.002);
#478=CYLINDRICAL_SURFACE('',#9757,0.001);
#479=CYLINDRICAL_SURFACE('',#9770,0.00075);
#480=CYLINDRICAL_SURFACE('',#9793,0.001);
#481=CYLINDRICAL_SURFACE('',#9796,0.001);
#482=CYLINDRICAL_SURFACE('',#9799,0.001);
#483=CYLINDRICAL_SURFACE('',#9802,0.001);
#484=CYLINDRICAL_SURFACE('',#9811,0.00075);
#485=CYLINDRICAL_SURFACE('',#9814,0.00075);
#486=CYLINDRICAL_SURFACE('',#9817,0.00075);
#487=CYLINDRICAL_SURFACE('',#9823,0.001);
#488=CYLINDRICAL_SURFACE('',#9824,0.005);
#489=CYLINDRICAL_SURFACE('',#9825,0.005);
#490=CYLINDRICAL_SURFACE('',#9826,0.005);
#491=CYLINDRICAL_SURFACE('',#9827,0.005);
#492=LINE('',#12333,#1216);
#493=LINE('',#12336,#1217);
#494=LINE('',#12338,#1218);
#495=LINE('',#12340,#1219);
#496=LINE('',#12364,#1220);
#497=LINE('',#12367,#1221);
#498=LINE('',#12369,#1222);
#499=LINE('',#12371,#1223);
#500=LINE('',#12398,#1224);
#501=LINE('',#12400,#1225);
#502=LINE('',#12402,#1226);
#503=LINE('',#12416,#1227);
#504=LINE('',#12420,#1228);
#505=LINE('',#12424,#1229);
#506=LINE('',#12425,#1230);
#507=LINE('',#12427,#1231);
#508=LINE('',#12429,#1232);
#509=LINE('',#12434,#1233);
#510=LINE('',#12438,#1234);
#511=LINE('',#12440,#1235);
#512=LINE('',#12442,#1236);
#513=LINE('',#12473,#1237);
#514=LINE('',#12505,#1238);
#515=LINE('',#12508,#1239);
#516=LINE('',#12510,#1240);
#517=LINE('',#12512,#1241);
#518=LINE('',#12514,#1242);
#519=LINE('',#12517,#1243);
#520=LINE('',#12519,#1244);
#521=LINE('',#12521,#1245);
#522=LINE('',#12523,#1246);
#523=LINE('',#12526,#1247);
#524=LINE('',#12528,#1248);
#525=LINE('',#12530,#1249);
#526=LINE('',#12538,#1250);
#527=LINE('',#12541,#1251);
#528=LINE('',#12543,#1252);
#529=LINE('',#12545,#1253);
#530=LINE('',#12547,#1254);
#531=LINE('',#12549,#1255);
#532=LINE('',#12551,#1256);
#533=LINE('',#12553,#1257);
#534=LINE('',#12555,#1258);
#535=LINE('',#12558,#1259);
#536=LINE('',#12560,#1260);
#537=LINE('',#12562,#1261);
#538=LINE('',#12566,#1262);
#539=LINE('',#12569,#1263);
#540=LINE('',#12571,#1264);
#541=LINE('',#12573,#1265);
#542=LINE('',#12575,#1266);
#543=LINE('',#12577,#1267);
#544=LINE('',#12578,#1268);
#545=LINE('',#12580,#1269);
#546=LINE('',#12582,#1270);
#547=LINE('',#12583,#1271);
#548=LINE('',#12585,#1272);
#549=LINE('',#12587,#1273);
#550=LINE('',#12588,#1274);
#551=LINE('',#12590,#1275);
#552=LINE('',#12594,#1276);
#553=LINE('',#12595,#1277);
#554=LINE('',#12596,#1278);
#555=LINE('',#12600,#1279);
#556=LINE('',#12603,#1280);
#557=LINE('',#12605,#1281);
#558=LINE('',#12606,#1282);
#559=LINE('',#12608,#1283);
#560=LINE('',#12610,#1284);
#561=LINE('',#12614,#1285);
#562=LINE('',#12616,#1286);
#563=LINE('',#12617,#1287);
#564=LINE('',#12619,#1288);
#565=LINE('',#12621,#1289);
#566=LINE('',#12622,#1290);
#567=LINE('',#12624,#1291);
#568=LINE('',#12626,#1292);
#569=LINE('',#12627,#1293);
#570=LINE('',#12629,#1294);
#571=LINE('',#12631,#1295);
#572=LINE('',#12633,#1296);
#573=LINE('',#12638,#1297);
#574=LINE('',#12640,#1298);
#575=LINE('',#12642,#1299);
#576=LINE('',#12644,#1300);
#577=LINE('',#12646,#1301);
#578=LINE('',#12647,#1302);
#579=LINE('',#12655,#1303);
#580=LINE('',#12656,#1304);
#581=LINE('',#12658,#1305);
#582=LINE('',#12661,#1306);
#583=LINE('',#12665,#1307);
#584=LINE('',#12667,#1308);
#585=LINE('',#12670,#1309);
#586=LINE('',#12672,#1310);
#587=LINE('',#12674,#1311);
#588=LINE('',#12675,#1312);
#589=LINE('',#12676,#1313);
#590=LINE('',#12677,#1314);
#591=LINE('',#12678,#1315);
#592=LINE('',#12679,#1316);
#593=LINE('',#12680,#1317);
#594=LINE('',#12682,#1318);
#595=LINE('',#12684,#1319);
#596=LINE('',#12686,#1320);
#597=LINE('',#12688,#1321);
#598=LINE('',#12689,#1322);
#599=LINE('',#12691,#1323);
#600=LINE('',#12695,#1324);
#601=LINE('',#12697,#1325);
#602=LINE('',#12699,#1326);
#603=LINE('',#12701,#1327);
#604=LINE('',#12707,#1328);
#605=LINE('',#12713,#1329);
#606=LINE('',#12715,#1330);
#607=LINE('',#12718,#1331);
#608=LINE('',#12720,#1332);
#609=LINE('',#12721,#1333);
#610=LINE('',#12723,#1334);
#611=LINE('',#12725,#1335);
#612=LINE('',#12727,#1336);
#613=LINE('',#12729,#1337);
#614=LINE('',#12731,#1338);
#615=LINE('',#12767,#1339);
#616=LINE('',#12780,#1340);
#617=LINE('',#12783,#1341);
#618=LINE('',#12785,#1342);
#619=LINE('',#12787,#1343);
#620=LINE('',#12789,#1344);
#621=LINE('',#12791,#1345);
#622=LINE('',#12793,#1346);
#623=LINE('',#12795,#1347);
#624=LINE('',#12798,#1348);
#625=LINE('',#12802,#1349);
#626=LINE('',#12804,#1350);
#627=LINE('',#12806,#1351);
#628=LINE('',#12810,#1352);
#629=LINE('',#12812,#1353);
#630=LINE('',#12814,#1354);
#631=LINE('',#12816,#1355);
#632=LINE('',#12823,#1356);
#633=LINE('',#12845,#1357);
#634=LINE('',#12848,#1358);
#635=LINE('',#12852,#1359);
#636=LINE('',#12854,#1360);
#637=LINE('',#12858,#1361);
#638=LINE('',#12861,#1362);
#639=LINE('',#12865,#1363);
#640=LINE('',#12869,#1364);
#641=LINE('',#12871,#1365);
#642=LINE('',#12873,#1366);
#643=LINE('',#12877,#1367);
#644=LINE('',#12881,#1368);
#645=LINE('',#12883,#1369);
#646=LINE('',#12888,#1370);
#647=LINE('',#12892,#1371);
#648=LINE('',#12894,#1372);
#649=LINE('',#12896,#1373);
#650=LINE('',#12898,#1374);
#651=LINE('',#12900,#1375);
#652=LINE('',#12904,#1376);
#653=LINE('',#12905,#1377);
#654=LINE('',#12907,#1378);
#655=LINE('',#12909,#1379);
#656=LINE('',#12916,#1380);
#657=LINE('',#12918,#1381);
#658=LINE('',#12920,#1382);
#659=LINE('',#12922,#1383);
#660=LINE('',#12932,#1384);
#661=LINE('',#12936,#1385);
#662=LINE('',#12938,#1386);
#663=LINE('',#12940,#1387);
#664=LINE('',#12942,#1388);
#665=LINE('',#12947,#1389);
#666=LINE('',#12949,#1390);
#667=LINE('',#12953,#1391);
#668=LINE('',#12955,#1392);
#669=LINE('',#12957,#1393);
#670=LINE('',#12960,#1394);
#671=LINE('',#12962,#1395);
#672=LINE('',#12964,#1396);
#673=LINE('',#12966,#1397);
#674=LINE('',#12970,#1398);
#675=LINE('',#12972,#1399);
#676=LINE('',#12973,#1400);
#677=LINE('',#12975,#1401);
#678=LINE('',#12977,#1402);
#679=LINE('',#12979,#1403);
#680=LINE('',#12981,#1404);
#681=LINE('',#12985,#1405);
#682=LINE('',#12991,#1406);
#683=LINE('',#12993,#1407);
#684=LINE('',#12995,#1408);
#685=LINE('',#12999,#1409);
#686=LINE('',#13001,#1410);
#687=LINE('',#13017,#1411);
#688=LINE('',#13019,#1412);
#689=LINE('',#13022,#1413);
#690=LINE('',#13023,#1414);
#691=LINE('',#13025,#1415);
#692=LINE('',#13027,#1416);
#693=LINE('',#13029,#1417);
#694=LINE('',#13033,#1418);
#695=LINE('',#13035,#1419);
#696=LINE('',#13039,#1420);
#697=LINE('',#13041,#1421);
#698=LINE('',#13043,#1422);
#699=LINE('',#13044,#1423);
#700=LINE('',#13047,#1424);
#701=LINE('',#13051,#1425);
#702=LINE('',#13052,#1426);
#703=LINE('',#13054,#1427);
#704=LINE('',#13057,#1428);
#705=LINE('',#13062,#1429);
#706=LINE('',#13064,#1430);
#707=LINE('',#13065,#1431);
#708=LINE('',#13067,#1432);
#709=LINE('',#13073,#1433);
#710=LINE('',#13076,#1434);
#711=LINE('',#13078,#1435);
#712=LINE('',#13080,#1436);
#713=LINE('',#13082,#1437);
#714=LINE('',#13084,#1438);
#715=LINE('',#13086,#1439);
#716=LINE('',#13089,#1440);
#717=LINE('',#13097,#1441);
#718=LINE('',#13098,#1442);
#719=LINE('',#13156,#1443);
#720=LINE('',#13159,#1444);
#721=LINE('',#13161,#1445);
#722=LINE('',#13163,#1446);
#723=LINE('',#13165,#1447);
#724=LINE('',#13167,#1448);
#725=LINE('',#13169,#1449);
#726=LINE('',#13171,#1450);
#727=LINE('',#13173,#1451);
#728=LINE('',#13175,#1452);
#729=LINE('',#13177,#1453);
#730=LINE('',#13179,#1454);
#731=LINE('',#13181,#1455);
#732=LINE('',#13183,#1456);
#733=LINE('',#13185,#1457);
#734=LINE('',#13187,#1458);
#735=LINE('',#13189,#1459);
#736=LINE('',#13191,#1460);
#737=LINE('',#13193,#1461);
#738=LINE('',#13195,#1462);
#739=LINE('',#13197,#1463);
#740=LINE('',#13199,#1464);
#741=LINE('',#13201,#1465);
#742=LINE('',#13203,#1466);
#743=LINE('',#13205,#1467);
#744=LINE('',#13207,#1468);
#745=LINE('',#13210,#1469);
#746=LINE('',#13211,#1470);
#747=LINE('',#13216,#1471);
#748=LINE('',#13218,#1472);
#749=LINE('',#13220,#1473);
#750=LINE('',#13222,#1474);
#751=LINE('',#13224,#1475);
#752=LINE('',#13226,#1476);
#753=LINE('',#13228,#1477);
#754=LINE('',#13230,#1478);
#755=LINE('',#13237,#1479);
#756=LINE('',#13241,#1480);
#757=LINE('',#13243,#1481);
#758=LINE('',#13296,#1482);
#759=LINE('',#13298,#1483);
#760=LINE('',#13300,#1484);
#761=LINE('',#13302,#1485);
#762=LINE('',#13304,#1486);
#763=LINE('',#13306,#1487);
#764=LINE('',#13308,#1488);
#765=LINE('',#13310,#1489);
#766=LINE('',#13312,#1490);
#767=LINE('',#13314,#1491);
#768=LINE('',#13316,#1492);
#769=LINE('',#13318,#1493);
#770=LINE('',#13320,#1494);
#771=LINE('',#13321,#1495);
#772=LINE('',#13325,#1496);
#773=LINE('',#13327,#1497);
#774=LINE('',#13329,#1498);
#775=LINE('',#13331,#1499);
#776=LINE('',#13333,#1500);
#777=LINE('',#13335,#1501);
#778=LINE('',#13337,#1502);
#779=LINE('',#13339,#1503);
#780=LINE('',#13343,#1504);
#781=LINE('',#13348,#1505);
#782=LINE('',#13354,#1506);
#783=LINE('',#13356,#1507);
#784=LINE('',#13358,#1508);
#785=LINE('',#13362,#1509);
#786=LINE('',#13391,#1510);
#787=LINE('',#13392,#1511);
#788=LINE('',#13409,#1512);
#789=LINE('',#13412,#1513);
#790=LINE('',#13416,#1514);
#791=LINE('',#13418,#1515);
#792=LINE('',#13422,#1516);
#793=LINE('',#13424,#1517);
#794=LINE('',#13426,#1518);
#795=LINE('',#13428,#1519);
#796=LINE('',#13430,#1520);
#797=LINE('',#13434,#1521);
#798=LINE('',#13444,#1522);
#799=LINE('',#13449,#1523);
#800=LINE('',#13451,#1524);
#801=LINE('',#13453,#1525);
#802=LINE('',#13455,#1526);
#803=LINE('',#13457,#1527);
#804=LINE('',#13459,#1528);
#805=LINE('',#13461,#1529);
#806=LINE('',#13473,#1530);
#807=LINE('',#13476,#1531);
#808=LINE('',#13478,#1532);
#809=LINE('',#13480,#1533);
#810=LINE('',#13482,#1534);
#811=LINE('',#13484,#1535);
#812=LINE('',#13486,#1536);
#813=LINE('',#13488,#1537);
#814=LINE('',#13490,#1538);
#815=LINE('',#13492,#1539);
#816=LINE('',#13495,#1540);
#817=LINE('',#13497,#1541);
#818=LINE('',#13498,#1542);
#819=LINE('',#13500,#1543);
#820=LINE('',#13502,#1544);
#821=LINE('',#13504,#1545);
#822=LINE('',#13505,#1546);
#823=LINE('',#13507,#1547);
#824=LINE('',#13509,#1548);
#825=LINE('',#13511,#1549);
#826=LINE('',#13513,#1550);
#827=LINE('',#13516,#1551);
#828=LINE('',#13518,#1552);
#829=LINE('',#13520,#1553);
#830=LINE('',#13540,#1554);
#831=LINE('',#13543,#1555);
#832=LINE('',#13553,#1556);
#833=LINE('',#13579,#1557);
#834=LINE('',#13582,#1558);
#835=LINE('',#13583,#1559);
#836=LINE('',#13591,#1560);
#837=LINE('',#13593,#1561);
#838=LINE('',#13647,#1562);
#839=LINE('',#13650,#1563);
#840=LINE('',#13652,#1564);
#841=LINE('',#13654,#1565);
#842=LINE('',#13656,#1566);
#843=LINE('',#13658,#1567);
#844=LINE('',#13660,#1568);
#845=LINE('',#13662,#1569);
#846=LINE('',#13664,#1570);
#847=LINE('',#13666,#1571);
#848=LINE('',#13667,#1572);
#849=LINE('',#13670,#1573);
#850=LINE('',#13672,#1574);
#851=LINE('',#13674,#1575);
#852=LINE('',#13676,#1576);
#853=LINE('',#13679,#1577);
#854=LINE('',#13681,#1578);
#855=LINE('',#13683,#1579);
#856=LINE('',#13685,#1580);
#857=LINE('',#13687,#1581);
#858=LINE('',#13689,#1582);
#859=LINE('',#13691,#1583);
#860=LINE('',#13693,#1584);
#861=LINE('',#13695,#1585);
#862=LINE('',#13697,#1586);
#863=LINE('',#13699,#1587);
#864=LINE('',#13701,#1588);
#865=LINE('',#13702,#1589);
#866=LINE('',#13703,#1590);
#867=LINE('',#13705,#1591);
#868=LINE('',#13707,#1592);
#869=LINE('',#13709,#1593);
#870=LINE('',#13711,#1594);
#871=LINE('',#13713,#1595);
#872=LINE('',#13715,#1596);
#873=LINE('',#13717,#1597);
#874=LINE('',#13720,#1598);
#875=LINE('',#13722,#1599);
#876=LINE('',#13724,#1600);
#877=LINE('',#13726,#1601);
#878=LINE('',#13728,#1602);
#879=LINE('',#13729,#1603);
#880=LINE('',#13731,#1604);
#881=LINE('',#13732,#1605);
#882=LINE('',#13734,#1606);
#883=LINE('',#13736,#1607);
#884=LINE('',#13739,#1608);
#885=LINE('',#13741,#1609);
#886=LINE('',#13742,#1610);
#887=LINE('',#13744,#1611);
#888=LINE('',#13752,#1612);
#889=LINE('',#13755,#1613);
#890=LINE('',#13759,#1614);
#891=LINE('',#13763,#1615);
#892=LINE('',#13767,#1616);
#893=LINE('',#13769,#1617);
#894=LINE('',#13771,#1618);
#895=LINE('',#13773,#1619);
#896=LINE('',#13778,#1620);
#897=LINE('',#13780,#1621);
#898=LINE('',#13781,#1622);
#899=LINE('',#13783,#1623);
#900=LINE('',#13826,#1624);
#901=LINE('',#13837,#1625);
#902=LINE('',#13838,#1626);
#903=LINE('',#13840,#1627);
#904=LINE('',#13842,#1628);
#905=LINE('',#13850,#1629);
#906=LINE('',#13854,#1630);
#907=LINE('',#13856,#1631);
#908=LINE('',#13951,#1632);
#909=LINE('',#13953,#1633);
#910=LINE('',#13955,#1634);
#911=LINE('',#13957,#1635);
#912=LINE('',#13959,#1636);
#913=LINE('',#13961,#1637);
#914=LINE('',#13963,#1638);
#915=LINE('',#13965,#1639);
#916=LINE('',#13967,#1640);
#917=LINE('',#13969,#1641);
#918=LINE('',#13971,#1642);
#919=LINE('',#13973,#1643);
#920=LINE('',#13975,#1644);
#921=LINE('',#13976,#1645);
#922=LINE('',#13980,#1646);
#923=LINE('',#13982,#1647);
#924=LINE('',#13984,#1648);
#925=LINE('',#13986,#1649);
#926=LINE('',#13988,#1650);
#927=LINE('',#13990,#1651);
#928=LINE('',#13992,#1652);
#929=LINE('',#13994,#1653);
#930=LINE('',#13998,#1654);
#931=LINE('',#14001,#1655);
#932=LINE('',#14005,#1656);
#933=LINE('',#14007,#1657);
#934=LINE('',#14009,#1658);
#935=LINE('',#14011,#1659);
#936=LINE('',#14013,#1660);
#937=LINE('',#14017,#1661);
#938=LINE('',#14019,#1662);
#939=LINE('',#14023,#1663);
#940=LINE('',#14033,#1664);
#941=LINE('',#14036,#1665);
#942=LINE('',#14038,#1666);
#943=LINE('',#14040,#1667);
#944=LINE('',#14042,#1668);
#945=LINE('',#14044,#1669);
#946=LINE('',#14046,#1670);
#947=LINE('',#14048,#1671);
#948=LINE('',#14062,#1672);
#949=LINE('',#14065,#1673);
#950=LINE('',#14067,#1674);
#951=LINE('',#14069,#1675);
#952=LINE('',#14071,#1676);
#953=LINE('',#14073,#1677);
#954=LINE('',#14075,#1678);
#955=LINE('',#14077,#1679);
#956=LINE('',#14080,#1680);
#957=LINE('',#14082,#1681);
#958=LINE('',#14084,#1682);
#959=LINE('',#14086,#1683);
#960=LINE('',#14088,#1684);
#961=LINE('',#14089,#1685);
#962=LINE('',#14091,#1686);
#963=LINE('',#14093,#1687);
#964=LINE('',#14094,#1688);
#965=LINE('',#14096,#1689);
#966=LINE('',#14098,#1690);
#967=LINE('',#14100,#1691);
#968=LINE('',#14102,#1692);
#969=LINE('',#14105,#1693);
#970=LINE('',#14107,#1694);
#971=LINE('',#14109,#1695);
#972=LINE('',#14130,#1696);
#973=LINE('',#14133,#1697);
#974=LINE('',#14143,#1698);
#975=LINE('',#14168,#1699);
#976=LINE('',#14171,#1700);
#977=LINE('',#14172,#1701);
#978=LINE('',#14180,#1702);
#979=LINE('',#14185,#1703);
#980=LINE('',#14225,#1704);
#981=LINE('',#14228,#1705);
#982=LINE('',#14230,#1706);
#983=LINE('',#14232,#1707);
#984=LINE('',#14234,#1708);
#985=LINE('',#14236,#1709);
#986=LINE('',#14238,#1710);
#987=LINE('',#14240,#1711);
#988=LINE('',#14243,#1712);
#989=LINE('',#14245,#1713);
#990=LINE('',#14249,#1714);
#991=LINE('',#14251,#1715);
#992=LINE('',#14253,#1716);
#993=LINE('',#14257,#1717);
#994=LINE('',#14259,#1718);
#995=LINE('',#14261,#1719);
#996=LINE('',#14271,#1720);
#997=LINE('',#14290,#1721);
#998=LINE('',#14293,#1722);
#999=LINE('',#14297,#1723);
#1000=LINE('',#14299,#1724);
#1001=LINE('',#14303,#1725);
#1002=LINE('',#14306,#1726);
#1003=LINE('',#14308,#1727);
#1004=LINE('',#14312,#1728);
#1005=LINE('',#14316,#1729);
#1006=LINE('',#14318,#1730);
#1007=LINE('',#14322,#1731);
#1008=LINE('',#14326,#1732);
#1009=LINE('',#14328,#1733);
#1010=LINE('',#14331,#1734);
#1011=LINE('',#14333,#1735);
#1012=LINE('',#14335,#1736);
#1013=LINE('',#14339,#1737);
#1014=LINE('',#14343,#1738);
#1015=LINE('',#14345,#1739);
#1016=LINE('',#14347,#1740);
#1017=LINE('',#14348,#1741);
#1018=LINE('',#14352,#1742);
#1019=LINE('',#14354,#1743);
#1020=LINE('',#14361,#1744);
#1021=LINE('',#14363,#1745);
#1022=LINE('',#14365,#1746);
#1023=LINE('',#14367,#1747);
#1024=LINE('',#14377,#1748);
#1025=LINE('',#14379,#1749);
#1026=LINE('',#14381,#1750);
#1027=LINE('',#14383,#1751);
#1028=LINE('',#14387,#1752);
#1029=LINE('',#14392,#1753);
#1030=LINE('',#14394,#1754);
#1031=LINE('',#14398,#1755);
#1032=LINE('',#14401,#1756);
#1033=LINE('',#14403,#1757);
#1034=LINE('',#14405,#1758);
#1035=LINE('',#14407,#1759);
#1036=LINE('',#14409,#1760);
#1037=LINE('',#14411,#1761);
#1038=LINE('',#14412,#1762);
#1039=LINE('',#14414,#1763);
#1040=LINE('',#14418,#1764);
#1041=LINE('',#14420,#1765);
#1042=LINE('',#14422,#1766);
#1043=LINE('',#14424,#1767);
#1044=LINE('',#14428,#1768);
#1045=LINE('',#14432,#1769);
#1046=LINE('',#14434,#1770);
#1047=LINE('',#14438,#1771);
#1048=LINE('',#14440,#1772);
#1049=LINE('',#14442,#1773);
#1050=LINE('',#14446,#1774);
#1051=LINE('',#14462,#1775);
#1052=LINE('',#14464,#1776);
#1053=LINE('',#14467,#1777);
#1054=LINE('',#14468,#1778);
#1055=LINE('',#14470,#1779);
#1056=LINE('',#14472,#1780);
#1057=LINE('',#14474,#1781);
#1058=LINE('',#14476,#1782);
#1059=LINE('',#14480,#1783);
#1060=LINE('',#14482,#1784);
#1061=LINE('',#14486,#1785);
#1062=LINE('',#14488,#1786);
#1063=LINE('',#14489,#1787);
#1064=LINE('',#14493,#1788);
#1065=LINE('',#14496,#1789);
#1066=LINE('',#14497,#1790);
#1067=LINE('',#14499,#1791);
#1068=LINE('',#14501,#1792);
#1069=LINE('',#14503,#1793);
#1070=LINE('',#14505,#1794);
#1071=LINE('',#14507,#1795);
#1072=LINE('',#14509,#1796);
#1073=LINE('',#14518,#1797);
#1074=LINE('',#14521,#1798);
#1075=LINE('',#14523,#1799);
#1076=LINE('',#14525,#1800);
#1077=LINE('',#14527,#1801);
#1078=LINE('',#14529,#1802);
#1079=LINE('',#14531,#1803);
#1080=LINE('',#14539,#1804);
#1081=LINE('',#14548,#1805);
#1082=LINE('',#14549,#1806);
#1083=LINE('',#14606,#1807);
#1084=LINE('',#14611,#1808);
#1085=LINE('',#14613,#1809);
#1086=LINE('',#14615,#1810);
#1087=LINE('',#14619,#1811);
#1088=LINE('',#14621,#1812);
#1089=LINE('',#14623,#1813);
#1090=LINE('',#14625,#1814);
#1091=LINE('',#14639,#1815);
#1092=LINE('',#14644,#1816);
#1093=LINE('',#14646,#1817);
#1094=LINE('',#14648,#1818);
#1095=LINE('',#14650,#1819);
#1096=LINE('',#14652,#1820);
#1097=LINE('',#14656,#1821);
#1098=LINE('',#14658,#1822);
#1099=LINE('',#14666,#1823);
#1100=LINE('',#14667,#1824);
#1101=LINE('',#14671,#1825);
#1102=LINE('',#14673,#1826);
#1103=LINE('',#14675,#1827);
#1104=LINE('',#14677,#1828);
#1105=LINE('',#14678,#1829);
#1106=LINE('',#14682,#1830);
#1107=LINE('',#14684,#1831);
#1108=LINE('',#14686,#1832);
#1109=LINE('',#14701,#1833);
#1110=LINE('',#14704,#1834);
#1111=LINE('',#14706,#1835);
#1112=LINE('',#14708,#1836);
#1113=LINE('',#14710,#1837);
#1114=LINE('',#14712,#1838);
#1115=LINE('',#14715,#1839);
#1116=LINE('',#14717,#1840);
#1117=LINE('',#14724,#1841);
#1118=LINE('',#14726,#1842);
#1119=LINE('',#14728,#1843);
#1120=LINE('',#14731,#1844);
#1121=LINE('',#14733,#1845);
#1122=LINE('',#14735,#1846);
#1123=LINE('',#14737,#1847);
#1124=LINE('',#14740,#1848);
#1125=LINE('',#14741,#1849);
#1126=LINE('',#14743,#1850);
#1127=LINE('',#14754,#1851);
#1128=LINE('',#14756,#1852);
#1129=LINE('',#14771,#1853);
#1130=LINE('',#14784,#1854);
#1131=LINE('',#14787,#1855);
#1132=LINE('',#14789,#1856);
#1133=LINE('',#14791,#1857);
#1134=LINE('',#14793,#1858);
#1135=LINE('',#14795,#1859);
#1136=LINE('',#14802,#1860);
#1137=LINE('',#14805,#1861);
#1138=LINE('',#14807,#1862);
#1139=LINE('',#14809,#1863);
#1140=LINE('',#14811,#1864);
#1141=LINE('',#14814,#1865);
#1142=LINE('',#14815,#1866);
#1143=LINE('',#14819,#1867);
#1144=LINE('',#14822,#1868);
#1145=LINE('',#14823,#1869);
#1146=LINE('',#14825,#1870);
#1147=LINE('',#14828,#1871);
#1148=LINE('',#14829,#1872);
#1149=LINE('',#14833,#1873);
#1150=LINE('',#14835,#1874);
#1151=LINE('',#14843,#1875);
#1152=LINE('',#14844,#1876);
#1153=LINE('',#14846,#1877);
#1154=LINE('',#14860,#1878);
#1155=LINE('',#14873,#1879);
#1156=LINE('',#14875,#1880);
#1157=LINE('',#14877,#1881);
#1158=LINE('',#14878,#1882);
#1159=LINE('',#14880,#1883);
#1160=LINE('',#14882,#1884);
#1161=LINE('',#14885,#1885);
#1162=LINE('',#14887,#1886);
#1163=LINE('',#14889,#1887);
#1164=LINE('',#14891,#1888);
#1165=LINE('',#14893,#1889);
#1166=LINE('',#14895,#1890);
#1167=LINE('',#14897,#1891);
#1168=LINE('',#14898,#1892);
#1169=LINE('',#14900,#1893);
#1170=LINE('',#14902,#1894);
#1171=LINE('',#14904,#1895);
#1172=LINE('',#14906,#1896);
#1173=LINE('',#14915,#1897);
#1174=LINE('',#14936,#1898);
#1175=LINE('',#14938,#1899);
#1176=LINE('',#14940,#1900);
#1177=LINE('',#14942,#1901);
#1178=LINE('',#14943,#1902);
#1179=LINE('',#14947,#1903);
#1180=LINE('',#14949,#1904);
#1181=LINE('',#14964,#1905);
#1182=LINE('',#14976,#1906);
#1183=LINE('',#14978,#1907);
#1184=LINE('',#14980,#1908);
#1185=LINE('',#14981,#1909);
#1186=LINE('',#14998,#1910);
#1187=LINE('',#15016,#1911);
#1188=LINE('',#15022,#1912);
#1189=LINE('',#15024,#1913);
#1190=LINE('',#15026,#1914);
#1191=LINE('',#15028,#1915);
#1192=LINE('',#15056,#1916);
#1193=LINE('',#15058,#1917);
#1194=LINE('',#15060,#1918);
#1195=LINE('',#15084,#1919);
#1196=LINE('',#15086,#1920);
#1197=LINE('',#15088,#1921);
#1198=LINE('',#15090,#1922);
#1199=LINE('',#15092,#1923);
#1200=LINE('',#15095,#1924);
#1201=LINE('',#15097,#1925);
#1202=LINE('',#15107,#1926);
#1203=LINE('',#15191,#1927);
#1204=LINE('',#15192,#1928);
#1205=LINE('',#15201,#1929);
#1206=LINE('',#15202,#1930);
#1207=LINE('',#15225,#1931);
#1208=LINE('',#15241,#1932);
#1209=LINE('',#15244,#1933);
#1210=LINE('',#15246,#1934);
#1211=LINE('',#15248,#1935);
#1212=LINE('',#15250,#1936);
#1213=LINE('',#15251,#1937);
#1214=LINE('',#15255,#1938);
#1215=LINE('',#15257,#1939);
#1216=VECTOR('',#9865,1.);
#1217=VECTOR('',#9866,1.);
#1218=VECTOR('',#9867,1.);
#1219=VECTOR('',#9868,1.);
#1220=VECTOR('',#9893,1.);
#1221=VECTOR('',#9894,1.);
#1222=VECTOR('',#9895,1.);
#1223=VECTOR('',#9896,1.);
#1224=VECTOR('',#9923,1.);
#1225=VECTOR('',#9924,1.);
#1226=VECTOR('',#9925,1.);
#1227=VECTOR('',#9940,1.);
#1228=VECTOR('',#9943,1.);
#1229=VECTOR('',#9948,1.);
#1230=VECTOR('',#9949,1.);
#1231=VECTOR('',#9950,1.);
#1232=VECTOR('',#9951,1.);
#1233=VECTOR('',#9958,1.);
#1234=VECTOR('',#9963,1.);
#1235=VECTOR('',#9964,1.);
#1236=VECTOR('',#9965,1.);
#1237=VECTOR('',#10012,1.);
#1238=VECTOR('',#10061,1.);
#1239=VECTOR('',#10062,1.);
#1240=VECTOR('',#10063,1.);
#1241=VECTOR('',#10064,1.);
#1242=VECTOR('',#10067,1.);
#1243=VECTOR('',#10068,1.);
#1244=VECTOR('',#10069,1.);
#1245=VECTOR('',#10070,1.);
#1246=VECTOR('',#10073,1.);
#1247=VECTOR('',#10074,1.);
#1248=VECTOR('',#10075,1.);
#1249=VECTOR('',#10076,1.);
#1250=VECTOR('',#10085,1.);
#1251=VECTOR('',#10086,1.);
#1252=VECTOR('',#10087,1.);
#1253=VECTOR('',#10088,1.);
#1254=VECTOR('',#10089,1.);
#1255=VECTOR('',#10090,1.);
#1256=VECTOR('',#10091,1.);
#1257=VECTOR('',#10092,1.);
#1258=VECTOR('',#10095,1.);
#1259=VECTOR('',#10096,1.);
#1260=VECTOR('',#10097,1.);
#1261=VECTOR('',#10098,1.);
#1262=VECTOR('',#10103,1.);
#1263=VECTOR('',#10104,1.);
#1264=VECTOR('',#10105,1.);
#1265=VECTOR('',#10106,1.);
#1266=VECTOR('',#10107,1.);
#1267=VECTOR('',#10108,1.);
#1268=VECTOR('',#10109,1.);
#1269=VECTOR('',#10110,1.);
#1270=VECTOR('',#10111,1.);
#1271=VECTOR('',#10112,1.);
#1272=VECTOR('',#10113,1.);
#1273=VECTOR('',#10114,1.);
#1274=VECTOR('',#10115,1.);
#1275=VECTOR('',#10116,1.);
#1276=VECTOR('',#10119,1.);
#1277=VECTOR('',#10120,1.);
#1278=VECTOR('',#10121,1.);
#1279=VECTOR('',#10126,1.);
#1280=VECTOR('',#10127,1.);
#1281=VECTOR('',#10128,1.);
#1282=VECTOR('',#10129,1.);
#1283=VECTOR('',#10130,1.);
#1284=VECTOR('',#10131,1.);
#1285=VECTOR('',#10134,1.);
#1286=VECTOR('',#10135,1.);
#1287=VECTOR('',#10136,1.);
#1288=VECTOR('',#10137,1.);
#1289=VECTOR('',#10138,1.);
#1290=VECTOR('',#10139,1.);
#1291=VECTOR('',#10140,1.);
#1292=VECTOR('',#10141,1.);
#1293=VECTOR('',#10142,1.);
#1294=VECTOR('',#10143,1.);
#1295=VECTOR('',#10144,1.);
#1296=VECTOR('',#10145,1.);
#1297=VECTOR('',#10150,1.);
#1298=VECTOR('',#10151,1.);
#1299=VECTOR('',#10152,1.);
#1300=VECTOR('',#10153,1.);
#1301=VECTOR('',#10156,1.);
#1302=VECTOR('',#10157,1.);
#1303=VECTOR('',#10166,1.);
#1304=VECTOR('',#10167,1.);
#1305=VECTOR('',#10170,1.);
#1306=VECTOR('',#10171,1.);
#1307=VECTOR('',#10174,1.);
#1308=VECTOR('',#10175,1.);
#1309=VECTOR('',#10180,1.);
#1310=VECTOR('',#10181,1.);
#1311=VECTOR('',#10184,1.);
#1312=VECTOR('',#10185,1.);
#1313=VECTOR('',#10186,1.);
#1314=VECTOR('',#10187,1.);
#1315=VECTOR('',#10188,1.);
#1316=VECTOR('',#10189,1.);
#1317=VECTOR('',#10190,1.);
#1318=VECTOR('',#10191,1.);
#1319=VECTOR('',#10192,1.);
#1320=VECTOR('',#10193,1.);
#1321=VECTOR('',#10194,1.);
#1322=VECTOR('',#10195,1.);
#1323=VECTOR('',#10198,1.);
#1324=VECTOR('',#10203,1.);
#1325=VECTOR('',#10204,1.);
#1326=VECTOR('',#10205,1.);
#1327=VECTOR('',#10208,1.);
#1328=VECTOR('',#10219,1.);
#1329=VECTOR('',#10226,1.);
#1330=VECTOR('',#10229,1.);
#1331=VECTOR('',#10230,1.);
#1332=VECTOR('',#10231,1.);
#1333=VECTOR('',#10232,1.);
#1334=VECTOR('',#10235,1.);
#1335=VECTOR('',#10236,1.);
#1336=VECTOR('',#10237,1.);
#1337=VECTOR('',#10238,1.);
#1338=VECTOR('',#10241,1.);
#1339=VECTOR('',#10272,1.);
#1340=VECTOR('',#10297,1.);
#1341=VECTOR('',#10298,1.);
#1342=VECTOR('',#10299,1.);
#1343=VECTOR('',#10300,1.);
#1344=VECTOR('',#10301,1.);
#1345=VECTOR('',#10302,1.);
#1346=VECTOR('',#10303,1.);
#1347=VECTOR('',#10306,1.);
#1348=VECTOR('',#10307,1.);
#1349=VECTOR('',#10310,1.);
#1350=VECTOR('',#10311,1.);
#1351=VECTOR('',#10312,1.);
#1352=VECTOR('',#10315,1.);
#1353=VECTOR('',#10316,1.);
#1354=VECTOR('',#10319,1.);
#1355=VECTOR('',#10320,1.);
#1356=VECTOR('',#10327,1.);
#1357=VECTOR('',#10354,1.);
#1358=VECTOR('',#10355,1.);
#1359=VECTOR('',#10358,1.);
#1360=VECTOR('',#10361,1.);
#1361=VECTOR('',#10366,1.);
#1362=VECTOR('',#10367,1.);
#1363=VECTOR('',#10370,1.);
#1364=VECTOR('',#10373,1.);
#1365=VECTOR('',#10374,1.);
#1366=VECTOR('',#10377,1.);
#1367=VECTOR('',#10380,1.);
#1368=VECTOR('',#10383,1.);
#1369=VECTOR('',#10386,1.);
#1370=VECTOR('',#10389,1.);
#1371=VECTOR('',#10392,1.);
#1372=VECTOR('',#10393,1.);
#1373=VECTOR('',#10394,1.);
#1374=VECTOR('',#10397,1.);
#1375=VECTOR('',#10398,1.);
#1376=VECTOR('',#10401,1.);
#1377=VECTOR('',#10402,1.);
#1378=VECTOR('',#10403,1.);
#1379=VECTOR('',#10404,1.);
#1380=VECTOR('',#10413,1.);
#1381=VECTOR('',#10414,1.);
#1382=VECTOR('',#10415,1.);
#1383=VECTOR('',#10416,1.);
#1384=VECTOR('',#10427,1.);
#1385=VECTOR('',#10430,1.);
#1386=VECTOR('',#10431,1.);
#1387=VECTOR('',#10432,1.);
#1388=VECTOR('',#10435,1.);
#1389=VECTOR('',#10438,1.);
#1390=VECTOR('',#10439,1.);
#1391=VECTOR('',#10444,1.);
#1392=VECTOR('',#10445,1.);
#1393=VECTOR('',#10446,1.);
#1394=VECTOR('',#10451,1.);
#1395=VECTOR('',#10452,1.);
#1396=VECTOR('',#10455,1.);
#1397=VECTOR('',#10456,1.);
#1398=VECTOR('',#10459,1.);
#1399=VECTOR('',#10460,1.);
#1400=VECTOR('',#10461,1.);
#1401=VECTOR('',#10464,1.);
#1402=VECTOR('',#10465,1.);
#1403=VECTOR('',#10466,1.);
#1404=VECTOR('',#10469,1.);
#1405=VECTOR('',#10474,1.);
#1406=VECTOR('',#10481,1.);
#1407=VECTOR('',#10484,1.);
#1408=VECTOR('',#10485,1.);
#1409=VECTOR('',#10490,1.);
#1410=VECTOR('',#10493,1.);
#1411=VECTOR('',#10516,1.);
#1412=VECTOR('',#10519,1.);
#1413=VECTOR('',#10524,1.);
#1414=VECTOR('',#10525,1.);
#1415=VECTOR('',#10528,1.);
#1416=VECTOR('',#10529,1.);
#1417=VECTOR('',#10532,1.);
#1418=VECTOR('',#10537,1.);
#1419=VECTOR('',#10538,1.);
#1420=VECTOR('',#10541,1.);
#1421=VECTOR('',#10544,1.);
#1422=VECTOR('',#10545,1.);
#1423=VECTOR('',#10546,1.);
#1424=VECTOR('',#10551,1.);
#1425=VECTOR('',#10556,1.);
#1426=VECTOR('',#10557,1.);
#1427=VECTOR('',#10560,1.);
#1428=VECTOR('',#10563,1.);
#1429=VECTOR('',#10570,1.);
#1430=VECTOR('',#10571,1.);
#1431=VECTOR('',#10572,1.);
#1432=VECTOR('',#10573,1.);
#1433=VECTOR('',#10584,1.);
#1434=VECTOR('',#10585,1.);
#1435=VECTOR('',#10586,1.);
#1436=VECTOR('',#10587,1.);
#1437=VECTOR('',#10590,1.);
#1438=VECTOR('',#10591,1.);
#1439=VECTOR('',#10592,1.);
#1440=VECTOR('',#10597,1.);
#1441=VECTOR('',#10602,1.);
#1442=VECTOR('',#10603,1.);
#1443=VECTOR('',#10646,1.);
#1444=VECTOR('',#10647,1.);
#1445=VECTOR('',#10648,1.);
#1446=VECTOR('',#10649,1.);
#1447=VECTOR('',#10652,1.);
#1448=VECTOR('',#10653,1.);
#1449=VECTOR('',#10654,1.);
#1450=VECTOR('',#10657,1.);
#1451=VECTOR('',#10658,1.);
#1452=VECTOR('',#10659,1.);
#1453=VECTOR('',#10662,1.);
#1454=VECTOR('',#10663,1.);
#1455=VECTOR('',#10664,1.);
#1456=VECTOR('',#10667,1.);
#1457=VECTOR('',#10668,1.);
#1458=VECTOR('',#10669,1.);
#1459=VECTOR('',#10672,1.);
#1460=VECTOR('',#10673,1.);
#1461=VECTOR('',#10674,1.);
#1462=VECTOR('',#10677,1.);
#1463=VECTOR('',#10678,1.);
#1464=VECTOR('',#10679,1.);
#1465=VECTOR('',#10682,1.);
#1466=VECTOR('',#10683,1.);
#1467=VECTOR('',#10684,1.);
#1468=VECTOR('',#10687,1.);
#1469=VECTOR('',#10688,1.);
#1470=VECTOR('',#10689,1.);
#1471=VECTOR('',#10696,1.);
#1472=VECTOR('',#10697,1.);
#1473=VECTOR('',#10698,1.);
#1474=VECTOR('',#10701,1.);
#1475=VECTOR('',#10702,1.);
#1476=VECTOR('',#10705,1.);
#1477=VECTOR('',#10706,1.);
#1478=VECTOR('',#10709,1.);
#1479=VECTOR('',#10718,1.);
#1480=VECTOR('',#10723,1.);
#1481=VECTOR('',#10726,1.);
#1482=VECTOR('',#10739,1.);
#1483=VECTOR('',#10742,1.);
#1484=VECTOR('',#10745,1.);
#1485=VECTOR('',#10746,1.);
#1486=VECTOR('',#10749,1.);
#1487=VECTOR('',#10750,1.);
#1488=VECTOR('',#10751,1.);
#1489=VECTOR('',#10752,1.);
#1490=VECTOR('',#10755,1.);
#1491=VECTOR('',#10756,1.);
#1492=VECTOR('',#10759,1.);
#1493=VECTOR('',#10760,1.);
#1494=VECTOR('',#10763,1.);
#1495=VECTOR('',#10764,1.);
#1496=VECTOR('',#10771,1.);
#1497=VECTOR('',#10772,1.);
#1498=VECTOR('',#10773,1.);
#1499=VECTOR('',#10776,1.);
#1500=VECTOR('',#10777,1.);
#1501=VECTOR('',#10780,1.);
#1502=VECTOR('',#10781,1.);
#1503=VECTOR('',#10784,1.);
#1504=VECTOR('',#10791,1.);
#1505=VECTOR('',#10794,1.);
#1506=VECTOR('',#10801,1.);
#1507=VECTOR('',#10802,1.);
#1508=VECTOR('',#10803,1.);
#1509=VECTOR('',#10808,1.);
#1510=VECTOR('',#10843,1.);
#1511=VECTOR('',#10844,1.);
#1512=VECTOR('',#10869,1.);
#1513=VECTOR('',#10870,1.);
#1514=VECTOR('',#10873,1.);
#1515=VECTOR('',#10874,1.);
#1516=VECTOR('',#10877,1.);
#1517=VECTOR('',#10878,1.);
#1518=VECTOR('',#10879,1.);
#1519=VECTOR('',#10880,1.);
#1520=VECTOR('',#10881,1.);
#1521=VECTOR('',#10884,1.);
#1522=VECTOR('',#10895,1.);
#1523=VECTOR('',#10898,1.);
#1524=VECTOR('',#10899,1.);
#1525=VECTOR('',#10900,1.);
#1526=VECTOR('',#10901,1.);
#1527=VECTOR('',#10902,1.);
#1528=VECTOR('',#10903,1.);
#1529=VECTOR('',#10904,1.);
#1530=VECTOR('',#10917,1.);
#1531=VECTOR('',#10918,1.);
#1532=VECTOR('',#10919,1.);
#1533=VECTOR('',#10920,1.);
#1534=VECTOR('',#10921,1.);
#1535=VECTOR('',#10922,1.);
#1536=VECTOR('',#10923,1.);
#1537=VECTOR('',#10924,1.);
#1538=VECTOR('',#10927,1.);
#1539=VECTOR('',#10928,1.);
#1540=VECTOR('',#10933,1.);
#1541=VECTOR('',#10934,1.);
#1542=VECTOR('',#10935,1.);
#1543=VECTOR('',#10936,1.);
#1544=VECTOR('',#10937,1.);
#1545=VECTOR('',#10940,1.);
#1546=VECTOR('',#10941,1.);
#1547=VECTOR('',#10944,1.);
#1548=VECTOR('',#10947,1.);
#1549=VECTOR('',#10950,1.);
#1550=VECTOR('',#10953,1.);
#1551=VECTOR('',#10954,1.);
#1552=VECTOR('',#10955,1.);
#1553=VECTOR('',#10956,1.);
#1554=VECTOR('',#10977,1.);
#1555=VECTOR('',#10982,1.);
#1556=VECTOR('',#10995,1.);
#1557=VECTOR('',#11020,1.);
#1558=VECTOR('',#11021,1.);
#1559=VECTOR('',#11022,1.);
#1560=VECTOR('',#11031,1.);
#1561=VECTOR('',#11032,1.);
#1562=VECTOR('',#11109,1.);
#1563=VECTOR('',#11110,1.);
#1564=VECTOR('',#11111,1.);
#1565=VECTOR('',#11112,1.);
#1566=VECTOR('',#11113,1.);
#1567=VECTOR('',#11114,1.);
#1568=VECTOR('',#11115,1.);
#1569=VECTOR('',#11116,1.);
#1570=VECTOR('',#11117,1.);
#1571=VECTOR('',#11118,1.);
#1572=VECTOR('',#11119,1.);
#1573=VECTOR('',#11120,1.);
#1574=VECTOR('',#11121,1.);
#1575=VECTOR('',#11122,1.);
#1576=VECTOR('',#11125,1.);
#1577=VECTOR('',#11126,1.);
#1578=VECTOR('',#11127,1.);
#1579=VECTOR('',#11128,1.);
#1580=VECTOR('',#11129,1.);
#1581=VECTOR('',#11130,1.);
#1582=VECTOR('',#11131,1.);
#1583=VECTOR('',#11132,1.);
#1584=VECTOR('',#11133,1.);
#1585=VECTOR('',#11134,1.);
#1586=VECTOR('',#11137,1.);
#1587=VECTOR('',#11138,1.);
#1588=VECTOR('',#11139,1.);
#1589=VECTOR('',#11140,1.);
#1590=VECTOR('',#11141,1.);
#1591=VECTOR('',#11144,1.);
#1592=VECTOR('',#11145,1.);
#1593=VECTOR('',#11146,1.);
#1594=VECTOR('',#11147,1.);
#1595=VECTOR('',#11148,1.);
#1596=VECTOR('',#11149,1.);
#1597=VECTOR('',#11152,1.);
#1598=VECTOR('',#11153,1.);
#1599=VECTOR('',#11154,1.);
#1600=VECTOR('',#11155,1.);
#1601=VECTOR('',#11158,1.);
#1602=VECTOR('',#11159,1.);
#1603=VECTOR('',#11160,1.);
#1604=VECTOR('',#11163,1.);
#1605=VECTOR('',#11164,1.);
#1606=VECTOR('',#11167,1.);
#1607=VECTOR('',#11170,1.);
#1608=VECTOR('',#11171,1.);
#1609=VECTOR('',#11172,1.);
#1610=VECTOR('',#11173,1.);
#1611=VECTOR('',#11174,1.);
#1612=VECTOR('',#11183,1.);
#1613=VECTOR('',#11188,1.);
#1614=VECTOR('',#11191,1.);
#1615=VECTOR('',#11198,1.);
#1616=VECTOR('',#11201,1.);
#1617=VECTOR('',#11204,1.);
#1618=VECTOR('',#11205,1.);
#1619=VECTOR('',#11206,1.);
#1620=VECTOR('',#11211,1.);
#1621=VECTOR('',#11212,1.);
#1622=VECTOR('',#11213,1.);
#1623=VECTOR('',#11214,1.);
#1624=VECTOR('',#11251,1.);
#1625=VECTOR('',#11268,1.);
#1626=VECTOR('',#11269,1.);
#1627=VECTOR('',#11272,1.);
#1628=VECTOR('',#11275,1.);
#1629=VECTOR('',#11286,1.);
#1630=VECTOR('',#11291,1.);
#1631=VECTOR('',#11294,1.);
#1632=VECTOR('',#11307,1.);
#1633=VECTOR('',#11310,1.);
#1634=VECTOR('',#11313,1.);
#1635=VECTOR('',#11314,1.);
#1636=VECTOR('',#11317,1.);
#1637=VECTOR('',#11318,1.);
#1638=VECTOR('',#11319,1.);
#1639=VECTOR('',#11320,1.);
#1640=VECTOR('',#11323,1.);
#1641=VECTOR('',#11324,1.);
#1642=VECTOR('',#11327,1.);
#1643=VECTOR('',#11328,1.);
#1644=VECTOR('',#11331,1.);
#1645=VECTOR('',#11332,1.);
#1646=VECTOR('',#11339,1.);
#1647=VECTOR('',#11340,1.);
#1648=VECTOR('',#11341,1.);
#1649=VECTOR('',#11344,1.);
#1650=VECTOR('',#11345,1.);
#1651=VECTOR('',#11348,1.);
#1652=VECTOR('',#11349,1.);
#1653=VECTOR('',#11352,1.);
#1654=VECTOR('',#11359,1.);
#1655=VECTOR('',#11360,1.);
#1656=VECTOR('',#11363,1.);
#1657=VECTOR('',#11364,1.);
#1658=VECTOR('',#11365,1.);
#1659=VECTOR('',#11366,1.);
#1660=VECTOR('',#11367,1.);
#1661=VECTOR('',#11370,1.);
#1662=VECTOR('',#11371,1.);
#1663=VECTOR('',#11374,1.);
#1664=VECTOR('',#11385,1.);
#1665=VECTOR('',#11386,1.);
#1666=VECTOR('',#11387,1.);
#1667=VECTOR('',#11388,1.);
#1668=VECTOR('',#11389,1.);
#1669=VECTOR('',#11390,1.);
#1670=VECTOR('',#11391,1.);
#1671=VECTOR('',#11392,1.);
#1672=VECTOR('',#11407,1.);
#1673=VECTOR('',#11408,1.);
#1674=VECTOR('',#11409,1.);
#1675=VECTOR('',#11410,1.);
#1676=VECTOR('',#11411,1.);
#1677=VECTOR('',#11412,1.);
#1678=VECTOR('',#11413,1.);
#1679=VECTOR('',#11414,1.);
#1680=VECTOR('',#11419,1.);
#1681=VECTOR('',#11420,1.);
#1682=VECTOR('',#11423,1.);
#1683=VECTOR('',#11424,1.);
#1684=VECTOR('',#11425,1.);
#1685=VECTOR('',#11426,1.);
#1686=VECTOR('',#11427,1.);
#1687=VECTOR('',#11430,1.);
#1688=VECTOR('',#11431,1.);
#1689=VECTOR('',#11434,1.);
#1690=VECTOR('',#11437,1.);
#1691=VECTOR('',#11440,1.);
#1692=VECTOR('',#11443,1.);
#1693=VECTOR('',#11444,1.);
#1694=VECTOR('',#11445,1.);
#1695=VECTOR('',#11446,1.);
#1696=VECTOR('',#11469,1.);
#1697=VECTOR('',#11474,1.);
#1698=VECTOR('',#11487,1.);
#1699=VECTOR('',#11510,1.);
#1700=VECTOR('',#11511,1.);
#1701=VECTOR('',#11512,1.);
#1702=VECTOR('',#11521,1.);
#1703=VECTOR('',#11526,1.);
#1704=VECTOR('',#11577,1.);
#1705=VECTOR('',#11578,1.);
#1706=VECTOR('',#11579,1.);
#1707=VECTOR('',#11580,1.);
#1708=VECTOR('',#11581,1.);
#1709=VECTOR('',#11582,1.);
#1710=VECTOR('',#11583,1.);
#1711=VECTOR('',#11586,1.);
#1712=VECTOR('',#11587,1.);
#1713=VECTOR('',#11588,1.);
#1714=VECTOR('',#11591,1.);
#1715=VECTOR('',#11592,1.);
#1716=VECTOR('',#11593,1.);
#1717=VECTOR('',#11596,1.);
#1718=VECTOR('',#11599,1.);
#1719=VECTOR('',#11600,1.);
#1720=VECTOR('',#11611,1.);
#1721=VECTOR('',#11634,1.);
#1722=VECTOR('',#11635,1.);
#1723=VECTOR('',#11638,1.);
#1724=VECTOR('',#11641,1.);
#1725=VECTOR('',#11646,1.);
#1726=VECTOR('',#11647,1.);
#1727=VECTOR('',#11648,1.);
#1728=VECTOR('',#11651,1.);
#1729=VECTOR('',#11654,1.);
#1730=VECTOR('',#11657,1.);
#1731=VECTOR('',#11660,1.);
#1732=VECTOR('',#11663,1.);
#1733=VECTOR('',#11666,1.);
#1734=VECTOR('',#11667,1.);
#1735=VECTOR('',#11668,1.);
#1736=VECTOR('',#11669,1.);
#1737=VECTOR('',#11672,1.);
#1738=VECTOR('',#11677,1.);
#1739=VECTOR('',#11678,1.);
#1740=VECTOR('',#11679,1.);
#1741=VECTOR('',#11680,1.);
#1742=VECTOR('',#11683,1.);
#1743=VECTOR('',#11684,1.);
#1744=VECTOR('',#11693,1.);
#1745=VECTOR('',#11694,1.);
#1746=VECTOR('',#11695,1.);
#1747=VECTOR('',#11696,1.);
#1748=VECTOR('',#11707,1.);
#1749=VECTOR('',#11708,1.);
#1750=VECTOR('',#11709,1.);
#1751=VECTOR('',#11710,1.);
#1752=VECTOR('',#11715,1.);
#1753=VECTOR('',#11718,1.);
#1754=VECTOR('',#11719,1.);
#1755=VECTOR('',#11724,1.);
#1756=VECTOR('',#11727,1.);
#1757=VECTOR('',#11728,1.);
#1758=VECTOR('',#11731,1.);
#1759=VECTOR('',#11732,1.);
#1760=VECTOR('',#11735,1.);
#1761=VECTOR('',#11736,1.);
#1762=VECTOR('',#11737,1.);
#1763=VECTOR('',#11738,1.);
#1764=VECTOR('',#11741,1.);
#1765=VECTOR('',#11744,1.);
#1766=VECTOR('',#11745,1.);
#1767=VECTOR('',#11746,1.);
#1768=VECTOR('',#11751,1.);
#1769=VECTOR('',#11756,1.);
#1770=VECTOR('',#11759,1.);
#1771=VECTOR('',#11764,1.);
#1772=VECTOR('',#11765,1.);
#1773=VECTOR('',#11768,1.);
#1774=VECTOR('',#11773,1.);
#1775=VECTOR('',#11796,1.);
#1776=VECTOR('',#11799,1.);
#1777=VECTOR('',#11804,1.);
#1778=VECTOR('',#11805,1.);
#1779=VECTOR('',#11808,1.);
#1780=VECTOR('',#11809,1.);
#1781=VECTOR('',#11812,1.);
#1782=VECTOR('',#11815,1.);
#1783=VECTOR('',#11818,1.);
#1784=VECTOR('',#11819,1.);
#1785=VECTOR('',#11824,1.);
#1786=VECTOR('',#11825,1.);
#1787=VECTOR('',#11826,1.);
#1788=VECTOR('',#11831,1.);
#1789=VECTOR('',#11836,1.);
#1790=VECTOR('',#11837,1.);
#1791=VECTOR('',#11840,1.);
#1792=VECTOR('',#11841,1.);
#1793=VECTOR('',#11842,1.);
#1794=VECTOR('',#11843,1.);
#1795=VECTOR('',#11844,1.);
#1796=VECTOR('',#11847,1.);
#1797=VECTOR('',#11864,1.);
#1798=VECTOR('',#11865,1.);
#1799=VECTOR('',#11866,1.);
#1800=VECTOR('',#11867,1.);
#1801=VECTOR('',#11870,1.);
#1802=VECTOR('',#11871,1.);
#1803=VECTOR('',#11872,1.);
#1804=VECTOR('',#11877,1.);
#1805=VECTOR('',#11884,1.);
#1806=VECTOR('',#11885,1.);
#1807=VECTOR('',#11932,1.);
#1808=VECTOR('',#11935,1.);
#1809=VECTOR('',#11936,1.);
#1810=VECTOR('',#11937,1.);
#1811=VECTOR('',#11940,1.);
#1812=VECTOR('',#11941,1.);
#1813=VECTOR('',#11942,1.);
#1814=VECTOR('',#11943,1.);
#1815=VECTOR('',#11958,1.);
#1816=VECTOR('',#11961,1.);
#1817=VECTOR('',#11962,1.);
#1818=VECTOR('',#11963,1.);
#1819=VECTOR('',#11964,1.);
#1820=VECTOR('',#11965,1.);
#1821=VECTOR('',#11968,1.);
#1822=VECTOR('',#11969,1.);
#1823=VECTOR('',#11978,1.);
#1824=VECTOR('',#11979,1.);
#1825=VECTOR('',#11984,1.);
#1826=VECTOR('',#11987,1.);
#1827=VECTOR('',#11990,1.);
#1828=VECTOR('',#11993,1.);
#1829=VECTOR('',#11994,1.);
#1830=VECTOR('',#11999,1.);
#1831=VECTOR('',#12002,1.);
#1832=VECTOR('',#12005,1.);
#1833=VECTOR('',#12032,1.);
#1834=VECTOR('',#12033,1.);
#1835=VECTOR('',#12034,1.);
#1836=VECTOR('',#12035,1.);
#1837=VECTOR('',#12036,1.);
#1838=VECTOR('',#12039,1.);
#1839=VECTOR('',#12040,1.);
#1840=VECTOR('',#12041,1.);
#1841=VECTOR('',#12042,1.);
#1842=VECTOR('',#12043,1.);
#1843=VECTOR('',#12046,1.);
#1844=VECTOR('',#12047,1.);
#1845=VECTOR('',#12048,1.);
#1846=VECTOR('',#12049,1.);
#1847=VECTOR('',#12052,1.);
#1848=VECTOR('',#12053,1.);
#1849=VECTOR('',#12054,1.);
#1850=VECTOR('',#12055,1.);
#1851=VECTOR('',#12062,1.);
#1852=VECTOR('',#12063,1.);
#1853=VECTOR('',#12066,1.);
#1854=VECTOR('',#12069,1.);
#1855=VECTOR('',#12070,1.);
#1856=VECTOR('',#12071,1.);
#1857=VECTOR('',#12072,1.);
#1858=VECTOR('',#12073,1.);
#1859=VECTOR('',#12074,1.);
#1860=VECTOR('',#12083,1.);
#1861=VECTOR('',#12084,1.);
#1862=VECTOR('',#12085,1.);
#1863=VECTOR('',#12086,1.);
#1864=VECTOR('',#12089,1.);
#1865=VECTOR('',#12090,1.);
#1866=VECTOR('',#12091,1.);
#1867=VECTOR('',#12096,1.);
#1868=VECTOR('',#12097,1.);
#1869=VECTOR('',#12098,1.);
#1870=VECTOR('',#12101,1.);
#1871=VECTOR('',#12102,1.);
#1872=VECTOR('',#12103,1.);
#1873=VECTOR('',#12106,1.);
#1874=VECTOR('',#12107,1.);
#1875=VECTOR('',#12110,1.);
#1876=VECTOR('',#12111,1.);
#1877=VECTOR('',#12112,1.);
#1878=VECTOR('',#12113,1.);
#1879=VECTOR('',#12114,1.);
#1880=VECTOR('',#12115,1.);
#1881=VECTOR('',#12118,1.);
#1882=VECTOR('',#12119,1.);
#1883=VECTOR('',#12120,1.);
#1884=VECTOR('',#12123,1.);
#1885=VECTOR('',#12124,1.);
#1886=VECTOR('',#12125,1.);
#1887=VECTOR('',#12126,1.);
#1888=VECTOR('',#12127,1.);
#1889=VECTOR('',#12128,1.);
#1890=VECTOR('',#12131,1.);
#1891=VECTOR('',#12132,1.);
#1892=VECTOR('',#12133,1.);
#1893=VECTOR('',#12134,1.);
#1894=VECTOR('',#12135,1.);
#1895=VECTOR('',#12136,1.);
#1896=VECTOR('',#12137,1.);
#1897=VECTOR('',#12138,1.);
#1898=VECTOR('',#12145,1.);
#1899=VECTOR('',#12146,1.);
#1900=VECTOR('',#12147,1.);
#1901=VECTOR('',#12148,1.);
#1902=VECTOR('',#12149,1.);
#1903=VECTOR('',#12154,1.);
#1904=VECTOR('',#12155,1.);
#1905=VECTOR('',#12162,1.);
#1906=VECTOR('',#12163,1.);
#1907=VECTOR('',#12166,1.);
#1908=VECTOR('',#12167,1.);
#1909=VECTOR('',#12168,1.);
#1910=VECTOR('',#12171,1.);
#1911=VECTOR('',#12198,1.);
#1912=VECTOR('',#12199,1.);
#1913=VECTOR('',#12200,1.);
#1914=VECTOR('',#12201,1.);
#1915=VECTOR('',#12204,1.);
#1916=VECTOR('',#12209,1.);
#1917=VECTOR('',#12210,1.);
#1918=VECTOR('',#12213,1.);
#1919=VECTOR('',#12232,1.);
#1920=VECTOR('',#12233,1.);
#1921=VECTOR('',#12234,1.);
#1922=VECTOR('',#12235,1.);
#1923=VECTOR('',#12238,1.);
#1924=VECTOR('',#12243,1.);
#1925=VECTOR('',#12244,1.);
#1926=VECTOR('',#12245,1.);
#1927=VECTOR('',#12258,1.);
#1928=VECTOR('',#12259,1.);
#1929=VECTOR('',#12260,1.);
#1930=VECTOR('',#12261,1.);
#1931=VECTOR('',#12262,1.);
#1932=VECTOR('',#12269,1.);
#1933=VECTOR('',#12274,1.);
#1934=VECTOR('',#12275,1.);
#1935=VECTOR('',#12276,1.);
#1936=VECTOR('',#12279,1.);
#1937=VECTOR('',#12280,1.);
#1938=VECTOR('',#12287,1.);
#1939=VECTOR('',#12290,1.);
#1940=ORIENTED_EDGE('',*,*,#4238,.T.);
#1941=ORIENTED_EDGE('',*,*,#4239,.F.);
#1942=ORIENTED_EDGE('',*,*,#4240,.F.);
#1943=ORIENTED_EDGE('',*,*,#4241,.F.);
#1944=ORIENTED_EDGE('',*,*,#4242,.F.);
#1945=ORIENTED_EDGE('',*,*,#4243,.T.);
#1946=ORIENTED_EDGE('',*,*,#4244,.T.);
#1947=ORIENTED_EDGE('',*,*,#4245,.T.);
#1948=ORIENTED_EDGE('',*,*,#4246,.T.);
#1949=ORIENTED_EDGE('',*,*,#4247,.T.);
#1950=ORIENTED_EDGE('',*,*,#4248,.T.);
#1951=ORIENTED_EDGE('',*,*,#4249,.F.);
#1952=ORIENTED_EDGE('',*,*,#4250,.F.);
#1953=ORIENTED_EDGE('',*,*,#4251,.F.);
#1954=ORIENTED_EDGE('',*,*,#4252,.F.);
#1955=ORIENTED_EDGE('',*,*,#4253,.F.);
#1956=ORIENTED_EDGE('',*,*,#4254,.T.);
#1957=ORIENTED_EDGE('',*,*,#4255,.T.);
#1958=ORIENTED_EDGE('',*,*,#4256,.T.);
#1959=ORIENTED_EDGE('',*,*,#4257,.F.);
#1960=ORIENTED_EDGE('',*,*,#4258,.F.);
#1961=ORIENTED_EDGE('',*,*,#4259,.T.);
#1962=ORIENTED_EDGE('',*,*,#4260,.T.);
#1963=ORIENTED_EDGE('',*,*,#4261,.T.);
#1964=ORIENTED_EDGE('',*,*,#4262,.F.);
#1965=ORIENTED_EDGE('',*,*,#4263,.F.);
#1966=ORIENTED_EDGE('',*,*,#4264,.F.);
#1967=ORIENTED_EDGE('',*,*,#4265,.F.);
#1968=ORIENTED_EDGE('',*,*,#4266,.F.);
#1969=ORIENTED_EDGE('',*,*,#4267,.F.);
#1970=ORIENTED_EDGE('',*,*,#4268,.F.);
#1971=ORIENTED_EDGE('',*,*,#4269,.F.);
#1972=ORIENTED_EDGE('',*,*,#4270,.F.);
#1973=ORIENTED_EDGE('',*,*,#4271,.T.);
#1974=ORIENTED_EDGE('',*,*,#4272,.T.);
#1975=ORIENTED_EDGE('',*,*,#4273,.T.);
#1976=ORIENTED_EDGE('',*,*,#4274,.F.);
#1977=ORIENTED_EDGE('',*,*,#4275,.T.);
#1978=ORIENTED_EDGE('',*,*,#4276,.T.);
#1979=ORIENTED_EDGE('',*,*,#4277,.T.);
#1980=ORIENTED_EDGE('',*,*,#4278,.T.);
#1981=ORIENTED_EDGE('',*,*,#4279,.T.);
#1982=ORIENTED_EDGE('',*,*,#4280,.T.);
#1983=ORIENTED_EDGE('',*,*,#4281,.T.);
#1984=ORIENTED_EDGE('',*,*,#4282,.F.);
#1985=ORIENTED_EDGE('',*,*,#4283,.F.);
#1986=ORIENTED_EDGE('',*,*,#4244,.F.);
#1987=ORIENTED_EDGE('',*,*,#4284,.T.);
#1988=ORIENTED_EDGE('',*,*,#4285,.F.);
#1989=ORIENTED_EDGE('',*,*,#4281,.F.);
#1990=ORIENTED_EDGE('',*,*,#4243,.F.);
#1991=ORIENTED_EDGE('',*,*,#4286,.T.);
#1992=ORIENTED_EDGE('',*,*,#4287,.T.);
#1993=ORIENTED_EDGE('',*,*,#4288,.T.);
#1994=ORIENTED_EDGE('',*,*,#4289,.F.);
#1995=ORIENTED_EDGE('',*,*,#4256,.F.);
#1996=ORIENTED_EDGE('',*,*,#4290,.T.);
#1997=ORIENTED_EDGE('',*,*,#4272,.F.);
#1998=ORIENTED_EDGE('',*,*,#4283,.T.);
#1999=ORIENTED_EDGE('',*,*,#4291,.T.);
#2000=ORIENTED_EDGE('',*,*,#4274,.T.);
#2001=ORIENTED_EDGE('',*,*,#4292,.T.);
#2002=ORIENTED_EDGE('',*,*,#4258,.T.);
#2003=ORIENTED_EDGE('',*,*,#4293,.F.);
#2004=ORIENTED_EDGE('',*,*,#4294,.F.);
#2005=ORIENTED_EDGE('',*,*,#4295,.F.);
#2006=ORIENTED_EDGE('',*,*,#4296,.F.);
#2007=ORIENTED_EDGE('',*,*,#4241,.T.);
#2008=ORIENTED_EDGE('',*,*,#4290,.F.);
#2009=ORIENTED_EDGE('',*,*,#4259,.F.);
#2010=ORIENTED_EDGE('',*,*,#4292,.F.);
#2011=ORIENTED_EDGE('',*,*,#4273,.F.);
#2012=ORIENTED_EDGE('',*,*,#4270,.T.);
#2013=ORIENTED_EDGE('',*,*,#4284,.F.);
#2014=ORIENTED_EDGE('',*,*,#4282,.T.);
#2015=ORIENTED_EDGE('',*,*,#4285,.T.);
#2016=ORIENTED_EDGE('',*,*,#4271,.F.);
#2017=ORIENTED_EDGE('',*,*,#4291,.F.);
#2018=ORIENTED_EDGE('',*,*,#4254,.F.);
#2019=ORIENTED_EDGE('',*,*,#4240,.T.);
#2020=ORIENTED_EDGE('',*,*,#4255,.F.);
#2021=ORIENTED_EDGE('',*,*,#4239,.T.);
#2022=ORIENTED_EDGE('',*,*,#4253,.T.);
#2023=ORIENTED_EDGE('',*,*,#4245,.F.);
#2024=ORIENTED_EDGE('',*,*,#4252,.T.);
#2025=ORIENTED_EDGE('',*,*,#4246,.F.);
#2026=ORIENTED_EDGE('',*,*,#4251,.T.);
#2027=ORIENTED_EDGE('',*,*,#4238,.F.);
#2028=ORIENTED_EDGE('',*,*,#4269,.T.);
#2029=ORIENTED_EDGE('',*,*,#4280,.F.);
#2030=ORIENTED_EDGE('',*,*,#4268,.T.);
#2031=ORIENTED_EDGE('',*,*,#4279,.F.);
#2032=ORIENTED_EDGE('',*,*,#4267,.T.);
#2033=ORIENTED_EDGE('',*,*,#4278,.F.);
#2034=ORIENTED_EDGE('',*,*,#4266,.T.);
#2035=ORIENTED_EDGE('',*,*,#4277,.F.);
#2036=ORIENTED_EDGE('',*,*,#4265,.T.);
#2037=ORIENTED_EDGE('',*,*,#4276,.F.);
#2038=ORIENTED_EDGE('',*,*,#4264,.T.);
#2039=ORIENTED_EDGE('',*,*,#4275,.F.);
#2040=ORIENTED_EDGE('',*,*,#4297,.T.);
#2041=ORIENTED_EDGE('',*,*,#4298,.T.);
#2042=ORIENTED_EDGE('',*,*,#4299,.T.);
#2043=ORIENTED_EDGE('',*,*,#4300,.T.);
#2044=ORIENTED_EDGE('',*,*,#4301,.T.);
#2045=ORIENTED_EDGE('',*,*,#4302,.T.);
#2046=ORIENTED_EDGE('',*,*,#4303,.T.);
#2047=ORIENTED_EDGE('',*,*,#4304,.F.);
#2048=ORIENTED_EDGE('',*,*,#4294,.T.);
#2049=ORIENTED_EDGE('',*,*,#4305,.F.);
#2050=ORIENTED_EDGE('',*,*,#4288,.F.);
#2051=ORIENTED_EDGE('',*,*,#4306,.F.);
#2052=ORIENTED_EDGE('',*,*,#4307,.F.);
#2053=ORIENTED_EDGE('',*,*,#4308,.F.);
#2054=ORIENTED_EDGE('',*,*,#4309,.F.);
#2055=ORIENTED_EDGE('',*,*,#4310,.F.);
#2056=ORIENTED_EDGE('',*,*,#4311,.F.);
#2057=ORIENTED_EDGE('',*,*,#4286,.F.);
#2058=ORIENTED_EDGE('',*,*,#4242,.T.);
#2059=ORIENTED_EDGE('',*,*,#4296,.T.);
#2060=ORIENTED_EDGE('',*,*,#4312,.T.);
#2061=ORIENTED_EDGE('',*,*,#4313,.F.);
#2062=ORIENTED_EDGE('',*,*,#4289,.T.);
#2063=ORIENTED_EDGE('',*,*,#4305,.T.);
#2064=ORIENTED_EDGE('',*,*,#4293,.T.);
#2065=ORIENTED_EDGE('',*,*,#4257,.T.);
#2066=ORIENTED_EDGE('',*,*,#4303,.F.);
#2067=ORIENTED_EDGE('',*,*,#4313,.T.);
#2068=ORIENTED_EDGE('',*,*,#4312,.F.);
#2069=ORIENTED_EDGE('',*,*,#4295,.T.);
#2070=ORIENTED_EDGE('',*,*,#4304,.T.);
#2071=ORIENTED_EDGE('',*,*,#4287,.F.);
#2072=ORIENTED_EDGE('',*,*,#4262,.T.);
#2073=ORIENTED_EDGE('',*,*,#4248,.F.);
#2074=ORIENTED_EDGE('',*,*,#4263,.T.);
#2075=ORIENTED_EDGE('',*,*,#4247,.F.);
#2076=ORIENTED_EDGE('',*,*,#4261,.F.);
#2077=ORIENTED_EDGE('',*,*,#4249,.T.);
#2078=ORIENTED_EDGE('',*,*,#4260,.F.);
#2079=ORIENTED_EDGE('',*,*,#4250,.T.);
#2080=ORIENTED_EDGE('',*,*,#4302,.F.);
#2081=ORIENTED_EDGE('',*,*,#4311,.T.);
#2082=ORIENTED_EDGE('',*,*,#4301,.F.);
#2083=ORIENTED_EDGE('',*,*,#4310,.T.);
#2084=ORIENTED_EDGE('',*,*,#4300,.F.);
#2085=ORIENTED_EDGE('',*,*,#4309,.T.);
#2086=ORIENTED_EDGE('',*,*,#4299,.F.);
#2087=ORIENTED_EDGE('',*,*,#4308,.T.);
#2088=ORIENTED_EDGE('',*,*,#4298,.F.);
#2089=ORIENTED_EDGE('',*,*,#4307,.T.);
#2090=ORIENTED_EDGE('',*,*,#4297,.F.);
#2091=ORIENTED_EDGE('',*,*,#4306,.T.);
#2092=ORIENTED_EDGE('',*,*,#4314,.T.);
#2093=ORIENTED_EDGE('',*,*,#4315,.T.);
#2094=ORIENTED_EDGE('',*,*,#4316,.F.);
#2095=ORIENTED_EDGE('',*,*,#4317,.F.);
#2096=ORIENTED_EDGE('',*,*,#4318,.T.);
#2097=ORIENTED_EDGE('',*,*,#4319,.T.);
#2098=ORIENTED_EDGE('',*,*,#4320,.F.);
#2099=ORIENTED_EDGE('',*,*,#4321,.F.);
#2100=ORIENTED_EDGE('',*,*,#4322,.T.);
#2101=ORIENTED_EDGE('',*,*,#4323,.T.);
#2102=ORIENTED_EDGE('',*,*,#4324,.F.);
#2103=ORIENTED_EDGE('',*,*,#4325,.F.);
#2104=ORIENTED_EDGE('',*,*,#4326,.F.);
#2105=ORIENTED_EDGE('',*,*,#4327,.F.);
#2106=ORIENTED_EDGE('',*,*,#4328,.F.);
#2107=ORIENTED_EDGE('',*,*,#4329,.T.);
#2108=ORIENTED_EDGE('',*,*,#4330,.T.);
#2109=ORIENTED_EDGE('',*,*,#4331,.F.);
#2110=ORIENTED_EDGE('',*,*,#4332,.F.);
#2111=ORIENTED_EDGE('',*,*,#4333,.T.);
#2112=ORIENTED_EDGE('',*,*,#4334,.T.);
#2113=ORIENTED_EDGE('',*,*,#4335,.F.);
#2114=ORIENTED_EDGE('',*,*,#4336,.F.);
#2115=ORIENTED_EDGE('',*,*,#4337,.T.);
#2116=ORIENTED_EDGE('',*,*,#4338,.T.);
#2117=ORIENTED_EDGE('',*,*,#4339,.T.);
#2118=ORIENTED_EDGE('',*,*,#4340,.F.);
#2119=ORIENTED_EDGE('',*,*,#4341,.F.);
#2120=ORIENTED_EDGE('',*,*,#4342,.T.);
#2121=ORIENTED_EDGE('',*,*,#4343,.T.);
#2122=ORIENTED_EDGE('',*,*,#4344,.F.);
#2123=ORIENTED_EDGE('',*,*,#4345,.T.);
#2124=ORIENTED_EDGE('',*,*,#4346,.T.);
#2125=ORIENTED_EDGE('',*,*,#4347,.F.);
#2126=ORIENTED_EDGE('',*,*,#4314,.F.);
#2127=ORIENTED_EDGE('',*,*,#4348,.T.);
#2128=ORIENTED_EDGE('',*,*,#4349,.T.);
#2129=ORIENTED_EDGE('',*,*,#4350,.F.);
#2130=ORIENTED_EDGE('',*,*,#4318,.F.);
#2131=ORIENTED_EDGE('',*,*,#4351,.T.);
#2132=ORIENTED_EDGE('',*,*,#4352,.T.);
#2133=ORIENTED_EDGE('',*,*,#4353,.F.);
#2134=ORIENTED_EDGE('',*,*,#4322,.F.);
#2135=ORIENTED_EDGE('',*,*,#4354,.T.);
#2136=ORIENTED_EDGE('',*,*,#4355,.F.);
#2137=ORIENTED_EDGE('',*,*,#4356,.T.);
#2138=ORIENTED_EDGE('',*,*,#4357,.T.);
#2139=ORIENTED_EDGE('',*,*,#4340,.T.);
#2140=ORIENTED_EDGE('',*,*,#4358,.T.);
#2141=ORIENTED_EDGE('',*,*,#4335,.T.);
#2142=ORIENTED_EDGE('',*,*,#4359,.T.);
#2143=ORIENTED_EDGE('',*,*,#4360,.T.);
#2144=ORIENTED_EDGE('',*,*,#4361,.F.);
#2145=ORIENTED_EDGE('',*,*,#4362,.F.);
#2146=ORIENTED_EDGE('',*,*,#4363,.F.);
#2147=ORIENTED_EDGE('',*,*,#4333,.F.);
#2148=ORIENTED_EDGE('',*,*,#4364,.F.);
#2149=ORIENTED_EDGE('',*,*,#4365,.F.);
#2150=ORIENTED_EDGE('',*,*,#4366,.F.);
#2151=ORIENTED_EDGE('',*,*,#4367,.F.);
#2152=ORIENTED_EDGE('',*,*,#4368,.T.);
#2153=ORIENTED_EDGE('',*,*,#4369,.F.);
#2154=ORIENTED_EDGE('',*,*,#4324,.T.);
#2155=ORIENTED_EDGE('',*,*,#4370,.T.);
#2156=ORIENTED_EDGE('',*,*,#4371,.F.);
#2157=ORIENTED_EDGE('',*,*,#4372,.F.);
#2158=ORIENTED_EDGE('',*,*,#4320,.T.);
#2159=ORIENTED_EDGE('',*,*,#4373,.T.);
#2160=ORIENTED_EDGE('',*,*,#4374,.F.);
#2161=ORIENTED_EDGE('',*,*,#4375,.F.);
#2162=ORIENTED_EDGE('',*,*,#4316,.T.);
#2163=ORIENTED_EDGE('',*,*,#4376,.T.);
#2164=ORIENTED_EDGE('',*,*,#4377,.F.);
#2165=ORIENTED_EDGE('',*,*,#4378,.F.);
#2166=ORIENTED_EDGE('',*,*,#4379,.T.);
#2167=ORIENTED_EDGE('',*,*,#4380,.T.);
#2168=ORIENTED_EDGE('',*,*,#4381,.T.);
#2169=ORIENTED_EDGE('',*,*,#4382,.T.);
#2170=ORIENTED_EDGE('',*,*,#4383,.T.);
#2171=ORIENTED_EDGE('',*,*,#4384,.T.);
#2172=ORIENTED_EDGE('',*,*,#4385,.F.);
#2173=ORIENTED_EDGE('',*,*,#4344,.T.);
#2174=ORIENTED_EDGE('',*,*,#4386,.T.);
#2175=ORIENTED_EDGE('',*,*,#4379,.F.);
#2176=ORIENTED_EDGE('',*,*,#4387,.F.);
#2177=ORIENTED_EDGE('',*,*,#4388,.F.);
#2178=ORIENTED_EDGE('',*,*,#4389,.F.);
#2179=ORIENTED_EDGE('',*,*,#4390,.F.);
#2180=ORIENTED_EDGE('',*,*,#4342,.F.);
#2181=ORIENTED_EDGE('',*,*,#4391,.T.);
#2182=ORIENTED_EDGE('',*,*,#4362,.T.);
#2183=ORIENTED_EDGE('',*,*,#4392,.F.);
#2184=ORIENTED_EDGE('',*,*,#4393,.T.);
#2185=ORIENTED_EDGE('',*,*,#4394,.T.);
#2186=ORIENTED_EDGE('',*,*,#4395,.T.);
#2187=ORIENTED_EDGE('',*,*,#4396,.T.);
#2188=ORIENTED_EDGE('',*,*,#4334,.F.);
#2189=ORIENTED_EDGE('',*,*,#4363,.T.);
#2190=ORIENTED_EDGE('',*,*,#4391,.F.);
#2191=ORIENTED_EDGE('',*,*,#4359,.F.);
#2192=ORIENTED_EDGE('',*,*,#4397,.F.);
#2193=ORIENTED_EDGE('',*,*,#4398,.T.);
#2194=ORIENTED_EDGE('',*,*,#4337,.F.);
#2195=ORIENTED_EDGE('',*,*,#4357,.F.);
#2196=ORIENTED_EDGE('',*,*,#4346,.F.);
#2197=ORIENTED_EDGE('',*,*,#4399,.T.);
#2198=ORIENTED_EDGE('',*,*,#4377,.T.);
#2199=ORIENTED_EDGE('',*,*,#4400,.F.);
#2200=ORIENTED_EDGE('',*,*,#4349,.F.);
#2201=ORIENTED_EDGE('',*,*,#4401,.T.);
#2202=ORIENTED_EDGE('',*,*,#4374,.T.);
#2203=ORIENTED_EDGE('',*,*,#4402,.F.);
#2204=ORIENTED_EDGE('',*,*,#4352,.F.);
#2205=ORIENTED_EDGE('',*,*,#4403,.T.);
#2206=ORIENTED_EDGE('',*,*,#4371,.T.);
#2207=ORIENTED_EDGE('',*,*,#4404,.F.);
#2208=ORIENTED_EDGE('',*,*,#4405,.T.);
#2209=ORIENTED_EDGE('',*,*,#4406,.T.);
#2210=ORIENTED_EDGE('',*,*,#4407,.F.);
#2211=ORIENTED_EDGE('',*,*,#4408,.T.);
#2212=ORIENTED_EDGE('',*,*,#4409,.T.);
#2213=ORIENTED_EDGE('',*,*,#4355,.T.);
#2214=ORIENTED_EDGE('',*,*,#4410,.F.);
#2215=ORIENTED_EDGE('',*,*,#4368,.F.);
#2216=ORIENTED_EDGE('',*,*,#4411,.T.);
#2217=ORIENTED_EDGE('',*,*,#4412,.T.);
#2218=ORIENTED_EDGE('',*,*,#4405,.F.);
#2219=ORIENTED_EDGE('',*,*,#4367,.T.);
#2220=ORIENTED_EDGE('',*,*,#4413,.T.);
#2221=ORIENTED_EDGE('',*,*,#4414,.T.);
#2222=ORIENTED_EDGE('',*,*,#4415,.F.);
#2223=ORIENTED_EDGE('',*,*,#4365,.T.);
#2224=ORIENTED_EDGE('',*,*,#4415,.T.);
#2225=ORIENTED_EDGE('',*,*,#4416,.T.);
#2226=ORIENTED_EDGE('',*,*,#4411,.F.);
#2227=ORIENTED_EDGE('',*,*,#4366,.T.);
#2228=ORIENTED_EDGE('',*,*,#4409,.F.);
#2229=ORIENTED_EDGE('',*,*,#4417,.T.);
#2230=ORIENTED_EDGE('',*,*,#4397,.T.);
#2231=ORIENTED_EDGE('',*,*,#4356,.F.);
#2232=ORIENTED_EDGE('',*,*,#4341,.T.);
#2233=ORIENTED_EDGE('',*,*,#4360,.F.);
#2234=ORIENTED_EDGE('',*,*,#4410,.T.);
#2235=ORIENTED_EDGE('',*,*,#4354,.F.);
#2236=ORIENTED_EDGE('',*,*,#4325,.T.);
#2237=ORIENTED_EDGE('',*,*,#4369,.T.);
#2238=ORIENTED_EDGE('',*,*,#4418,.F.);
#2239=ORIENTED_EDGE('',*,*,#4419,.T.);
#2240=ORIENTED_EDGE('',*,*,#4413,.F.);
#2241=ORIENTED_EDGE('',*,*,#4364,.T.);
#2242=ORIENTED_EDGE('',*,*,#4332,.T.);
#2243=ORIENTED_EDGE('',*,*,#4339,.F.);
#2244=ORIENTED_EDGE('',*,*,#4420,.T.);
#2245=ORIENTED_EDGE('',*,*,#4421,.T.);
#2246=ORIENTED_EDGE('',*,*,#4336,.T.);
#2247=ORIENTED_EDGE('',*,*,#4358,.F.);
#2248=ORIENTED_EDGE('',*,*,#4422,.F.);
#2249=ORIENTED_EDGE('',*,*,#4423,.F.);
#2250=ORIENTED_EDGE('',*,*,#4424,.F.);
#2251=ORIENTED_EDGE('',*,*,#4329,.F.);
#2252=ORIENTED_EDGE('',*,*,#4421,.F.);
#2253=ORIENTED_EDGE('',*,*,#4425,.T.);
#2254=ORIENTED_EDGE('',*,*,#4331,.T.);
#2255=ORIENTED_EDGE('',*,*,#4426,.F.);
#2256=ORIENTED_EDGE('',*,*,#4427,.T.);
#2257=ORIENTED_EDGE('',*,*,#4428,.T.);
#2258=ORIENTED_EDGE('',*,*,#4429,.T.);
#2259=ORIENTED_EDGE('',*,*,#4418,.T.);
#2260=ORIENTED_EDGE('',*,*,#4430,.F.);
#2261=ORIENTED_EDGE('',*,*,#4422,.T.);
#2262=ORIENTED_EDGE('',*,*,#4431,.T.);
#2263=ORIENTED_EDGE('',*,*,#4382,.F.);
#2264=ORIENTED_EDGE('',*,*,#4432,.T.);
#2265=ORIENTED_EDGE('',*,*,#4407,.T.);
#2266=ORIENTED_EDGE('',*,*,#4433,.T.);
#2267=ORIENTED_EDGE('',*,*,#4392,.T.);
#2268=ORIENTED_EDGE('',*,*,#4434,.T.);
#2269=ORIENTED_EDGE('',*,*,#4428,.F.);
#2270=ORIENTED_EDGE('',*,*,#4343,.F.);
#2271=ORIENTED_EDGE('',*,*,#4390,.T.);
#2272=ORIENTED_EDGE('',*,*,#4361,.T.);
#2273=ORIENTED_EDGE('',*,*,#4386,.F.);
#2274=ORIENTED_EDGE('',*,*,#4434,.F.);
#2275=ORIENTED_EDGE('',*,*,#4396,.F.);
#2276=ORIENTED_EDGE('',*,*,#4435,.F.);
#2277=ORIENTED_EDGE('',*,*,#4414,.F.);
#2278=ORIENTED_EDGE('',*,*,#4419,.F.);
#2279=ORIENTED_EDGE('',*,*,#4429,.F.);
#2280=ORIENTED_EDGE('',*,*,#4435,.T.);
#2281=ORIENTED_EDGE('',*,*,#4395,.F.);
#2282=ORIENTED_EDGE('',*,*,#4436,.F.);
#2283=ORIENTED_EDGE('',*,*,#4416,.F.);
#2284=ORIENTED_EDGE('',*,*,#4433,.F.);
#2285=ORIENTED_EDGE('',*,*,#4406,.F.);
#2286=ORIENTED_EDGE('',*,*,#4437,.F.);
#2287=ORIENTED_EDGE('',*,*,#4393,.F.);
#2288=ORIENTED_EDGE('',*,*,#4436,.T.);
#2289=ORIENTED_EDGE('',*,*,#4394,.F.);
#2290=ORIENTED_EDGE('',*,*,#4437,.T.);
#2291=ORIENTED_EDGE('',*,*,#4412,.F.);
#2292=ORIENTED_EDGE('',*,*,#4420,.F.);
#2293=ORIENTED_EDGE('',*,*,#4338,.F.);
#2294=ORIENTED_EDGE('',*,*,#4438,.F.);
#2295=ORIENTED_EDGE('',*,*,#4383,.F.);
#2296=ORIENTED_EDGE('',*,*,#4431,.F.);
#2297=ORIENTED_EDGE('',*,*,#4425,.F.);
#2298=ORIENTED_EDGE('',*,*,#4438,.T.);
#2299=ORIENTED_EDGE('',*,*,#4398,.F.);
#2300=ORIENTED_EDGE('',*,*,#4439,.F.);
#2301=ORIENTED_EDGE('',*,*,#4384,.F.);
#2302=ORIENTED_EDGE('',*,*,#4432,.F.);
#2303=ORIENTED_EDGE('',*,*,#4381,.F.);
#2304=ORIENTED_EDGE('',*,*,#4440,.F.);
#2305=ORIENTED_EDGE('',*,*,#4408,.F.);
#2306=ORIENTED_EDGE('',*,*,#4439,.T.);
#2307=ORIENTED_EDGE('',*,*,#4417,.F.);
#2308=ORIENTED_EDGE('',*,*,#4440,.T.);
#2309=ORIENTED_EDGE('',*,*,#4380,.F.);
#2310=ORIENTED_EDGE('',*,*,#4430,.T.);
#2311=ORIENTED_EDGE('',*,*,#4427,.F.);
#2312=ORIENTED_EDGE('',*,*,#4441,.F.);
#2313=ORIENTED_EDGE('',*,*,#4423,.T.);
#2314=ORIENTED_EDGE('',*,*,#4424,.T.);
#2315=ORIENTED_EDGE('',*,*,#4441,.T.);
#2316=ORIENTED_EDGE('',*,*,#4426,.T.);
#2317=ORIENTED_EDGE('',*,*,#4330,.F.);
#2318=ORIENTED_EDGE('',*,*,#4389,.T.);
#2319=ORIENTED_EDGE('',*,*,#4328,.T.);
#2320=ORIENTED_EDGE('',*,*,#4388,.T.);
#2321=ORIENTED_EDGE('',*,*,#4327,.T.);
#2322=ORIENTED_EDGE('',*,*,#4387,.T.);
#2323=ORIENTED_EDGE('',*,*,#4326,.T.);
#2324=ORIENTED_EDGE('',*,*,#4321,.T.);
#2325=ORIENTED_EDGE('',*,*,#4372,.T.);
#2326=ORIENTED_EDGE('',*,*,#4403,.F.);
#2327=ORIENTED_EDGE('',*,*,#4351,.F.);
#2328=ORIENTED_EDGE('',*,*,#4353,.T.);
#2329=ORIENTED_EDGE('',*,*,#4404,.T.);
#2330=ORIENTED_EDGE('',*,*,#4370,.F.);
#2331=ORIENTED_EDGE('',*,*,#4323,.F.);
#2332=ORIENTED_EDGE('',*,*,#4350,.T.);
#2333=ORIENTED_EDGE('',*,*,#4402,.T.);
#2334=ORIENTED_EDGE('',*,*,#4373,.F.);
#2335=ORIENTED_EDGE('',*,*,#4319,.F.);
#2336=ORIENTED_EDGE('',*,*,#4317,.T.);
#2337=ORIENTED_EDGE('',*,*,#4375,.T.);
#2338=ORIENTED_EDGE('',*,*,#4401,.F.);
#2339=ORIENTED_EDGE('',*,*,#4348,.F.);
#2340=ORIENTED_EDGE('',*,*,#4347,.T.);
#2341=ORIENTED_EDGE('',*,*,#4400,.T.);
#2342=ORIENTED_EDGE('',*,*,#4376,.F.);
#2343=ORIENTED_EDGE('',*,*,#4315,.F.);
#2344=ORIENTED_EDGE('',*,*,#4385,.T.);
#2345=ORIENTED_EDGE('',*,*,#4378,.T.);
#2346=ORIENTED_EDGE('',*,*,#4399,.F.);
#2347=ORIENTED_EDGE('',*,*,#4345,.F.);
#2348=ORIENTED_EDGE('',*,*,#4442,.F.);
#2349=ORIENTED_EDGE('',*,*,#4443,.F.);
#2350=ORIENTED_EDGE('',*,*,#4444,.T.);
#2351=ORIENTED_EDGE('',*,*,#4445,.F.);
#2352=ORIENTED_EDGE('',*,*,#4446,.T.);
#2353=ORIENTED_EDGE('',*,*,#4447,.F.);
#2354=ORIENTED_EDGE('',*,*,#4448,.F.);
#2355=ORIENTED_EDGE('',*,*,#4449,.T.);
#2356=ORIENTED_EDGE('',*,*,#4450,.T.);
#2357=ORIENTED_EDGE('',*,*,#4451,.F.);
#2358=ORIENTED_EDGE('',*,*,#4452,.T.);
#2359=ORIENTED_EDGE('',*,*,#4453,.F.);
#2360=ORIENTED_EDGE('',*,*,#4454,.F.);
#2361=ORIENTED_EDGE('',*,*,#4455,.F.);
#2362=ORIENTED_EDGE('',*,*,#4456,.T.);
#2363=ORIENTED_EDGE('',*,*,#4457,.T.);
#2364=ORIENTED_EDGE('',*,*,#4458,.T.);
#2365=ORIENTED_EDGE('',*,*,#4459,.F.);
#2366=ORIENTED_EDGE('',*,*,#4450,.F.);
#2367=ORIENTED_EDGE('',*,*,#4460,.T.);
#2368=ORIENTED_EDGE('',*,*,#4461,.F.);
#2369=ORIENTED_EDGE('',*,*,#4462,.T.);
#2370=ORIENTED_EDGE('',*,*,#4463,.T.);
#2371=ORIENTED_EDGE('',*,*,#4464,.T.);
#2372=ORIENTED_EDGE('',*,*,#4442,.T.);
#2373=ORIENTED_EDGE('',*,*,#4465,.F.);
#2374=ORIENTED_EDGE('',*,*,#4466,.T.);
#2375=ORIENTED_EDGE('',*,*,#4467,.T.);
#2376=ORIENTED_EDGE('',*,*,#4468,.T.);
#2377=ORIENTED_EDGE('',*,*,#4469,.T.);
#2378=ORIENTED_EDGE('',*,*,#4470,.T.);
#2379=ORIENTED_EDGE('',*,*,#4471,.T.);
#2380=ORIENTED_EDGE('',*,*,#4472,.F.);
#2381=ORIENTED_EDGE('',*,*,#4473,.F.);
#2382=ORIENTED_EDGE('',*,*,#4474,.T.);
#2383=ORIENTED_EDGE('',*,*,#4475,.F.);
#2384=ORIENTED_EDGE('',*,*,#4476,.T.);
#2385=ORIENTED_EDGE('',*,*,#4451,.T.);
#2386=ORIENTED_EDGE('',*,*,#4459,.T.);
#2387=ORIENTED_EDGE('',*,*,#4477,.F.);
#2388=ORIENTED_EDGE('',*,*,#4478,.T.);
#2389=ORIENTED_EDGE('',*,*,#4479,.F.);
#2390=ORIENTED_EDGE('',*,*,#4480,.F.);
#2391=ORIENTED_EDGE('',*,*,#4481,.F.);
#2392=ORIENTED_EDGE('',*,*,#4482,.F.);
#2393=ORIENTED_EDGE('',*,*,#4483,.T.);
#2394=ORIENTED_EDGE('',*,*,#4484,.F.);
#2395=ORIENTED_EDGE('',*,*,#4474,.F.);
#2396=ORIENTED_EDGE('',*,*,#4485,.F.);
#2397=ORIENTED_EDGE('',*,*,#4486,.T.);
#2398=ORIENTED_EDGE('',*,*,#4487,.T.);
#2399=ORIENTED_EDGE('',*,*,#4488,.F.);
#2400=ORIENTED_EDGE('',*,*,#4489,.F.);
#2401=ORIENTED_EDGE('',*,*,#4490,.F.);
#2402=ORIENTED_EDGE('',*,*,#4491,.F.);
#2403=ORIENTED_EDGE('',*,*,#4492,.F.);
#2404=ORIENTED_EDGE('',*,*,#4493,.F.);
#2405=ORIENTED_EDGE('',*,*,#4494,.F.);
#2406=ORIENTED_EDGE('',*,*,#4495,.F.);
#2407=ORIENTED_EDGE('',*,*,#4496,.F.);
#2408=ORIENTED_EDGE('',*,*,#4445,.T.);
#2409=ORIENTED_EDGE('',*,*,#4497,.T.);
#2410=ORIENTED_EDGE('',*,*,#4498,.F.);
#2411=ORIENTED_EDGE('',*,*,#4499,.F.);
#2412=ORIENTED_EDGE('',*,*,#4500,.F.);
#2413=ORIENTED_EDGE('',*,*,#4486,.F.);
#2414=ORIENTED_EDGE('',*,*,#4501,.T.);
#2415=ORIENTED_EDGE('',*,*,#4502,.F.);
#2416=ORIENTED_EDGE('',*,*,#4503,.F.);
#2417=ORIENTED_EDGE('',*,*,#4504,.F.);
#2418=ORIENTED_EDGE('',*,*,#4505,.T.);
#2419=ORIENTED_EDGE('',*,*,#4506,.T.);
#2420=ORIENTED_EDGE('',*,*,#4507,.F.);
#2421=ORIENTED_EDGE('',*,*,#4508,.F.);
#2422=ORIENTED_EDGE('',*,*,#4509,.F.);
#2423=ORIENTED_EDGE('',*,*,#4443,.T.);
#2424=ORIENTED_EDGE('',*,*,#4464,.F.);
#2425=ORIENTED_EDGE('',*,*,#4510,.F.);
#2426=ORIENTED_EDGE('',*,*,#4511,.F.);
#2427=ORIENTED_EDGE('',*,*,#4512,.F.);
#2428=ORIENTED_EDGE('',*,*,#4513,.F.);
#2429=ORIENTED_EDGE('',*,*,#4514,.T.);
#2430=ORIENTED_EDGE('',*,*,#4515,.F.);
#2431=ORIENTED_EDGE('',*,*,#4516,.F.);
#2432=ORIENTED_EDGE('',*,*,#4517,.T.);
#2433=ORIENTED_EDGE('',*,*,#4518,.T.);
#2434=ORIENTED_EDGE('',*,*,#4497,.F.);
#2435=ORIENTED_EDGE('',*,*,#4444,.F.);
#2436=ORIENTED_EDGE('',*,*,#4509,.T.);
#2437=ORIENTED_EDGE('',*,*,#4519,.F.);
#2438=ORIENTED_EDGE('',*,*,#4520,.T.);
#2439=ORIENTED_EDGE('',*,*,#4521,.T.);
#2440=ORIENTED_EDGE('',*,*,#4522,.T.);
#2441=ORIENTED_EDGE('',*,*,#4523,.F.);
#2442=ORIENTED_EDGE('',*,*,#4524,.F.);
#2443=ORIENTED_EDGE('',*,*,#4517,.F.);
#2444=ORIENTED_EDGE('',*,*,#4525,.T.);
#2445=ORIENTED_EDGE('',*,*,#4526,.T.);
#2446=ORIENTED_EDGE('',*,*,#4519,.T.);
#2447=ORIENTED_EDGE('',*,*,#4527,.F.);
#2448=ORIENTED_EDGE('',*,*,#4487,.F.);
#2449=ORIENTED_EDGE('',*,*,#4500,.T.);
#2450=ORIENTED_EDGE('',*,*,#4528,.F.);
#2451=ORIENTED_EDGE('',*,*,#4529,.F.);
#2452=ORIENTED_EDGE('',*,*,#4530,.F.);
#2453=ORIENTED_EDGE('',*,*,#4522,.F.);
#2454=ORIENTED_EDGE('',*,*,#4531,.T.);
#2455=ORIENTED_EDGE('',*,*,#4532,.T.);
#2456=ORIENTED_EDGE('',*,*,#4533,.F.);
#2457=ORIENTED_EDGE('',*,*,#4534,.F.);
#2458=ORIENTED_EDGE('',*,*,#4462,.F.);
#2459=ORIENTED_EDGE('',*,*,#4535,.F.);
#2460=ORIENTED_EDGE('',*,*,#4536,.F.);
#2461=ORIENTED_EDGE('',*,*,#4498,.T.);
#2462=ORIENTED_EDGE('',*,*,#4518,.F.);
#2463=ORIENTED_EDGE('',*,*,#4524,.T.);
#2464=ORIENTED_EDGE('',*,*,#4537,.F.);
#2465=ORIENTED_EDGE('',*,*,#4538,.F.);
#2466=ORIENTED_EDGE('',*,*,#4534,.T.);
#2467=ORIENTED_EDGE('',*,*,#4539,.F.);
#2468=ORIENTED_EDGE('',*,*,#4540,.T.);
#2469=ORIENTED_EDGE('',*,*,#4506,.F.);
#2470=ORIENTED_EDGE('',*,*,#4463,.F.);
#2471=ORIENTED_EDGE('',*,*,#4540,.F.);
#2472=ORIENTED_EDGE('',*,*,#4541,.F.);
#2473=ORIENTED_EDGE('',*,*,#4542,.T.);
#2474=ORIENTED_EDGE('',*,*,#4507,.T.);
#2475=ORIENTED_EDGE('',*,*,#4520,.F.);
#2476=ORIENTED_EDGE('',*,*,#4526,.F.);
#2477=ORIENTED_EDGE('',*,*,#4543,.T.);
#2478=ORIENTED_EDGE('',*,*,#4544,.T.);
#2479=ORIENTED_EDGE('',*,*,#4531,.F.);
#2480=ORIENTED_EDGE('',*,*,#4521,.F.);
#2481=ORIENTED_EDGE('',*,*,#4544,.F.);
#2482=ORIENTED_EDGE('',*,*,#4545,.T.);
#2483=ORIENTED_EDGE('',*,*,#4546,.T.);
#2484=ORIENTED_EDGE('',*,*,#4532,.F.);
#2485=ORIENTED_EDGE('',*,*,#4546,.F.);
#2486=ORIENTED_EDGE('',*,*,#4547,.T.);
#2487=ORIENTED_EDGE('',*,*,#4548,.T.);
#2488=ORIENTED_EDGE('',*,*,#4539,.T.);
#2489=ORIENTED_EDGE('',*,*,#4533,.T.);
#2490=ORIENTED_EDGE('',*,*,#4548,.F.);
#2491=ORIENTED_EDGE('',*,*,#4549,.F.);
#2492=ORIENTED_EDGE('',*,*,#4541,.T.);
#2493=ORIENTED_EDGE('',*,*,#4550,.T.);
#2494=ORIENTED_EDGE('',*,*,#4549,.T.);
#2495=ORIENTED_EDGE('',*,*,#4547,.F.);
#2496=ORIENTED_EDGE('',*,*,#4545,.F.);
#2497=ORIENTED_EDGE('',*,*,#4504,.T.);
#2498=ORIENTED_EDGE('',*,*,#4551,.T.);
#2499=ORIENTED_EDGE('',*,*,#4552,.T.);
#2500=ORIENTED_EDGE('',*,*,#4553,.T.);
#2501=ORIENTED_EDGE('',*,*,#4554,.T.);
#2502=ORIENTED_EDGE('',*,*,#4554,.F.);
#2503=ORIENTED_EDGE('',*,*,#4510,.T.);
#2504=ORIENTED_EDGE('',*,*,#4553,.F.);
#2505=ORIENTED_EDGE('',*,*,#4511,.T.);
#2506=ORIENTED_EDGE('',*,*,#4552,.F.);
#2507=ORIENTED_EDGE('',*,*,#4512,.T.);
#2508=ORIENTED_EDGE('',*,*,#4551,.F.);
#2509=ORIENTED_EDGE('',*,*,#4513,.T.);
#2510=ORIENTED_EDGE('',*,*,#4542,.F.);
#2511=ORIENTED_EDGE('',*,*,#4555,.F.);
#2512=ORIENTED_EDGE('',*,*,#4514,.F.);
#2513=ORIENTED_EDGE('',*,*,#4508,.T.);
#2514=ORIENTED_EDGE('',*,*,#4543,.F.);
#2515=ORIENTED_EDGE('',*,*,#4525,.F.);
#2516=ORIENTED_EDGE('',*,*,#4516,.T.);
#2517=ORIENTED_EDGE('',*,*,#4556,.T.);
#2518=ORIENTED_EDGE('',*,*,#4556,.F.);
#2519=ORIENTED_EDGE('',*,*,#4515,.T.);
#2520=ORIENTED_EDGE('',*,*,#4555,.T.);
#2521=ORIENTED_EDGE('',*,*,#4550,.F.);
#2522=ORIENTED_EDGE('',*,*,#4503,.T.);
#2523=ORIENTED_EDGE('',*,*,#4557,.F.);
#2524=ORIENTED_EDGE('',*,*,#4452,.F.);
#2525=ORIENTED_EDGE('',*,*,#4558,.F.);
#2526=ORIENTED_EDGE('',*,*,#4446,.F.);
#2527=ORIENTED_EDGE('',*,*,#4505,.F.);
#2528=ORIENTED_EDGE('',*,*,#4501,.F.);
#2529=ORIENTED_EDGE('',*,*,#4485,.T.);
#2530=ORIENTED_EDGE('',*,*,#4473,.T.);
#2531=ORIENTED_EDGE('',*,*,#4559,.T.);
#2532=ORIENTED_EDGE('',*,*,#4560,.T.);
#2533=ORIENTED_EDGE('',*,*,#4502,.T.);
#2534=ORIENTED_EDGE('',*,*,#4560,.F.);
#2535=ORIENTED_EDGE('',*,*,#4561,.F.);
#2536=ORIENTED_EDGE('',*,*,#4557,.T.);
#2537=ORIENTED_EDGE('',*,*,#4495,.T.);
#2538=ORIENTED_EDGE('',*,*,#4562,.F.);
#2539=ORIENTED_EDGE('',*,*,#4563,.F.);
#2540=ORIENTED_EDGE('',*,*,#4564,.F.);
#2541=ORIENTED_EDGE('',*,*,#4565,.F.);
#2542=ORIENTED_EDGE('',*,*,#4566,.T.);
#2543=ORIENTED_EDGE('',*,*,#4567,.T.);
#2544=ORIENTED_EDGE('',*,*,#4568,.F.);
#2545=ORIENTED_EDGE('',*,*,#4566,.F.);
#2546=ORIENTED_EDGE('',*,*,#4569,.F.);
#2547=ORIENTED_EDGE('',*,*,#4478,.F.);
#2548=ORIENTED_EDGE('',*,*,#4567,.F.);
#2549=ORIENTED_EDGE('',*,*,#4570,.F.);
#2550=ORIENTED_EDGE('',*,*,#4454,.T.);
#2551=ORIENTED_EDGE('',*,*,#4571,.T.);
#2552=ORIENTED_EDGE('',*,*,#4572,.F.);
#2553=ORIENTED_EDGE('',*,*,#4571,.F.);
#2554=ORIENTED_EDGE('',*,*,#4573,.F.);
#2555=ORIENTED_EDGE('',*,*,#4563,.T.);
#2556=ORIENTED_EDGE('',*,*,#4574,.F.);
#2557=ORIENTED_EDGE('',*,*,#4575,.T.);
#2558=ORIENTED_EDGE('',*,*,#4559,.F.);
#2559=ORIENTED_EDGE('',*,*,#4576,.F.);
#2560=ORIENTED_EDGE('',*,*,#4577,.F.);
#2561=ORIENTED_EDGE('',*,*,#4578,.F.);
#2562=ORIENTED_EDGE('',*,*,#4564,.T.);
#2563=ORIENTED_EDGE('',*,*,#4453,.T.);
#2564=ORIENTED_EDGE('',*,*,#4561,.T.);
#2565=ORIENTED_EDGE('',*,*,#4575,.F.);
#2566=ORIENTED_EDGE('',*,*,#4573,.T.);
#2567=ORIENTED_EDGE('',*,*,#4470,.F.);
#2568=ORIENTED_EDGE('',*,*,#4468,.F.);
#2569=ORIENTED_EDGE('',*,*,#4466,.F.);
#2570=ORIENTED_EDGE('',*,*,#4579,.T.);
#2571=ORIENTED_EDGE('',*,*,#4456,.F.);
#2572=ORIENTED_EDGE('',*,*,#4580,.F.);
#2573=ORIENTED_EDGE('',*,*,#4577,.T.);
#2574=ORIENTED_EDGE('',*,*,#4581,.F.);
#2575=ORIENTED_EDGE('',*,*,#4582,.F.);
#2576=ORIENTED_EDGE('',*,*,#4537,.T.);
#2577=ORIENTED_EDGE('',*,*,#4527,.T.);
#2578=ORIENTED_EDGE('',*,*,#4523,.T.);
#2579=ORIENTED_EDGE('',*,*,#4530,.T.);
#2580=ORIENTED_EDGE('',*,*,#4583,.F.);
#2581=ORIENTED_EDGE('',*,*,#4528,.T.);
#2582=ORIENTED_EDGE('',*,*,#4499,.T.);
#2583=ORIENTED_EDGE('',*,*,#4536,.T.);
#2584=ORIENTED_EDGE('',*,*,#4584,.F.);
#2585=ORIENTED_EDGE('',*,*,#4585,.T.);
#2586=ORIENTED_EDGE('',*,*,#4586,.T.);
#2587=ORIENTED_EDGE('',*,*,#4587,.F.);
#2588=ORIENTED_EDGE('',*,*,#4588,.F.);
#2589=ORIENTED_EDGE('',*,*,#4589,.T.);
#2590=ORIENTED_EDGE('',*,*,#4586,.F.);
#2591=ORIENTED_EDGE('',*,*,#4590,.F.);
#2592=ORIENTED_EDGE('',*,*,#4591,.F.);
#2593=ORIENTED_EDGE('',*,*,#4490,.T.);
#2594=ORIENTED_EDGE('',*,*,#4592,.F.);
#2595=ORIENTED_EDGE('',*,*,#4590,.T.);
#2596=ORIENTED_EDGE('',*,*,#4585,.F.);
#2597=ORIENTED_EDGE('',*,*,#4593,.T.);
#2598=ORIENTED_EDGE('',*,*,#4582,.T.);
#2599=ORIENTED_EDGE('',*,*,#4594,.F.);
#2600=ORIENTED_EDGE('',*,*,#4475,.T.);
#2601=ORIENTED_EDGE('',*,*,#4489,.T.);
#2602=ORIENTED_EDGE('',*,*,#4595,.F.);
#2603=ORIENTED_EDGE('',*,*,#4460,.F.);
#2604=ORIENTED_EDGE('',*,*,#4465,.T.);
#2605=ORIENTED_EDGE('',*,*,#4448,.T.);
#2606=ORIENTED_EDGE('',*,*,#4596,.F.);
#2607=ORIENTED_EDGE('',*,*,#4477,.T.);
#2608=ORIENTED_EDGE('',*,*,#4458,.F.);
#2609=ORIENTED_EDGE('',*,*,#4449,.F.);
#2610=ORIENTED_EDGE('',*,*,#4597,.F.);
#2611=ORIENTED_EDGE('',*,*,#4587,.T.);
#2612=ORIENTED_EDGE('',*,*,#4589,.F.);
#2613=ORIENTED_EDGE('',*,*,#4598,.F.);
#2614=ORIENTED_EDGE('',*,*,#4483,.F.);
#2615=ORIENTED_EDGE('',*,*,#4599,.F.);
#2616=ORIENTED_EDGE('',*,*,#4596,.T.);
#2617=ORIENTED_EDGE('',*,*,#4447,.T.);
#2618=ORIENTED_EDGE('',*,*,#4558,.T.);
#2619=ORIENTED_EDGE('',*,*,#4476,.F.);
#2620=ORIENTED_EDGE('',*,*,#4592,.T.);
#2621=ORIENTED_EDGE('',*,*,#4496,.T.);
#2622=ORIENTED_EDGE('',*,*,#4568,.T.);
#2623=ORIENTED_EDGE('',*,*,#4484,.T.);
#2624=ORIENTED_EDGE('',*,*,#4598,.T.);
#2625=ORIENTED_EDGE('',*,*,#4591,.T.);
#2626=ORIENTED_EDGE('',*,*,#4594,.T.);
#2627=ORIENTED_EDGE('',*,*,#4581,.T.);
#2628=ORIENTED_EDGE('',*,*,#4576,.T.);
#2629=ORIENTED_EDGE('',*,*,#4472,.T.);
#2630=ORIENTED_EDGE('',*,*,#4565,.T.);
#2631=ORIENTED_EDGE('',*,*,#4578,.T.);
#2632=ORIENTED_EDGE('',*,*,#4580,.T.);
#2633=ORIENTED_EDGE('',*,*,#4455,.T.);
#2634=ORIENTED_EDGE('',*,*,#4570,.T.);
#2635=ORIENTED_EDGE('',*,*,#4569,.T.);
#2636=ORIENTED_EDGE('',*,*,#4599,.T.);
#2637=ORIENTED_EDGE('',*,*,#4482,.T.);
#2638=ORIENTED_EDGE('',*,*,#4600,.T.);
#2639=ORIENTED_EDGE('',*,*,#4461,.T.);
#2640=ORIENTED_EDGE('',*,*,#4600,.F.);
#2641=ORIENTED_EDGE('',*,*,#4481,.T.);
#2642=ORIENTED_EDGE('',*,*,#4601,.T.);
#2643=ORIENTED_EDGE('',*,*,#4535,.T.);
#2644=ORIENTED_EDGE('',*,*,#4601,.F.);
#2645=ORIENTED_EDGE('',*,*,#4480,.T.);
#2646=ORIENTED_EDGE('',*,*,#4602,.T.);
#2647=ORIENTED_EDGE('',*,*,#4583,.T.);
#2648=ORIENTED_EDGE('',*,*,#4574,.T.);
#2649=ORIENTED_EDGE('',*,*,#4562,.T.);
#2650=ORIENTED_EDGE('',*,*,#4494,.T.);
#2651=ORIENTED_EDGE('',*,*,#4603,.T.);
#2652=ORIENTED_EDGE('',*,*,#4538,.T.);
#2653=ORIENTED_EDGE('',*,*,#4602,.F.);
#2654=ORIENTED_EDGE('',*,*,#4479,.T.);
#2655=ORIENTED_EDGE('',*,*,#4572,.T.);
#2656=ORIENTED_EDGE('',*,*,#4603,.F.);
#2657=ORIENTED_EDGE('',*,*,#4493,.T.);
#2658=ORIENTED_EDGE('',*,*,#4604,.T.);
#2659=ORIENTED_EDGE('',*,*,#4584,.T.);
#2660=ORIENTED_EDGE('',*,*,#4604,.F.);
#2661=ORIENTED_EDGE('',*,*,#4492,.T.);
#2662=ORIENTED_EDGE('',*,*,#4605,.T.);
#2663=ORIENTED_EDGE('',*,*,#4529,.T.);
#2664=ORIENTED_EDGE('',*,*,#4605,.F.);
#2665=ORIENTED_EDGE('',*,*,#4491,.T.);
#2666=ORIENTED_EDGE('',*,*,#4595,.T.);
#2667=ORIENTED_EDGE('',*,*,#4488,.T.);
#2668=ORIENTED_EDGE('',*,*,#4467,.F.);
#2669=ORIENTED_EDGE('',*,*,#4469,.F.);
#2670=ORIENTED_EDGE('',*,*,#4471,.F.);
#2671=ORIENTED_EDGE('',*,*,#4457,.F.);
#2672=ORIENTED_EDGE('',*,*,#4579,.F.);
#2673=ORIENTED_EDGE('',*,*,#4593,.F.);
#2674=ORIENTED_EDGE('',*,*,#4588,.T.);
#2675=ORIENTED_EDGE('',*,*,#4597,.T.);
#2676=ORIENTED_EDGE('',*,*,#4606,.T.);
#2677=ORIENTED_EDGE('',*,*,#4607,.T.);
#2678=ORIENTED_EDGE('',*,*,#4608,.T.);
#2679=ORIENTED_EDGE('',*,*,#4609,.F.);
#2680=ORIENTED_EDGE('',*,*,#4610,.F.);
#2681=ORIENTED_EDGE('',*,*,#4609,.T.);
#2682=ORIENTED_EDGE('',*,*,#4611,.T.);
#2683=ORIENTED_EDGE('',*,*,#4612,.F.);
#2684=ORIENTED_EDGE('',*,*,#4613,.F.);
#2685=ORIENTED_EDGE('',*,*,#4612,.T.);
#2686=ORIENTED_EDGE('',*,*,#4614,.T.);
#2687=ORIENTED_EDGE('',*,*,#4615,.F.);
#2688=ORIENTED_EDGE('',*,*,#4616,.F.);
#2689=ORIENTED_EDGE('',*,*,#4617,.T.);
#2690=ORIENTED_EDGE('',*,*,#4615,.T.);
#2691=ORIENTED_EDGE('',*,*,#4618,.F.);
#2692=ORIENTED_EDGE('',*,*,#4619,.F.);
#2693=ORIENTED_EDGE('',*,*,#4620,.T.);
#2694=ORIENTED_EDGE('',*,*,#4619,.T.);
#2695=ORIENTED_EDGE('',*,*,#4621,.F.);
#2696=ORIENTED_EDGE('',*,*,#4622,.F.);
#2697=ORIENTED_EDGE('',*,*,#4623,.T.);
#2698=ORIENTED_EDGE('',*,*,#4622,.T.);
#2699=ORIENTED_EDGE('',*,*,#4624,.F.);
#2700=ORIENTED_EDGE('',*,*,#4625,.F.);
#2701=ORIENTED_EDGE('',*,*,#4626,.T.);
#2702=ORIENTED_EDGE('',*,*,#4625,.T.);
#2703=ORIENTED_EDGE('',*,*,#4627,.F.);
#2704=ORIENTED_EDGE('',*,*,#4628,.F.);
#2705=ORIENTED_EDGE('',*,*,#4629,.T.);
#2706=ORIENTED_EDGE('',*,*,#4628,.T.);
#2707=ORIENTED_EDGE('',*,*,#4630,.F.);
#2708=ORIENTED_EDGE('',*,*,#4631,.F.);
#2709=ORIENTED_EDGE('',*,*,#4632,.T.);
#2710=ORIENTED_EDGE('',*,*,#4633,.T.);
#2711=ORIENTED_EDGE('',*,*,#4607,.F.);
#2712=ORIENTED_EDGE('',*,*,#4634,.F.);
#2713=ORIENTED_EDGE('',*,*,#4606,.F.);
#2714=ORIENTED_EDGE('',*,*,#4635,.T.);
#2715=ORIENTED_EDGE('',*,*,#4636,.T.);
#2716=ORIENTED_EDGE('',*,*,#4631,.T.);
#2717=ORIENTED_EDGE('',*,*,#4637,.F.);
#2718=ORIENTED_EDGE('',*,*,#4638,.F.);
#2719=ORIENTED_EDGE('',*,*,#4639,.T.);
#2720=ORIENTED_EDGE('',*,*,#4637,.T.);
#2721=ORIENTED_EDGE('',*,*,#4630,.T.);
#2722=ORIENTED_EDGE('',*,*,#4627,.T.);
#2723=ORIENTED_EDGE('',*,*,#4624,.T.);
#2724=ORIENTED_EDGE('',*,*,#4621,.T.);
#2725=ORIENTED_EDGE('',*,*,#4618,.T.);
#2726=ORIENTED_EDGE('',*,*,#4614,.F.);
#2727=ORIENTED_EDGE('',*,*,#4611,.F.);
#2728=ORIENTED_EDGE('',*,*,#4608,.F.);
#2729=ORIENTED_EDGE('',*,*,#4633,.F.);
#2730=ORIENTED_EDGE('',*,*,#4640,.F.);
#2731=ORIENTED_EDGE('',*,*,#4641,.T.);
#2732=ORIENTED_EDGE('',*,*,#4634,.T.);
#2733=ORIENTED_EDGE('',*,*,#4610,.T.);
#2734=ORIENTED_EDGE('',*,*,#4613,.T.);
#2735=ORIENTED_EDGE('',*,*,#4616,.T.);
#2736=ORIENTED_EDGE('',*,*,#4617,.F.);
#2737=ORIENTED_EDGE('',*,*,#4620,.F.);
#2738=ORIENTED_EDGE('',*,*,#4623,.F.);
#2739=ORIENTED_EDGE('',*,*,#4626,.F.);
#2740=ORIENTED_EDGE('',*,*,#4629,.F.);
#2741=ORIENTED_EDGE('',*,*,#4636,.F.);
#2742=ORIENTED_EDGE('',*,*,#4642,.F.);
#2743=ORIENTED_EDGE('',*,*,#4643,.T.);
#2744=ORIENTED_EDGE('',*,*,#4640,.T.);
#2745=ORIENTED_EDGE('',*,*,#4632,.F.);
#2746=ORIENTED_EDGE('',*,*,#4641,.F.);
#2747=ORIENTED_EDGE('',*,*,#4635,.F.);
#2748=ORIENTED_EDGE('',*,*,#4642,.T.);
#2749=ORIENTED_EDGE('',*,*,#4638,.T.);
#2750=ORIENTED_EDGE('',*,*,#4639,.F.);
#2751=ORIENTED_EDGE('',*,*,#4643,.F.);
#2752=ORIENTED_EDGE('',*,*,#4644,.T.);
#2753=ORIENTED_EDGE('',*,*,#4645,.T.);
#2754=ORIENTED_EDGE('',*,*,#4646,.T.);
#2755=ORIENTED_EDGE('',*,*,#4647,.T.);
#2756=ORIENTED_EDGE('',*,*,#4648,.F.);
#2757=ORIENTED_EDGE('',*,*,#4649,.T.);
#2758=ORIENTED_EDGE('',*,*,#4650,.F.);
#2759=ORIENTED_EDGE('',*,*,#4644,.F.);
#2760=ORIENTED_EDGE('',*,*,#4646,.F.);
#2761=ORIENTED_EDGE('',*,*,#4649,.F.);
#2762=ORIENTED_EDGE('',*,*,#4651,.T.);
#2763=ORIENTED_EDGE('',*,*,#4652,.T.);
#2764=ORIENTED_EDGE('',*,*,#4653,.T.);
#2765=ORIENTED_EDGE('',*,*,#4654,.F.);
#2766=ORIENTED_EDGE('',*,*,#4650,.T.);
#2767=ORIENTED_EDGE('',*,*,#4653,.F.);
#2768=ORIENTED_EDGE('',*,*,#4655,.T.);
#2769=ORIENTED_EDGE('',*,*,#4651,.F.);
#2770=ORIENTED_EDGE('',*,*,#4656,.T.);
#2771=ORIENTED_EDGE('',*,*,#4657,.F.);
#2772=ORIENTED_EDGE('',*,*,#4658,.T.);
#2773=ORIENTED_EDGE('',*,*,#4657,.T.);
#2774=ORIENTED_EDGE('',*,*,#4659,.F.);
#2775=ORIENTED_EDGE('',*,*,#4660,.F.);
#2776=ORIENTED_EDGE('',*,*,#4661,.T.);
#2777=ORIENTED_EDGE('',*,*,#4656,.F.);
#2778=ORIENTED_EDGE('',*,*,#4662,.F.);
#2779=ORIENTED_EDGE('',*,*,#4663,.T.);
#2780=ORIENTED_EDGE('',*,*,#4659,.T.);
#2781=ORIENTED_EDGE('',*,*,#4655,.F.);
#2782=ORIENTED_EDGE('',*,*,#4664,.F.);
#2783=ORIENTED_EDGE('',*,*,#4665,.T.);
#2784=ORIENTED_EDGE('',*,*,#4662,.T.);
#2785=ORIENTED_EDGE('',*,*,#4666,.T.);
#2786=ORIENTED_EDGE('',*,*,#4661,.F.);
#2787=ORIENTED_EDGE('',*,*,#4667,.F.);
#2788=ORIENTED_EDGE('',*,*,#4664,.T.);
#2789=ORIENTED_EDGE('',*,*,#4660,.T.);
#2790=ORIENTED_EDGE('',*,*,#4663,.F.);
#2791=ORIENTED_EDGE('',*,*,#4665,.F.);
#2792=ORIENTED_EDGE('',*,*,#4667,.T.);
#2793=ORIENTED_EDGE('',*,*,#4652,.F.);
#2794=ORIENTED_EDGE('',*,*,#4658,.F.);
#2795=ORIENTED_EDGE('',*,*,#4666,.F.);
#2796=ORIENTED_EDGE('',*,*,#4645,.F.);
#2797=ORIENTED_EDGE('',*,*,#4668,.F.);
#2798=ORIENTED_EDGE('',*,*,#4669,.T.);
#2799=ORIENTED_EDGE('',*,*,#4670,.T.);
#2800=ORIENTED_EDGE('',*,*,#4654,.T.);
#2801=ORIENTED_EDGE('',*,*,#4671,.F.);
#2802=ORIENTED_EDGE('',*,*,#4672,.F.);
#2803=ORIENTED_EDGE('',*,*,#4668,.T.);
#2804=ORIENTED_EDGE('',*,*,#4648,.T.);
#2805=ORIENTED_EDGE('',*,*,#4673,.F.);
#2806=ORIENTED_EDGE('',*,*,#4674,.F.);
#2807=ORIENTED_EDGE('',*,*,#4671,.T.);
#2808=ORIENTED_EDGE('',*,*,#4647,.F.);
#2809=ORIENTED_EDGE('',*,*,#4670,.F.);
#2810=ORIENTED_EDGE('',*,*,#4675,.T.);
#2811=ORIENTED_EDGE('',*,*,#4673,.T.);
#2812=ORIENTED_EDGE('',*,*,#4669,.F.);
#2813=ORIENTED_EDGE('',*,*,#4672,.T.);
#2814=ORIENTED_EDGE('',*,*,#4674,.T.);
#2815=ORIENTED_EDGE('',*,*,#4675,.F.);
#2816=ORIENTED_EDGE('',*,*,#4676,.T.);
#2817=ORIENTED_EDGE('',*,*,#4677,.F.);
#2818=ORIENTED_EDGE('',*,*,#4678,.F.);
#2819=ORIENTED_EDGE('',*,*,#4679,.F.);
#2820=ORIENTED_EDGE('',*,*,#4680,.T.);
#2821=ORIENTED_EDGE('',*,*,#4681,.T.);
#2822=ORIENTED_EDGE('',*,*,#4682,.F.);
#2823=ORIENTED_EDGE('',*,*,#4683,.F.);
#2824=ORIENTED_EDGE('',*,*,#4678,.T.);
#2825=ORIENTED_EDGE('',*,*,#4684,.T.);
#2826=ORIENTED_EDGE('',*,*,#4685,.F.);
#2827=ORIENTED_EDGE('',*,*,#4686,.F.);
#2828=ORIENTED_EDGE('',*,*,#4682,.T.);
#2829=ORIENTED_EDGE('',*,*,#4687,.T.);
#2830=ORIENTED_EDGE('',*,*,#4688,.F.);
#2831=ORIENTED_EDGE('',*,*,#4689,.T.);
#2832=ORIENTED_EDGE('',*,*,#4690,.F.);
#2833=ORIENTED_EDGE('',*,*,#4691,.T.);
#2834=ORIENTED_EDGE('',*,*,#4692,.F.);
#2835=ORIENTED_EDGE('',*,*,#4693,.T.);
#2836=ORIENTED_EDGE('',*,*,#4694,.F.);
#2837=ORIENTED_EDGE('',*,*,#4695,.T.);
#2838=ORIENTED_EDGE('',*,*,#4696,.F.);
#2839=ORIENTED_EDGE('',*,*,#4697,.F.);
#2840=ORIENTED_EDGE('',*,*,#4676,.F.);
#2841=ORIENTED_EDGE('',*,*,#4698,.T.);
#2842=ORIENTED_EDGE('',*,*,#4685,.T.);
#2843=ORIENTED_EDGE('',*,*,#4699,.T.);
#2844=ORIENTED_EDGE('',*,*,#4700,.F.);
#2845=ORIENTED_EDGE('',*,*,#4679,.T.);
#2846=ORIENTED_EDGE('',*,*,#4683,.T.);
#2847=ORIENTED_EDGE('',*,*,#4686,.T.);
#2848=ORIENTED_EDGE('',*,*,#4698,.F.);
#2849=ORIENTED_EDGE('',*,*,#4695,.F.);
#2850=ORIENTED_EDGE('',*,*,#4693,.F.);
#2851=ORIENTED_EDGE('',*,*,#4691,.F.);
#2852=ORIENTED_EDGE('',*,*,#4689,.F.);
#2853=ORIENTED_EDGE('',*,*,#4687,.F.);
#2854=ORIENTED_EDGE('',*,*,#4699,.F.);
#2855=ORIENTED_EDGE('',*,*,#4681,.F.);
#2856=ORIENTED_EDGE('',*,*,#4677,.T.);
#2857=ORIENTED_EDGE('',*,*,#4697,.T.);
#2858=ORIENTED_EDGE('',*,*,#4684,.F.);
#2859=ORIENTED_EDGE('',*,*,#4694,.T.);
#2860=ORIENTED_EDGE('',*,*,#4692,.T.);
#2861=ORIENTED_EDGE('',*,*,#4690,.T.);
#2862=ORIENTED_EDGE('',*,*,#4688,.T.);
#2863=ORIENTED_EDGE('',*,*,#4700,.T.);
#2864=ORIENTED_EDGE('',*,*,#4701,.F.);
#2865=ORIENTED_EDGE('',*,*,#4702,.T.);
#2866=ORIENTED_EDGE('',*,*,#4680,.F.);
#2867=ORIENTED_EDGE('',*,*,#4701,.T.);
#2868=ORIENTED_EDGE('',*,*,#4696,.T.);
#2869=ORIENTED_EDGE('',*,*,#4702,.F.);
#2870=ORIENTED_EDGE('',*,*,#4703,.T.);
#2871=ORIENTED_EDGE('',*,*,#4704,.T.);
#2872=ORIENTED_EDGE('',*,*,#4705,.F.);
#2873=ORIENTED_EDGE('',*,*,#4706,.T.);
#2874=ORIENTED_EDGE('',*,*,#4707,.F.);
#2875=ORIENTED_EDGE('',*,*,#4708,.F.);
#2876=ORIENTED_EDGE('',*,*,#4709,.F.);
#2877=ORIENTED_EDGE('',*,*,#4710,.T.);
#2878=ORIENTED_EDGE('',*,*,#4711,.F.);
#2879=ORIENTED_EDGE('',*,*,#4712,.F.);
#2880=ORIENTED_EDGE('',*,*,#4713,.F.);
#2881=ORIENTED_EDGE('',*,*,#4714,.T.);
#2882=ORIENTED_EDGE('',*,*,#4715,.F.);
#2883=ORIENTED_EDGE('',*,*,#4716,.T.);
#2884=ORIENTED_EDGE('',*,*,#4717,.F.);
#2885=ORIENTED_EDGE('',*,*,#4718,.T.);
#2886=ORIENTED_EDGE('',*,*,#4719,.F.);
#2887=ORIENTED_EDGE('',*,*,#4720,.F.);
#2888=ORIENTED_EDGE('',*,*,#4721,.T.);
#2889=ORIENTED_EDGE('',*,*,#4722,.F.);
#2890=ORIENTED_EDGE('',*,*,#4723,.F.);
#2891=ORIENTED_EDGE('',*,*,#4724,.F.);
#2892=ORIENTED_EDGE('',*,*,#4725,.F.);
#2893=ORIENTED_EDGE('',*,*,#4726,.T.);
#2894=ORIENTED_EDGE('',*,*,#4727,.T.);
#2895=ORIENTED_EDGE('',*,*,#4728,.F.);
#2896=ORIENTED_EDGE('',*,*,#4729,.T.);
#2897=ORIENTED_EDGE('',*,*,#4730,.T.);
#2898=ORIENTED_EDGE('',*,*,#4731,.T.);
#2899=ORIENTED_EDGE('',*,*,#4732,.T.);
#2900=ORIENTED_EDGE('',*,*,#4733,.T.);
#2901=ORIENTED_EDGE('',*,*,#4734,.F.);
#2902=ORIENTED_EDGE('',*,*,#4735,.F.);
#2903=ORIENTED_EDGE('',*,*,#4736,.F.);
#2904=ORIENTED_EDGE('',*,*,#4737,.F.);
#2905=ORIENTED_EDGE('',*,*,#4738,.T.);
#2906=ORIENTED_EDGE('',*,*,#4739,.T.);
#2907=ORIENTED_EDGE('',*,*,#4740,.T.);
#2908=ORIENTED_EDGE('',*,*,#4741,.F.);
#2909=ORIENTED_EDGE('',*,*,#4712,.T.);
#2910=ORIENTED_EDGE('',*,*,#4742,.T.);
#2911=ORIENTED_EDGE('',*,*,#4743,.F.);
#2912=ORIENTED_EDGE('',*,*,#4738,.F.);
#2913=ORIENTED_EDGE('',*,*,#4744,.F.);
#2914=ORIENTED_EDGE('',*,*,#4726,.F.);
#2915=ORIENTED_EDGE('',*,*,#4745,.F.);
#2916=ORIENTED_EDGE('',*,*,#4746,.F.);
#2917=ORIENTED_EDGE('',*,*,#4742,.F.);
#2918=ORIENTED_EDGE('',*,*,#4711,.T.);
#2919=ORIENTED_EDGE('',*,*,#4747,.T.);
#2920=ORIENTED_EDGE('',*,*,#4748,.T.);
#2921=ORIENTED_EDGE('',*,*,#4749,.T.);
#2922=ORIENTED_EDGE('',*,*,#4706,.F.);
#2923=ORIENTED_EDGE('',*,*,#4750,.T.);
#2924=ORIENTED_EDGE('',*,*,#4720,.T.);
#2925=ORIENTED_EDGE('',*,*,#4751,.F.);
#2926=ORIENTED_EDGE('',*,*,#4721,.F.);
#2927=ORIENTED_EDGE('',*,*,#4750,.F.);
#2928=ORIENTED_EDGE('',*,*,#4705,.T.);
#2929=ORIENTED_EDGE('',*,*,#4752,.T.);
#2930=ORIENTED_EDGE('',*,*,#4722,.T.);
#2931=ORIENTED_EDGE('',*,*,#4752,.F.);
#2932=ORIENTED_EDGE('',*,*,#4704,.F.);
#2933=ORIENTED_EDGE('',*,*,#4753,.T.);
#2934=ORIENTED_EDGE('',*,*,#4754,.T.);
#2935=ORIENTED_EDGE('',*,*,#4723,.T.);
#2936=ORIENTED_EDGE('',*,*,#4753,.F.);
#2937=ORIENTED_EDGE('',*,*,#4703,.F.);
#2938=ORIENTED_EDGE('',*,*,#4755,.F.);
#2939=ORIENTED_EDGE('',*,*,#4756,.F.);
#2940=ORIENTED_EDGE('',*,*,#4757,.F.);
#2941=ORIENTED_EDGE('',*,*,#4758,.F.);
#2942=ORIENTED_EDGE('',*,*,#4759,.T.);
#2943=ORIENTED_EDGE('',*,*,#4760,.T.);
#2944=ORIENTED_EDGE('',*,*,#4761,.T.);
#2945=ORIENTED_EDGE('',*,*,#4762,.T.);
#2946=ORIENTED_EDGE('',*,*,#4763,.T.);
#2947=ORIENTED_EDGE('',*,*,#4764,.T.);
#2948=ORIENTED_EDGE('',*,*,#4765,.T.);
#2949=ORIENTED_EDGE('',*,*,#4766,.T.);
#2950=ORIENTED_EDGE('',*,*,#4767,.T.);
#2951=ORIENTED_EDGE('',*,*,#4736,.T.);
#2952=ORIENTED_EDGE('',*,*,#4768,.T.);
#2953=ORIENTED_EDGE('',*,*,#4747,.F.);
#2954=ORIENTED_EDGE('',*,*,#4710,.F.);
#2955=ORIENTED_EDGE('',*,*,#4769,.F.);
#2956=ORIENTED_EDGE('',*,*,#4727,.F.);
#2957=ORIENTED_EDGE('',*,*,#4749,.F.);
#2958=ORIENTED_EDGE('',*,*,#4770,.T.);
#2959=ORIENTED_EDGE('',*,*,#4734,.T.);
#2960=ORIENTED_EDGE('',*,*,#4771,.F.);
#2961=ORIENTED_EDGE('',*,*,#4772,.F.);
#2962=ORIENTED_EDGE('',*,*,#4773,.F.);
#2963=ORIENTED_EDGE('',*,*,#4774,.F.);
#2964=ORIENTED_EDGE('',*,*,#4768,.F.);
#2965=ORIENTED_EDGE('',*,*,#4735,.T.);
#2966=ORIENTED_EDGE('',*,*,#4770,.F.);
#2967=ORIENTED_EDGE('',*,*,#4748,.F.);
#2968=ORIENTED_EDGE('',*,*,#4740,.F.);
#2969=ORIENTED_EDGE('',*,*,#4775,.F.);
#2970=ORIENTED_EDGE('',*,*,#4745,.T.);
#2971=ORIENTED_EDGE('',*,*,#4725,.T.);
#2972=ORIENTED_EDGE('',*,*,#4776,.F.);
#2973=ORIENTED_EDGE('',*,*,#4777,.T.);
#2974=ORIENTED_EDGE('',*,*,#4778,.T.);
#2975=ORIENTED_EDGE('',*,*,#4779,.T.);
#2976=ORIENTED_EDGE('',*,*,#4746,.T.);
#2977=ORIENTED_EDGE('',*,*,#4775,.T.);
#2978=ORIENTED_EDGE('',*,*,#4739,.F.);
#2979=ORIENTED_EDGE('',*,*,#4743,.T.);
#2980=ORIENTED_EDGE('',*,*,#4718,.F.);
#2981=ORIENTED_EDGE('',*,*,#4779,.F.);
#2982=ORIENTED_EDGE('',*,*,#4716,.F.);
#2983=ORIENTED_EDGE('',*,*,#4778,.F.);
#2984=ORIENTED_EDGE('',*,*,#4714,.F.);
#2985=ORIENTED_EDGE('',*,*,#4780,.F.);
#2986=ORIENTED_EDGE('',*,*,#4777,.F.);
#2987=ORIENTED_EDGE('',*,*,#4708,.T.);
#2988=ORIENTED_EDGE('',*,*,#4781,.F.);
#2989=ORIENTED_EDGE('',*,*,#4774,.T.);
#2990=ORIENTED_EDGE('',*,*,#4717,.T.);
#2991=ORIENTED_EDGE('',*,*,#4773,.T.);
#2992=ORIENTED_EDGE('',*,*,#4719,.T.);
#2993=ORIENTED_EDGE('',*,*,#4772,.T.);
#2994=ORIENTED_EDGE('',*,*,#4782,.F.);
#2995=ORIENTED_EDGE('',*,*,#4783,.F.);
#2996=ORIENTED_EDGE('',*,*,#4755,.T.);
#2997=ORIENTED_EDGE('',*,*,#4784,.F.);
#2998=ORIENTED_EDGE('',*,*,#4785,.T.);
#2999=ORIENTED_EDGE('',*,*,#4786,.T.);
#3000=ORIENTED_EDGE('',*,*,#4787,.T.);
#3001=ORIENTED_EDGE('',*,*,#4788,.F.);
#3002=ORIENTED_EDGE('',*,*,#4754,.F.);
#3003=ORIENTED_EDGE('',*,*,#4789,.T.);
#3004=ORIENTED_EDGE('',*,*,#4790,.F.);
#3005=ORIENTED_EDGE('',*,*,#4782,.T.);
#3006=ORIENTED_EDGE('',*,*,#4791,.F.);
#3007=ORIENTED_EDGE('',*,*,#4787,.F.);
#3008=ORIENTED_EDGE('',*,*,#4767,.F.);
#3009=ORIENTED_EDGE('',*,*,#4786,.F.);
#3010=ORIENTED_EDGE('',*,*,#4766,.F.);
#3011=ORIENTED_EDGE('',*,*,#4785,.F.);
#3012=ORIENTED_EDGE('',*,*,#4765,.F.);
#3013=ORIENTED_EDGE('',*,*,#4792,.T.);
#3014=ORIENTED_EDGE('',*,*,#4792,.F.);
#3015=ORIENTED_EDGE('',*,*,#4764,.F.);
#3016=ORIENTED_EDGE('',*,*,#4733,.F.);
#3017=ORIENTED_EDGE('',*,*,#4763,.F.);
#3018=ORIENTED_EDGE('',*,*,#4732,.F.);
#3019=ORIENTED_EDGE('',*,*,#4762,.F.);
#3020=ORIENTED_EDGE('',*,*,#4731,.F.);
#3021=ORIENTED_EDGE('',*,*,#4761,.F.);
#3022=ORIENTED_EDGE('',*,*,#4730,.F.);
#3023=ORIENTED_EDGE('',*,*,#4760,.F.);
#3024=ORIENTED_EDGE('',*,*,#4729,.F.);
#3025=ORIENTED_EDGE('',*,*,#4759,.F.);
#3026=ORIENTED_EDGE('',*,*,#4793,.T.);
#3027=ORIENTED_EDGE('',*,*,#4793,.F.);
#3028=ORIENTED_EDGE('',*,*,#4794,.F.);
#3029=ORIENTED_EDGE('',*,*,#4790,.T.);
#3030=ORIENTED_EDGE('',*,*,#4795,.T.);
#3031=ORIENTED_EDGE('',*,*,#4783,.T.);
#3032=ORIENTED_EDGE('',*,*,#4795,.F.);
#3033=ORIENTED_EDGE('',*,*,#4789,.F.);
#3034=ORIENTED_EDGE('',*,*,#4715,.T.);
#3035=ORIENTED_EDGE('',*,*,#4780,.T.);
#3036=ORIENTED_EDGE('',*,*,#4713,.T.);
#3037=ORIENTED_EDGE('',*,*,#4744,.T.);
#3038=ORIENTED_EDGE('',*,*,#4737,.T.);
#3039=ORIENTED_EDGE('',*,*,#4769,.T.);
#3040=ORIENTED_EDGE('',*,*,#4709,.T.);
#3041=ORIENTED_EDGE('',*,*,#4781,.T.);
#3042=ORIENTED_EDGE('',*,*,#4707,.T.);
#3043=ORIENTED_EDGE('',*,*,#4796,.T.);
#3044=ORIENTED_EDGE('',*,*,#4756,.T.);
#3045=ORIENTED_EDGE('',*,*,#4796,.F.);
#3046=ORIENTED_EDGE('',*,*,#4751,.T.);
#3047=ORIENTED_EDGE('',*,*,#4797,.T.);
#3048=ORIENTED_EDGE('',*,*,#4757,.T.);
#3049=ORIENTED_EDGE('',*,*,#4794,.T.);
#3050=ORIENTED_EDGE('',*,*,#4797,.F.);
#3051=ORIENTED_EDGE('',*,*,#4728,.T.);
#3052=ORIENTED_EDGE('',*,*,#4771,.T.);
#3053=ORIENTED_EDGE('',*,*,#4741,.T.);
#3054=ORIENTED_EDGE('',*,*,#4776,.T.);
#3055=ORIENTED_EDGE('',*,*,#4724,.T.);
#3056=ORIENTED_EDGE('',*,*,#4788,.T.);
#3057=ORIENTED_EDGE('',*,*,#4798,.T.);
#3058=ORIENTED_EDGE('',*,*,#4758,.T.);
#3059=ORIENTED_EDGE('',*,*,#4798,.F.);
#3060=ORIENTED_EDGE('',*,*,#4791,.T.);
#3061=ORIENTED_EDGE('',*,*,#4784,.T.);
#3062=ORIENTED_EDGE('',*,*,#4799,.F.);
#3063=ORIENTED_EDGE('',*,*,#4800,.T.);
#3064=ORIENTED_EDGE('',*,*,#4801,.T.);
#3065=ORIENTED_EDGE('',*,*,#4802,.T.);
#3066=ORIENTED_EDGE('',*,*,#4803,.T.);
#3067=ORIENTED_EDGE('',*,*,#4804,.F.);
#3068=ORIENTED_EDGE('',*,*,#4805,.F.);
#3069=ORIENTED_EDGE('',*,*,#4806,.T.);
#3070=ORIENTED_EDGE('',*,*,#4807,.F.);
#3071=ORIENTED_EDGE('',*,*,#4808,.T.);
#3072=ORIENTED_EDGE('',*,*,#4809,.F.);
#3073=ORIENTED_EDGE('',*,*,#4810,.T.);
#3074=ORIENTED_EDGE('',*,*,#4811,.T.);
#3075=ORIENTED_EDGE('',*,*,#4812,.F.);
#3076=ORIENTED_EDGE('',*,*,#4813,.T.);
#3077=ORIENTED_EDGE('',*,*,#4814,.T.);
#3078=ORIENTED_EDGE('',*,*,#4815,.T.);
#3079=ORIENTED_EDGE('',*,*,#4816,.F.);
#3080=ORIENTED_EDGE('',*,*,#4817,.T.);
#3081=ORIENTED_EDGE('',*,*,#4818,.F.);
#3082=ORIENTED_EDGE('',*,*,#4819,.T.);
#3083=ORIENTED_EDGE('',*,*,#4820,.T.);
#3084=ORIENTED_EDGE('',*,*,#4821,.T.);
#3085=ORIENTED_EDGE('',*,*,#4822,.F.);
#3086=ORIENTED_EDGE('',*,*,#4821,.F.);
#3087=ORIENTED_EDGE('',*,*,#4823,.T.);
#3088=ORIENTED_EDGE('',*,*,#4824,.F.);
#3089=ORIENTED_EDGE('',*,*,#4825,.F.);
#3090=ORIENTED_EDGE('',*,*,#4817,.F.);
#3091=ORIENTED_EDGE('',*,*,#4826,.F.);
#3092=ORIENTED_EDGE('',*,*,#4800,.F.);
#3093=ORIENTED_EDGE('',*,*,#4827,.F.);
#3094=ORIENTED_EDGE('',*,*,#4801,.F.);
#3095=ORIENTED_EDGE('',*,*,#4826,.T.);
#3096=ORIENTED_EDGE('',*,*,#4816,.T.);
#3097=ORIENTED_EDGE('',*,*,#4828,.T.);
#3098=ORIENTED_EDGE('',*,*,#4829,.T.);
#3099=ORIENTED_EDGE('',*,*,#4830,.F.);
#3100=ORIENTED_EDGE('',*,*,#4831,.F.);
#3101=ORIENTED_EDGE('',*,*,#4832,.T.);
#3102=ORIENTED_EDGE('',*,*,#4833,.T.);
#3103=ORIENTED_EDGE('',*,*,#4834,.T.);
#3104=ORIENTED_EDGE('',*,*,#4835,.T.);
#3105=ORIENTED_EDGE('',*,*,#4836,.F.);
#3106=ORIENTED_EDGE('',*,*,#4837,.T.);
#3107=ORIENTED_EDGE('',*,*,#4836,.T.);
#3108=ORIENTED_EDGE('',*,*,#4838,.T.);
#3109=ORIENTED_EDGE('',*,*,#4839,.F.);
#3110=ORIENTED_EDGE('',*,*,#4830,.T.);
#3111=ORIENTED_EDGE('',*,*,#4840,.T.);
#3112=ORIENTED_EDGE('',*,*,#4815,.F.);
#3113=ORIENTED_EDGE('',*,*,#4841,.T.);
#3114=ORIENTED_EDGE('',*,*,#4834,.F.);
#3115=ORIENTED_EDGE('',*,*,#4842,.T.);
#3116=ORIENTED_EDGE('',*,*,#4828,.F.);
#3117=ORIENTED_EDGE('',*,*,#4822,.T.);
#3118=ORIENTED_EDGE('',*,*,#4827,.T.);
#3119=ORIENTED_EDGE('',*,*,#4799,.T.);
#3120=ORIENTED_EDGE('',*,*,#4843,.T.);
#3121=ORIENTED_EDGE('',*,*,#4844,.T.);
#3122=ORIENTED_EDGE('',*,*,#4845,.T.);
#3123=ORIENTED_EDGE('',*,*,#4846,.T.);
#3124=ORIENTED_EDGE('',*,*,#4807,.T.);
#3125=ORIENTED_EDGE('',*,*,#4847,.F.);
#3126=ORIENTED_EDGE('',*,*,#4848,.F.);
#3127=ORIENTED_EDGE('',*,*,#4849,.T.);
#3128=ORIENTED_EDGE('',*,*,#4850,.T.);
#3129=ORIENTED_EDGE('',*,*,#4851,.T.);
#3130=ORIENTED_EDGE('',*,*,#4839,.T.);
#3131=ORIENTED_EDGE('',*,*,#4852,.T.);
#3132=ORIENTED_EDGE('',*,*,#4844,.F.);
#3133=ORIENTED_EDGE('',*,*,#4853,.T.);
#3134=ORIENTED_EDGE('',*,*,#4831,.T.);
#3135=ORIENTED_EDGE('',*,*,#4806,.F.);
#3136=ORIENTED_EDGE('',*,*,#4854,.T.);
#3137=ORIENTED_EDGE('',*,*,#4855,.T.);
#3138=ORIENTED_EDGE('',*,*,#4856,.F.);
#3139=ORIENTED_EDGE('',*,*,#4802,.F.);
#3140=ORIENTED_EDGE('',*,*,#4833,.F.);
#3141=ORIENTED_EDGE('',*,*,#4857,.T.);
#3142=ORIENTED_EDGE('',*,*,#4847,.T.);
#3143=ORIENTED_EDGE('',*,*,#4848,.T.);
#3144=ORIENTED_EDGE('',*,*,#4857,.F.);
#3145=ORIENTED_EDGE('',*,*,#4832,.F.);
#3146=ORIENTED_EDGE('',*,*,#4853,.F.);
#3147=ORIENTED_EDGE('',*,*,#4858,.F.);
#3148=ORIENTED_EDGE('',*,*,#4859,.F.);
#3149=ORIENTED_EDGE('',*,*,#4860,.T.);
#3150=ORIENTED_EDGE('',*,*,#4855,.F.);
#3151=ORIENTED_EDGE('',*,*,#4805,.T.);
#3152=ORIENTED_EDGE('',*,*,#4861,.T.);
#3153=ORIENTED_EDGE('',*,*,#4862,.F.);
#3154=ORIENTED_EDGE('',*,*,#4863,.F.);
#3155=ORIENTED_EDGE('',*,*,#4858,.T.);
#3156=ORIENTED_EDGE('',*,*,#4854,.F.);
#3157=ORIENTED_EDGE('',*,*,#4864,.F.);
#3158=ORIENTED_EDGE('',*,*,#4865,.T.);
#3159=ORIENTED_EDGE('',*,*,#4866,.F.);
#3160=ORIENTED_EDGE('',*,*,#4803,.F.);
#3161=ORIENTED_EDGE('',*,*,#4856,.T.);
#3162=ORIENTED_EDGE('',*,*,#4860,.F.);
#3163=ORIENTED_EDGE('',*,*,#4867,.T.);
#3164=ORIENTED_EDGE('',*,*,#4868,.T.);
#3165=ORIENTED_EDGE('',*,*,#4869,.T.);
#3166=ORIENTED_EDGE('',*,*,#4870,.T.);
#3167=ORIENTED_EDGE('',*,*,#4871,.T.);
#3168=ORIENTED_EDGE('',*,*,#4865,.F.);
#3169=ORIENTED_EDGE('',*,*,#4872,.T.);
#3170=ORIENTED_EDGE('',*,*,#4868,.F.);
#3171=ORIENTED_EDGE('',*,*,#4873,.F.);
#3172=ORIENTED_EDGE('',*,*,#4862,.T.);
#3173=ORIENTED_EDGE('',*,*,#4859,.T.);
#3174=ORIENTED_EDGE('',*,*,#4863,.T.);
#3175=ORIENTED_EDGE('',*,*,#4873,.T.);
#3176=ORIENTED_EDGE('',*,*,#4867,.F.);
#3177=ORIENTED_EDGE('',*,*,#4874,.F.);
#3178=ORIENTED_EDGE('',*,*,#4875,.F.);
#3179=ORIENTED_EDGE('',*,*,#4876,.F.);
#3180=ORIENTED_EDGE('',*,*,#4871,.F.);
#3181=ORIENTED_EDGE('',*,*,#4877,.T.);
#3182=ORIENTED_EDGE('',*,*,#4869,.F.);
#3183=ORIENTED_EDGE('',*,*,#4861,.F.);
#3184=ORIENTED_EDGE('',*,*,#4804,.T.);
#3185=ORIENTED_EDGE('',*,*,#4866,.T.);
#3186=ORIENTED_EDGE('',*,*,#4876,.T.);
#3187=ORIENTED_EDGE('',*,*,#4851,.F.);
#3188=ORIENTED_EDGE('',*,*,#4875,.T.);
#3189=ORIENTED_EDGE('',*,*,#4850,.F.);
#3190=ORIENTED_EDGE('',*,*,#4874,.T.);
#3191=ORIENTED_EDGE('',*,*,#4849,.F.);
#3192=ORIENTED_EDGE('',*,*,#4878,.F.);
#3193=ORIENTED_EDGE('',*,*,#4879,.F.);
#3194=ORIENTED_EDGE('',*,*,#4880,.F.);
#3195=ORIENTED_EDGE('',*,*,#4829,.F.);
#3196=ORIENTED_EDGE('',*,*,#4842,.F.);
#3197=ORIENTED_EDGE('',*,*,#4837,.F.);
#3198=ORIENTED_EDGE('',*,*,#4840,.F.);
#3199=ORIENTED_EDGE('',*,*,#4846,.F.);
#3200=ORIENTED_EDGE('',*,*,#4881,.T.);
#3201=ORIENTED_EDGE('',*,*,#4813,.F.);
#3202=ORIENTED_EDGE('',*,*,#4843,.F.);
#3203=ORIENTED_EDGE('',*,*,#4808,.F.);
#3204=ORIENTED_EDGE('',*,*,#4882,.F.);
#3205=ORIENTED_EDGE('',*,*,#4880,.T.);
#3206=ORIENTED_EDGE('',*,*,#4882,.T.);
#3207=ORIENTED_EDGE('',*,*,#4864,.T.);
#3208=ORIENTED_EDGE('',*,*,#4872,.F.);
#3209=ORIENTED_EDGE('',*,*,#4879,.T.);
#3210=ORIENTED_EDGE('',*,*,#4883,.F.);
#3211=ORIENTED_EDGE('',*,*,#4878,.T.);
#3212=ORIENTED_EDGE('',*,*,#4877,.F.);
#3213=ORIENTED_EDGE('',*,*,#4870,.F.);
#3214=ORIENTED_EDGE('',*,*,#4883,.T.);
#3215=ORIENTED_EDGE('',*,*,#4884,.T.);
#3216=ORIENTED_EDGE('',*,*,#4810,.F.);
#3217=ORIENTED_EDGE('',*,*,#4885,.F.);
#3218=ORIENTED_EDGE('',*,*,#4823,.F.);
#3219=ORIENTED_EDGE('',*,*,#4820,.F.);
#3220=ORIENTED_EDGE('',*,*,#4824,.T.);
#3221=ORIENTED_EDGE('',*,*,#4885,.T.);
#3222=ORIENTED_EDGE('',*,*,#4809,.T.);
#3223=ORIENTED_EDGE('',*,*,#4886,.F.);
#3224=ORIENTED_EDGE('',*,*,#4818,.T.);
#3225=ORIENTED_EDGE('',*,*,#4825,.T.);
#3226=ORIENTED_EDGE('',*,*,#4886,.T.);
#3227=ORIENTED_EDGE('',*,*,#4812,.T.);
#3228=ORIENTED_EDGE('',*,*,#4887,.F.);
#3229=ORIENTED_EDGE('',*,*,#4887,.T.);
#3230=ORIENTED_EDGE('',*,*,#4811,.F.);
#3231=ORIENTED_EDGE('',*,*,#4884,.F.);
#3232=ORIENTED_EDGE('',*,*,#4819,.F.);
#3233=ORIENTED_EDGE('',*,*,#4838,.F.);
#3234=ORIENTED_EDGE('',*,*,#4835,.F.);
#3235=ORIENTED_EDGE('',*,*,#4841,.F.);
#3236=ORIENTED_EDGE('',*,*,#4814,.F.);
#3237=ORIENTED_EDGE('',*,*,#4881,.F.);
#3238=ORIENTED_EDGE('',*,*,#4845,.F.);
#3239=ORIENTED_EDGE('',*,*,#4852,.F.);
#3240=ORIENTED_EDGE('',*,*,#4888,.T.);
#3241=ORIENTED_EDGE('',*,*,#4889,.T.);
#3242=ORIENTED_EDGE('',*,*,#4890,.T.);
#3243=ORIENTED_EDGE('',*,*,#4891,.T.);
#3244=ORIENTED_EDGE('',*,*,#4892,.F.);
#3245=ORIENTED_EDGE('',*,*,#4893,.T.);
#3246=ORIENTED_EDGE('',*,*,#4894,.F.);
#3247=ORIENTED_EDGE('',*,*,#4888,.F.);
#3248=ORIENTED_EDGE('',*,*,#4890,.F.);
#3249=ORIENTED_EDGE('',*,*,#4893,.F.);
#3250=ORIENTED_EDGE('',*,*,#4895,.T.);
#3251=ORIENTED_EDGE('',*,*,#4896,.T.);
#3252=ORIENTED_EDGE('',*,*,#4897,.T.);
#3253=ORIENTED_EDGE('',*,*,#4898,.F.);
#3254=ORIENTED_EDGE('',*,*,#4894,.T.);
#3255=ORIENTED_EDGE('',*,*,#4897,.F.);
#3256=ORIENTED_EDGE('',*,*,#4899,.T.);
#3257=ORIENTED_EDGE('',*,*,#4895,.F.);
#3258=ORIENTED_EDGE('',*,*,#4900,.T.);
#3259=ORIENTED_EDGE('',*,*,#4901,.F.);
#3260=ORIENTED_EDGE('',*,*,#4902,.T.);
#3261=ORIENTED_EDGE('',*,*,#4901,.T.);
#3262=ORIENTED_EDGE('',*,*,#4903,.F.);
#3263=ORIENTED_EDGE('',*,*,#4904,.F.);
#3264=ORIENTED_EDGE('',*,*,#4905,.T.);
#3265=ORIENTED_EDGE('',*,*,#4900,.F.);
#3266=ORIENTED_EDGE('',*,*,#4906,.F.);
#3267=ORIENTED_EDGE('',*,*,#4907,.T.);
#3268=ORIENTED_EDGE('',*,*,#4903,.T.);
#3269=ORIENTED_EDGE('',*,*,#4899,.F.);
#3270=ORIENTED_EDGE('',*,*,#4908,.F.);
#3271=ORIENTED_EDGE('',*,*,#4909,.T.);
#3272=ORIENTED_EDGE('',*,*,#4906,.T.);
#3273=ORIENTED_EDGE('',*,*,#4910,.T.);
#3274=ORIENTED_EDGE('',*,*,#4905,.F.);
#3275=ORIENTED_EDGE('',*,*,#4911,.F.);
#3276=ORIENTED_EDGE('',*,*,#4908,.T.);
#3277=ORIENTED_EDGE('',*,*,#4904,.T.);
#3278=ORIENTED_EDGE('',*,*,#4907,.F.);
#3279=ORIENTED_EDGE('',*,*,#4909,.F.);
#3280=ORIENTED_EDGE('',*,*,#4911,.T.);
#3281=ORIENTED_EDGE('',*,*,#4896,.F.);
#3282=ORIENTED_EDGE('',*,*,#4902,.F.);
#3283=ORIENTED_EDGE('',*,*,#4910,.F.);
#3284=ORIENTED_EDGE('',*,*,#4889,.F.);
#3285=ORIENTED_EDGE('',*,*,#4912,.F.);
#3286=ORIENTED_EDGE('',*,*,#4913,.T.);
#3287=ORIENTED_EDGE('',*,*,#4914,.T.);
#3288=ORIENTED_EDGE('',*,*,#4898,.T.);
#3289=ORIENTED_EDGE('',*,*,#4915,.F.);
#3290=ORIENTED_EDGE('',*,*,#4916,.F.);
#3291=ORIENTED_EDGE('',*,*,#4912,.T.);
#3292=ORIENTED_EDGE('',*,*,#4892,.T.);
#3293=ORIENTED_EDGE('',*,*,#4917,.F.);
#3294=ORIENTED_EDGE('',*,*,#4918,.F.);
#3295=ORIENTED_EDGE('',*,*,#4915,.T.);
#3296=ORIENTED_EDGE('',*,*,#4891,.F.);
#3297=ORIENTED_EDGE('',*,*,#4914,.F.);
#3298=ORIENTED_EDGE('',*,*,#4919,.T.);
#3299=ORIENTED_EDGE('',*,*,#4917,.T.);
#3300=ORIENTED_EDGE('',*,*,#4913,.F.);
#3301=ORIENTED_EDGE('',*,*,#4916,.T.);
#3302=ORIENTED_EDGE('',*,*,#4918,.T.);
#3303=ORIENTED_EDGE('',*,*,#4919,.F.);
#3304=ORIENTED_EDGE('',*,*,#4920,.F.);
#3305=ORIENTED_EDGE('',*,*,#4921,.T.);
#3306=ORIENTED_EDGE('',*,*,#4922,.F.);
#3307=ORIENTED_EDGE('',*,*,#4923,.T.);
#3308=ORIENTED_EDGE('',*,*,#4924,.T.);
#3309=ORIENTED_EDGE('',*,*,#4925,.T.);
#3310=ORIENTED_EDGE('',*,*,#4926,.F.);
#3311=ORIENTED_EDGE('',*,*,#4927,.T.);
#3312=ORIENTED_EDGE('',*,*,#4928,.T.);
#3313=ORIENTED_EDGE('',*,*,#4929,.T.);
#3314=ORIENTED_EDGE('',*,*,#4930,.F.);
#3315=ORIENTED_EDGE('',*,*,#4931,.T.);
#3316=ORIENTED_EDGE('',*,*,#4932,.F.);
#3317=ORIENTED_EDGE('',*,*,#4933,.F.);
#3318=ORIENTED_EDGE('',*,*,#4934,.T.);
#3319=ORIENTED_EDGE('',*,*,#4935,.F.);
#3320=ORIENTED_EDGE('',*,*,#4936,.T.);
#3321=ORIENTED_EDGE('',*,*,#4937,.T.);
#3322=ORIENTED_EDGE('',*,*,#4938,.T.);
#3323=ORIENTED_EDGE('',*,*,#4939,.F.);
#3324=ORIENTED_EDGE('',*,*,#4940,.F.);
#3325=ORIENTED_EDGE('',*,*,#4941,.T.);
#3326=ORIENTED_EDGE('',*,*,#4942,.T.);
#3327=ORIENTED_EDGE('',*,*,#4943,.T.);
#3328=ORIENTED_EDGE('',*,*,#4944,.T.);
#3329=ORIENTED_EDGE('',*,*,#4945,.F.);
#3330=ORIENTED_EDGE('',*,*,#4946,.F.);
#3331=ORIENTED_EDGE('',*,*,#4947,.F.);
#3332=ORIENTED_EDGE('',*,*,#4948,.F.);
#3333=ORIENTED_EDGE('',*,*,#4949,.F.);
#3334=ORIENTED_EDGE('',*,*,#4950,.F.);
#3335=ORIENTED_EDGE('',*,*,#4951,.T.);
#3336=ORIENTED_EDGE('',*,*,#4952,.T.);
#3337=ORIENTED_EDGE('',*,*,#4953,.F.);
#3338=ORIENTED_EDGE('',*,*,#4954,.F.);
#3339=ORIENTED_EDGE('',*,*,#4955,.F.);
#3340=ORIENTED_EDGE('',*,*,#4956,.T.);
#3341=ORIENTED_EDGE('',*,*,#4957,.T.);
#3342=ORIENTED_EDGE('',*,*,#4958,.T.);
#3343=ORIENTED_EDGE('',*,*,#4924,.F.);
#3344=ORIENTED_EDGE('',*,*,#4959,.T.);
#3345=ORIENTED_EDGE('',*,*,#4955,.T.);
#3346=ORIENTED_EDGE('',*,*,#4960,.T.);
#3347=ORIENTED_EDGE('',*,*,#4961,.F.);
#3348=ORIENTED_EDGE('',*,*,#4940,.T.);
#3349=ORIENTED_EDGE('',*,*,#4962,.F.);
#3350=ORIENTED_EDGE('',*,*,#4963,.F.);
#3351=ORIENTED_EDGE('',*,*,#4964,.F.);
#3352=ORIENTED_EDGE('',*,*,#4925,.F.);
#3353=ORIENTED_EDGE('',*,*,#4961,.T.);
#3354=ORIENTED_EDGE('',*,*,#4965,.T.);
#3355=ORIENTED_EDGE('',*,*,#4966,.T.);
#3356=ORIENTED_EDGE('',*,*,#4930,.T.);
#3357=ORIENTED_EDGE('',*,*,#4967,.T.);
#3358=ORIENTED_EDGE('',*,*,#4937,.F.);
#3359=ORIENTED_EDGE('',*,*,#4968,.F.);
#3360=ORIENTED_EDGE('',*,*,#4945,.T.);
#3361=ORIENTED_EDGE('',*,*,#4969,.F.);
#3362=ORIENTED_EDGE('',*,*,#4931,.F.);
#3363=ORIENTED_EDGE('',*,*,#4968,.T.);
#3364=ORIENTED_EDGE('',*,*,#4944,.F.);
#3365=ORIENTED_EDGE('',*,*,#4970,.F.);
#3366=ORIENTED_EDGE('',*,*,#4932,.T.);
#3367=ORIENTED_EDGE('',*,*,#4969,.T.);
#3368=ORIENTED_EDGE('',*,*,#4971,.F.);
#3369=ORIENTED_EDGE('',*,*,#4920,.T.);
#3370=ORIENTED_EDGE('',*,*,#4970,.T.);
#3371=ORIENTED_EDGE('',*,*,#4943,.F.);
#3372=ORIENTED_EDGE('',*,*,#4972,.T.);
#3373=ORIENTED_EDGE('',*,*,#4973,.T.);
#3374=ORIENTED_EDGE('',*,*,#4974,.T.);
#3375=ORIENTED_EDGE('',*,*,#4975,.T.);
#3376=ORIENTED_EDGE('',*,*,#4976,.F.);
#3377=ORIENTED_EDGE('',*,*,#4977,.F.);
#3378=ORIENTED_EDGE('',*,*,#4978,.F.);
#3379=ORIENTED_EDGE('',*,*,#4979,.F.);
#3380=ORIENTED_EDGE('',*,*,#4980,.F.);
#3381=ORIENTED_EDGE('',*,*,#4981,.F.);
#3382=ORIENTED_EDGE('',*,*,#4982,.F.);
#3383=ORIENTED_EDGE('',*,*,#4983,.F.);
#3384=ORIENTED_EDGE('',*,*,#4984,.F.);
#3385=ORIENTED_EDGE('',*,*,#4957,.F.);
#3386=ORIENTED_EDGE('',*,*,#4985,.T.);
#3387=ORIENTED_EDGE('',*,*,#4926,.T.);
#3388=ORIENTED_EDGE('',*,*,#4964,.T.);
#3389=ORIENTED_EDGE('',*,*,#4986,.F.);
#3390=ORIENTED_EDGE('',*,*,#4939,.T.);
#3391=ORIENTED_EDGE('',*,*,#4987,.T.);
#3392=ORIENTED_EDGE('',*,*,#4951,.F.);
#3393=ORIENTED_EDGE('',*,*,#4988,.F.);
#3394=ORIENTED_EDGE('',*,*,#4962,.T.);
#3395=ORIENTED_EDGE('',*,*,#4989,.T.);
#3396=ORIENTED_EDGE('',*,*,#4990,.T.);
#3397=ORIENTED_EDGE('',*,*,#4991,.T.);
#3398=ORIENTED_EDGE('',*,*,#4986,.T.);
#3399=ORIENTED_EDGE('',*,*,#4963,.T.);
#3400=ORIENTED_EDGE('',*,*,#4988,.T.);
#3401=ORIENTED_EDGE('',*,*,#4958,.F.);
#3402=ORIENTED_EDGE('',*,*,#4953,.T.);
#3403=ORIENTED_EDGE('',*,*,#4992,.T.);
#3404=ORIENTED_EDGE('',*,*,#4941,.F.);
#3405=ORIENTED_EDGE('',*,*,#4966,.F.);
#3406=ORIENTED_EDGE('',*,*,#4993,.T.);
#3407=ORIENTED_EDGE('',*,*,#4994,.F.);
#3408=ORIENTED_EDGE('',*,*,#4995,.F.);
#3409=ORIENTED_EDGE('',*,*,#4996,.F.);
#3410=ORIENTED_EDGE('',*,*,#4965,.F.);
#3411=ORIENTED_EDGE('',*,*,#4960,.F.);
#3412=ORIENTED_EDGE('',*,*,#4954,.T.);
#3413=ORIENTED_EDGE('',*,*,#4993,.F.);
#3414=ORIENTED_EDGE('',*,*,#4935,.T.);
#3415=ORIENTED_EDGE('',*,*,#4996,.T.);
#3416=ORIENTED_EDGE('',*,*,#4933,.T.);
#3417=ORIENTED_EDGE('',*,*,#4995,.T.);
#3418=ORIENTED_EDGE('',*,*,#4922,.T.);
#3419=ORIENTED_EDGE('',*,*,#4997,.T.);
#3420=ORIENTED_EDGE('',*,*,#4994,.T.);
#3421=ORIENTED_EDGE('',*,*,#4928,.F.);
#3422=ORIENTED_EDGE('',*,*,#4998,.T.);
#3423=ORIENTED_EDGE('',*,*,#4991,.F.);
#3424=ORIENTED_EDGE('',*,*,#4934,.F.);
#3425=ORIENTED_EDGE('',*,*,#4990,.F.);
#3426=ORIENTED_EDGE('',*,*,#4936,.F.);
#3427=ORIENTED_EDGE('',*,*,#4989,.F.);
#3428=ORIENTED_EDGE('',*,*,#4999,.T.);
#3429=ORIENTED_EDGE('',*,*,#5000,.T.);
#3430=ORIENTED_EDGE('',*,*,#4972,.F.);
#3431=ORIENTED_EDGE('',*,*,#5001,.T.);
#3432=ORIENTED_EDGE('',*,*,#5002,.F.);
#3433=ORIENTED_EDGE('',*,*,#5003,.F.);
#3434=ORIENTED_EDGE('',*,*,#5004,.F.);
#3435=ORIENTED_EDGE('',*,*,#5005,.T.);
#3436=ORIENTED_EDGE('',*,*,#5006,.T.);
#3437=ORIENTED_EDGE('',*,*,#4999,.F.);
#3438=ORIENTED_EDGE('',*,*,#5007,.T.);
#3439=ORIENTED_EDGE('',*,*,#5008,.F.);
#3440=ORIENTED_EDGE('',*,*,#4971,.T.);
#3441=ORIENTED_EDGE('',*,*,#5004,.T.);
#3442=ORIENTED_EDGE('',*,*,#4984,.T.);
#3443=ORIENTED_EDGE('',*,*,#5003,.T.);
#3444=ORIENTED_EDGE('',*,*,#4983,.T.);
#3445=ORIENTED_EDGE('',*,*,#5002,.T.);
#3446=ORIENTED_EDGE('',*,*,#4982,.T.);
#3447=ORIENTED_EDGE('',*,*,#5009,.F.);
#3448=ORIENTED_EDGE('',*,*,#5009,.T.);
#3449=ORIENTED_EDGE('',*,*,#4981,.T.);
#3450=ORIENTED_EDGE('',*,*,#4950,.T.);
#3451=ORIENTED_EDGE('',*,*,#4980,.T.);
#3452=ORIENTED_EDGE('',*,*,#4949,.T.);
#3453=ORIENTED_EDGE('',*,*,#4979,.T.);
#3454=ORIENTED_EDGE('',*,*,#4948,.T.);
#3455=ORIENTED_EDGE('',*,*,#4978,.T.);
#3456=ORIENTED_EDGE('',*,*,#4947,.T.);
#3457=ORIENTED_EDGE('',*,*,#4977,.T.);
#3458=ORIENTED_EDGE('',*,*,#4946,.T.);
#3459=ORIENTED_EDGE('',*,*,#4976,.T.);
#3460=ORIENTED_EDGE('',*,*,#5010,.F.);
#3461=ORIENTED_EDGE('',*,*,#5010,.T.);
#3462=ORIENTED_EDGE('',*,*,#5011,.T.);
#3463=ORIENTED_EDGE('',*,*,#5007,.F.);
#3464=ORIENTED_EDGE('',*,*,#5001,.F.);
#3465=ORIENTED_EDGE('',*,*,#5012,.F.);
#3466=ORIENTED_EDGE('',*,*,#5012,.T.);
#3467=ORIENTED_EDGE('',*,*,#4975,.F.);
#3468=ORIENTED_EDGE('',*,*,#5013,.F.);
#3469=ORIENTED_EDGE('',*,*,#4929,.F.);
#3470=ORIENTED_EDGE('',*,*,#4998,.F.);
#3471=ORIENTED_EDGE('',*,*,#4927,.F.);
#3472=ORIENTED_EDGE('',*,*,#4985,.F.);
#3473=ORIENTED_EDGE('',*,*,#4956,.F.);
#3474=ORIENTED_EDGE('',*,*,#4959,.F.);
#3475=ORIENTED_EDGE('',*,*,#4923,.F.);
#3476=ORIENTED_EDGE('',*,*,#4997,.F.);
#3477=ORIENTED_EDGE('',*,*,#4921,.F.);
#3478=ORIENTED_EDGE('',*,*,#5008,.T.);
#3479=ORIENTED_EDGE('',*,*,#5013,.T.);
#3480=ORIENTED_EDGE('',*,*,#4974,.F.);
#3481=ORIENTED_EDGE('',*,*,#5014,.F.);
#3482=ORIENTED_EDGE('',*,*,#4967,.F.);
#3483=ORIENTED_EDGE('',*,*,#5011,.F.);
#3484=ORIENTED_EDGE('',*,*,#5014,.T.);
#3485=ORIENTED_EDGE('',*,*,#4973,.F.);
#3486=ORIENTED_EDGE('',*,*,#5015,.F.);
#3487=ORIENTED_EDGE('',*,*,#5005,.F.);
#3488=ORIENTED_EDGE('',*,*,#4942,.F.);
#3489=ORIENTED_EDGE('',*,*,#4992,.F.);
#3490=ORIENTED_EDGE('',*,*,#4952,.F.);
#3491=ORIENTED_EDGE('',*,*,#4987,.F.);
#3492=ORIENTED_EDGE('',*,*,#4938,.F.);
#3493=ORIENTED_EDGE('',*,*,#5015,.T.);
#3494=ORIENTED_EDGE('',*,*,#5000,.F.);
#3495=ORIENTED_EDGE('',*,*,#5006,.F.);
#3496=ORIENTED_EDGE('',*,*,#5016,.T.);
#3497=ORIENTED_EDGE('',*,*,#5017,.T.);
#3498=ORIENTED_EDGE('',*,*,#5018,.T.);
#3499=ORIENTED_EDGE('',*,*,#5019,.F.);
#3500=ORIENTED_EDGE('',*,*,#5020,.T.);
#3501=ORIENTED_EDGE('',*,*,#5021,.F.);
#3502=ORIENTED_EDGE('',*,*,#5022,.T.);
#3503=ORIENTED_EDGE('',*,*,#5023,.F.);
#3504=ORIENTED_EDGE('',*,*,#5024,.F.);
#3505=ORIENTED_EDGE('',*,*,#5025,.F.);
#3506=ORIENTED_EDGE('',*,*,#5026,.T.);
#3507=ORIENTED_EDGE('',*,*,#5027,.T.);
#3508=ORIENTED_EDGE('',*,*,#5028,.T.);
#3509=ORIENTED_EDGE('',*,*,#5029,.F.);
#3510=ORIENTED_EDGE('',*,*,#5030,.T.);
#3511=ORIENTED_EDGE('',*,*,#5031,.F.);
#3512=ORIENTED_EDGE('',*,*,#5032,.F.);
#3513=ORIENTED_EDGE('',*,*,#5031,.T.);
#3514=ORIENTED_EDGE('',*,*,#5033,.T.);
#3515=ORIENTED_EDGE('',*,*,#5034,.F.);
#3516=ORIENTED_EDGE('',*,*,#5035,.T.);
#3517=ORIENTED_EDGE('',*,*,#5016,.F.);
#3518=ORIENTED_EDGE('',*,*,#5036,.F.);
#3519=ORIENTED_EDGE('',*,*,#5037,.F.);
#3520=ORIENTED_EDGE('',*,*,#5038,.F.);
#3521=ORIENTED_EDGE('',*,*,#5039,.T.);
#3522=ORIENTED_EDGE('',*,*,#5040,.F.);
#3523=ORIENTED_EDGE('',*,*,#5041,.F.);
#3524=ORIENTED_EDGE('',*,*,#5042,.F.);
#3525=ORIENTED_EDGE('',*,*,#5043,.F.);
#3526=ORIENTED_EDGE('',*,*,#5044,.F.);
#3527=ORIENTED_EDGE('',*,*,#5045,.F.);
#3528=ORIENTED_EDGE('',*,*,#5046,.T.);
#3529=ORIENTED_EDGE('',*,*,#5047,.T.);
#3530=ORIENTED_EDGE('',*,*,#5048,.F.);
#3531=ORIENTED_EDGE('',*,*,#5049,.T.);
#3532=ORIENTED_EDGE('',*,*,#5050,.F.);
#3533=ORIENTED_EDGE('',*,*,#5051,.T.);
#3534=ORIENTED_EDGE('',*,*,#5033,.F.);
#3535=ORIENTED_EDGE('',*,*,#5030,.F.);
#3536=ORIENTED_EDGE('',*,*,#5052,.F.);
#3537=ORIENTED_EDGE('',*,*,#5053,.T.);
#3538=ORIENTED_EDGE('',*,*,#5054,.F.);
#3539=ORIENTED_EDGE('',*,*,#5055,.T.);
#3540=ORIENTED_EDGE('',*,*,#5056,.T.);
#3541=ORIENTED_EDGE('',*,*,#5057,.T.);
#3542=ORIENTED_EDGE('',*,*,#5058,.T.);
#3543=ORIENTED_EDGE('',*,*,#5048,.T.);
#3544=ORIENTED_EDGE('',*,*,#5059,.T.);
#3545=ORIENTED_EDGE('',*,*,#5060,.T.);
#3546=ORIENTED_EDGE('',*,*,#5061,.F.);
#3547=ORIENTED_EDGE('',*,*,#5062,.F.);
#3548=ORIENTED_EDGE('',*,*,#5063,.T.);
#3549=ORIENTED_EDGE('',*,*,#5064,.T.);
#3550=ORIENTED_EDGE('',*,*,#5065,.T.);
#3551=ORIENTED_EDGE('',*,*,#5066,.T.);
#3552=ORIENTED_EDGE('',*,*,#5067,.T.);
#3553=ORIENTED_EDGE('',*,*,#5068,.T.);
#3554=ORIENTED_EDGE('',*,*,#5069,.T.);
#3555=ORIENTED_EDGE('',*,*,#5070,.T.);
#3556=ORIENTED_EDGE('',*,*,#5020,.F.);
#3557=ORIENTED_EDGE('',*,*,#5071,.T.);
#3558=ORIENTED_EDGE('',*,*,#5072,.T.);
#3559=ORIENTED_EDGE('',*,*,#5073,.F.);
#3560=ORIENTED_EDGE('',*,*,#5062,.T.);
#3561=ORIENTED_EDGE('',*,*,#5074,.T.);
#3562=ORIENTED_EDGE('',*,*,#5075,.T.);
#3563=ORIENTED_EDGE('',*,*,#5076,.T.);
#3564=ORIENTED_EDGE('',*,*,#5077,.F.);
#3565=ORIENTED_EDGE('',*,*,#5078,.T.);
#3566=ORIENTED_EDGE('',*,*,#5079,.F.);
#3567=ORIENTED_EDGE('',*,*,#5080,.F.);
#3568=ORIENTED_EDGE('',*,*,#5036,.T.);
#3569=ORIENTED_EDGE('',*,*,#5022,.F.);
#3570=ORIENTED_EDGE('',*,*,#5081,.T.);
#3571=ORIENTED_EDGE('',*,*,#5082,.T.);
#3572=ORIENTED_EDGE('',*,*,#5083,.T.);
#3573=ORIENTED_EDGE('',*,*,#5084,.T.);
#3574=ORIENTED_EDGE('',*,*,#5085,.T.);
#3575=ORIENTED_EDGE('',*,*,#5086,.T.);
#3576=ORIENTED_EDGE('',*,*,#5087,.T.);
#3577=ORIENTED_EDGE('',*,*,#5088,.F.);
#3578=ORIENTED_EDGE('',*,*,#5081,.F.);
#3579=ORIENTED_EDGE('',*,*,#5021,.T.);
#3580=ORIENTED_EDGE('',*,*,#5077,.T.);
#3581=ORIENTED_EDGE('',*,*,#5089,.F.);
#3582=ORIENTED_EDGE('',*,*,#5090,.F.);
#3583=ORIENTED_EDGE('',*,*,#5091,.T.);
#3584=ORIENTED_EDGE('',*,*,#5092,.T.);
#3585=ORIENTED_EDGE('',*,*,#5093,.T.);
#3586=ORIENTED_EDGE('',*,*,#5094,.T.);
#3587=ORIENTED_EDGE('',*,*,#5095,.F.);
#3588=ORIENTED_EDGE('',*,*,#5096,.F.);
#3589=ORIENTED_EDGE('',*,*,#5097,.F.);
#3590=ORIENTED_EDGE('',*,*,#5098,.T.);
#3591=ORIENTED_EDGE('',*,*,#5099,.T.);
#3592=ORIENTED_EDGE('',*,*,#5093,.F.);
#3593=ORIENTED_EDGE('',*,*,#5100,.F.);
#3594=ORIENTED_EDGE('',*,*,#5101,.F.);
#3595=ORIENTED_EDGE('',*,*,#5090,.T.);
#3596=ORIENTED_EDGE('',*,*,#5061,.T.);
#3597=ORIENTED_EDGE('',*,*,#5102,.T.);
#3598=ORIENTED_EDGE('',*,*,#5103,.T.);
#3599=ORIENTED_EDGE('',*,*,#5074,.F.);
#3600=ORIENTED_EDGE('',*,*,#5104,.T.);
#3601=ORIENTED_EDGE('',*,*,#5105,.T.);
#3602=ORIENTED_EDGE('',*,*,#5038,.T.);
#3603=ORIENTED_EDGE('',*,*,#5106,.T.);
#3604=ORIENTED_EDGE('',*,*,#5107,.T.);
#3605=ORIENTED_EDGE('',*,*,#5108,.F.);
#3606=ORIENTED_EDGE('',*,*,#5109,.F.);
#3607=ORIENTED_EDGE('',*,*,#5095,.T.);
#3608=ORIENTED_EDGE('',*,*,#5110,.T.);
#3609=ORIENTED_EDGE('',*,*,#5111,.T.);
#3610=ORIENTED_EDGE('',*,*,#5112,.T.);
#3611=ORIENTED_EDGE('',*,*,#5098,.F.);
#3612=ORIENTED_EDGE('',*,*,#5089,.T.);
#3613=ORIENTED_EDGE('',*,*,#5076,.F.);
#3614=ORIENTED_EDGE('',*,*,#5106,.F.);
#3615=ORIENTED_EDGE('',*,*,#5037,.T.);
#3616=ORIENTED_EDGE('',*,*,#5080,.T.);
#3617=ORIENTED_EDGE('',*,*,#5113,.F.);
#3618=ORIENTED_EDGE('',*,*,#5114,.T.);
#3619=ORIENTED_EDGE('',*,*,#5113,.T.);
#3620=ORIENTED_EDGE('',*,*,#5083,.F.);
#3621=ORIENTED_EDGE('',*,*,#5115,.F.);
#3622=ORIENTED_EDGE('',*,*,#5116,.T.);
#3623=ORIENTED_EDGE('',*,*,#5097,.T.);
#3624=ORIENTED_EDGE('',*,*,#5117,.F.);
#3625=ORIENTED_EDGE('',*,*,#5118,.F.);
#3626=ORIENTED_EDGE('',*,*,#5100,.T.);
#3627=ORIENTED_EDGE('',*,*,#5109,.T.);
#3628=ORIENTED_EDGE('',*,*,#5119,.F.);
#3629=ORIENTED_EDGE('',*,*,#5120,.F.);
#3630=ORIENTED_EDGE('',*,*,#5117,.T.);
#3631=ORIENTED_EDGE('',*,*,#5096,.T.);
#3632=ORIENTED_EDGE('',*,*,#5108,.T.);
#3633=ORIENTED_EDGE('',*,*,#5121,.F.);
#3634=ORIENTED_EDGE('',*,*,#5122,.F.);
#3635=ORIENTED_EDGE('',*,*,#5119,.T.);
#3636=ORIENTED_EDGE('',*,*,#5114,.F.);
#3637=ORIENTED_EDGE('',*,*,#5116,.F.);
#3638=ORIENTED_EDGE('',*,*,#5123,.T.);
#3639=ORIENTED_EDGE('',*,*,#5121,.T.);
#3640=ORIENTED_EDGE('',*,*,#5107,.F.);
#3641=ORIENTED_EDGE('',*,*,#5124,.F.);
#3642=ORIENTED_EDGE('',*,*,#5120,.T.);
#3643=ORIENTED_EDGE('',*,*,#5122,.T.);
#3644=ORIENTED_EDGE('',*,*,#5123,.F.);
#3645=ORIENTED_EDGE('',*,*,#5078,.F.);
#3646=ORIENTED_EDGE('',*,*,#5125,.F.);
#3647=ORIENTED_EDGE('',*,*,#5126,.F.);
#3648=ORIENTED_EDGE('',*,*,#5127,.F.);
#3649=ORIENTED_EDGE('',*,*,#5128,.F.);
#3650=ORIENTED_EDGE('',*,*,#5128,.T.);
#3651=ORIENTED_EDGE('',*,*,#5084,.F.);
#3652=ORIENTED_EDGE('',*,*,#5127,.T.);
#3653=ORIENTED_EDGE('',*,*,#5085,.F.);
#3654=ORIENTED_EDGE('',*,*,#5126,.T.);
#3655=ORIENTED_EDGE('',*,*,#5086,.F.);
#3656=ORIENTED_EDGE('',*,*,#5125,.T.);
#3657=ORIENTED_EDGE('',*,*,#5087,.F.);
#3658=ORIENTED_EDGE('',*,*,#5115,.T.);
#3659=ORIENTED_EDGE('',*,*,#5082,.F.);
#3660=ORIENTED_EDGE('',*,*,#5088,.T.);
#3661=ORIENTED_EDGE('',*,*,#5129,.T.);
#3662=ORIENTED_EDGE('',*,*,#5118,.T.);
#3663=ORIENTED_EDGE('',*,*,#5130,.F.);
#3664=ORIENTED_EDGE('',*,*,#5091,.F.);
#3665=ORIENTED_EDGE('',*,*,#5101,.T.);
#3666=ORIENTED_EDGE('',*,*,#5130,.T.);
#3667=ORIENTED_EDGE('',*,*,#5124,.T.);
#3668=ORIENTED_EDGE('',*,*,#5129,.F.);
#3669=ORIENTED_EDGE('',*,*,#5092,.F.);
#3670=ORIENTED_EDGE('',*,*,#5071,.F.);
#3671=ORIENTED_EDGE('',*,*,#5019,.T.);
#3672=ORIENTED_EDGE('',*,*,#5131,.T.);
#3673=ORIENTED_EDGE('',*,*,#5029,.T.);
#3674=ORIENTED_EDGE('',*,*,#5132,.T.);
#3675=ORIENTED_EDGE('',*,*,#5079,.T.);
#3676=ORIENTED_EDGE('',*,*,#5073,.T.);
#3677=ORIENTED_EDGE('',*,*,#5133,.F.);
#3678=ORIENTED_EDGE('',*,*,#5134,.F.);
#3679=ORIENTED_EDGE('',*,*,#5049,.F.);
#3680=ORIENTED_EDGE('',*,*,#5063,.F.);
#3681=ORIENTED_EDGE('',*,*,#5072,.F.);
#3682=ORIENTED_EDGE('',*,*,#5132,.F.);
#3683=ORIENTED_EDGE('',*,*,#5135,.T.);
#3684=ORIENTED_EDGE('',*,*,#5133,.T.);
#3685=ORIENTED_EDGE('',*,*,#5066,.F.);
#3686=ORIENTED_EDGE('',*,*,#5136,.F.);
#3687=ORIENTED_EDGE('',*,*,#5137,.T.);
#3688=ORIENTED_EDGE('',*,*,#5138,.T.);
#3689=ORIENTED_EDGE('',*,*,#5139,.T.);
#3690=ORIENTED_EDGE('',*,*,#5140,.T.);
#3691=ORIENTED_EDGE('',*,*,#5141,.F.);
#3692=ORIENTED_EDGE('',*,*,#5142,.T.);
#3693=ORIENTED_EDGE('',*,*,#5136,.T.);
#3694=ORIENTED_EDGE('',*,*,#5143,.T.);
#3695=ORIENTED_EDGE('',*,*,#5052,.T.);
#3696=ORIENTED_EDGE('',*,*,#5144,.T.);
#3697=ORIENTED_EDGE('',*,*,#5145,.F.);
#3698=ORIENTED_EDGE('',*,*,#5027,.F.);
#3699=ORIENTED_EDGE('',*,*,#5146,.T.);
#3700=ORIENTED_EDGE('',*,*,#5141,.T.);
#3701=ORIENTED_EDGE('',*,*,#5145,.T.);
#3702=ORIENTED_EDGE('',*,*,#5147,.T.);
#3703=ORIENTED_EDGE('',*,*,#5139,.F.);
#3704=ORIENTED_EDGE('',*,*,#5148,.T.);
#3705=ORIENTED_EDGE('',*,*,#5044,.T.);
#3706=ORIENTED_EDGE('',*,*,#5042,.T.);
#3707=ORIENTED_EDGE('',*,*,#5040,.T.);
#3708=ORIENTED_EDGE('',*,*,#5149,.F.);
#3709=ORIENTED_EDGE('',*,*,#5150,.T.);
#3710=ORIENTED_EDGE('',*,*,#5151,.T.);
#3711=ORIENTED_EDGE('',*,*,#5152,.F.);
#3712=ORIENTED_EDGE('',*,*,#5153,.T.);
#3713=ORIENTED_EDGE('',*,*,#5025,.T.);
#3714=ORIENTED_EDGE('',*,*,#5028,.F.);
#3715=ORIENTED_EDGE('',*,*,#5148,.F.);
#3716=ORIENTED_EDGE('',*,*,#5154,.T.);
#3717=ORIENTED_EDGE('',*,*,#5135,.F.);
#3718=ORIENTED_EDGE('',*,*,#5154,.F.);
#3719=ORIENTED_EDGE('',*,*,#5138,.F.);
#3720=ORIENTED_EDGE('',*,*,#5155,.T.);
#3721=ORIENTED_EDGE('',*,*,#5152,.T.);
#3722=ORIENTED_EDGE('',*,*,#5156,.T.);
#3723=ORIENTED_EDGE('',*,*,#5134,.T.);
#3724=ORIENTED_EDGE('',*,*,#5112,.F.);
#3725=ORIENTED_EDGE('',*,*,#5157,.T.);
#3726=ORIENTED_EDGE('',*,*,#5104,.F.);
#3727=ORIENTED_EDGE('',*,*,#5094,.F.);
#3728=ORIENTED_EDGE('',*,*,#5099,.F.);
#3729=ORIENTED_EDGE('',*,*,#5103,.F.);
#3730=ORIENTED_EDGE('',*,*,#5158,.T.);
#3731=ORIENTED_EDGE('',*,*,#5110,.F.);
#3732=ORIENTED_EDGE('',*,*,#5075,.F.);
#3733=ORIENTED_EDGE('',*,*,#5159,.F.);
#3734=ORIENTED_EDGE('',*,*,#5160,.T.);
#3735=ORIENTED_EDGE('',*,*,#5161,.T.);
#3736=ORIENTED_EDGE('',*,*,#5162,.F.);
#3737=ORIENTED_EDGE('',*,*,#5163,.F.);
#3738=ORIENTED_EDGE('',*,*,#5164,.T.);
#3739=ORIENTED_EDGE('',*,*,#5165,.T.);
#3740=ORIENTED_EDGE('',*,*,#5162,.T.);
#3741=ORIENTED_EDGE('',*,*,#5064,.F.);
#3742=ORIENTED_EDGE('',*,*,#5166,.T.);
#3743=ORIENTED_EDGE('',*,*,#5059,.F.);
#3744=ORIENTED_EDGE('',*,*,#5047,.F.);
#3745=ORIENTED_EDGE('',*,*,#5167,.T.);
#3746=ORIENTED_EDGE('',*,*,#5150,.F.);
#3747=ORIENTED_EDGE('',*,*,#5168,.F.);
#3748=ORIENTED_EDGE('',*,*,#5159,.T.);
#3749=ORIENTED_EDGE('',*,*,#5165,.F.);
#3750=ORIENTED_EDGE('',*,*,#5169,.T.);
#3751=ORIENTED_EDGE('',*,*,#5034,.T.);
#3752=ORIENTED_EDGE('',*,*,#5170,.T.);
#3753=ORIENTED_EDGE('',*,*,#5054,.T.);
#3754=ORIENTED_EDGE('',*,*,#5171,.T.);
#3755=ORIENTED_EDGE('',*,*,#5163,.T.);
#3756=ORIENTED_EDGE('',*,*,#5161,.F.);
#3757=ORIENTED_EDGE('',*,*,#5172,.T.);
#3758=ORIENTED_EDGE('',*,*,#5023,.T.);
#3759=ORIENTED_EDGE('',*,*,#5032,.T.);
#3760=ORIENTED_EDGE('',*,*,#5051,.F.);
#3761=ORIENTED_EDGE('',*,*,#5173,.T.);
#3762=ORIENTED_EDGE('',*,*,#5017,.F.);
#3763=ORIENTED_EDGE('',*,*,#5035,.F.);
#3764=ORIENTED_EDGE('',*,*,#5173,.F.);
#3765=ORIENTED_EDGE('',*,*,#5050,.T.);
#3766=ORIENTED_EDGE('',*,*,#5131,.F.);
#3767=ORIENTED_EDGE('',*,*,#5018,.F.);
#3768=ORIENTED_EDGE('',*,*,#5169,.F.);
#3769=ORIENTED_EDGE('',*,*,#5164,.F.);
#3770=ORIENTED_EDGE('',*,*,#5171,.F.);
#3771=ORIENTED_EDGE('',*,*,#5053,.F.);
#3772=ORIENTED_EDGE('',*,*,#5143,.F.);
#3773=ORIENTED_EDGE('',*,*,#5065,.F.);
#3774=ORIENTED_EDGE('',*,*,#5167,.F.);
#3775=ORIENTED_EDGE('',*,*,#5046,.F.);
#3776=ORIENTED_EDGE('',*,*,#5156,.F.);
#3777=ORIENTED_EDGE('',*,*,#5151,.F.);
#3778=ORIENTED_EDGE('',*,*,#5137,.F.);
#3779=ORIENTED_EDGE('',*,*,#5142,.F.);
#3780=ORIENTED_EDGE('',*,*,#5146,.F.);
#3781=ORIENTED_EDGE('',*,*,#5026,.F.);
#3782=ORIENTED_EDGE('',*,*,#5153,.F.);
#3783=ORIENTED_EDGE('',*,*,#5155,.F.);
#3784=ORIENTED_EDGE('',*,*,#5170,.F.);
#3785=ORIENTED_EDGE('',*,*,#5039,.F.);
#3786=ORIENTED_EDGE('',*,*,#5174,.F.);
#3787=ORIENTED_EDGE('',*,*,#5055,.F.);
#3788=ORIENTED_EDGE('',*,*,#5174,.T.);
#3789=ORIENTED_EDGE('',*,*,#5105,.F.);
#3790=ORIENTED_EDGE('',*,*,#5175,.F.);
#3791=ORIENTED_EDGE('',*,*,#5056,.F.);
#3792=ORIENTED_EDGE('',*,*,#5175,.T.);
#3793=ORIENTED_EDGE('',*,*,#5157,.F.);
#3794=ORIENTED_EDGE('',*,*,#5176,.F.);
#3795=ORIENTED_EDGE('',*,*,#5057,.F.);
#3796=ORIENTED_EDGE('',*,*,#5147,.F.);
#3797=ORIENTED_EDGE('',*,*,#5144,.F.);
#3798=ORIENTED_EDGE('',*,*,#5058,.F.);
#3799=ORIENTED_EDGE('',*,*,#5176,.T.);
#3800=ORIENTED_EDGE('',*,*,#5111,.F.);
#3801=ORIENTED_EDGE('',*,*,#5177,.F.);
#3802=ORIENTED_EDGE('',*,*,#5067,.F.);
#3803=ORIENTED_EDGE('',*,*,#5140,.F.);
#3804=ORIENTED_EDGE('',*,*,#5177,.T.);
#3805=ORIENTED_EDGE('',*,*,#5158,.F.);
#3806=ORIENTED_EDGE('',*,*,#5178,.F.);
#3807=ORIENTED_EDGE('',*,*,#5068,.F.);
#3808=ORIENTED_EDGE('',*,*,#5178,.T.);
#3809=ORIENTED_EDGE('',*,*,#5102,.F.);
#3810=ORIENTED_EDGE('',*,*,#5179,.F.);
#3811=ORIENTED_EDGE('',*,*,#5069,.F.);
#3812=ORIENTED_EDGE('',*,*,#5179,.T.);
#3813=ORIENTED_EDGE('',*,*,#5060,.F.);
#3814=ORIENTED_EDGE('',*,*,#5166,.F.);
#3815=ORIENTED_EDGE('',*,*,#5070,.F.);
#3816=ORIENTED_EDGE('',*,*,#5041,.T.);
#3817=ORIENTED_EDGE('',*,*,#5043,.T.);
#3818=ORIENTED_EDGE('',*,*,#5045,.T.);
#3819=ORIENTED_EDGE('',*,*,#5024,.T.);
#3820=ORIENTED_EDGE('',*,*,#5172,.F.);
#3821=ORIENTED_EDGE('',*,*,#5160,.F.);
#3822=ORIENTED_EDGE('',*,*,#5168,.T.);
#3823=ORIENTED_EDGE('',*,*,#5149,.T.);
#3824=ORIENTED_EDGE('',*,*,#5180,.F.);
#3825=ORIENTED_EDGE('',*,*,#5181,.F.);
#3826=ORIENTED_EDGE('',*,*,#5182,.T.);
#3827=ORIENTED_EDGE('',*,*,#5183,.T.);
#3828=ORIENTED_EDGE('',*,*,#5184,.T.);
#3829=ORIENTED_EDGE('',*,*,#5185,.T.);
#3830=ORIENTED_EDGE('',*,*,#5186,.F.);
#3831=ORIENTED_EDGE('',*,*,#5187,.F.);
#3832=ORIENTED_EDGE('',*,*,#5188,.T.);
#3833=ORIENTED_EDGE('',*,*,#5189,.T.);
#3834=ORIENTED_EDGE('',*,*,#5190,.F.);
#3835=ORIENTED_EDGE('',*,*,#5191,.F.);
#3836=ORIENTED_EDGE('',*,*,#5192,.T.);
#3837=ORIENTED_EDGE('',*,*,#5193,.F.);
#3838=ORIENTED_EDGE('',*,*,#5194,.T.);
#3839=ORIENTED_EDGE('',*,*,#5195,.T.);
#3840=ORIENTED_EDGE('',*,*,#5196,.T.);
#3841=ORIENTED_EDGE('',*,*,#5197,.T.);
#3842=ORIENTED_EDGE('',*,*,#5198,.T.);
#3843=ORIENTED_EDGE('',*,*,#5199,.F.);
#3844=ORIENTED_EDGE('',*,*,#5200,.T.);
#3845=ORIENTED_EDGE('',*,*,#5201,.F.);
#3846=ORIENTED_EDGE('',*,*,#5202,.F.);
#3847=ORIENTED_EDGE('',*,*,#5203,.T.);
#3848=ORIENTED_EDGE('',*,*,#5204,.T.);
#3849=ORIENTED_EDGE('',*,*,#5205,.F.);
#3850=ORIENTED_EDGE('',*,*,#5206,.T.);
#3851=ORIENTED_EDGE('',*,*,#5207,.T.);
#3852=ORIENTED_EDGE('',*,*,#5208,.T.);
#3853=ORIENTED_EDGE('',*,*,#5209,.F.);
#3854=ORIENTED_EDGE('',*,*,#5210,.F.);
#3855=ORIENTED_EDGE('',*,*,#5211,.F.);
#3856=ORIENTED_EDGE('',*,*,#5204,.F.);
#3857=ORIENTED_EDGE('',*,*,#5212,.F.);
#3858=ORIENTED_EDGE('',*,*,#5190,.T.);
#3859=ORIENTED_EDGE('',*,*,#5213,.T.);
#3860=ORIENTED_EDGE('',*,*,#5214,.T.);
#3861=ORIENTED_EDGE('',*,*,#5203,.F.);
#3862=ORIENTED_EDGE('',*,*,#5215,.F.);
#3863=ORIENTED_EDGE('',*,*,#5191,.T.);
#3864=ORIENTED_EDGE('',*,*,#5212,.T.);
#3865=ORIENTED_EDGE('',*,*,#5202,.T.);
#3866=ORIENTED_EDGE('',*,*,#5216,.F.);
#3867=ORIENTED_EDGE('',*,*,#5192,.F.);
#3868=ORIENTED_EDGE('',*,*,#5215,.T.);
#3869=ORIENTED_EDGE('',*,*,#5201,.T.);
#3870=ORIENTED_EDGE('',*,*,#5217,.T.);
#3871=ORIENTED_EDGE('',*,*,#5183,.F.);
#3872=ORIENTED_EDGE('',*,*,#5216,.T.);
#3873=ORIENTED_EDGE('',*,*,#5185,.F.);
#3874=ORIENTED_EDGE('',*,*,#5218,.T.);
#3875=ORIENTED_EDGE('',*,*,#5199,.T.);
#3876=ORIENTED_EDGE('',*,*,#5219,.F.);
#3877=ORIENTED_EDGE('',*,*,#5220,.F.);
#3878=ORIENTED_EDGE('',*,*,#5208,.F.);
#3879=ORIENTED_EDGE('',*,*,#5221,.F.);
#3880=ORIENTED_EDGE('',*,*,#5186,.T.);
#3881=ORIENTED_EDGE('',*,*,#5219,.T.);
#3882=ORIENTED_EDGE('',*,*,#5207,.F.);
#3883=ORIENTED_EDGE('',*,*,#5222,.T.);
#3884=ORIENTED_EDGE('',*,*,#5187,.T.);
#3885=ORIENTED_EDGE('',*,*,#5221,.T.);
#3886=ORIENTED_EDGE('',*,*,#5189,.F.);
#3887=ORIENTED_EDGE('',*,*,#5223,.T.);
#3888=ORIENTED_EDGE('',*,*,#5205,.T.);
#3889=ORIENTED_EDGE('',*,*,#5213,.F.);
#3890=ORIENTED_EDGE('',*,*,#5193,.T.);
#3891=ORIENTED_EDGE('',*,*,#5198,.F.);
#3892=ORIENTED_EDGE('',*,*,#5194,.F.);
#3893=ORIENTED_EDGE('',*,*,#5209,.T.);
#3894=ORIENTED_EDGE('',*,*,#5182,.F.);
#3895=ORIENTED_EDGE('',*,*,#5210,.T.);
#3896=ORIENTED_EDGE('',*,*,#5195,.F.);
#3897=ORIENTED_EDGE('',*,*,#5211,.T.);
#3898=ORIENTED_EDGE('',*,*,#5181,.T.);
#3899=ORIENTED_EDGE('',*,*,#5197,.F.);
#3900=ORIENTED_EDGE('',*,*,#5180,.T.);
#3901=ORIENTED_EDGE('',*,*,#5196,.F.);
#3902=ORIENTED_EDGE('',*,*,#5184,.F.);
#3903=ORIENTED_EDGE('',*,*,#5217,.F.);
#3904=ORIENTED_EDGE('',*,*,#5200,.F.);
#3905=ORIENTED_EDGE('',*,*,#5218,.F.);
#3906=ORIENTED_EDGE('',*,*,#5188,.F.);
#3907=ORIENTED_EDGE('',*,*,#5222,.F.);
#3908=ORIENTED_EDGE('',*,*,#5206,.F.);
#3909=ORIENTED_EDGE('',*,*,#5223,.F.);
#3910=ORIENTED_EDGE('',*,*,#5220,.T.);
#3911=ORIENTED_EDGE('',*,*,#5214,.F.);
#3912=ORIENTED_EDGE('',*,*,#5224,.F.);
#3913=ORIENTED_EDGE('',*,*,#5225,.T.);
#3914=ORIENTED_EDGE('',*,*,#5226,.T.);
#3915=ORIENTED_EDGE('',*,*,#5227,.F.);
#3916=ORIENTED_EDGE('',*,*,#5228,.T.);
#3917=ORIENTED_EDGE('',*,*,#5229,.T.);
#3918=ORIENTED_EDGE('',*,*,#5230,.F.);
#3919=ORIENTED_EDGE('',*,*,#5231,.T.);
#3920=ORIENTED_EDGE('',*,*,#5232,.F.);
#3921=ORIENTED_EDGE('',*,*,#5233,.T.);
#3922=ORIENTED_EDGE('',*,*,#5234,.F.);
#3923=ORIENTED_EDGE('',*,*,#5235,.F.);
#3924=ORIENTED_EDGE('',*,*,#5236,.F.);
#3925=ORIENTED_EDGE('',*,*,#5237,.T.);
#3926=ORIENTED_EDGE('',*,*,#5238,.F.);
#3927=ORIENTED_EDGE('',*,*,#5239,.T.);
#3928=ORIENTED_EDGE('',*,*,#5240,.T.);
#3929=ORIENTED_EDGE('',*,*,#5241,.T.);
#3930=ORIENTED_EDGE('',*,*,#5238,.T.);
#3931=ORIENTED_EDGE('',*,*,#5242,.T.);
#3932=ORIENTED_EDGE('',*,*,#5243,.T.);
#3933=ORIENTED_EDGE('',*,*,#5244,.T.);
#3934=ORIENTED_EDGE('',*,*,#5245,.F.);
#3935=ORIENTED_EDGE('',*,*,#5246,.F.);
#3936=ORIENTED_EDGE('',*,*,#5247,.F.);
#3937=ORIENTED_EDGE('',*,*,#5248,.F.);
#3938=ORIENTED_EDGE('',*,*,#5249,.T.);
#3939=ORIENTED_EDGE('',*,*,#5250,.T.);
#3940=ORIENTED_EDGE('',*,*,#5232,.T.);
#3941=ORIENTED_EDGE('',*,*,#5248,.T.);
#3942=ORIENTED_EDGE('',*,*,#5251,.T.);
#3943=ORIENTED_EDGE('',*,*,#5240,.F.);
#3944=ORIENTED_EDGE('',*,*,#5252,.T.);
#3945=ORIENTED_EDGE('',*,*,#5253,.F.);
#3946=ORIENTED_EDGE('',*,*,#5254,.F.);
#3947=ORIENTED_EDGE('',*,*,#5255,.T.);
#3948=ORIENTED_EDGE('',*,*,#5256,.T.);
#3949=ORIENTED_EDGE('',*,*,#5257,.F.);
#3950=ORIENTED_EDGE('',*,*,#5258,.F.);
#3951=ORIENTED_EDGE('',*,*,#5259,.F.);
#3952=ORIENTED_EDGE('',*,*,#5260,.T.);
#3953=ORIENTED_EDGE('',*,*,#5261,.F.);
#3954=ORIENTED_EDGE('',*,*,#5262,.F.);
#3955=ORIENTED_EDGE('',*,*,#5263,.T.);
#3956=ORIENTED_EDGE('',*,*,#5264,.T.);
#3957=ORIENTED_EDGE('',*,*,#5265,.F.);
#3958=ORIENTED_EDGE('',*,*,#5266,.F.);
#3959=ORIENTED_EDGE('',*,*,#5267,.T.);
#3960=ORIENTED_EDGE('',*,*,#5262,.T.);
#3961=ORIENTED_EDGE('',*,*,#5268,.F.);
#3962=ORIENTED_EDGE('',*,*,#5269,.F.);
#3963=ORIENTED_EDGE('',*,*,#5270,.F.);
#3964=ORIENTED_EDGE('',*,*,#5271,.T.);
#3965=ORIENTED_EDGE('',*,*,#5266,.T.);
#3966=ORIENTED_EDGE('',*,*,#5272,.F.);
#3967=ORIENTED_EDGE('',*,*,#5273,.F.);
#3968=ORIENTED_EDGE('',*,*,#5274,.F.);
#3969=ORIENTED_EDGE('',*,*,#5270,.T.);
#3970=ORIENTED_EDGE('',*,*,#5275,.T.);
#3971=ORIENTED_EDGE('',*,*,#5276,.T.);
#3972=ORIENTED_EDGE('',*,*,#5277,.F.);
#3973=ORIENTED_EDGE('',*,*,#5278,.F.);
#3974=ORIENTED_EDGE('',*,*,#5279,.F.);
#3975=ORIENTED_EDGE('',*,*,#5280,.T.);
#3976=ORIENTED_EDGE('',*,*,#5278,.T.);
#3977=ORIENTED_EDGE('',*,*,#5281,.T.);
#3978=ORIENTED_EDGE('',*,*,#5282,.T.);
#3979=ORIENTED_EDGE('',*,*,#5283,.F.);
#3980=ORIENTED_EDGE('',*,*,#5284,.T.);
#3981=ORIENTED_EDGE('',*,*,#5285,.T.);
#3982=ORIENTED_EDGE('',*,*,#5286,.F.);
#3983=ORIENTED_EDGE('',*,*,#5287,.F.);
#3984=ORIENTED_EDGE('',*,*,#5288,.F.);
#3985=ORIENTED_EDGE('',*,*,#5289,.F.);
#3986=ORIENTED_EDGE('',*,*,#5290,.F.);
#3987=ORIENTED_EDGE('',*,*,#5291,.F.);
#3988=ORIENTED_EDGE('',*,*,#5287,.T.);
#3989=ORIENTED_EDGE('',*,*,#5292,.T.);
#3990=ORIENTED_EDGE('',*,*,#5293,.T.);
#3991=ORIENTED_EDGE('',*,*,#5294,.T.);
#3992=ORIENTED_EDGE('',*,*,#5295,.T.);
#3993=ORIENTED_EDGE('',*,*,#5296,.T.);
#3994=ORIENTED_EDGE('',*,*,#5297,.F.);
#3995=ORIENTED_EDGE('',*,*,#5298,.T.);
#3996=ORIENTED_EDGE('',*,*,#5299,.T.);
#3997=ORIENTED_EDGE('',*,*,#5275,.F.);
#3998=ORIENTED_EDGE('',*,*,#5272,.T.);
#3999=ORIENTED_EDGE('',*,*,#5268,.T.);
#4000=ORIENTED_EDGE('',*,*,#5265,.T.);
#4001=ORIENTED_EDGE('',*,*,#5300,.F.);
#4002=ORIENTED_EDGE('',*,*,#5301,.T.);
#4003=ORIENTED_EDGE('',*,*,#5302,.F.);
#4004=ORIENTED_EDGE('',*,*,#5303,.T.);
#4005=ORIENTED_EDGE('',*,*,#5304,.T.);
#4006=ORIENTED_EDGE('',*,*,#5258,.T.);
#4007=ORIENTED_EDGE('',*,*,#5305,.F.);
#4008=ORIENTED_EDGE('',*,*,#5306,.T.);
#4009=ORIENTED_EDGE('',*,*,#5307,.T.);
#4010=ORIENTED_EDGE('',*,*,#5249,.F.);
#4011=ORIENTED_EDGE('',*,*,#5253,.T.);
#4012=ORIENTED_EDGE('',*,*,#5308,.T.);
#4013=ORIENTED_EDGE('',*,*,#5309,.F.);
#4014=ORIENTED_EDGE('',*,*,#5310,.F.);
#4015=ORIENTED_EDGE('',*,*,#5237,.F.);
#4016=ORIENTED_EDGE('',*,*,#5311,.T.);
#4017=ORIENTED_EDGE('',*,*,#5312,.T.);
#4018=ORIENTED_EDGE('',*,*,#5313,.T.);
#4019=ORIENTED_EDGE('',*,*,#5314,.T.);
#4020=ORIENTED_EDGE('',*,*,#5288,.T.);
#4021=ORIENTED_EDGE('',*,*,#5291,.T.);
#4022=ORIENTED_EDGE('',*,*,#5315,.F.);
#4023=ORIENTED_EDGE('',*,*,#5225,.F.);
#4024=ORIENTED_EDGE('',*,*,#5316,.T.);
#4025=ORIENTED_EDGE('',*,*,#5302,.T.);
#4026=ORIENTED_EDGE('',*,*,#5317,.T.);
#4027=ORIENTED_EDGE('',*,*,#5318,.T.);
#4028=ORIENTED_EDGE('',*,*,#5319,.F.);
#4029=ORIENTED_EDGE('',*,*,#5320,.T.);
#4030=ORIENTED_EDGE('',*,*,#5242,.F.);
#4031=ORIENTED_EDGE('',*,*,#5321,.T.);
#4032=ORIENTED_EDGE('',*,*,#5322,.T.);
#4033=ORIENTED_EDGE('',*,*,#5323,.T.);
#4034=ORIENTED_EDGE('',*,*,#5324,.T.);
#4035=ORIENTED_EDGE('',*,*,#5325,.T.);
#4036=ORIENTED_EDGE('',*,*,#5326,.F.);
#4037=ORIENTED_EDGE('',*,*,#5296,.F.);
#4038=ORIENTED_EDGE('',*,*,#5318,.F.);
#4039=ORIENTED_EDGE('',*,*,#5327,.T.);
#4040=ORIENTED_EDGE('',*,*,#5328,.T.);
#4041=ORIENTED_EDGE('',*,*,#5297,.T.);
#4042=ORIENTED_EDGE('',*,*,#5326,.T.);
#4043=ORIENTED_EDGE('',*,*,#5329,.F.);
#4044=ORIENTED_EDGE('',*,*,#5329,.T.);
#4045=ORIENTED_EDGE('',*,*,#5325,.F.);
#4046=ORIENTED_EDGE('',*,*,#5330,.T.);
#4047=ORIENTED_EDGE('',*,*,#5305,.T.);
#4048=ORIENTED_EDGE('',*,*,#5331,.T.);
#4049=ORIENTED_EDGE('',*,*,#5332,.T.);
#4050=ORIENTED_EDGE('',*,*,#5319,.T.);
#4051=ORIENTED_EDGE('',*,*,#5333,.F.);
#4052=ORIENTED_EDGE('',*,*,#5310,.T.);
#4053=ORIENTED_EDGE('',*,*,#5333,.T.);
#4054=ORIENTED_EDGE('',*,*,#5334,.T.);
#4055=ORIENTED_EDGE('',*,*,#5321,.F.);
#4056=ORIENTED_EDGE('',*,*,#5334,.F.);
#4057=ORIENTED_EDGE('',*,*,#5335,.F.);
#4058=ORIENTED_EDGE('',*,*,#5309,.T.);
#4059=ORIENTED_EDGE('',*,*,#5335,.T.);
#4060=ORIENTED_EDGE('',*,*,#5336,.F.);
#4061=ORIENTED_EDGE('',*,*,#5322,.F.);
#4062=ORIENTED_EDGE('',*,*,#5295,.F.);
#4063=ORIENTED_EDGE('',*,*,#5337,.T.);
#4064=ORIENTED_EDGE('',*,*,#5298,.F.);
#4065=ORIENTED_EDGE('',*,*,#5257,.T.);
#4066=ORIENTED_EDGE('',*,*,#5338,.F.);
#4067=ORIENTED_EDGE('',*,*,#5273,.T.);
#4068=ORIENTED_EDGE('',*,*,#5280,.F.);
#4069=ORIENTED_EDGE('',*,*,#5339,.T.);
#4070=ORIENTED_EDGE('',*,*,#5340,.T.);
#4071=ORIENTED_EDGE('',*,*,#5341,.F.);
#4072=ORIENTED_EDGE('',*,*,#5342,.T.);
#4073=ORIENTED_EDGE('',*,*,#5343,.T.);
#4074=ORIENTED_EDGE('',*,*,#5234,.T.);
#4075=ORIENTED_EDGE('',*,*,#5344,.T.);
#4076=ORIENTED_EDGE('',*,*,#5345,.T.);
#4077=ORIENTED_EDGE('',*,*,#5323,.F.);
#4078=ORIENTED_EDGE('',*,*,#5342,.F.);
#4079=ORIENTED_EDGE('',*,*,#5260,.F.);
#4080=ORIENTED_EDGE('',*,*,#5346,.F.);
#4081=ORIENTED_EDGE('',*,*,#5347,.F.);
#4082=ORIENTED_EDGE('',*,*,#5348,.T.);
#4083=ORIENTED_EDGE('',*,*,#5259,.T.);
#4084=ORIENTED_EDGE('',*,*,#5304,.F.);
#4085=ORIENTED_EDGE('',*,*,#5349,.F.);
#4086=ORIENTED_EDGE('',*,*,#5347,.T.);
#4087=ORIENTED_EDGE('',*,*,#5350,.T.);
#4088=ORIENTED_EDGE('',*,*,#5228,.F.);
#4089=ORIENTED_EDGE('',*,*,#5351,.T.);
#4090=ORIENTED_EDGE('',*,*,#5245,.T.);
#4091=ORIENTED_EDGE('',*,*,#5352,.F.);
#4092=ORIENTED_EDGE('',*,*,#5352,.T.);
#4093=ORIENTED_EDGE('',*,*,#5246,.T.);
#4094=ORIENTED_EDGE('',*,*,#5353,.F.);
#4095=ORIENTED_EDGE('',*,*,#5353,.T.);
#4096=ORIENTED_EDGE('',*,*,#5346,.T.);
#4097=ORIENTED_EDGE('',*,*,#5277,.T.);
#4098=ORIENTED_EDGE('',*,*,#5354,.T.);
#4099=ORIENTED_EDGE('',*,*,#5355,.F.);
#4100=ORIENTED_EDGE('',*,*,#5356,.F.);
#4101=ORIENTED_EDGE('',*,*,#5357,.F.);
#4102=ORIENTED_EDGE('',*,*,#5281,.F.);
#4103=ORIENTED_EDGE('',*,*,#5293,.F.);
#4104=ORIENTED_EDGE('',*,*,#5358,.T.);
#4105=ORIENTED_EDGE('',*,*,#5355,.T.);
#4106=ORIENTED_EDGE('',*,*,#5359,.T.);
#4107=ORIENTED_EDGE('',*,*,#5336,.T.);
#4108=ORIENTED_EDGE('',*,*,#5264,.F.);
#4109=ORIENTED_EDGE('',*,*,#5360,.F.);
#4110=ORIENTED_EDGE('',*,*,#5361,.F.);
#4111=ORIENTED_EDGE('',*,*,#5285,.F.);
#4112=ORIENTED_EDGE('',*,*,#5362,.T.);
#4113=ORIENTED_EDGE('',*,*,#5363,.T.);
#4114=ORIENTED_EDGE('',*,*,#5282,.F.);
#4115=ORIENTED_EDGE('',*,*,#5357,.T.);
#4116=ORIENTED_EDGE('',*,*,#5364,.F.);
#4117=ORIENTED_EDGE('',*,*,#5328,.F.);
#4118=ORIENTED_EDGE('',*,*,#5365,.T.);
#4119=ORIENTED_EDGE('',*,*,#5300,.T.);
#4120=ORIENTED_EDGE('',*,*,#5224,.T.);
#4121=ORIENTED_EDGE('',*,*,#5269,.T.);
#4122=ORIENTED_EDGE('',*,*,#5337,.F.);
#4123=ORIENTED_EDGE('',*,*,#5294,.F.);
#4124=ORIENTED_EDGE('',*,*,#5359,.F.);
#4125=ORIENTED_EDGE('',*,*,#5354,.F.);
#4126=ORIENTED_EDGE('',*,*,#5276,.F.);
#4127=ORIENTED_EDGE('',*,*,#5299,.F.);
#4128=ORIENTED_EDGE('',*,*,#5252,.F.);
#4129=ORIENTED_EDGE('',*,*,#5244,.F.);
#4130=ORIENTED_EDGE('',*,*,#5366,.F.);
#4131=ORIENTED_EDGE('',*,*,#5331,.F.);
#4132=ORIENTED_EDGE('',*,*,#5308,.F.);
#4133=ORIENTED_EDGE('',*,*,#5320,.F.);
#4134=ORIENTED_EDGE('',*,*,#5332,.F.);
#4135=ORIENTED_EDGE('',*,*,#5366,.T.);
#4136=ORIENTED_EDGE('',*,*,#5243,.F.);
#4137=ORIENTED_EDGE('',*,*,#5350,.F.);
#4138=ORIENTED_EDGE('',*,*,#5303,.F.);
#4139=ORIENTED_EDGE('',*,*,#5316,.F.);
#4140=ORIENTED_EDGE('',*,*,#5229,.F.);
#4141=ORIENTED_EDGE('',*,*,#5317,.F.);
#4142=ORIENTED_EDGE('',*,*,#5301,.F.);
#4143=ORIENTED_EDGE('',*,*,#5365,.F.);
#4144=ORIENTED_EDGE('',*,*,#5327,.F.);
#4145=ORIENTED_EDGE('',*,*,#5250,.F.);
#4146=ORIENTED_EDGE('',*,*,#5307,.F.);
#4147=ORIENTED_EDGE('',*,*,#5367,.F.);
#4148=ORIENTED_EDGE('',*,*,#5344,.F.);
#4149=ORIENTED_EDGE('',*,*,#5233,.F.);
#4150=ORIENTED_EDGE('',*,*,#5367,.T.);
#4151=ORIENTED_EDGE('',*,*,#5306,.F.);
#4152=ORIENTED_EDGE('',*,*,#5330,.F.);
#4153=ORIENTED_EDGE('',*,*,#5324,.F.);
#4154=ORIENTED_EDGE('',*,*,#5345,.F.);
#4155=ORIENTED_EDGE('',*,*,#5368,.F.);
#4156=ORIENTED_EDGE('',*,*,#5369,.T.);
#4157=ORIENTED_EDGE('',*,*,#5370,.F.);
#4158=ORIENTED_EDGE('',*,*,#5371,.T.);
#4159=ORIENTED_EDGE('',*,*,#5372,.F.);
#4160=ORIENTED_EDGE('',*,*,#5312,.F.);
#4161=ORIENTED_EDGE('',*,*,#5373,.T.);
#4162=ORIENTED_EDGE('',*,*,#5230,.T.);
#4163=ORIENTED_EDGE('',*,*,#5351,.F.);
#4164=ORIENTED_EDGE('',*,*,#5374,.F.);
#4165=ORIENTED_EDGE('',*,*,#5313,.F.);
#4166=ORIENTED_EDGE('',*,*,#5372,.T.);
#4167=ORIENTED_EDGE('',*,*,#5235,.T.);
#4168=ORIENTED_EDGE('',*,*,#5375,.F.);
#4169=ORIENTED_EDGE('',*,*,#5283,.T.);
#4170=ORIENTED_EDGE('',*,*,#5363,.F.);
#4171=ORIENTED_EDGE('',*,*,#5362,.F.);
#4172=ORIENTED_EDGE('',*,*,#5284,.F.);
#4173=ORIENTED_EDGE('',*,*,#5314,.F.);
#4174=ORIENTED_EDGE('',*,*,#5374,.T.);
#4175=ORIENTED_EDGE('',*,*,#5341,.T.);
#4176=ORIENTED_EDGE('',*,*,#5376,.T.);
#4177=ORIENTED_EDGE('',*,*,#5377,.T.);
#4178=ORIENTED_EDGE('',*,*,#5377,.F.);
#4179=ORIENTED_EDGE('',*,*,#5378,.T.);
#4180=ORIENTED_EDGE('',*,*,#5339,.F.);
#4181=ORIENTED_EDGE('',*,*,#5279,.T.);
#4182=ORIENTED_EDGE('',*,*,#5375,.T.);
#4183=ORIENTED_EDGE('',*,*,#5343,.F.);
#4184=ORIENTED_EDGE('',*,*,#5292,.F.);
#4185=ORIENTED_EDGE('',*,*,#5364,.T.);
#4186=ORIENTED_EDGE('',*,*,#5356,.T.);
#4187=ORIENTED_EDGE('',*,*,#5358,.F.);
#4188=ORIENTED_EDGE('',*,*,#5376,.F.);
#4189=ORIENTED_EDGE('',*,*,#5340,.F.);
#4190=ORIENTED_EDGE('',*,*,#5378,.F.);
#4191=ORIENTED_EDGE('',*,*,#5286,.T.);
#4192=ORIENTED_EDGE('',*,*,#5361,.T.);
#4193=ORIENTED_EDGE('',*,*,#5379,.T.);
#4194=ORIENTED_EDGE('',*,*,#5255,.F.);
#4195=ORIENTED_EDGE('',*,*,#5289,.T.);
#4196=ORIENTED_EDGE('',*,*,#5261,.T.);
#4197=ORIENTED_EDGE('',*,*,#5267,.F.);
#4198=ORIENTED_EDGE('',*,*,#5271,.F.);
#4199=ORIENTED_EDGE('',*,*,#5274,.T.);
#4200=ORIENTED_EDGE('',*,*,#5338,.T.);
#4201=ORIENTED_EDGE('',*,*,#5256,.F.);
#4202=ORIENTED_EDGE('',*,*,#5379,.F.);
#4203=ORIENTED_EDGE('',*,*,#5360,.T.);
#4204=ORIENTED_EDGE('',*,*,#5263,.F.);
#4205=ORIENTED_EDGE('',*,*,#5380,.F.);
#4206=ORIENTED_EDGE('',*,*,#5381,.T.);
#4207=ORIENTED_EDGE('',*,*,#5382,.F.);
#4208=ORIENTED_EDGE('',*,*,#5369,.F.);
#4209=ORIENTED_EDGE('',*,*,#5383,.F.);
#4210=ORIENTED_EDGE('',*,*,#5381,.F.);
#4211=ORIENTED_EDGE('',*,*,#5384,.T.);
#4212=ORIENTED_EDGE('',*,*,#5371,.F.);
#4213=ORIENTED_EDGE('',*,*,#5368,.T.);
#4214=ORIENTED_EDGE('',*,*,#5384,.F.);
#4215=ORIENTED_EDGE('',*,*,#5380,.T.);
#4216=ORIENTED_EDGE('',*,*,#5370,.T.);
#4217=ORIENTED_EDGE('',*,*,#5382,.T.);
#4218=ORIENTED_EDGE('',*,*,#5383,.T.);
#4219=ORIENTED_EDGE('',*,*,#5373,.F.);
#4220=ORIENTED_EDGE('',*,*,#5385,.F.);
#4221=ORIENTED_EDGE('',*,*,#5239,.F.);
#4222=ORIENTED_EDGE('',*,*,#5241,.F.);
#4223=ORIENTED_EDGE('',*,*,#5251,.F.);
#4224=ORIENTED_EDGE('',*,*,#5247,.T.);
#4225=ORIENTED_EDGE('',*,*,#5231,.F.);
#4226=ORIENTED_EDGE('',*,*,#5254,.T.);
#4227=ORIENTED_EDGE('',*,*,#5348,.F.);
#4228=ORIENTED_EDGE('',*,*,#5349,.T.);
#4229=ORIENTED_EDGE('',*,*,#5227,.T.);
#4230=ORIENTED_EDGE('',*,*,#5386,.T.);
#4231=ORIENTED_EDGE('',*,*,#5290,.T.);
#4232=ORIENTED_EDGE('',*,*,#5315,.T.);
#4233=ORIENTED_EDGE('',*,*,#5386,.F.);
#4234=ORIENTED_EDGE('',*,*,#5226,.F.);
#4235=ORIENTED_EDGE('',*,*,#5236,.T.);
#4236=ORIENTED_EDGE('',*,*,#5385,.T.);
#4237=ORIENTED_EDGE('',*,*,#5311,.F.);
#4238=EDGE_CURVE('',#5387,#5387,#6193,.F.);
#4239=EDGE_CURVE('',#5388,#5388,#6194,.T.);
#4240=EDGE_CURVE('',#5389,#5389,#6195,.T.);
#4241=EDGE_CURVE('',#5390,#5391,#492,.T.);
#4242=EDGE_CURVE('',#5392,#5390,#493,.T.);
#4243=EDGE_CURVE('',#5392,#5393,#494,.T.);
#4244=EDGE_CURVE('',#5393,#5391,#495,.T.);
#4245=EDGE_CURVE('',#5394,#5394,#6196,.F.);
#4246=EDGE_CURVE('',#5395,#5395,#6197,.F.);
#4247=EDGE_CURVE('',#5396,#5396,#6198,.T.);
#4248=EDGE_CURVE('',#5397,#5397,#6199,.T.);
#4249=EDGE_CURVE('',#5398,#5398,#6200,.F.);
#4250=EDGE_CURVE('',#5399,#5399,#6201,.F.);
#4251=EDGE_CURVE('',#5400,#5400,#6202,.T.);
#4252=EDGE_CURVE('',#5401,#5401,#6203,.T.);
#4253=EDGE_CURVE('',#5402,#5402,#6204,.T.);
#4254=EDGE_CURVE('',#5403,#5403,#6205,.T.);
#4255=EDGE_CURVE('',#5404,#5404,#6206,.T.);
#4256=EDGE_CURVE('',#5405,#5406,#496,.T.);
#4257=EDGE_CURVE('',#5407,#5406,#497,.F.);
#4258=EDGE_CURVE('',#5408,#5407,#498,.T.);
#4259=EDGE_CURVE('',#5408,#5405,#499,.F.);
#4260=EDGE_CURVE('',#5409,#5409,#6207,.T.);
#4261=EDGE_CURVE('',#5410,#5410,#6208,.T.);
#4262=EDGE_CURVE('',#5411,#5411,#6209,.T.);
#4263=EDGE_CURVE('',#5412,#5412,#6210,.T.);
#4264=EDGE_CURVE('',#5413,#5413,#6211,.T.);
#4265=EDGE_CURVE('',#5414,#5414,#6212,.T.);
#4266=EDGE_CURVE('',#5415,#5415,#6213,.T.);
#4267=EDGE_CURVE('',#5416,#5416,#6214,.T.);
#4268=EDGE_CURVE('',#5417,#5417,#6215,.T.);
#4269=EDGE_CURVE('',#5418,#5418,#6216,.T.);
#4270=EDGE_CURVE('',#5419,#5419,#6217,.T.);
#4271=EDGE_CURVE('',#5420,#5421,#6218,.T.);
#4272=EDGE_CURVE('',#5421,#5422,#500,.T.);
#4273=EDGE_CURVE('',#5422,#5423,#501,.T.);
#4274=EDGE_CURVE('',#5420,#5423,#502,.T.);
#4275=EDGE_CURVE('',#5424,#5424,#6219,.F.);
#4276=EDGE_CURVE('',#5425,#5425,#6220,.F.);
#4277=EDGE_CURVE('',#5426,#5426,#6221,.F.);
#4278=EDGE_CURVE('',#5427,#5427,#6222,.F.);
#4279=EDGE_CURVE('',#5428,#5428,#6223,.F.);
#4280=EDGE_CURVE('',#5429,#5429,#6224,.F.);
#4281=EDGE_CURVE('',#5393,#5430,#503,.T.);
#4282=EDGE_CURVE('',#5431,#5430,#6225,.F.);
#4283=EDGE_CURVE('',#5391,#5431,#504,.T.);
#4284=EDGE_CURVE('',#5432,#5432,#6226,.F.);
#4285=EDGE_CURVE('',#5430,#5421,#505,.T.);
#4286=EDGE_CURVE('',#5392,#5433,#506,.T.);
#4287=EDGE_CURVE('',#5433,#5434,#507,.T.);
#4288=EDGE_CURVE('',#5434,#5435,#508,.T.);
#4289=EDGE_CURVE('',#5406,#5435,#6227,.T.);
#4290=EDGE_CURVE('',#5405,#5422,#6228,.T.);
#4291=EDGE_CURVE('',#5431,#5420,#509,.T.);
#4292=EDGE_CURVE('',#5423,#5408,#6229,.F.);
#4293=EDGE_CURVE('',#5436,#5407,#6230,.F.);
#4294=EDGE_CURVE('',#5437,#5436,#510,.T.);
#4295=EDGE_CURVE('',#5438,#5437,#511,.T.);
#4296=EDGE_CURVE('',#5390,#5438,#512,.T.);
#4297=EDGE_CURVE('',#5439,#5439,#6231,.T.);
#4298=EDGE_CURVE('',#5440,#5440,#6232,.T.);
#4299=EDGE_CURVE('',#5441,#5441,#6233,.T.);
#4300=EDGE_CURVE('',#5442,#5442,#6234,.T.);
#4301=EDGE_CURVE('',#5443,#5443,#6235,.T.);
#4302=EDGE_CURVE('',#5444,#5444,#6236,.T.);
#4303=EDGE_CURVE('',#5445,#5445,#6237,.T.);
#4304=EDGE_CURVE('',#5437,#5434,#6238,.T.);
#4305=EDGE_CURVE('',#5435,#5436,#513,.T.);
#4306=EDGE_CURVE('',#5446,#5446,#6239,.F.);
#4307=EDGE_CURVE('',#5447,#5447,#6240,.F.);
#4308=EDGE_CURVE('',#5448,#5448,#6241,.F.);
#4309=EDGE_CURVE('',#5449,#5449,#6242,.F.);
#4310=EDGE_CURVE('',#5450,#5450,#6243,.F.);
#4311=EDGE_CURVE('',#5451,#5451,#6244,.F.);
#4312=EDGE_CURVE('',#5438,#5433,#6245,.F.);
#4313=EDGE_CURVE('',#5452,#5452,#6246,.F.);
#4314=EDGE_CURVE('',#5453,#5454,#514,.T.);
#4315=EDGE_CURVE('',#5454,#5455,#515,.T.);
#4316=EDGE_CURVE('',#5456,#5455,#516,.T.);
#4317=EDGE_CURVE('',#5453,#5456,#517,.T.);
#4318=EDGE_CURVE('',#5457,#5458,#518,.T.);
#4319=EDGE_CURVE('',#5458,#5459,#519,.T.);
#4320=EDGE_CURVE('',#5460,#5459,#520,.T.);
#4321=EDGE_CURVE('',#5457,#5460,#521,.T.);
#4322=EDGE_CURVE('',#5461,#5462,#522,.T.);
#4323=EDGE_CURVE('',#5462,#5463,#523,.T.);
#4324=EDGE_CURVE('',#5464,#5463,#524,.T.);
#4325=EDGE_CURVE('',#5461,#5464,#525,.T.);
#4326=EDGE_CURVE('',#5465,#5465,#6247,.T.);
#4327=EDGE_CURVE('',#5466,#5466,#6248,.T.);
#4328=EDGE_CURVE('',#5467,#5467,#6249,.T.);
#4329=EDGE_CURVE('',#5468,#5469,#526,.T.);
#4330=EDGE_CURVE('',#5469,#5470,#527,.T.);
#4331=EDGE_CURVE('',#5471,#5470,#528,.T.);
#4332=EDGE_CURVE('',#5472,#5471,#529,.T.);
#4333=EDGE_CURVE('',#5472,#5473,#530,.T.);
#4334=EDGE_CURVE('',#5473,#5474,#531,.T.);
#4335=EDGE_CURVE('',#5475,#5474,#532,.T.);
#4336=EDGE_CURVE('',#5468,#5475,#533,.T.);
#4337=EDGE_CURVE('',#5476,#5477,#534,.T.);
#4338=EDGE_CURVE('',#5477,#5478,#535,.T.);
#4339=EDGE_CURVE('',#5478,#5479,#536,.T.);
#4340=EDGE_CURVE('',#5476,#5479,#537,.T.);
#4341=EDGE_CURVE('',#5480,#5480,#6250,.T.);
#4342=EDGE_CURVE('',#5481,#5482,#538,.T.);
#4343=EDGE_CURVE('',#5482,#5483,#539,.T.);
#4344=EDGE_CURVE('',#5484,#5483,#540,.T.);
#4345=EDGE_CURVE('',#5484,#5485,#541,.T.);
#4346=EDGE_CURVE('',#5485,#5486,#542,.T.);
#4347=EDGE_CURVE('',#5454,#5486,#543,.T.);
#4348=EDGE_CURVE('',#5453,#5487,#544,.T.);
#4349=EDGE_CURVE('',#5487,#5488,#545,.T.);
#4350=EDGE_CURVE('',#5458,#5488,#546,.T.);
#4351=EDGE_CURVE('',#5457,#5489,#547,.T.);
#4352=EDGE_CURVE('',#5489,#5490,#548,.T.);
#4353=EDGE_CURVE('',#5462,#5490,#549,.T.);
#4354=EDGE_CURVE('',#5461,#5491,#550,.T.);
#4355=EDGE_CURVE('',#5492,#5491,#551,.T.);
#4356=EDGE_CURVE('',#5492,#5493,#6251,.T.);
#4357=EDGE_CURVE('',#5493,#5476,#552,.T.);
#4358=EDGE_CURVE('',#5479,#5475,#553,.T.);
#4359=EDGE_CURVE('',#5474,#5481,#554,.T.);
#4360=EDGE_CURVE('',#5494,#5494,#6252,.T.);
#4361=EDGE_CURVE('',#5495,#5496,#555,.T.);
#4362=EDGE_CURVE('',#5497,#5495,#556,.T.);
#4363=EDGE_CURVE('',#5473,#5497,#557,.T.);
#4364=EDGE_CURVE('',#5498,#5472,#558,.T.);
#4365=EDGE_CURVE('',#5499,#5498,#559,.T.);
#4366=EDGE_CURVE('',#5500,#5499,#560,.T.);
#4367=EDGE_CURVE('',#5501,#5500,#6253,.T.);
#4368=EDGE_CURVE('',#5501,#5502,#561,.T.);
#4369=EDGE_CURVE('',#5464,#5502,#562,.T.);
#4370=EDGE_CURVE('',#5463,#5503,#563,.T.);
#4371=EDGE_CURVE('',#5504,#5503,#564,.T.);
#4372=EDGE_CURVE('',#5460,#5504,#565,.T.);
#4373=EDGE_CURVE('',#5459,#5505,#566,.T.);
#4374=EDGE_CURVE('',#5506,#5505,#567,.T.);
#4375=EDGE_CURVE('',#5456,#5506,#568,.T.);
#4376=EDGE_CURVE('',#5455,#5507,#569,.T.);
#4377=EDGE_CURVE('',#5508,#5507,#570,.T.);
#4378=EDGE_CURVE('',#5509,#5508,#571,.T.);
#4379=EDGE_CURVE('',#5509,#5496,#572,.T.);
#4380=EDGE_CURVE('',#5510,#5511,#6254,.T.);
#4381=EDGE_CURVE('',#5511,#5512,#573,.T.);
#4382=EDGE_CURVE('',#5512,#5513,#574,.T.);
#4383=EDGE_CURVE('',#5513,#5514,#575,.F.);
#4384=EDGE_CURVE('',#5514,#5510,#576,.T.);
#4385=EDGE_CURVE('',#5484,#5509,#577,.T.);
#4386=EDGE_CURVE('',#5483,#5496,#578,.T.);
#4387=EDGE_CURVE('',#5515,#5515,#6255,.F.);
#4388=EDGE_CURVE('',#5516,#5516,#6256,.F.);
#4389=EDGE_CURVE('',#5517,#5517,#6257,.F.);
#4390=EDGE_CURVE('',#5482,#5495,#579,.T.);
#4391=EDGE_CURVE('',#5481,#5497,#580,.T.);
#4392=EDGE_CURVE('',#5518,#5519,#581,.T.);
#4393=EDGE_CURVE('',#5518,#5520,#582,.F.);
#4394=EDGE_CURVE('',#5520,#5521,#6258,.F.);
#4395=EDGE_CURVE('',#5521,#5522,#583,.F.);
#4396=EDGE_CURVE('',#5522,#5519,#584,.T.);
#4397=EDGE_CURVE('',#5523,#5493,#585,.T.);
#4398=EDGE_CURVE('',#5523,#5477,#586,.F.);
#4399=EDGE_CURVE('',#5485,#5508,#587,.T.);
#4400=EDGE_CURVE('',#5486,#5507,#588,.T.);
#4401=EDGE_CURVE('',#5487,#5506,#589,.T.);
#4402=EDGE_CURVE('',#5488,#5505,#590,.T.);
#4403=EDGE_CURVE('',#5489,#5504,#591,.T.);
#4404=EDGE_CURVE('',#5490,#5503,#592,.T.);
#4405=EDGE_CURVE('',#5501,#5524,#593,.T.);
#4406=EDGE_CURVE('',#5524,#5525,#594,.T.);
#4407=EDGE_CURVE('',#5526,#5525,#595,.T.);
#4408=EDGE_CURVE('',#5526,#5527,#596,.F.);
#4409=EDGE_CURVE('',#5527,#5492,#597,.T.);
#4410=EDGE_CURVE('',#5502,#5491,#598,.T.);
#4411=EDGE_CURVE('',#5500,#5528,#599,.T.);
#4412=EDGE_CURVE('',#5528,#5524,#6259,.T.);
#4413=EDGE_CURVE('',#5498,#5529,#600,.T.);
#4414=EDGE_CURVE('',#5529,#5530,#601,.F.);
#4415=EDGE_CURVE('',#5499,#5530,#602,.T.);
#4416=EDGE_CURVE('',#5530,#5528,#603,.T.);
#4417=EDGE_CURVE('',#5527,#5523,#6260,.F.);
#4418=EDGE_CURVE('',#5531,#5471,#604,.T.);
#4419=EDGE_CURVE('',#5531,#5529,#6261,.T.);
#4420=EDGE_CURVE('',#5478,#5532,#6262,.T.);
#4421=EDGE_CURVE('',#5532,#5468,#605,.T.);
#4422=EDGE_CURVE('',#5533,#5534,#606,.T.);
#4423=EDGE_CURVE('',#5535,#5533,#607,.T.);
#4424=EDGE_CURVE('',#5469,#5535,#608,.T.);
#4425=EDGE_CURVE('',#5532,#5534,#609,.T.);
#4426=EDGE_CURVE('',#5536,#5470,#610,.T.);
#4427=EDGE_CURVE('',#5536,#5537,#611,.T.);
#4428=EDGE_CURVE('',#5537,#5538,#612,.T.);
#4429=EDGE_CURVE('',#5538,#5531,#613,.F.);
#4430=EDGE_CURVE('',#5533,#5537,#614,.T.);
#4431=EDGE_CURVE('',#5534,#5513,#6263,.T.);
#4432=EDGE_CURVE('',#5512,#5526,#6264,.T.);
#4433=EDGE_CURVE('',#5525,#5518,#6265,.T.);
#4434=EDGE_CURVE('',#5519,#5538,#6266,.T.);
#4435=EDGE_CURVE('',#5530,#5522,#80,.F.);
#4436=EDGE_CURVE('',#5528,#5521,#33,.T.);
#4437=EDGE_CURVE('',#5520,#5524,#34,.F.);
#4438=EDGE_CURVE('',#5514,#5477,#81,.T.);
#4439=EDGE_CURVE('',#5510,#5523,#35,.F.);
#4440=EDGE_CURVE('',#5527,#5511,#36,.T.);
#4441=EDGE_CURVE('',#5535,#5536,#615,.T.);
#4442=EDGE_CURVE('',#5539,#5540,#616,.F.);
#4443=EDGE_CURVE('',#5541,#5539,#617,.T.);
#4444=EDGE_CURVE('',#5541,#5542,#618,.T.);
#4445=EDGE_CURVE('',#5543,#5542,#619,.T.);
#4446=EDGE_CURVE('',#5543,#5544,#620,.T.);
#4447=EDGE_CURVE('',#5545,#5544,#621,.T.);
#4448=EDGE_CURVE('',#5540,#5545,#622,.T.);
#4449=EDGE_CURVE('',#5546,#5547,#623,.F.);
#4450=EDGE_CURVE('',#5547,#5548,#624,.T.);
#4451=EDGE_CURVE('',#5549,#5548,#82,.F.);
#4452=EDGE_CURVE('',#5549,#5550,#625,.T.);
#4453=EDGE_CURVE('',#5551,#5550,#626,.T.);
#4454=EDGE_CURVE('',#5552,#5551,#627,.T.);
#4455=EDGE_CURVE('',#5553,#5552,#83,.F.);
#4456=EDGE_CURVE('',#5553,#5554,#628,.T.);
#4457=EDGE_CURVE('',#5554,#5546,#629,.F.);
#4458=EDGE_CURVE('',#5547,#5555,#630,.F.);
#4459=EDGE_CURVE('',#5548,#5555,#631,.T.);
#4460=EDGE_CURVE('',#5556,#5557,#84,.F.);
#4461=EDGE_CURVE('',#5558,#5557,#85,.T.);
#4462=EDGE_CURVE('',#5558,#5559,#632,.T.);
#4463=EDGE_CURVE('',#5559,#5560,#86,.T.);
#4464=EDGE_CURVE('',#5560,#5539,#87,.T.);
#4465=EDGE_CURVE('',#5556,#5540,#88,.T.);
#4466=EDGE_CURVE('',#5561,#5561,#89,.F.);
#4467=EDGE_CURVE('',#5562,#5562,#6267,.F.);
#4468=EDGE_CURVE('',#5563,#5563,#90,.F.);
#4469=EDGE_CURVE('',#5564,#5564,#6268,.F.);
#4470=EDGE_CURVE('',#5565,#5565,#91,.F.);
#4471=EDGE_CURVE('',#5566,#5566,#6269,.F.);
#4472=EDGE_CURVE('',#5567,#5568,#633,.T.);
#4473=EDGE_CURVE('',#5569,#5567,#634,.T.);
#4474=EDGE_CURVE('',#5569,#5570,#6270,.F.);
#4475=EDGE_CURVE('',#5568,#5570,#635,.T.);
#4476=EDGE_CURVE('',#5571,#5549,#636,.T.);
#4477=EDGE_CURVE('',#5571,#5555,#6271,.F.);
#4478=EDGE_CURVE('',#5572,#5573,#637,.T.);
#4479=EDGE_CURVE('',#5574,#5573,#638,.F.);
#4480=EDGE_CURVE('',#5575,#5574,#92,.T.);
#4481=EDGE_CURVE('',#5576,#5575,#639,.T.);
#4482=EDGE_CURVE('',#5577,#5576,#93,.T.);
#4483=EDGE_CURVE('',#5577,#5578,#640,.T.);
#4484=EDGE_CURVE('',#5572,#5578,#641,.T.);
#4485=EDGE_CURVE('',#5579,#5569,#642,.T.);
#4486=EDGE_CURVE('',#5579,#5580,#6272,.F.);
#4487=EDGE_CURVE('',#5580,#5581,#643,.F.);
#4488=EDGE_CURVE('',#5582,#5581,#6273,.F.);
#4489=EDGE_CURVE('',#5570,#5582,#644,.T.);
#4490=EDGE_CURVE('',#5583,#5584,#645,.T.);
#4491=EDGE_CURVE('',#5585,#5583,#6274,.T.);
#4492=EDGE_CURVE('',#5586,#5585,#646,.F.);
#4493=EDGE_CURVE('',#5587,#5586,#6275,.T.);
#4494=EDGE_CURVE('',#5588,#5587,#647,.F.);
#4495=EDGE_CURVE('',#5589,#5588,#648,.T.);
#4496=EDGE_CURVE('',#5584,#5589,#649,.T.);
#4497=EDGE_CURVE('',#5542,#5590,#650,.T.);
#4498=EDGE_CURVE('',#5591,#5590,#651,.T.);
#4499=EDGE_CURVE('',#5592,#5591,#6276,.F.);
#4500=EDGE_CURVE('',#5580,#5592,#652,.T.);
#4501=EDGE_CURVE('',#5579,#5593,#653,.T.);
#4502=EDGE_CURVE('',#5594,#5593,#654,.T.);
#4503=EDGE_CURVE('',#5543,#5594,#655,.T.);
#4504=EDGE_CURVE('',#5595,#5595,#6277,.T.);
#4505=EDGE_CURVE('',#5596,#5596,#6278,.F.);
#4506=EDGE_CURVE('',#5560,#5597,#656,.T.);
#4507=EDGE_CURVE('',#5598,#5597,#657,.T.);
#4508=EDGE_CURVE('',#5599,#5598,#658,.T.);
#4509=EDGE_CURVE('',#5541,#5599,#659,.T.);
#4510=EDGE_CURVE('',#5600,#5600,#6279,.T.);
#4511=EDGE_CURVE('',#5601,#5601,#6280,.T.);
#4512=EDGE_CURVE('',#5602,#5602,#6281,.T.);
#4513=EDGE_CURVE('',#5603,#5603,#6282,.T.);
#4514=EDGE_CURVE('',#5599,#5604,#660,.T.);
#4515=EDGE_CURVE('',#5605,#5604,#6283,.T.);
#4516=EDGE_CURVE('',#5606,#5605,#661,.T.);
#4517=EDGE_CURVE('',#5606,#5607,#662,.T.);
#4518=EDGE_CURVE('',#5607,#5590,#663,.T.);
#4519=EDGE_CURVE('',#5608,#5609,#664,.T.);
#4520=EDGE_CURVE('',#5608,#5610,#6284,.F.);
#4521=EDGE_CURVE('',#5610,#5611,#665,.T.);
#4522=EDGE_CURVE('',#5611,#5612,#666,.T.);
#4523=EDGE_CURVE('',#5609,#5612,#94,.T.);
#4524=EDGE_CURVE('',#5607,#5613,#667,.T.);
#4525=EDGE_CURVE('',#5606,#5614,#668,.T.);
#4526=EDGE_CURVE('',#5614,#5608,#669,.T.);
#4527=EDGE_CURVE('',#5613,#5609,#95,.T.);
#4528=EDGE_CURVE('',#5615,#5592,#670,.T.);
#4529=EDGE_CURVE('',#5581,#5615,#671,.T.);
#4530=EDGE_CURVE('',#5612,#5616,#672,.F.);
#4531=EDGE_CURVE('',#5611,#5617,#673,.T.);
#4532=EDGE_CURVE('',#5617,#5618,#96,.T.);
#4533=EDGE_CURVE('',#5619,#5618,#674,.T.);
#4534=EDGE_CURVE('',#5559,#5619,#675,.T.);
#4535=EDGE_CURVE('',#5616,#5558,#676,.F.);
#4536=EDGE_CURVE('',#5591,#5620,#677,.F.);
#4537=EDGE_CURVE('',#5621,#5613,#678,.T.);
#4538=EDGE_CURVE('',#5620,#5621,#679,.T.);
#4539=EDGE_CURVE('',#5622,#5619,#680,.T.);
#4540=EDGE_CURVE('',#5622,#5597,#6285,.F.);
#4541=EDGE_CURVE('',#5623,#5622,#681,.T.);
#4542=EDGE_CURVE('',#5623,#5598,#6286,.F.);
#4543=EDGE_CURVE('',#5614,#5624,#6287,.F.);
#4544=EDGE_CURVE('',#5624,#5610,#682,.T.);
#4545=EDGE_CURVE('',#5624,#5625,#683,.T.);
#4546=EDGE_CURVE('',#5625,#5617,#684,.T.);
#4547=EDGE_CURVE('',#5625,#5626,#6288,.T.);
#4548=EDGE_CURVE('',#5626,#5618,#685,.T.);
#4549=EDGE_CURVE('',#5623,#5626,#686,.T.);
#4550=EDGE_CURVE('',#5624,#5623,#6289,.T.);
#4551=EDGE_CURVE('',#5627,#5627,#6290,.T.);
#4552=EDGE_CURVE('',#5628,#5628,#6291,.T.);
#4553=EDGE_CURVE('',#5629,#5629,#6292,.T.);
#4554=EDGE_CURVE('',#5630,#5630,#6293,.T.);
#4555=EDGE_CURVE('',#5604,#5623,#687,.T.);
#4556=EDGE_CURVE('',#5605,#5624,#688,.T.);
#4557=EDGE_CURVE('',#5550,#5594,#689,.T.);
#4558=EDGE_CURVE('',#5544,#5549,#690,.T.);
#4559=EDGE_CURVE('',#5567,#5631,#691,.T.);
#4560=EDGE_CURVE('',#5631,#5593,#692,.T.);
#4561=EDGE_CURVE('',#5550,#5631,#693,.T.);
#4562=EDGE_CURVE('',#5632,#5588,#6294,.F.);
#4563=EDGE_CURVE('',#5633,#5632,#694,.T.);
#4564=EDGE_CURVE('',#5634,#5633,#695,.T.);
#4565=EDGE_CURVE('',#5635,#5634,#6295,.F.);
#4566=EDGE_CURVE('',#5635,#5589,#696,.T.);
#4567=EDGE_CURVE('',#5636,#5572,#697,.T.);
#4568=EDGE_CURVE('',#5589,#5572,#698,.T.);
#4569=EDGE_CURVE('',#5636,#5635,#699,.T.);
#4570=EDGE_CURVE('',#5552,#5636,#6296,.T.);
#4571=EDGE_CURVE('',#5551,#5637,#700,.T.);
#4572=EDGE_CURVE('',#5573,#5637,#6297,.T.);
#4573=EDGE_CURVE('',#5633,#5551,#701,.T.);
#4574=EDGE_CURVE('',#5637,#5632,#702,.F.);
#4575=EDGE_CURVE('',#5633,#5631,#703,.T.);
#4576=EDGE_CURVE('',#5638,#5567,#97,.T.);
#4577=EDGE_CURVE('',#5639,#5638,#704,.T.);
#4578=EDGE_CURVE('',#5634,#5639,#98,.T.);
#4579=EDGE_CURVE('',#5640,#5554,#705,.F.);
#4580=EDGE_CURVE('',#5639,#5553,#706,.T.);
#4581=EDGE_CURVE('',#5641,#5638,#707,.T.);
#4582=EDGE_CURVE('',#5640,#5641,#708,.F.);
#4583=EDGE_CURVE('',#5621,#5616,#99,.T.);
#4584=EDGE_CURVE('',#5615,#5620,#6298,.F.);
#4585=EDGE_CURVE('',#5642,#5643,#709,.T.);
#4586=EDGE_CURVE('',#5643,#5644,#710,.T.);
#4587=EDGE_CURVE('',#5645,#5644,#711,.T.);
#4588=EDGE_CURVE('',#5642,#5645,#712,.T.);
#4589=EDGE_CURVE('',#5646,#5644,#713,.T.);
#4590=EDGE_CURVE('',#5647,#5643,#714,.T.);
#4591=EDGE_CURVE('',#5646,#5647,#715,.F.);
#4592=EDGE_CURVE('',#5647,#5584,#6299,.F.);
#4593=EDGE_CURVE('',#5642,#5640,#716,.T.);
#4594=EDGE_CURVE('',#5568,#5641,#6300,.F.);
#4595=EDGE_CURVE('',#5583,#5582,#37,.T.);
#4596=EDGE_CURVE('',#5571,#5545,#717,.T.);
#4597=EDGE_CURVE('',#5645,#5546,#718,.T.);
#4598=EDGE_CURVE('',#5578,#5646,#6301,.T.);
#4599=EDGE_CURVE('',#5557,#5577,#38,.T.);
#4600=EDGE_CURVE('',#5576,#5558,#6302,.T.);
#4601=EDGE_CURVE('',#5575,#5616,#6303,.T.);
#4602=EDGE_CURVE('',#5574,#5621,#6304,.T.);
#4603=EDGE_CURVE('',#5587,#5620,#6305,.T.);
#4604=EDGE_CURVE('',#5586,#5615,#6306,.T.);
#4605=EDGE_CURVE('',#5585,#5581,#6307,.T.);
#4606=EDGE_CURVE('',#5648,#5648,#6308,.T.);
#4607=EDGE_CURVE('',#5649,#5650,#719,.T.);
#4608=EDGE_CURVE('',#5650,#5651,#720,.T.);
#4609=EDGE_CURVE('',#5652,#5651,#721,.T.);
#4610=EDGE_CURVE('',#5649,#5652,#722,.T.);
#4611=EDGE_CURVE('',#5651,#5653,#723,.T.);
#4612=EDGE_CURVE('',#5654,#5653,#724,.T.);
#4613=EDGE_CURVE('',#5652,#5654,#725,.T.);
#4614=EDGE_CURVE('',#5653,#5655,#726,.T.);
#4615=EDGE_CURVE('',#5656,#5655,#727,.T.);
#4616=EDGE_CURVE('',#5654,#5656,#728,.T.);
#4617=EDGE_CURVE('',#5657,#5656,#729,.T.);
#4618=EDGE_CURVE('',#5658,#5655,#730,.T.);
#4619=EDGE_CURVE('',#5657,#5658,#731,.T.);
#4620=EDGE_CURVE('',#5659,#5657,#732,.T.);
#4621=EDGE_CURVE('',#5660,#5658,#733,.T.);
#4622=EDGE_CURVE('',#5659,#5660,#734,.T.);
#4623=EDGE_CURVE('',#5661,#5659,#735,.T.);
#4624=EDGE_CURVE('',#5662,#5660,#736,.T.);
#4625=EDGE_CURVE('',#5661,#5662,#737,.T.);
#4626=EDGE_CURVE('',#5663,#5661,#738,.T.);
#4627=EDGE_CURVE('',#5664,#5662,#739,.T.);
#4628=EDGE_CURVE('',#5663,#5664,#740,.T.);
#4629=EDGE_CURVE('',#5665,#5663,#741,.T.);
#4630=EDGE_CURVE('',#5666,#5664,#742,.T.);
#4631=EDGE_CURVE('',#5665,#5666,#743,.T.);
#4632=EDGE_CURVE('',#5667,#5668,#744,.T.);
#4633=EDGE_CURVE('',#5668,#5650,#745,.T.);
#4634=EDGE_CURVE('',#5667,#5649,#746,.T.);
#4635=EDGE_CURVE('',#5669,#5669,#6309,.T.);
#4636=EDGE_CURVE('',#5670,#5665,#747,.T.);
#4637=EDGE_CURVE('',#5671,#5666,#748,.T.);
#4638=EDGE_CURVE('',#5670,#5671,#749,.T.);
#4639=EDGE_CURVE('',#5672,#5671,#750,.T.);
#4640=EDGE_CURVE('',#5672,#5668,#751,.T.);
#4641=EDGE_CURVE('',#5673,#5667,#752,.T.);
#4642=EDGE_CURVE('',#5673,#5670,#753,.T.);
#4643=EDGE_CURVE('',#5673,#5672,#754,.T.);
#4644=EDGE_CURVE('',#5674,#5675,#6310,.T.);
#4645=EDGE_CURVE('',#5675,#5674,#755,.T.);
#4646=EDGE_CURVE('',#5676,#5674,#6311,.T.);
#4647=EDGE_CURVE('',#5674,#5676,#756,.T.);
#4648=EDGE_CURVE('',#5677,#5676,#757,.T.);
#4649=EDGE_CURVE('',#5677,#5676,#6312,.T.);
#4650=EDGE_CURVE('',#5675,#5677,#6313,.T.);
#4651=EDGE_CURVE('',#5678,#5679,#6314,.T.);
#4652=EDGE_CURVE('',#5679,#5680,#6315,.T.);
#4653=EDGE_CURVE('',#5680,#5678,#6316,.T.);
#4654=EDGE_CURVE('',#5675,#5677,#758,.T.);
#4655=EDGE_CURVE('',#5680,#5678,#759,.T.);
#4656=EDGE_CURVE('',#5678,#5681,#760,.T.);
#4657=EDGE_CURVE('',#5679,#5681,#761,.T.);
#4658=EDGE_CURVE('',#5682,#5679,#762,.T.);
#4659=EDGE_CURVE('',#5683,#5681,#763,.T.);
#4660=EDGE_CURVE('',#5684,#5683,#764,.T.);
#4661=EDGE_CURVE('',#5684,#5682,#765,.T.);
#4662=EDGE_CURVE('',#5685,#5678,#766,.T.);
#4663=EDGE_CURVE('',#5685,#5683,#767,.T.);
#4664=EDGE_CURVE('',#5686,#5680,#768,.T.);
#4665=EDGE_CURVE('',#5686,#5685,#769,.T.);
#4666=EDGE_CURVE('',#5680,#5682,#770,.T.);
#4667=EDGE_CURVE('',#5686,#5684,#771,.T.);
#4668=EDGE_CURVE('',#5687,#5675,#772,.T.);
#4669=EDGE_CURVE('',#5687,#5688,#773,.T.);
#4670=EDGE_CURVE('',#5688,#5674,#774,.T.);
#4671=EDGE_CURVE('',#5689,#5677,#775,.T.);
#4672=EDGE_CURVE('',#5687,#5689,#776,.T.);
#4673=EDGE_CURVE('',#5690,#5676,#777,.T.);
#4674=EDGE_CURVE('',#5689,#5690,#778,.T.);
#4675=EDGE_CURVE('',#5688,#5690,#779,.T.);
#4676=EDGE_CURVE('',#5691,#5692,#780,.T.);
#4677=EDGE_CURVE('',#5693,#5692,#6317,.T.);
#4678=EDGE_CURVE('',#5694,#5693,#781,.T.);
#4679=EDGE_CURVE('',#5691,#5694,#6318,.T.);
#4680=EDGE_CURVE('',#5695,#5695,#6319,.T.);
#4681=EDGE_CURVE('',#5693,#5696,#782,.T.);
#4682=EDGE_CURVE('',#5697,#5696,#783,.T.);
#4683=EDGE_CURVE('',#5694,#5697,#784,.T.);
#4684=EDGE_CURVE('',#5696,#5698,#6320,.T.);
#4685=EDGE_CURVE('',#5699,#5698,#785,.T.);
#4686=EDGE_CURVE('',#5697,#5699,#6321,.T.);
#4687=EDGE_CURVE('',#5700,#5700,#6322,.T.);
#4688=EDGE_CURVE('',#5701,#5701,#6323,.T.);
#4689=EDGE_CURVE('',#5702,#5702,#6324,.T.);
#4690=EDGE_CURVE('',#5703,#5703,#6325,.T.);
#4691=EDGE_CURVE('',#5704,#5704,#6326,.T.);
#4692=EDGE_CURVE('',#5705,#5705,#6327,.T.);
#4693=EDGE_CURVE('',#5706,#5706,#6328,.T.);
#4694=EDGE_CURVE('',#5707,#5707,#6329,.T.);
#4695=EDGE_CURVE('',#5708,#5708,#6330,.T.);
#4696=EDGE_CURVE('',#5709,#5709,#6331,.T.);
#4697=EDGE_CURVE('',#5692,#5698,#786,.T.);
#4698=EDGE_CURVE('',#5691,#5699,#787,.T.);
#4699=EDGE_CURVE('',#5710,#5710,#6332,.T.);
#4700=EDGE_CURVE('',#5711,#5711,#6333,.T.);
#4701=EDGE_CURVE('',#5712,#5712,#6334,.T.);
#4702=EDGE_CURVE('',#5713,#5713,#6335,.T.);
#4703=EDGE_CURVE('',#5714,#5715,#788,.T.);
#4704=EDGE_CURVE('',#5715,#5716,#789,.T.);
#4705=EDGE_CURVE('',#5717,#5716,#6336,.T.);
#4706=EDGE_CURVE('',#5717,#5718,#790,.T.);
#4707=EDGE_CURVE('',#5719,#5718,#791,.F.);
#4708=EDGE_CURVE('',#5720,#5719,#6337,.F.);
#4709=EDGE_CURVE('',#5721,#5720,#792,.F.);
#4710=EDGE_CURVE('',#5721,#5722,#793,.T.);
#4711=EDGE_CURVE('',#5723,#5722,#794,.T.);
#4712=EDGE_CURVE('',#5724,#5723,#795,.T.);
#4713=EDGE_CURVE('',#5725,#5724,#796,.F.);
#4714=EDGE_CURVE('',#5725,#5726,#6338,.T.);
#4715=EDGE_CURVE('',#5714,#5726,#797,.F.);
#4716=EDGE_CURVE('',#5727,#5727,#6339,.T.);
#4717=EDGE_CURVE('',#5728,#5728,#6340,.F.);
#4718=EDGE_CURVE('',#5729,#5729,#6341,.T.);
#4719=EDGE_CURVE('',#5730,#5730,#6342,.F.);
#4720=EDGE_CURVE('',#5731,#5732,#798,.T.);
#4721=EDGE_CURVE('',#5731,#5733,#6343,.T.);
#4722=EDGE_CURVE('',#5734,#5733,#799,.T.);
#4723=EDGE_CURVE('',#5735,#5734,#800,.T.);
#4724=EDGE_CURVE('',#5736,#5735,#801,.T.);
#4725=EDGE_CURVE('',#5737,#5736,#802,.T.);
#4726=EDGE_CURVE('',#5737,#5738,#803,.T.);
#4727=EDGE_CURVE('',#5738,#5739,#804,.T.);
#4728=EDGE_CURVE('',#5732,#5739,#805,.T.);
#4729=EDGE_CURVE('',#5740,#5740,#6344,.T.);
#4730=EDGE_CURVE('',#5741,#5741,#6345,.T.);
#4731=EDGE_CURVE('',#5742,#5742,#6346,.T.);
#4732=EDGE_CURVE('',#5743,#5743,#6347,.T.);
#4733=EDGE_CURVE('',#5744,#5744,#6348,.T.);
#4734=EDGE_CURVE('',#5745,#5746,#806,.T.);
#4735=EDGE_CURVE('',#5747,#5745,#807,.T.);
#4736=EDGE_CURVE('',#5748,#5747,#808,.T.);
#4737=EDGE_CURVE('',#5749,#5748,#809,.F.);
#4738=EDGE_CURVE('',#5749,#5750,#810,.T.);
#4739=EDGE_CURVE('',#5750,#5751,#811,.T.);
#4740=EDGE_CURVE('',#5751,#5752,#812,.T.);
#4741=EDGE_CURVE('',#5746,#5752,#813,.F.);
#4742=EDGE_CURVE('',#5723,#5753,#814,.T.);
#4743=EDGE_CURVE('',#5750,#5753,#815,.T.);
#4744=EDGE_CURVE('',#5724,#5749,#6349,.F.);
#4745=EDGE_CURVE('',#5754,#5737,#816,.T.);
#4746=EDGE_CURVE('',#5753,#5754,#817,.T.);
#4747=EDGE_CURVE('',#5722,#5755,#818,.T.);
#4748=EDGE_CURVE('',#5755,#5756,#819,.T.);
#4749=EDGE_CURVE('',#5756,#5738,#820,.T.);
#4750=EDGE_CURVE('',#5717,#5731,#821,.T.);
#4751=EDGE_CURVE('',#5718,#5732,#822,.T.);
#4752=EDGE_CURVE('',#5716,#5733,#823,.T.);
#4753=EDGE_CURVE('',#5715,#5734,#824,.T.);
#4754=EDGE_CURVE('',#5714,#5735,#825,.T.);
#4755=EDGE_CURVE('',#5757,#5758,#826,.T.);
#4756=EDGE_CURVE('',#5759,#5757,#827,.T.);
#4757=EDGE_CURVE('',#5760,#5759,#828,.F.);
#4758=EDGE_CURVE('',#5758,#5760,#829,.F.);
#4759=EDGE_CURVE('',#5761,#5761,#6350,.T.);
#4760=EDGE_CURVE('',#5762,#5762,#6351,.T.);
#4761=EDGE_CURVE('',#5763,#5763,#6352,.T.);
#4762=EDGE_CURVE('',#5764,#5764,#6353,.T.);
#4763=EDGE_CURVE('',#5765,#5765,#6354,.T.);
#4764=EDGE_CURVE('',#5766,#5766,#6355,.T.);
#4765=EDGE_CURVE('',#5767,#5767,#6356,.T.);
#4766=EDGE_CURVE('',#5768,#5768,#6357,.T.);
#4767=EDGE_CURVE('',#5769,#5769,#6358,.T.);
#4768=EDGE_CURVE('',#5747,#5755,#830,.T.);
#4769=EDGE_CURVE('',#5748,#5721,#6359,.T.);
#4770=EDGE_CURVE('',#5756,#5745,#831,.T.);
#4771=EDGE_CURVE('',#5739,#5746,#6360,.F.);
#4772=EDGE_CURVE('',#5770,#5770,#6361,.T.);
#4773=EDGE_CURVE('',#5771,#5771,#6362,.T.);
#4774=EDGE_CURVE('',#5772,#5772,#6363,.T.);
#4775=EDGE_CURVE('',#5754,#5751,#832,.T.);
#4776=EDGE_CURVE('',#5752,#5736,#6364,.T.);
#4777=EDGE_CURVE('',#5773,#5773,#6365,.T.);
#4778=EDGE_CURVE('',#5774,#5774,#6366,.T.);
#4779=EDGE_CURVE('',#5775,#5775,#6367,.T.);
#4780=EDGE_CURVE('',#5726,#5725,#39,.T.);
#4781=EDGE_CURVE('',#5720,#5719,#40,.T.);
#4782=EDGE_CURVE('',#5776,#5777,#833,.T.);
#4783=EDGE_CURVE('',#5757,#5776,#834,.T.);
#4784=EDGE_CURVE('',#5777,#5758,#835,.F.);
#4785=EDGE_CURVE('',#5778,#5778,#6368,.F.);
#4786=EDGE_CURVE('',#5779,#5779,#6369,.F.);
#4787=EDGE_CURVE('',#5780,#5780,#6370,.F.);
#4788=EDGE_CURVE('',#5735,#5781,#836,.T.);
#4789=EDGE_CURVE('',#5714,#5782,#837,.T.);
#4790=EDGE_CURVE('',#5776,#5782,#6371,.F.);
#4791=EDGE_CURVE('',#5781,#5777,#6372,.F.);
#4792=EDGE_CURVE('',#5783,#5783,#6373,.F.);
#4793=EDGE_CURVE('',#5784,#5784,#6374,.F.);
#4794=EDGE_CURVE('',#5785,#5785,#41,.T.);
#4795=EDGE_CURVE('',#5782,#5757,#100,.F.);
#4796=EDGE_CURVE('',#5718,#5759,#101,.T.);
#4797=EDGE_CURVE('',#5732,#5760,#102,.T.);
#4798=EDGE_CURVE('',#5781,#5758,#103,.F.);
#4799=EDGE_CURVE('',#5786,#5787,#838,.T.);
#4800=EDGE_CURVE('',#5786,#5788,#839,.F.);
#4801=EDGE_CURVE('',#5788,#5789,#840,.T.);
#4802=EDGE_CURVE('',#5789,#5790,#841,.T.);
#4803=EDGE_CURVE('',#5790,#5791,#842,.T.);
#4804=EDGE_CURVE('',#5792,#5791,#843,.T.);
#4805=EDGE_CURVE('',#5793,#5792,#844,.T.);
#4806=EDGE_CURVE('',#5793,#5794,#845,.T.);
#4807=EDGE_CURVE('',#5795,#5794,#846,.T.);
#4808=EDGE_CURVE('',#5795,#5787,#847,.T.);
#4809=EDGE_CURVE('',#5796,#5797,#848,.T.);
#4810=EDGE_CURVE('',#5796,#5798,#849,.T.);
#4811=EDGE_CURVE('',#5798,#5799,#850,.T.);
#4812=EDGE_CURVE('',#5797,#5799,#851,.T.);
#4813=EDGE_CURVE('',#5800,#5801,#852,.T.);
#4814=EDGE_CURVE('',#5801,#5802,#853,.T.);
#4815=EDGE_CURVE('',#5802,#5803,#854,.T.);
#4816=EDGE_CURVE('',#5804,#5803,#855,.T.);
#4817=EDGE_CURVE('',#5804,#5805,#856,.F.);
#4818=EDGE_CURVE('',#5806,#5805,#857,.T.);
#4819=EDGE_CURVE('',#5806,#5807,#858,.T.);
#4820=EDGE_CURVE('',#5807,#5808,#859,.T.);
#4821=EDGE_CURVE('',#5808,#5809,#860,.F.);
#4822=EDGE_CURVE('',#5800,#5809,#861,.T.);
#4823=EDGE_CURVE('',#5808,#5810,#862,.F.);
#4824=EDGE_CURVE('',#5811,#5810,#863,.F.);
#4825=EDGE_CURVE('',#5805,#5811,#864,.F.);
#4826=EDGE_CURVE('',#5788,#5804,#865,.T.);
#4827=EDGE_CURVE('',#5809,#5786,#866,.T.);
#4828=EDGE_CURVE('',#5803,#5812,#867,.T.);
#4829=EDGE_CURVE('',#5812,#5813,#868,.T.);
#4830=EDGE_CURVE('',#5814,#5813,#869,.T.);
#4831=EDGE_CURVE('',#5815,#5814,#870,.T.);
#4832=EDGE_CURVE('',#5815,#5816,#871,.T.);
#4833=EDGE_CURVE('',#5816,#5789,#872,.T.);
#4834=EDGE_CURVE('',#5817,#5818,#873,.T.);
#4835=EDGE_CURVE('',#5818,#5819,#874,.T.);
#4836=EDGE_CURVE('',#5820,#5819,#875,.T.);
#4837=EDGE_CURVE('',#5820,#5817,#876,.T.);
#4838=EDGE_CURVE('',#5819,#5821,#877,.T.);
#4839=EDGE_CURVE('',#5814,#5821,#878,.T.);
#4840=EDGE_CURVE('',#5813,#5820,#879,.T.);
#4841=EDGE_CURVE('',#5802,#5818,#880,.T.);
#4842=EDGE_CURVE('',#5817,#5812,#881,.T.);
#4843=EDGE_CURVE('',#5787,#5800,#882,.T.);
#4844=EDGE_CURVE('',#5822,#5823,#883,.T.);
#4845=EDGE_CURVE('',#5823,#5824,#884,.T.);
#4846=EDGE_CURVE('',#5824,#5795,#885,.T.);
#4847=EDGE_CURVE('',#5825,#5794,#886,.T.);
#4848=EDGE_CURVE('',#5822,#5825,#887,.T.);
#4849=EDGE_CURVE('',#5826,#5826,#6375,.F.);
#4850=EDGE_CURVE('',#5827,#5827,#6376,.F.);
#4851=EDGE_CURVE('',#5828,#5828,#6377,.F.);
#4852=EDGE_CURVE('',#5821,#5823,#888,.T.);
#4853=EDGE_CURVE('',#5822,#5815,#6378,.T.);
#4854=EDGE_CURVE('',#5793,#5829,#889,.T.);
#4855=EDGE_CURVE('',#5829,#5830,#6379,.T.);
#4856=EDGE_CURVE('',#5790,#5830,#890,.T.);
#4857=EDGE_CURVE('',#5816,#5825,#6380,.T.);
#4858=EDGE_CURVE('',#5831,#5829,#891,.T.);
#4859=EDGE_CURVE('',#5832,#5831,#6381,.T.);
#4860=EDGE_CURVE('',#5832,#5830,#892,.T.);
#4861=EDGE_CURVE('',#5792,#5833,#893,.T.);
#4862=EDGE_CURVE('',#5834,#5833,#894,.T.);
#4863=EDGE_CURVE('',#5831,#5834,#895,.T.);
#4864=EDGE_CURVE('',#5835,#5836,#104,.T.);
#4865=EDGE_CURVE('',#5835,#5837,#896,.T.);
#4866=EDGE_CURVE('',#5791,#5837,#897,.T.);
#4867=EDGE_CURVE('',#5832,#5838,#898,.T.);
#4868=EDGE_CURVE('',#5838,#5836,#899,.T.);
#4869=EDGE_CURVE('',#5833,#5839,#6382,.T.);
#4870=EDGE_CURVE('',#5839,#5840,#42,.T.);
#4871=EDGE_CURVE('',#5840,#5837,#6383,.T.);
#4872=EDGE_CURVE('',#5835,#5836,#43,.T.);
#4873=EDGE_CURVE('',#5834,#5838,#6384,.T.);
#4874=EDGE_CURVE('',#5841,#5841,#6385,.T.);
#4875=EDGE_CURVE('',#5842,#5842,#6386,.T.);
#4876=EDGE_CURVE('',#5843,#5843,#6387,.T.);
#4877=EDGE_CURVE('',#5840,#5839,#105,.T.);
#4878=EDGE_CURVE('',#5844,#5844,#6388,.T.);
#4879=EDGE_CURVE('',#5845,#5845,#6389,.T.);
#4880=EDGE_CURVE('',#5846,#5846,#6390,.T.);
#4881=EDGE_CURVE('',#5824,#5801,#900,.T.);
#4882=EDGE_CURVE('',#5847,#5847,#6391,.T.);
#4883=EDGE_CURVE('',#5848,#5848,#6392,.T.);
#4884=EDGE_CURVE('',#5807,#5798,#901,.T.);
#4885=EDGE_CURVE('',#5810,#5796,#902,.T.);
#4886=EDGE_CURVE('',#5811,#5797,#903,.T.);
#4887=EDGE_CURVE('',#5806,#5799,#904,.T.);
#4888=EDGE_CURVE('',#5849,#5850,#6393,.T.);
#4889=EDGE_CURVE('',#5850,#5849,#905,.T.);
#4890=EDGE_CURVE('',#5851,#5849,#6394,.T.);
#4891=EDGE_CURVE('',#5849,#5851,#906,.T.);
#4892=EDGE_CURVE('',#5852,#5851,#907,.T.);
#4893=EDGE_CURVE('',#5852,#5851,#6395,.T.);
#4894=EDGE_CURVE('',#5850,#5852,#6396,.T.);
#4895=EDGE_CURVE('',#5853,#5854,#6397,.T.);
#4896=EDGE_CURVE('',#5854,#5855,#6398,.T.);
#4897=EDGE_CURVE('',#5855,#5853,#6399,.T.);
#4898=EDGE_CURVE('',#5850,#5852,#908,.T.);
#4899=EDGE_CURVE('',#5855,#5853,#909,.T.);
#4900=EDGE_CURVE('',#5853,#5856,#910,.T.);
#4901=EDGE_CURVE('',#5854,#5856,#911,.T.);
#4902=EDGE_CURVE('',#5857,#5854,#912,.T.);
#4903=EDGE_CURVE('',#5858,#5856,#913,.T.);
#4904=EDGE_CURVE('',#5859,#5858,#914,.T.);
#4905=EDGE_CURVE('',#5859,#5857,#915,.T.);
#4906=EDGE_CURVE('',#5860,#5853,#916,.T.);
#4907=EDGE_CURVE('',#5860,#5858,#917,.T.);
#4908=EDGE_CURVE('',#5861,#5855,#918,.T.);
#4909=EDGE_CURVE('',#5861,#5860,#919,.T.);
#4910=EDGE_CURVE('',#5855,#5857,#920,.T.);
#4911=EDGE_CURVE('',#5861,#5859,#921,.T.);
#4912=EDGE_CURVE('',#5862,#5850,#922,.T.);
#4913=EDGE_CURVE('',#5862,#5863,#923,.T.);
#4914=EDGE_CURVE('',#5863,#5849,#924,.T.);
#4915=EDGE_CURVE('',#5864,#5852,#925,.T.);
#4916=EDGE_CURVE('',#5862,#5864,#926,.T.);
#4917=EDGE_CURVE('',#5865,#5851,#927,.T.);
#4918=EDGE_CURVE('',#5864,#5865,#928,.T.);
#4919=EDGE_CURVE('',#5863,#5865,#929,.T.);
#4920=EDGE_CURVE('',#5866,#5867,#930,.T.);
#4921=EDGE_CURVE('',#5866,#5868,#931,.F.);
#4922=EDGE_CURVE('',#5869,#5868,#6400,.T.);
#4923=EDGE_CURVE('',#5869,#5870,#932,.F.);
#4924=EDGE_CURVE('',#5870,#5871,#933,.T.);
#4925=EDGE_CURVE('',#5871,#5872,#934,.T.);
#4926=EDGE_CURVE('',#5873,#5872,#935,.T.);
#4927=EDGE_CURVE('',#5873,#5874,#936,.F.);
#4928=EDGE_CURVE('',#5874,#5875,#6401,.F.);
#4929=EDGE_CURVE('',#5875,#5876,#937,.F.);
#4930=EDGE_CURVE('',#5877,#5876,#938,.T.);
#4931=EDGE_CURVE('',#5877,#5878,#6402,.T.);
#4932=EDGE_CURVE('',#5867,#5878,#939,.T.);
#4933=EDGE_CURVE('',#5879,#5879,#6403,.T.);
#4934=EDGE_CURVE('',#5880,#5880,#6404,.F.);
#4935=EDGE_CURVE('',#5881,#5881,#6405,.T.);
#4936=EDGE_CURVE('',#5882,#5882,#6406,.F.);
#4937=EDGE_CURVE('',#5883,#5884,#940,.T.);
#4938=EDGE_CURVE('',#5884,#5885,#941,.T.);
#4939=EDGE_CURVE('',#5886,#5885,#942,.T.);
#4940=EDGE_CURVE('',#5887,#5886,#943,.T.);
#4941=EDGE_CURVE('',#5887,#5888,#944,.T.);
#4942=EDGE_CURVE('',#5888,#5889,#945,.T.);
#4943=EDGE_CURVE('',#5889,#5890,#946,.T.);
#4944=EDGE_CURVE('',#5890,#5891,#947,.T.);
#4945=EDGE_CURVE('',#5883,#5891,#6407,.T.);
#4946=EDGE_CURVE('',#5892,#5892,#6408,.T.);
#4947=EDGE_CURVE('',#5893,#5893,#6409,.T.);
#4948=EDGE_CURVE('',#5894,#5894,#6410,.T.);
#4949=EDGE_CURVE('',#5895,#5895,#6411,.T.);
#4950=EDGE_CURVE('',#5896,#5896,#6412,.T.);
#4951=EDGE_CURVE('',#5897,#5898,#948,.T.);
#4952=EDGE_CURVE('',#5898,#5899,#949,.F.);
#4953=EDGE_CURVE('',#5900,#5899,#950,.T.);
#4954=EDGE_CURVE('',#5901,#5900,#951,.T.);
#4955=EDGE_CURVE('',#5902,#5901,#952,.T.);
#4956=EDGE_CURVE('',#5902,#5903,#953,.F.);
#4957=EDGE_CURVE('',#5903,#5904,#954,.T.);
#4958=EDGE_CURVE('',#5904,#5897,#955,.T.);
#4959=EDGE_CURVE('',#5870,#5902,#6413,.F.);
#4960=EDGE_CURVE('',#5901,#5905,#956,.T.);
#4961=EDGE_CURVE('',#5871,#5905,#957,.T.);
#4962=EDGE_CURVE('',#5906,#5886,#958,.T.);
#4963=EDGE_CURVE('',#5907,#5906,#959,.T.);
#4964=EDGE_CURVE('',#5872,#5907,#960,.T.);
#4965=EDGE_CURVE('',#5905,#5908,#961,.T.);
#4966=EDGE_CURVE('',#5908,#5887,#962,.T.);
#4967=EDGE_CURVE('',#5876,#5884,#963,.T.);
#4968=EDGE_CURVE('',#5877,#5883,#964,.T.);
#4969=EDGE_CURVE('',#5878,#5891,#965,.T.);
#4970=EDGE_CURVE('',#5867,#5890,#966,.T.);
#4971=EDGE_CURVE('',#5866,#5889,#967,.T.);
#4972=EDGE_CURVE('',#5909,#5910,#968,.T.);
#4973=EDGE_CURVE('',#5910,#5911,#969,.F.);
#4974=EDGE_CURVE('',#5911,#5912,#970,.F.);
#4975=EDGE_CURVE('',#5912,#5909,#971,.T.);
#4976=EDGE_CURVE('',#5913,#5913,#6414,.T.);
#4977=EDGE_CURVE('',#5914,#5914,#6415,.T.);
#4978=EDGE_CURVE('',#5915,#5915,#6416,.T.);
#4979=EDGE_CURVE('',#5916,#5916,#6417,.T.);
#4980=EDGE_CURVE('',#5917,#5917,#6418,.T.);
#4981=EDGE_CURVE('',#5918,#5918,#6419,.T.);
#4982=EDGE_CURVE('',#5919,#5919,#6420,.T.);
#4983=EDGE_CURVE('',#5920,#5920,#6421,.T.);
#4984=EDGE_CURVE('',#5921,#5921,#6422,.T.);
#4985=EDGE_CURVE('',#5903,#5873,#6423,.T.);
#4986=EDGE_CURVE('',#5904,#5907,#972,.T.);
#4987=EDGE_CURVE('',#5885,#5898,#6424,.F.);
#4988=EDGE_CURVE('',#5906,#5897,#973,.T.);
#4989=EDGE_CURVE('',#5922,#5922,#6425,.T.);
#4990=EDGE_CURVE('',#5923,#5923,#6426,.T.);
#4991=EDGE_CURVE('',#5924,#5924,#6427,.T.);
#4992=EDGE_CURVE('',#5899,#5888,#6428,.T.);
#4993=EDGE_CURVE('',#5908,#5900,#974,.T.);
#4994=EDGE_CURVE('',#5925,#5925,#6429,.T.);
#4995=EDGE_CURVE('',#5926,#5926,#6430,.T.);
#4996=EDGE_CURVE('',#5927,#5927,#6431,.T.);
#4997=EDGE_CURVE('',#5868,#5869,#44,.T.);
#4998=EDGE_CURVE('',#5874,#5875,#45,.T.);
#4999=EDGE_CURVE('',#5928,#5929,#975,.T.);
#5000=EDGE_CURVE('',#5929,#5910,#976,.F.);
#5001=EDGE_CURVE('',#5909,#5928,#977,.T.);
#5002=EDGE_CURVE('',#5930,#5930,#6432,.F.);
#5003=EDGE_CURVE('',#5931,#5931,#6433,.F.);
#5004=EDGE_CURVE('',#5932,#5932,#6434,.F.);
#5005=EDGE_CURVE('',#5889,#5933,#978,.T.);
#5006=EDGE_CURVE('',#5933,#5929,#6435,.F.);
#5007=EDGE_CURVE('',#5928,#5934,#6436,.F.);
#5008=EDGE_CURVE('',#5866,#5934,#979,.T.);
#5009=EDGE_CURVE('',#5935,#5935,#6437,.F.);
#5010=EDGE_CURVE('',#5936,#5936,#6438,.F.);
#5011=EDGE_CURVE('',#5937,#5937,#46,.T.);
#5012=EDGE_CURVE('',#5934,#5909,#106,.F.);
#5013=EDGE_CURVE('',#5876,#5912,#107,.T.);
#5014=EDGE_CURVE('',#5884,#5911,#108,.T.);
#5015=EDGE_CURVE('',#5933,#5910,#109,.F.);
#5016=EDGE_CURVE('',#5938,#5939,#980,.F.);
#5017=EDGE_CURVE('',#5939,#5940,#981,.T.);
#5018=EDGE_CURVE('',#5940,#5941,#982,.T.);
#5019=EDGE_CURVE('',#5942,#5941,#983,.T.);
#5020=EDGE_CURVE('',#5942,#5943,#984,.T.);
#5021=EDGE_CURVE('',#5944,#5943,#985,.T.);
#5022=EDGE_CURVE('',#5944,#5938,#986,.T.);
#5023=EDGE_CURVE('',#5945,#5946,#987,.F.);
#5024=EDGE_CURVE('',#5947,#5945,#988,.F.);
#5025=EDGE_CURVE('',#5948,#5947,#989,.T.);
#5026=EDGE_CURVE('',#5948,#5949,#110,.F.);
#5027=EDGE_CURVE('',#5949,#5950,#990,.T.);
#5028=EDGE_CURVE('',#5950,#5951,#991,.T.);
#5029=EDGE_CURVE('',#5952,#5951,#992,.T.);
#5030=EDGE_CURVE('',#5952,#5953,#111,.F.);
#5031=EDGE_CURVE('',#5946,#5953,#993,.T.);
#5032=EDGE_CURVE('',#5946,#5954,#994,.F.);
#5033=EDGE_CURVE('',#5953,#5954,#995,.T.);
#5034=EDGE_CURVE('',#5955,#5956,#112,.F.);
#5035=EDGE_CURVE('',#5955,#5939,#113,.F.);
#5036=EDGE_CURVE('',#5957,#5938,#114,.T.);
#5037=EDGE_CURVE('',#5958,#5957,#115,.T.);
#5038=EDGE_CURVE('',#5959,#5958,#996,.T.);
#5039=EDGE_CURVE('',#5959,#5956,#116,.T.);
#5040=EDGE_CURVE('',#5960,#5960,#117,.F.);
#5041=EDGE_CURVE('',#5961,#5961,#6439,.F.);
#5042=EDGE_CURVE('',#5962,#5962,#118,.F.);
#5043=EDGE_CURVE('',#5963,#5963,#6440,.F.);
#5044=EDGE_CURVE('',#5964,#5964,#119,.F.);
#5045=EDGE_CURVE('',#5965,#5965,#6441,.F.);
#5046=EDGE_CURVE('',#5966,#5967,#997,.T.);
#5047=EDGE_CURVE('',#5967,#5968,#998,.T.);
#5048=EDGE_CURVE('',#5969,#5968,#6442,.F.);
#5049=EDGE_CURVE('',#5969,#5966,#999,.T.);
#5050=EDGE_CURVE('',#5970,#5952,#1000,.T.);
#5051=EDGE_CURVE('',#5970,#5954,#6443,.F.);
#5052=EDGE_CURVE('',#5971,#5972,#1001,.T.);
#5053=EDGE_CURVE('',#5971,#5973,#1002,.T.);
#5054=EDGE_CURVE('',#5974,#5973,#1003,.T.);
#5055=EDGE_CURVE('',#5974,#5975,#120,.T.);
#5056=EDGE_CURVE('',#5975,#5976,#1004,.T.);
#5057=EDGE_CURVE('',#5976,#5977,#121,.T.);
#5058=EDGE_CURVE('',#5977,#5972,#1005,.F.);
#5059=EDGE_CURVE('',#5968,#5978,#1006,.T.);
#5060=EDGE_CURVE('',#5978,#5979,#6444,.F.);
#5061=EDGE_CURVE('',#5980,#5979,#1007,.F.);
#5062=EDGE_CURVE('',#5981,#5980,#6445,.F.);
#5063=EDGE_CURVE('',#5981,#5969,#1008,.T.);
#5064=EDGE_CURVE('',#5982,#5983,#1009,.T.);
#5065=EDGE_CURVE('',#5983,#5984,#1010,.T.);
#5066=EDGE_CURVE('',#5984,#5985,#1011,.T.);
#5067=EDGE_CURVE('',#5985,#5986,#1012,.F.);
#5068=EDGE_CURVE('',#5986,#5987,#6446,.T.);
#5069=EDGE_CURVE('',#5987,#5988,#1013,.F.);
#5070=EDGE_CURVE('',#5988,#5982,#6447,.T.);
#5071=EDGE_CURVE('',#5942,#5989,#1014,.T.);
#5072=EDGE_CURVE('',#5989,#5990,#1015,.T.);
#5073=EDGE_CURVE('',#5981,#5990,#1016,.T.);
#5074=EDGE_CURVE('',#5980,#5991,#1017,.T.);
#5075=EDGE_CURVE('',#5991,#5992,#6448,.F.);
#5076=EDGE_CURVE('',#5992,#5993,#1018,.T.);
#5077=EDGE_CURVE('',#5943,#5993,#1019,.T.);
#5078=EDGE_CURVE('',#5994,#5994,#6449,.T.);
#5079=EDGE_CURVE('',#5995,#5995,#6450,.F.);
#5080=EDGE_CURVE('',#5957,#5996,#1020,.T.);
#5081=EDGE_CURVE('',#5944,#5997,#1021,.T.);
#5082=EDGE_CURVE('',#5997,#5998,#1022,.T.);
#5083=EDGE_CURVE('',#5998,#5996,#1023,.T.);
#5084=EDGE_CURVE('',#5999,#5999,#6451,.T.);
#5085=EDGE_CURVE('',#6000,#6000,#6452,.T.);
#5086=EDGE_CURVE('',#6001,#6001,#6453,.T.);
#5087=EDGE_CURVE('',#6002,#6002,#6454,.T.);
#5088=EDGE_CURVE('',#5997,#6003,#1024,.T.);
#5089=EDGE_CURVE('',#6004,#5993,#1025,.T.);
#5090=EDGE_CURVE('',#6005,#6004,#1026,.T.);
#5091=EDGE_CURVE('',#6005,#6006,#1027,.T.);
#5092=EDGE_CURVE('',#6006,#6003,#6455,.T.);
#5093=EDGE_CURVE('',#6007,#6008,#1028,.T.);
#5094=EDGE_CURVE('',#6008,#6009,#122,.T.);
#5095=EDGE_CURVE('',#6010,#6009,#1029,.T.);
#5096=EDGE_CURVE('',#6011,#6010,#1030,.T.);
#5097=EDGE_CURVE('',#6007,#6011,#6456,.T.);
#5098=EDGE_CURVE('',#6004,#6012,#1031,.T.);
#5099=EDGE_CURVE('',#6012,#6008,#123,.T.);
#5100=EDGE_CURVE('',#6013,#6007,#1032,.T.);
#5101=EDGE_CURVE('',#6005,#6013,#1033,.T.);
#5102=EDGE_CURVE('',#5979,#6014,#1034,.T.);
#5103=EDGE_CURVE('',#6014,#5991,#1035,.T.);
#5104=EDGE_CURVE('',#6009,#6015,#1036,.F.);
#5105=EDGE_CURVE('',#6015,#5959,#1037,.F.);
#5106=EDGE_CURVE('',#5958,#6016,#1038,.T.);
#5107=EDGE_CURVE('',#6016,#6017,#1039,.T.);
#5108=EDGE_CURVE('',#6018,#6017,#124,.T.);
#5109=EDGE_CURVE('',#6010,#6018,#1040,.T.);
#5110=EDGE_CURVE('',#5992,#6019,#1041,.F.);
#5111=EDGE_CURVE('',#6019,#6020,#1042,.T.);
#5112=EDGE_CURVE('',#6020,#6012,#1043,.T.);
#5113=EDGE_CURVE('',#6021,#5996,#6457,.T.);
#5114=EDGE_CURVE('',#6021,#6016,#1044,.T.);
#5115=EDGE_CURVE('',#6022,#5998,#6458,.T.);
#5116=EDGE_CURVE('',#6022,#6021,#1045,.T.);
#5117=EDGE_CURVE('',#6023,#6011,#1046,.T.);
#5118=EDGE_CURVE('',#6013,#6023,#6459,.T.);
#5119=EDGE_CURVE('',#6024,#6018,#1047,.T.);
#5120=EDGE_CURVE('',#6023,#6024,#1048,.T.);
#5121=EDGE_CURVE('',#6025,#6017,#1049,.T.);
#5122=EDGE_CURVE('',#6024,#6025,#6460,.T.);
#5123=EDGE_CURVE('',#6022,#6025,#1050,.T.);
#5124=EDGE_CURVE('',#6023,#6022,#6461,.T.);
#5125=EDGE_CURVE('',#6026,#6026,#6462,.T.);
#5126=EDGE_CURVE('',#6027,#6027,#6463,.T.);
#5127=EDGE_CURVE('',#6028,#6028,#6464,.T.);
#5128=EDGE_CURVE('',#6029,#6029,#6465,.T.);
#5129=EDGE_CURVE('',#6003,#6022,#1051,.T.);
#5130=EDGE_CURVE('',#6006,#6023,#1052,.T.);
#5131=EDGE_CURVE('',#5941,#5952,#1053,.T.);
#5132=EDGE_CURVE('',#5951,#5989,#1054,.T.);
#5133=EDGE_CURVE('',#6030,#5990,#1055,.T.);
#5134=EDGE_CURVE('',#5966,#6030,#1056,.T.);
#5135=EDGE_CURVE('',#5951,#6030,#1057,.T.);
#5136=EDGE_CURVE('',#6031,#5984,#1058,.T.);
#5137=EDGE_CURVE('',#6031,#6032,#6466,.F.);
#5138=EDGE_CURVE('',#6032,#6033,#1059,.T.);
#5139=EDGE_CURVE('',#6033,#6034,#1060,.T.);
#5140=EDGE_CURVE('',#6034,#5985,#6467,.F.);
#5141=EDGE_CURVE('',#6035,#5971,#1061,.T.);
#5142=EDGE_CURVE('',#6035,#6031,#1062,.T.);
#5143=EDGE_CURVE('',#5984,#5971,#1063,.T.);
#5144=EDGE_CURVE('',#5972,#6036,#6468,.T.);
#5145=EDGE_CURVE('',#5950,#6036,#1064,.T.);
#5146=EDGE_CURVE('',#5949,#6035,#6469,.T.);
#5147=EDGE_CURVE('',#6036,#6034,#1065,.F.);
#5148=EDGE_CURVE('',#6033,#5950,#1066,.T.);
#5149=EDGE_CURVE('',#6037,#5947,#1067,.F.);
#5150=EDGE_CURVE('',#6037,#6038,#1068,.F.);
#5151=EDGE_CURVE('',#6038,#6039,#1069,.T.);
#5152=EDGE_CURVE('',#6040,#6039,#1070,.T.);
#5153=EDGE_CURVE('',#6040,#5948,#1071,.T.);
#5154=EDGE_CURVE('',#6033,#6030,#1072,.T.);
#5155=EDGE_CURVE('',#6032,#6040,#125,.T.);
#5156=EDGE_CURVE('',#6039,#5966,#126,.T.);
#5157=EDGE_CURVE('',#6020,#6015,#127,.T.);
#5158=EDGE_CURVE('',#6014,#6019,#6470,.F.);
#5159=EDGE_CURVE('',#6041,#6042,#1073,.T.);
#5160=EDGE_CURVE('',#6041,#6043,#1074,.T.);
#5161=EDGE_CURVE('',#6043,#6044,#1075,.T.);
#5162=EDGE_CURVE('',#6042,#6044,#1076,.T.);
#5163=EDGE_CURVE('',#6045,#6044,#1077,.T.);
#5164=EDGE_CURVE('',#6045,#6046,#1078,.F.);
#5165=EDGE_CURVE('',#6046,#6042,#1079,.T.);
#5166=EDGE_CURVE('',#5982,#5978,#47,.T.);
#5167=EDGE_CURVE('',#5967,#6038,#6471,.F.);
#5168=EDGE_CURVE('',#6041,#6037,#1080,.T.);
#5169=EDGE_CURVE('',#6046,#5983,#6472,.F.);
#5170=EDGE_CURVE('',#5956,#5974,#48,.T.);
#5171=EDGE_CURVE('',#5973,#6045,#6473,.T.);
#5172=EDGE_CURVE('',#6043,#5945,#1081,.T.);
#5173=EDGE_CURVE('',#5970,#5940,#1082,.T.);
#5174=EDGE_CURVE('',#5975,#5959,#6474,.T.);
#5175=EDGE_CURVE('',#5976,#6015,#6475,.T.);
#5176=EDGE_CURVE('',#5977,#6020,#6476,.T.);
#5177=EDGE_CURVE('',#5986,#6019,#6477,.T.);
#5178=EDGE_CURVE('',#5987,#6014,#6478,.T.);
#5179=EDGE_CURVE('',#5988,#5979,#6479,.T.);
#5180=EDGE_CURVE('',#6047,#6047,#6480,.T.);
#5181=EDGE_CURVE('',#6048,#6048,#6481,.T.);
#5182=EDGE_CURVE('',#6049,#6049,#6482,.T.);
#5183=EDGE_CURVE('',#6050,#6051,#1083,.T.);
#5184=EDGE_CURVE('',#6051,#6052,#6483,.T.);
#5185=EDGE_CURVE('',#6052,#6053,#1084,.T.);
#5186=EDGE_CURVE('',#6054,#6053,#1085,.T.);
#5187=EDGE_CURVE('',#6055,#6054,#1086,.T.);
#5188=EDGE_CURVE('',#6055,#6056,#6484,.T.);
#5189=EDGE_CURVE('',#6056,#6057,#1087,.T.);
#5190=EDGE_CURVE('',#6058,#6057,#1088,.T.);
#5191=EDGE_CURVE('',#6059,#6058,#1089,.T.);
#5192=EDGE_CURVE('',#6059,#6050,#1090,.T.);
#5193=EDGE_CURVE('',#6060,#6060,#6485,.T.);
#5194=EDGE_CURVE('',#6061,#6061,#6486,.T.);
#5195=EDGE_CURVE('',#6062,#6062,#6487,.T.);
#5196=EDGE_CURVE('',#6063,#6063,#6488,.T.);
#5197=EDGE_CURVE('',#6064,#6064,#6489,.T.);
#5198=EDGE_CURVE('',#6065,#6065,#6490,.T.);
#5199=EDGE_CURVE('',#6066,#6067,#1091,.T.);
#5200=EDGE_CURVE('',#6066,#6068,#6491,.F.);
#5201=EDGE_CURVE('',#6069,#6068,#1092,.T.);
#5202=EDGE_CURVE('',#6070,#6069,#1093,.T.);
#5203=EDGE_CURVE('',#6070,#6071,#1094,.T.);
#5204=EDGE_CURVE('',#6071,#6072,#1095,.T.);
#5205=EDGE_CURVE('',#6073,#6072,#1096,.T.);
#5206=EDGE_CURVE('',#6073,#6074,#6492,.F.);
#5207=EDGE_CURVE('',#6074,#6075,#1097,.T.);
#5208=EDGE_CURVE('',#6075,#6067,#1098,.T.);
#5209=EDGE_CURVE('',#6076,#6076,#6493,.F.);
#5210=EDGE_CURVE('',#6077,#6077,#6494,.F.);
#5211=EDGE_CURVE('',#6078,#6078,#6495,.F.);
#5212=EDGE_CURVE('',#6058,#6071,#1099,.T.);
#5213=EDGE_CURVE('',#6057,#6072,#1100,.T.);
#5214=EDGE_CURVE('',#6079,#6079,#6496,.F.);
#5215=EDGE_CURVE('',#6059,#6070,#1101,.T.);
#5216=EDGE_CURVE('',#6050,#6069,#1102,.T.);
#5217=EDGE_CURVE('',#6068,#6051,#1103,.F.);
#5218=EDGE_CURVE('',#6052,#6066,#1104,.T.);
#5219=EDGE_CURVE('',#6053,#6067,#1105,.T.);
#5220=EDGE_CURVE('',#6080,#6080,#6497,.T.);
#5221=EDGE_CURVE('',#6054,#6075,#1106,.T.);
#5222=EDGE_CURVE('',#6074,#6055,#1107,.F.);
#5223=EDGE_CURVE('',#6056,#6073,#1108,.T.);
#5224=EDGE_CURVE('',#6081,#6081,#128,.T.);
#5225=EDGE_CURVE('',#6082,#6083,#1109,.T.);
#5226=EDGE_CURVE('',#6083,#6084,#1110,.T.);
#5227=EDGE_CURVE('',#6085,#6084,#1111,.T.);
#5228=EDGE_CURVE('',#6085,#6086,#1112,.T.);
#5229=EDGE_CURVE('',#6086,#6082,#1113,.T.);
#5230=EDGE_CURVE('',#6087,#6088,#1114,.F.);
#5231=EDGE_CURVE('',#6087,#6089,#1115,.T.);
#5232=EDGE_CURVE('',#6090,#6089,#1116,.T.);
#5233=EDGE_CURVE('',#6090,#6091,#49,.T.);
#5234=EDGE_CURVE('',#6092,#6091,#1117,.F.);
#5235=EDGE_CURVE('',#6088,#6092,#1118,.F.);
#5236=EDGE_CURVE('',#6093,#6094,#1119,.T.);
#5237=EDGE_CURVE('',#6093,#6095,#1120,.T.);
#5238=EDGE_CURVE('',#6096,#6095,#1121,.T.);
#5239=EDGE_CURVE('',#6096,#6094,#1122,.T.);
#5240=EDGE_CURVE('',#6097,#6098,#1123,.F.);
#5241=EDGE_CURVE('',#6098,#6096,#1124,.F.);
#5242=EDGE_CURVE('',#6095,#6099,#1125,.T.);
#5243=EDGE_CURVE('',#6099,#6100,#1126,.T.);
#5244=EDGE_CURVE('',#6100,#6097,#50,.T.);
#5245=EDGE_CURVE('',#6101,#6101,#6498,.T.);
#5246=EDGE_CURVE('',#6102,#6102,#6499,.T.);
#5247=EDGE_CURVE('',#6103,#6089,#1127,.T.);
#5248=EDGE_CURVE('',#6104,#6103,#1128,.T.);
#5249=EDGE_CURVE('',#6104,#6105,#51,.T.);
#5250=EDGE_CURVE('',#6105,#6090,#52,.T.);
#5251=EDGE_CURVE('',#6103,#6098,#1129,.T.);
#5252=EDGE_CURVE('',#6097,#6106,#53,.T.);
#5253=EDGE_CURVE('',#6104,#6106,#54,.T.);
#5254=EDGE_CURVE('',#6107,#6108,#1130,.T.);
#5255=EDGE_CURVE('',#6107,#6109,#1131,.T.);
#5256=EDGE_CURVE('',#6109,#6110,#1132,.T.);
#5257=EDGE_CURVE('',#6111,#6110,#1133,.T.);
#5258=EDGE_CURVE('',#6112,#6111,#1134,.T.);
#5259=EDGE_CURVE('',#6108,#6112,#1135,.T.);
#5260=EDGE_CURVE('',#6113,#6113,#6500,.T.);
#5261=EDGE_CURVE('',#6114,#6114,#6501,.F.);
#5262=EDGE_CURVE('',#6115,#6116,#1136,.T.);
#5263=EDGE_CURVE('',#6115,#6117,#1137,.T.);
#5264=EDGE_CURVE('',#6117,#6118,#1138,.T.);
#5265=EDGE_CURVE('',#6116,#6118,#1139,.T.);
#5266=EDGE_CURVE('',#6119,#6120,#1140,.T.);
#5267=EDGE_CURVE('',#6119,#6115,#1141,.T.);
#5268=EDGE_CURVE('',#6120,#6116,#1142,.T.);
#5269=EDGE_CURVE('',#6121,#6121,#6502,.T.);
#5270=EDGE_CURVE('',#6122,#6123,#1143,.T.);
#5271=EDGE_CURVE('',#6122,#6119,#1144,.T.);
#5272=EDGE_CURVE('',#6123,#6120,#1145,.T.);
#5273=EDGE_CURVE('',#6124,#6125,#1146,.T.);
#5274=EDGE_CURVE('',#6122,#6124,#1147,.T.);
#5275=EDGE_CURVE('',#6123,#6126,#1148,.T.);
#5276=EDGE_CURVE('',#6126,#6127,#6503,.F.);
#5277=EDGE_CURVE('',#6128,#6127,#1149,.T.);
#5278=EDGE_CURVE('',#6125,#6128,#1150,.T.);
#5279=EDGE_CURVE('',#6129,#6130,#55,.T.);
#5280=EDGE_CURVE('',#6129,#6125,#1151,.T.);
#5281=EDGE_CURVE('',#6128,#6131,#1152,.T.);
#5282=EDGE_CURVE('',#6131,#6132,#1153,.T.);
#5283=EDGE_CURVE('',#6130,#6132,#56,.T.);
#5284=EDGE_CURVE('',#6133,#6134,#1154,.T.);
#5285=EDGE_CURVE('',#6134,#6135,#57,.T.);
#5286=EDGE_CURVE('',#6136,#6135,#58,.T.);
#5287=EDGE_CURVE('',#6137,#6136,#1155,.T.);
#5288=EDGE_CURVE('',#6133,#6137,#1156,.F.);
#5289=EDGE_CURVE('',#6107,#6136,#1157,.F.);
#5290=EDGE_CURVE('',#6138,#6107,#1158,.T.);
#5291=EDGE_CURVE('',#6137,#6138,#1159,.F.);
#5292=EDGE_CURVE('',#6139,#6140,#1160,.T.);
#5293=EDGE_CURVE('',#6140,#6141,#1161,.T.);
#5294=EDGE_CURVE('',#6141,#6142,#1162,.F.);
#5295=EDGE_CURVE('',#6142,#6143,#1163,.T.);
#5296=EDGE_CURVE('',#6143,#6144,#1164,.T.);
#5297=EDGE_CURVE('',#6139,#6144,#1165,.T.);
#5298=EDGE_CURVE('',#6111,#6145,#1166,.T.);
#5299=EDGE_CURVE('',#6145,#6126,#1167,.T.);
#5300=EDGE_CURVE('',#6146,#6118,#1168,.T.);
#5301=EDGE_CURVE('',#6146,#6147,#1169,.F.);
#5302=EDGE_CURVE('',#6148,#6147,#1170,.T.);
#5303=EDGE_CURVE('',#6148,#6149,#1171,.F.);
#5304=EDGE_CURVE('',#6149,#6112,#1172,.T.);
#5305=EDGE_CURVE('',#6150,#6151,#1173,.F.);
#5306=EDGE_CURVE('',#6150,#6152,#59,.T.);
#5307=EDGE_CURVE('',#6152,#6105,#60,.T.);
#5308=EDGE_CURVE('',#6106,#6151,#61,.T.);
#5309=EDGE_CURVE('',#6153,#6153,#6504,.T.);
#5310=EDGE_CURVE('',#6154,#6154,#6505,.T.);
#5311=EDGE_CURVE('',#6093,#6155,#1174,.T.);
#5312=EDGE_CURVE('',#6155,#6156,#1175,.T.);
#5313=EDGE_CURVE('',#6156,#6157,#1176,.F.);
#5314=EDGE_CURVE('',#6157,#6133,#1177,.F.);
#5315=EDGE_CURVE('',#6083,#6138,#1178,.T.);
#5316=EDGE_CURVE('',#6082,#6148,#6506,.F.);
#5317=EDGE_CURVE('',#6147,#6158,#6507,.F.);
#5318=EDGE_CURVE('',#6158,#6159,#1179,.T.);
#5319=EDGE_CURVE('',#6160,#6159,#1180,.T.);
#5320=EDGE_CURVE('',#6160,#6099,#6508,.F.);
#5321=EDGE_CURVE('',#6161,#6161,#6509,.T.);
#5322=EDGE_CURVE('',#6162,#6162,#6510,.T.);
#5323=EDGE_CURVE('',#6143,#6163,#1181,.F.);
#5324=EDGE_CURVE('',#6163,#6164,#62,.T.);
#5325=EDGE_CURVE('',#6164,#6165,#63,.F.);
#5326=EDGE_CURVE('',#6144,#6165,#1182,.T.);
#5327=EDGE_CURVE('',#6158,#6166,#1183,.T.);
#5328=EDGE_CURVE('',#6166,#6139,#1184,.T.);
#5329=EDGE_CURVE('',#6159,#6165,#1185,.T.);
#5330=EDGE_CURVE('',#6164,#6150,#64,.T.);
#5331=EDGE_CURVE('',#6151,#6167,#65,.T.);
#5332=EDGE_CURVE('',#6167,#6160,#1186,.T.);
#5333=EDGE_CURVE('',#6168,#6168,#6511,.T.);
#5334=EDGE_CURVE('',#6169,#6169,#6512,.T.);
#5335=EDGE_CURVE('',#6170,#6170,#6513,.T.);
#5336=EDGE_CURVE('',#6171,#6171,#129,.T.);
#5337=EDGE_CURVE('',#6142,#6145,#130,.T.);
#5338=EDGE_CURVE('',#6124,#6110,#1187,.T.);
#5339=EDGE_CURVE('',#6129,#6172,#66,.T.);
#5340=EDGE_CURVE('',#6172,#6173,#1188,.T.);
#5341=EDGE_CURVE('',#6174,#6173,#1189,.F.);
#5342=EDGE_CURVE('',#6174,#6143,#1190,.T.);
#5343=EDGE_CURVE('',#6174,#6092,#1191,.F.);
#5344=EDGE_CURVE('',#6091,#6175,#67,.T.);
#5345=EDGE_CURVE('',#6175,#6163,#68,.F.);
#5346=EDGE_CURVE('',#6176,#6176,#6514,.T.);
#5347=EDGE_CURVE('',#6177,#6149,#1192,.T.);
#5348=EDGE_CURVE('',#6177,#6108,#1193,.T.);
#5349=EDGE_CURVE('',#6177,#6085,#1194,.T.);
#5350=EDGE_CURVE('',#6149,#6086,#6515,.T.);
#5351=EDGE_CURVE('',#6178,#6178,#69,.T.);
#5352=EDGE_CURVE('',#6179,#6179,#6516,.F.);
#5353=EDGE_CURVE('',#6180,#6180,#6517,.F.);
#5354=EDGE_CURVE('',#6127,#6181,#1195,.T.);
#5355=EDGE_CURVE('',#6182,#6181,#1196,.T.);
#5356=EDGE_CURVE('',#6183,#6182,#1197,.T.);
#5357=EDGE_CURVE('',#6131,#6183,#1198,.T.);
#5358=EDGE_CURVE('',#6140,#6182,#1199,.T.);
#5359=EDGE_CURVE('',#6181,#6141,#6518,.F.);
#5360=EDGE_CURVE('',#6184,#6117,#1200,.T.);
#5361=EDGE_CURVE('',#6135,#6184,#1201,.T.);
#5362=EDGE_CURVE('',#6134,#6185,#70,.T.);
#5363=EDGE_CURVE('',#6185,#6132,#71,.T.);
#5364=EDGE_CURVE('',#6139,#6183,#1202,.T.);
#5365=EDGE_CURVE('',#6166,#6146,#131,.F.);
#5366=EDGE_CURVE('',#6167,#6100,#72,.T.);
#5367=EDGE_CURVE('',#6175,#6152,#73,.F.);
#5368=EDGE_CURVE('',#6186,#6187,#74,.T.);
#5369=EDGE_CURVE('',#6186,#6188,#75,.T.);
#5370=EDGE_CURVE('',#6189,#6188,#76,.T.);
#5371=EDGE_CURVE('',#6189,#6187,#77,.T.);
#5372=EDGE_CURVE('',#6156,#6088,#1203,.T.);
#5373=EDGE_CURVE('',#6155,#6087,#1204,.T.);
#5374=EDGE_CURVE('',#6157,#6185,#1205,.T.);
#5375=EDGE_CURVE('',#6130,#6092,#1206,.T.);
#5376=EDGE_CURVE('',#6173,#6190,#78,.T.);
#5377=EDGE_CURVE('',#6190,#6174,#1207,.T.);
#5378=EDGE_CURVE('',#6190,#6172,#79,.T.);
#5379=EDGE_CURVE('',#6184,#6109,#1208,.T.);
#5380=EDGE_CURVE('',#6191,#6186,#1209,.T.);
#5381=EDGE_CURVE('',#6191,#6192,#1210,.T.);
#5382=EDGE_CURVE('',#6188,#6192,#1211,.T.);
#5383=EDGE_CURVE('',#6192,#6189,#1212,.T.);
#5384=EDGE_CURVE('',#6191,#6187,#1213,.T.);
#5385=EDGE_CURVE('',#6094,#6155,#1214,.T.);
#5386=EDGE_CURVE('',#6084,#6138,#1215,.T.);
#5387=VERTEX_POINT('',#12328);
#5388=VERTEX_POINT('',#12330);
#5389=VERTEX_POINT('',#12332);
#5390=VERTEX_POINT('',#12334);
#5391=VERTEX_POINT('',#12335);
#5392=VERTEX_POINT('',#12337);
#5393=VERTEX_POINT('',#12339);
#5394=VERTEX_POINT('',#12342);
#5395=VERTEX_POINT('',#12344);
#5396=VERTEX_POINT('',#12346);
#5397=VERTEX_POINT('',#12348);
#5398=VERTEX_POINT('',#12350);
#5399=VERTEX_POINT('',#12352);
#5400=VERTEX_POINT('',#12355);
#5401=VERTEX_POINT('',#12357);
#5402=VERTEX_POINT('',#12359);
#5403=VERTEX_POINT('',#12361);
#5404=VERTEX_POINT('',#12363);
#5405=VERTEX_POINT('',#12365);
#5406=VERTEX_POINT('',#12366);
#5407=VERTEX_POINT('',#12368);
#5408=VERTEX_POINT('',#12370);
#5409=VERTEX_POINT('',#12373);
#5410=VERTEX_POINT('',#12375);
#5411=VERTEX_POINT('',#12377);
#5412=VERTEX_POINT('',#12379);
#5413=VERTEX_POINT('',#12382);
#5414=VERTEX_POINT('',#12384);
#5415=VERTEX_POINT('',#12386);
#5416=VERTEX_POINT('',#12388);
#5417=VERTEX_POINT('',#12390);
#5418=VERTEX_POINT('',#12392);
#5419=VERTEX_POINT('',#12394);
#5420=VERTEX_POINT('',#12396);
#5421=VERTEX_POINT('',#12397);
#5422=VERTEX_POINT('',#12399);
#5423=VERTEX_POINT('',#12401);
#5424=VERTEX_POINT('',#12405);
#5425=VERTEX_POINT('',#12407);
#5426=VERTEX_POINT('',#12409);
#5427=VERTEX_POINT('',#12411);
#5428=VERTEX_POINT('',#12413);
#5429=VERTEX_POINT('',#12415);
#5430=VERTEX_POINT('',#12417);
#5431=VERTEX_POINT('',#12419);
#5432=VERTEX_POINT('',#12422);
#5433=VERTEX_POINT('',#12426);
#5434=VERTEX_POINT('',#12428);
#5435=VERTEX_POINT('',#12430);
#5436=VERTEX_POINT('',#12437);
#5437=VERTEX_POINT('',#12439);
#5438=VERTEX_POINT('',#12441);
#5439=VERTEX_POINT('',#12459);
#5440=VERTEX_POINT('',#12461);
#5441=VERTEX_POINT('',#12463);
#5442=VERTEX_POINT('',#12465);
#5443=VERTEX_POINT('',#12467);
#5444=VERTEX_POINT('',#12469);
#5445=VERTEX_POINT('',#12471);
#5446=VERTEX_POINT('',#12476);
#5447=VERTEX_POINT('',#12478);
#5448=VERTEX_POINT('',#12480);
#5449=VERTEX_POINT('',#12482);
#5450=VERTEX_POINT('',#12484);
#5451=VERTEX_POINT('',#12486);
#5452=VERTEX_POINT('',#12489);
#5453=VERTEX_POINT('',#12506);
#5454=VERTEX_POINT('',#12507);
#5455=VERTEX_POINT('',#12509);
#5456=VERTEX_POINT('',#12511);
#5457=VERTEX_POINT('',#12515);
#5458=VERTEX_POINT('',#12516);
#5459=VERTEX_POINT('',#12518);
#5460=VERTEX_POINT('',#12520);
#5461=VERTEX_POINT('',#12524);
#5462=VERTEX_POINT('',#12525);
#5463=VERTEX_POINT('',#12527);
#5464=VERTEX_POINT('',#12529);
#5465=VERTEX_POINT('',#12533);
#5466=VERTEX_POINT('',#12535);
#5467=VERTEX_POINT('',#12537);
#5468=VERTEX_POINT('',#12539);
#5469=VERTEX_POINT('',#12540);
#5470=VERTEX_POINT('',#12542);
#5471=VERTEX_POINT('',#12544);
#5472=VERTEX_POINT('',#12546);
#5473=VERTEX_POINT('',#12548);
#5474=VERTEX_POINT('',#12550);
#5475=VERTEX_POINT('',#12552);
#5476=VERTEX_POINT('',#12556);
#5477=VERTEX_POINT('',#12557);
#5478=VERTEX_POINT('',#12559);
#5479=VERTEX_POINT('',#12561);
#5480=VERTEX_POINT('',#12565);
#5481=VERTEX_POINT('',#12567);
#5482=VERTEX_POINT('',#12568);
#5483=VERTEX_POINT('',#12570);
#5484=VERTEX_POINT('',#12572);
#5485=VERTEX_POINT('',#12574);
#5486=VERTEX_POINT('',#12576);
#5487=VERTEX_POINT('',#12579);
#5488=VERTEX_POINT('',#12581);
#5489=VERTEX_POINT('',#12584);
#5490=VERTEX_POINT('',#12586);
#5491=VERTEX_POINT('',#12589);
#5492=VERTEX_POINT('',#12591);
#5493=VERTEX_POINT('',#12593);
#5494=VERTEX_POINT('',#12599);
#5495=VERTEX_POINT('',#12601);
#5496=VERTEX_POINT('',#12602);
#5497=VERTEX_POINT('',#12604);
#5498=VERTEX_POINT('',#12607);
#5499=VERTEX_POINT('',#12609);
#5500=VERTEX_POINT('',#12611);
#5501=VERTEX_POINT('',#12613);
#5502=VERTEX_POINT('',#12615);
#5503=VERTEX_POINT('',#12618);
#5504=VERTEX_POINT('',#12620);
#5505=VERTEX_POINT('',#12623);
#5506=VERTEX_POINT('',#12625);
#5507=VERTEX_POINT('',#12628);
#5508=VERTEX_POINT('',#12630);
#5509=VERTEX_POINT('',#12632);
#5510=VERTEX_POINT('',#12636);
#5511=VERTEX_POINT('',#12637);
#5512=VERTEX_POINT('',#12639);
#5513=VERTEX_POINT('',#12641);
#5514=VERTEX_POINT('',#12643);
#5515=VERTEX_POINT('',#12650);
#5516=VERTEX_POINT('',#12652);
#5517=VERTEX_POINT('',#12654);
#5518=VERTEX_POINT('',#12659);
#5519=VERTEX_POINT('',#12660);
#5520=VERTEX_POINT('',#12662);
#5521=VERTEX_POINT('',#12664);
#5522=VERTEX_POINT('',#12666);
#5523=VERTEX_POINT('',#12671);
#5524=VERTEX_POINT('',#12681);
#5525=VERTEX_POINT('',#12683);
#5526=VERTEX_POINT('',#12685);
#5527=VERTEX_POINT('',#12687);
#5528=VERTEX_POINT('',#12692);
#5529=VERTEX_POINT('',#12696);
#5530=VERTEX_POINT('',#12698);
#5531=VERTEX_POINT('',#12708);
#5532=VERTEX_POINT('',#12712);
#5533=VERTEX_POINT('',#12716);
#5534=VERTEX_POINT('',#12717);
#5535=VERTEX_POINT('',#12719);
#5536=VERTEX_POINT('',#12724);
#5537=VERTEX_POINT('',#12726);
#5538=VERTEX_POINT('',#12728);
#5539=VERTEX_POINT('',#12781);
#5540=VERTEX_POINT('',#12782);
#5541=VERTEX_POINT('',#12784);
#5542=VERTEX_POINT('',#12786);
#5543=VERTEX_POINT('',#12788);
#5544=VERTEX_POINT('',#12790);
#5545=VERTEX_POINT('',#12792);
#5546=VERTEX_POINT('',#12796);
#5547=VERTEX_POINT('',#12797);
#5548=VERTEX_POINT('',#12799);
#5549=VERTEX_POINT('',#12801);
#5550=VERTEX_POINT('',#12803);
#5551=VERTEX_POINT('',#12805);
#5552=VERTEX_POINT('',#12807);
#5553=VERTEX_POINT('',#12809);
#5554=VERTEX_POINT('',#12811);
#5555=VERTEX_POINT('',#12815);
#5556=VERTEX_POINT('',#12819);
#5557=VERTEX_POINT('',#12820);
#5558=VERTEX_POINT('',#12822);
#5559=VERTEX_POINT('',#12824);
#5560=VERTEX_POINT('',#12826);
#5561=VERTEX_POINT('',#12831);
#5562=VERTEX_POINT('',#12833);
#5563=VERTEX_POINT('',#12836);
#5564=VERTEX_POINT('',#12838);
#5565=VERTEX_POINT('',#12841);
#5566=VERTEX_POINT('',#12843);
#5567=VERTEX_POINT('',#12846);
#5568=VERTEX_POINT('',#12847);
#5569=VERTEX_POINT('',#12849);
#5570=VERTEX_POINT('',#12851);
#5571=VERTEX_POINT('',#12855);
#5572=VERTEX_POINT('',#12859);
#5573=VERTEX_POINT('',#12860);
#5574=VERTEX_POINT('',#12862);
#5575=VERTEX_POINT('',#12864);
#5576=VERTEX_POINT('',#12866);
#5577=VERTEX_POINT('',#12868);
#5578=VERTEX_POINT('',#12870);
#5579=VERTEX_POINT('',#12874);
#5580=VERTEX_POINT('',#12876);
#5581=VERTEX_POINT('',#12878);
#5582=VERTEX_POINT('',#12880);
#5583=VERTEX_POINT('',#12884);
#5584=VERTEX_POINT('',#12885);
#5585=VERTEX_POINT('',#12887);
#5586=VERTEX_POINT('',#12889);
#5587=VERTEX_POINT('',#12891);
#5588=VERTEX_POINT('',#12893);
#5589=VERTEX_POINT('',#12895);
#5590=VERTEX_POINT('',#12899);
#5591=VERTEX_POINT('',#12901);
#5592=VERTEX_POINT('',#12903);
#5593=VERTEX_POINT('',#12906);
#5594=VERTEX_POINT('',#12908);
#5595=VERTEX_POINT('',#12912);
#5596=VERTEX_POINT('',#12914);
#5597=VERTEX_POINT('',#12917);
#5598=VERTEX_POINT('',#12919);
#5599=VERTEX_POINT('',#12921);
#5600=VERTEX_POINT('',#12925);
#5601=VERTEX_POINT('',#12927);
#5602=VERTEX_POINT('',#12929);
#5603=VERTEX_POINT('',#12931);
#5604=VERTEX_POINT('',#12933);
#5605=VERTEX_POINT('',#12935);
#5606=VERTEX_POINT('',#12937);
#5607=VERTEX_POINT('',#12939);
#5608=VERTEX_POINT('',#12943);
#5609=VERTEX_POINT('',#12944);
#5610=VERTEX_POINT('',#12946);
#5611=VERTEX_POINT('',#12948);
#5612=VERTEX_POINT('',#12950);
#5613=VERTEX_POINT('',#12954);
#5614=VERTEX_POINT('',#12956);
#5615=VERTEX_POINT('',#12961);
#5616=VERTEX_POINT('',#12965);
#5617=VERTEX_POINT('',#12967);
#5618=VERTEX_POINT('',#12969);
#5619=VERTEX_POINT('',#12971);
#5620=VERTEX_POINT('',#12976);
#5621=VERTEX_POINT('',#12978);
#5622=VERTEX_POINT('',#12982);
#5623=VERTEX_POINT('',#12986);
#5624=VERTEX_POINT('',#12990);
#5625=VERTEX_POINT('',#12994);
#5626=VERTEX_POINT('',#12998);
#5627=VERTEX_POINT('',#13005);
#5628=VERTEX_POINT('',#13007);
#5629=VERTEX_POINT('',#13009);
#5630=VERTEX_POINT('',#13011);
#5631=VERTEX_POINT('',#13026);
#5632=VERTEX_POINT('',#13032);
#5633=VERTEX_POINT('',#13034);
#5634=VERTEX_POINT('',#13036);
#5635=VERTEX_POINT('',#13038);
#5636=VERTEX_POINT('',#13042);
#5637=VERTEX_POINT('',#13048);
#5638=VERTEX_POINT('',#13056);
#5639=VERTEX_POINT('',#13058);
#5640=VERTEX_POINT('',#13063);
#5641=VERTEX_POINT('',#13066);
#5642=VERTEX_POINT('',#13074);
#5643=VERTEX_POINT('',#13075);
#5644=VERTEX_POINT('',#13077);
#5645=VERTEX_POINT('',#13079);
#5646=VERTEX_POINT('',#13083);
#5647=VERTEX_POINT('',#13085);
#5648=VERTEX_POINT('',#13154);
#5649=VERTEX_POINT('',#13157);
#5650=VERTEX_POINT('',#13158);
#5651=VERTEX_POINT('',#13160);
#5652=VERTEX_POINT('',#13162);
#5653=VERTEX_POINT('',#13166);
#5654=VERTEX_POINT('',#13168);
#5655=VERTEX_POINT('',#13172);
#5656=VERTEX_POINT('',#13174);
#5657=VERTEX_POINT('',#13178);
#5658=VERTEX_POINT('',#13180);
#5659=VERTEX_POINT('',#13184);
#5660=VERTEX_POINT('',#13186);
#5661=VERTEX_POINT('',#13190);
#5662=VERTEX_POINT('',#13192);
#5663=VERTEX_POINT('',#13196);
#5664=VERTEX_POINT('',#13198);
#5665=VERTEX_POINT('',#13202);
#5666=VERTEX_POINT('',#13204);
#5667=VERTEX_POINT('',#13208);
#5668=VERTEX_POINT('',#13209);
#5669=VERTEX_POINT('',#13214);
#5670=VERTEX_POINT('',#13217);
#5671=VERTEX_POINT('',#13219);
#5672=VERTEX_POINT('',#13223);
#5673=VERTEX_POINT('',#13227);
#5674=VERTEX_POINT('',#13235);
#5675=VERTEX_POINT('',#13236);
#5676=VERTEX_POINT('',#13240);
#5677=VERTEX_POINT('',#13244);
#5678=VERTEX_POINT('',#13290);
#5679=VERTEX_POINT('',#13291);
#5680=VERTEX_POINT('',#13293);
#5681=VERTEX_POINT('',#13301);
#5682=VERTEX_POINT('',#13305);
#5683=VERTEX_POINT('',#13307);
#5684=VERTEX_POINT('',#13309);
#5685=VERTEX_POINT('',#13313);
#5686=VERTEX_POINT('',#13317);
#5687=VERTEX_POINT('',#13326);
#5688=VERTEX_POINT('',#13328);
#5689=VERTEX_POINT('',#13332);
#5690=VERTEX_POINT('',#13336);
#5691=VERTEX_POINT('',#13344);
#5692=VERTEX_POINT('',#13345);
#5693=VERTEX_POINT('',#13347);
#5694=VERTEX_POINT('',#13349);
#5695=VERTEX_POINT('',#13352);
#5696=VERTEX_POINT('',#13355);
#5697=VERTEX_POINT('',#13357);
#5698=VERTEX_POINT('',#13361);
#5699=VERTEX_POINT('',#13363);
#5700=VERTEX_POINT('',#13367);
#5701=VERTEX_POINT('',#13369);
#5702=VERTEX_POINT('',#13372);
#5703=VERTEX_POINT('',#13374);
#5704=VERTEX_POINT('',#13377);
#5705=VERTEX_POINT('',#13379);
#5706=VERTEX_POINT('',#13382);
#5707=VERTEX_POINT('',#13384);
#5708=VERTEX_POINT('',#13387);
#5709=VERTEX_POINT('',#13389);
#5710=VERTEX_POINT('',#13395);
#5711=VERTEX_POINT('',#13397);
#5712=VERTEX_POINT('',#13402);
#5713=VERTEX_POINT('',#13404);
#5714=VERTEX_POINT('',#13410);
#5715=VERTEX_POINT('',#13411);
#5716=VERTEX_POINT('',#13413);
#5717=VERTEX_POINT('',#13415);
#5718=VERTEX_POINT('',#13417);
#5719=VERTEX_POINT('',#13419);
#5720=VERTEX_POINT('',#13421);
#5721=VERTEX_POINT('',#13423);
#5722=VERTEX_POINT('',#13425);
#5723=VERTEX_POINT('',#13427);
#5724=VERTEX_POINT('',#13429);
#5725=VERTEX_POINT('',#13431);
#5726=VERTEX_POINT('',#13433);
#5727=VERTEX_POINT('',#13436);
#5728=VERTEX_POINT('',#13438);
#5729=VERTEX_POINT('',#13440);
#5730=VERTEX_POINT('',#13442);
#5731=VERTEX_POINT('',#13445);
#5732=VERTEX_POINT('',#13446);
#5733=VERTEX_POINT('',#13448);
#5734=VERTEX_POINT('',#13450);
#5735=VERTEX_POINT('',#13452);
#5736=VERTEX_POINT('',#13454);
#5737=VERTEX_POINT('',#13456);
#5738=VERTEX_POINT('',#13458);
#5739=VERTEX_POINT('',#13460);
#5740=VERTEX_POINT('',#13464);
#5741=VERTEX_POINT('',#13466);
#5742=VERTEX_POINT('',#13468);
#5743=VERTEX_POINT('',#13470);
#5744=VERTEX_POINT('',#13472);
#5745=VERTEX_POINT('',#13474);
#5746=VERTEX_POINT('',#13475);
#5747=VERTEX_POINT('',#13477);
#5748=VERTEX_POINT('',#13479);
#5749=VERTEX_POINT('',#13481);
#5750=VERTEX_POINT('',#13483);
#5751=VERTEX_POINT('',#13485);
#5752=VERTEX_POINT('',#13487);
#5753=VERTEX_POINT('',#13491);
#5754=VERTEX_POINT('',#13496);
#5755=VERTEX_POINT('',#13499);
#5756=VERTEX_POINT('',#13501);
#5757=VERTEX_POINT('',#13514);
#5758=VERTEX_POINT('',#13515);
#5759=VERTEX_POINT('',#13517);
#5760=VERTEX_POINT('',#13519);
#5761=VERTEX_POINT('',#13522);
#5762=VERTEX_POINT('',#13524);
#5763=VERTEX_POINT('',#13526);
#5764=VERTEX_POINT('',#13528);
#5765=VERTEX_POINT('',#13530);
#5766=VERTEX_POINT('',#13532);
#5767=VERTEX_POINT('',#13534);
#5768=VERTEX_POINT('',#13536);
#5769=VERTEX_POINT('',#13538);
#5770=VERTEX_POINT('',#13547);
#5771=VERTEX_POINT('',#13549);
#5772=VERTEX_POINT('',#13551);
#5773=VERTEX_POINT('',#13557);
#5774=VERTEX_POINT('',#13559);
#5775=VERTEX_POINT('',#13561);
#5776=VERTEX_POINT('',#13580);
#5777=VERTEX_POINT('',#13581);
#5778=VERTEX_POINT('',#13586);
#5779=VERTEX_POINT('',#13588);
#5780=VERTEX_POINT('',#13590);
#5781=VERTEX_POINT('',#13592);
#5782=VERTEX_POINT('',#13594);
#5783=VERTEX_POINT('',#13602);
#5784=VERTEX_POINT('',#13611);
#5785=VERTEX_POINT('',#13624);
#5786=VERTEX_POINT('',#13648);
#5787=VERTEX_POINT('',#13649);
#5788=VERTEX_POINT('',#13651);
#5789=VERTEX_POINT('',#13653);
#5790=VERTEX_POINT('',#13655);
#5791=VERTEX_POINT('',#13657);
#5792=VERTEX_POINT('',#13659);
#5793=VERTEX_POINT('',#13661);
#5794=VERTEX_POINT('',#13663);
#5795=VERTEX_POINT('',#13665);
#5796=VERTEX_POINT('',#13668);
#5797=VERTEX_POINT('',#13669);
#5798=VERTEX_POINT('',#13671);
#5799=VERTEX_POINT('',#13673);
#5800=VERTEX_POINT('',#13677);
#5801=VERTEX_POINT('',#13678);
#5802=VERTEX_POINT('',#13680);
#5803=VERTEX_POINT('',#13682);
#5804=VERTEX_POINT('',#13684);
#5805=VERTEX_POINT('',#13686);
#5806=VERTEX_POINT('',#13688);
#5807=VERTEX_POINT('',#13690);
#5808=VERTEX_POINT('',#13692);
#5809=VERTEX_POINT('',#13694);
#5810=VERTEX_POINT('',#13698);
#5811=VERTEX_POINT('',#13700);
#5812=VERTEX_POINT('',#13706);
#5813=VERTEX_POINT('',#13708);
#5814=VERTEX_POINT('',#13710);
#5815=VERTEX_POINT('',#13712);
#5816=VERTEX_POINT('',#13714);
#5817=VERTEX_POINT('',#13718);
#5818=VERTEX_POINT('',#13719);
#5819=VERTEX_POINT('',#13721);
#5820=VERTEX_POINT('',#13723);
#5821=VERTEX_POINT('',#13727);
#5822=VERTEX_POINT('',#13737);
#5823=VERTEX_POINT('',#13738);
#5824=VERTEX_POINT('',#13740);
#5825=VERTEX_POINT('',#13743);
#5826=VERTEX_POINT('',#13747);
#5827=VERTEX_POINT('',#13749);
#5828=VERTEX_POINT('',#13751);
#5829=VERTEX_POINT('',#13756);
#5830=VERTEX_POINT('',#13758);
#5831=VERTEX_POINT('',#13764);
#5832=VERTEX_POINT('',#13766);
#5833=VERTEX_POINT('',#13770);
#5834=VERTEX_POINT('',#13772);
#5835=VERTEX_POINT('',#13776);
#5836=VERTEX_POINT('',#13777);
#5837=VERTEX_POINT('',#13779);
#5838=VERTEX_POINT('',#13782);
#5839=VERTEX_POINT('',#13786);
#5840=VERTEX_POINT('',#13797);
#5841=VERTEX_POINT('',#13808);
#5842=VERTEX_POINT('',#13810);
#5843=VERTEX_POINT('',#13812);
#5844=VERTEX_POINT('',#13820);
#5845=VERTEX_POINT('',#13822);
#5846=VERTEX_POINT('',#13824);
#5847=VERTEX_POINT('',#13829);
#5848=VERTEX_POINT('',#13834);
#5849=VERTEX_POINT('',#13848);
#5850=VERTEX_POINT('',#13849);
#5851=VERTEX_POINT('',#13853);
#5852=VERTEX_POINT('',#13857);
#5853=VERTEX_POINT('',#13945);
#5854=VERTEX_POINT('',#13946);
#5855=VERTEX_POINT('',#13948);
#5856=VERTEX_POINT('',#13956);
#5857=VERTEX_POINT('',#13960);
#5858=VERTEX_POINT('',#13962);
#5859=VERTEX_POINT('',#13964);
#5860=VERTEX_POINT('',#13968);
#5861=VERTEX_POINT('',#13972);
#5862=VERTEX_POINT('',#13981);
#5863=VERTEX_POINT('',#13983);
#5864=VERTEX_POINT('',#13987);
#5865=VERTEX_POINT('',#13991);
#5866=VERTEX_POINT('',#13999);
#5867=VERTEX_POINT('',#14000);
#5868=VERTEX_POINT('',#14002);
#5869=VERTEX_POINT('',#14004);
#5870=VERTEX_POINT('',#14006);
#5871=VERTEX_POINT('',#14008);
#5872=VERTEX_POINT('',#14010);
#5873=VERTEX_POINT('',#14012);
#5874=VERTEX_POINT('',#14014);
#5875=VERTEX_POINT('',#14016);
#5876=VERTEX_POINT('',#14018);
#5877=VERTEX_POINT('',#14020);
#5878=VERTEX_POINT('',#14022);
#5879=VERTEX_POINT('',#14025);
#5880=VERTEX_POINT('',#14027);
#5881=VERTEX_POINT('',#14029);
#5882=VERTEX_POINT('',#14031);
#5883=VERTEX_POINT('',#14034);
#5884=VERTEX_POINT('',#14035);
#5885=VERTEX_POINT('',#14037);
#5886=VERTEX_POINT('',#14039);
#5887=VERTEX_POINT('',#14041);
#5888=VERTEX_POINT('',#14043);
#5889=VERTEX_POINT('',#14045);
#5890=VERTEX_POINT('',#14047);
#5891=VERTEX_POINT('',#14049);
#5892=VERTEX_POINT('',#14053);
#5893=VERTEX_POINT('',#14055);
#5894=VERTEX_POINT('',#14057);
#5895=VERTEX_POINT('',#14059);
#5896=VERTEX_POINT('',#14061);
#5897=VERTEX_POINT('',#14063);
#5898=VERTEX_POINT('',#14064);
#5899=VERTEX_POINT('',#14066);
#5900=VERTEX_POINT('',#14068);
#5901=VERTEX_POINT('',#14070);
#5902=VERTEX_POINT('',#14072);
#5903=VERTEX_POINT('',#14074);
#5904=VERTEX_POINT('',#14076);
#5905=VERTEX_POINT('',#14081);
#5906=VERTEX_POINT('',#14085);
#5907=VERTEX_POINT('',#14087);
#5908=VERTEX_POINT('',#14090);
#5909=VERTEX_POINT('',#14103);
#5910=VERTEX_POINT('',#14104);
#5911=VERTEX_POINT('',#14106);
#5912=VERTEX_POINT('',#14108);
#5913=VERTEX_POINT('',#14111);
#5914=VERTEX_POINT('',#14113);
#5915=VERTEX_POINT('',#14115);
#5916=VERTEX_POINT('',#14117);
#5917=VERTEX_POINT('',#14119);
#5918=VERTEX_POINT('',#14121);
#5919=VERTEX_POINT('',#14123);
#5920=VERTEX_POINT('',#14125);
#5921=VERTEX_POINT('',#14127);
#5922=VERTEX_POINT('',#14136);
#5923=VERTEX_POINT('',#14138);
#5924=VERTEX_POINT('',#14140);
#5925=VERTEX_POINT('',#14146);
#5926=VERTEX_POINT('',#14148);
#5927=VERTEX_POINT('',#14150);
#5928=VERTEX_POINT('',#14169);
#5929=VERTEX_POINT('',#14170);
#5930=VERTEX_POINT('',#14175);
#5931=VERTEX_POINT('',#14177);
#5932=VERTEX_POINT('',#14179);
#5933=VERTEX_POINT('',#14181);
#5934=VERTEX_POINT('',#14184);
#5935=VERTEX_POINT('',#14191);
#5936=VERTEX_POINT('',#14200);
#5937=VERTEX_POINT('',#14213);
#5938=VERTEX_POINT('',#14226);
#5939=VERTEX_POINT('',#14227);
#5940=VERTEX_POINT('',#14229);
#5941=VERTEX_POINT('',#14231);
#5942=VERTEX_POINT('',#14233);
#5943=VERTEX_POINT('',#14235);
#5944=VERTEX_POINT('',#14237);
#5945=VERTEX_POINT('',#14241);
#5946=VERTEX_POINT('',#14242);
#5947=VERTEX_POINT('',#14244);
#5948=VERTEX_POINT('',#14246);
#5949=VERTEX_POINT('',#14248);
#5950=VERTEX_POINT('',#14250);
#5951=VERTEX_POINT('',#14252);
#5952=VERTEX_POINT('',#14254);
#5953=VERTEX_POINT('',#14256);
#5954=VERTEX_POINT('',#14260);
#5955=VERTEX_POINT('',#14264);
#5956=VERTEX_POINT('',#14265);
#5957=VERTEX_POINT('',#14268);
#5958=VERTEX_POINT('',#14270);
#5959=VERTEX_POINT('',#14272);
#5960=VERTEX_POINT('',#14276);
#5961=VERTEX_POINT('',#14278);
#5962=VERTEX_POINT('',#14281);
#5963=VERTEX_POINT('',#14283);
#5964=VERTEX_POINT('',#14286);
#5965=VERTEX_POINT('',#14288);
#5966=VERTEX_POINT('',#14291);
#5967=VERTEX_POINT('',#14292);
#5968=VERTEX_POINT('',#14294);
#5969=VERTEX_POINT('',#14296);
#5970=VERTEX_POINT('',#14300);
#5971=VERTEX_POINT('',#14304);
#5972=VERTEX_POINT('',#14305);
#5973=VERTEX_POINT('',#14307);
#5974=VERTEX_POINT('',#14309);
#5975=VERTEX_POINT('',#14311);
#5976=VERTEX_POINT('',#14313);
#5977=VERTEX_POINT('',#14315);
#5978=VERTEX_POINT('',#14319);
#5979=VERTEX_POINT('',#14321);
#5980=VERTEX_POINT('',#14323);
#5981=VERTEX_POINT('',#14325);
#5982=VERTEX_POINT('',#14329);
#5983=VERTEX_POINT('',#14330);
#5984=VERTEX_POINT('',#14332);
#5985=VERTEX_POINT('',#14334);
#5986=VERTEX_POINT('',#14336);
#5987=VERTEX_POINT('',#14338);
#5988=VERTEX_POINT('',#14340);
#5989=VERTEX_POINT('',#14344);
#5990=VERTEX_POINT('',#14346);
#5991=VERTEX_POINT('',#14349);
#5992=VERTEX_POINT('',#14351);
#5993=VERTEX_POINT('',#14353);
#5994=VERTEX_POINT('',#14357);
#5995=VERTEX_POINT('',#14359);
#5996=VERTEX_POINT('',#14362);
#5997=VERTEX_POINT('',#14364);
#5998=VERTEX_POINT('',#14366);
#5999=VERTEX_POINT('',#14370);
#6000=VERTEX_POINT('',#14372);
#6001=VERTEX_POINT('',#14374);
#6002=VERTEX_POINT('',#14376);
#6003=VERTEX_POINT('',#14378);
#6004=VERTEX_POINT('',#14380);
#6005=VERTEX_POINT('',#14382);
#6006=VERTEX_POINT('',#14384);
#6007=VERTEX_POINT('',#14388);
#6008=VERTEX_POINT('',#14389);
#6009=VERTEX_POINT('',#14391);
#6010=VERTEX_POINT('',#14393);
#6011=VERTEX_POINT('',#14395);
#6012=VERTEX_POINT('',#14399);
#6013=VERTEX_POINT('',#14402);
#6014=VERTEX_POINT('',#14406);
#6015=VERTEX_POINT('',#14410);
#6016=VERTEX_POINT('',#14413);
#6017=VERTEX_POINT('',#14415);
#6018=VERTEX_POINT('',#14417);
#6019=VERTEX_POINT('',#14421);
#6020=VERTEX_POINT('',#14423);
#6021=VERTEX_POINT('',#14427);
#6022=VERTEX_POINT('',#14431);
#6023=VERTEX_POINT('',#14435);
#6024=VERTEX_POINT('',#14439);
#6025=VERTEX_POINT('',#14443);
#6026=VERTEX_POINT('',#14450);
#6027=VERTEX_POINT('',#14452);
#6028=VERTEX_POINT('',#14454);
#6029=VERTEX_POINT('',#14456);
#6030=VERTEX_POINT('',#14471);
#6031=VERTEX_POINT('',#14477);
#6032=VERTEX_POINT('',#14479);
#6033=VERTEX_POINT('',#14481);
#6034=VERTEX_POINT('',#14483);
#6035=VERTEX_POINT('',#14487);
#6036=VERTEX_POINT('',#14492);
#6037=VERTEX_POINT('',#14500);
#6038=VERTEX_POINT('',#14502);
#6039=VERTEX_POINT('',#14504);
#6040=VERTEX_POINT('',#14506);
#6041=VERTEX_POINT('',#14519);
#6042=VERTEX_POINT('',#14520);
#6043=VERTEX_POINT('',#14522);
#6044=VERTEX_POINT('',#14524);
#6045=VERTEX_POINT('',#14528);
#6046=VERTEX_POINT('',#14530);
#6047=VERTEX_POINT('',#14601);
#6048=VERTEX_POINT('',#14603);
#6049=VERTEX_POINT('',#14605);
#6050=VERTEX_POINT('',#14607);
#6051=VERTEX_POINT('',#14608);
#6052=VERTEX_POINT('',#14610);
#6053=VERTEX_POINT('',#14612);
#6054=VERTEX_POINT('',#14614);
#6055=VERTEX_POINT('',#14616);
#6056=VERTEX_POINT('',#14618);
#6057=VERTEX_POINT('',#14620);
#6058=VERTEX_POINT('',#14622);
#6059=VERTEX_POINT('',#14624);
#6060=VERTEX_POINT('',#14627);
#6061=VERTEX_POINT('',#14629);
#6062=VERTEX_POINT('',#14631);
#6063=VERTEX_POINT('',#14634);
#6064=VERTEX_POINT('',#14636);
#6065=VERTEX_POINT('',#14638);
#6066=VERTEX_POINT('',#14640);
#6067=VERTEX_POINT('',#14641);
#6068=VERTEX_POINT('',#14643);
#6069=VERTEX_POINT('',#14645);
#6070=VERTEX_POINT('',#14647);
#6071=VERTEX_POINT('',#14649);
#6072=VERTEX_POINT('',#14651);
#6073=VERTEX_POINT('',#14653);
#6074=VERTEX_POINT('',#14655);
#6075=VERTEX_POINT('',#14657);
#6076=VERTEX_POINT('',#14660);
#6077=VERTEX_POINT('',#14662);
#6078=VERTEX_POINT('',#14664);
#6079=VERTEX_POINT('',#14670);
#6080=VERTEX_POINT('',#14681);
#6081=VERTEX_POINT('',#14700);
#6082=VERTEX_POINT('',#14702);
#6083=VERTEX_POINT('',#14703);
#6084=VERTEX_POINT('',#14705);
#6085=VERTEX_POINT('',#14707);
#6086=VERTEX_POINT('',#14709);
#6087=VERTEX_POINT('',#14713);
#6088=VERTEX_POINT('',#14714);
#6089=VERTEX_POINT('',#14716);
#6090=VERTEX_POINT('',#14718);
#6091=VERTEX_POINT('',#14723);
#6092=VERTEX_POINT('',#14725);
#6093=VERTEX_POINT('',#14729);
#6094=VERTEX_POINT('',#14730);
#6095=VERTEX_POINT('',#14732);
#6096=VERTEX_POINT('',#14734);
#6097=VERTEX_POINT('',#14738);
#6098=VERTEX_POINT('',#14739);
#6099=VERTEX_POINT('',#14742);
#6100=VERTEX_POINT('',#14744);
#6101=VERTEX_POINT('',#14751);
#6102=VERTEX_POINT('',#14753);
#6103=VERTEX_POINT('',#14755);
#6104=VERTEX_POINT('',#14757);
#6105=VERTEX_POINT('',#14762);
#6106=VERTEX_POINT('',#14778);
#6107=VERTEX_POINT('',#14785);
#6108=VERTEX_POINT('',#14786);
#6109=VERTEX_POINT('',#14788);
#6110=VERTEX_POINT('',#14790);
#6111=VERTEX_POINT('',#14792);
#6112=VERTEX_POINT('',#14794);
#6113=VERTEX_POINT('',#14798);
#6114=VERTEX_POINT('',#14800);
#6115=VERTEX_POINT('',#14803);
#6116=VERTEX_POINT('',#14804);
#6117=VERTEX_POINT('',#14806);
#6118=VERTEX_POINT('',#14808);
#6119=VERTEX_POINT('',#14812);
#6120=VERTEX_POINT('',#14813);
#6121=VERTEX_POINT('',#14818);
#6122=VERTEX_POINT('',#14820);
#6123=VERTEX_POINT('',#14821);
#6124=VERTEX_POINT('',#14826);
#6125=VERTEX_POINT('',#14827);
#6126=VERTEX_POINT('',#14830);
#6127=VERTEX_POINT('',#14832);
#6128=VERTEX_POINT('',#14834);
#6129=VERTEX_POINT('',#14841);
#6130=VERTEX_POINT('',#14842);
#6131=VERTEX_POINT('',#14845);
#6132=VERTEX_POINT('',#14847);
#6133=VERTEX_POINT('',#14861);
#6134=VERTEX_POINT('',#14862);
#6135=VERTEX_POINT('',#14867);
#6136=VERTEX_POINT('',#14872);
#6137=VERTEX_POINT('',#14874);
#6138=VERTEX_POINT('',#14879);
#6139=VERTEX_POINT('',#14883);
#6140=VERTEX_POINT('',#14884);
#6141=VERTEX_POINT('',#14886);
#6142=VERTEX_POINT('',#14888);
#6143=VERTEX_POINT('',#14890);
#6144=VERTEX_POINT('',#14892);
#6145=VERTEX_POINT('',#14896);
#6146=VERTEX_POINT('',#14899);
#6147=VERTEX_POINT('',#14901);
#6148=VERTEX_POINT('',#14903);
#6149=VERTEX_POINT('',#14905);
#6150=VERTEX_POINT('',#14916);
#6151=VERTEX_POINT('',#14917);
#6152=VERTEX_POINT('',#14922);
#6153=VERTEX_POINT('',#14933);
#6154=VERTEX_POINT('',#14935);
#6155=VERTEX_POINT('',#14937);
#6156=VERTEX_POINT('',#14939);
#6157=VERTEX_POINT('',#14941);
#6158=VERTEX_POINT('',#14946);
#6159=VERTEX_POINT('',#14948);
#6160=VERTEX_POINT('',#14950);
#6161=VERTEX_POINT('',#14953);
#6162=VERTEX_POINT('',#14955);
#6163=VERTEX_POINT('',#14965);
#6164=VERTEX_POINT('',#14970);
#6165=VERTEX_POINT('',#14975);
#6166=VERTEX_POINT('',#14979);
#6167=VERTEX_POINT('',#14997);
#6168=VERTEX_POINT('',#15001);
#6169=VERTEX_POINT('',#15005);
#6170=VERTEX_POINT('',#15009);
#6171=VERTEX_POINT('',#15013);
#6172=VERTEX_POINT('',#15021);
#6173=VERTEX_POINT('',#15023);
#6174=VERTEX_POINT('',#15025);
#6175=VERTEX_POINT('',#15036);
#6176=VERTEX_POINT('',#15055);
#6177=VERTEX_POINT('',#15057);
#6178=VERTEX_POINT('',#15074);
#6179=VERTEX_POINT('',#15077);
#6180=VERTEX_POINT('',#15081);
#6181=VERTEX_POINT('',#15085);
#6182=VERTEX_POINT('',#15087);
#6183=VERTEX_POINT('',#15089);
#6184=VERTEX_POINT('',#15096);
#6185=VERTEX_POINT('',#15102);
#6186=VERTEX_POINT('',#15174);
#6187=VERTEX_POINT('',#15175);
#6188=VERTEX_POINT('',#15180);
#6189=VERTEX_POINT('',#15185);
#6190=VERTEX_POINT('',#15224);
#6191=VERTEX_POINT('',#15245);
#6192=VERTEX_POINT('',#15247);
#6193=CIRCLE('',#8984,0.003);
#6194=CIRCLE('',#8985,0.0015);
#6195=CIRCLE('',#8986,0.0015);
#6196=CIRCLE('',#8987,0.0015);
#6197=CIRCLE('',#8988,0.0015);
#6198=CIRCLE('',#8989,0.0015);
#6199=CIRCLE('',#8990,0.0015);
#6200=CIRCLE('',#8991,0.0015);
#6201=CIRCLE('',#8992,0.0015);
#6202=CIRCLE('',#8994,0.003);
#6203=CIRCLE('',#8995,0.0015);
#6204=CIRCLE('',#8996,0.0015);
#6205=CIRCLE('',#8997,0.0015);
#6206=CIRCLE('',#8998,0.0015);
#6207=CIRCLE('',#8999,0.0015);
#6208=CIRCLE('',#9000,0.0015);
#6209=CIRCLE('',#9001,0.0015);
#6210=CIRCLE('',#9002,0.0015);
#6211=CIRCLE('',#9004,0.0015);
#6212=CIRCLE('',#9005,0.0015);
#6213=CIRCLE('',#9006,0.0015);
#6214=CIRCLE('',#9007,0.0015);
#6215=CIRCLE('',#9008,0.0015);
#6216=CIRCLE('',#9009,0.0015);
#6217=CIRCLE('',#9010,0.004);
#6218=CIRCLE('',#9011,0.0101975939516679);
#6219=CIRCLE('',#9013,0.0015);
#6220=CIRCLE('',#9014,0.0015);
#6221=CIRCLE('',#9015,0.0015);
#6222=CIRCLE('',#9016,0.0015);
#6223=CIRCLE('',#9017,0.0015);
#6224=CIRCLE('',#9018,0.0015);
#6225=CIRCLE('',#9019,0.0101975939516679);
#6226=CIRCLE('',#9020,0.004);
#6227=CIRCLE('',#9022,0.0015);
#6228=CIRCLE('',#9023,0.0015);
#6229=CIRCLE('',#9025,0.0015);
#6230=CIRCLE('',#9026,0.0015);
#6231=CIRCLE('',#9042,0.0015);
#6232=CIRCLE('',#9043,0.0015);
#6233=CIRCLE('',#9044,0.0015);
#6234=CIRCLE('',#9045,0.0015);
#6235=CIRCLE('',#9046,0.0015);
#6236=CIRCLE('',#9047,0.0015);
#6237=CIRCLE('',#9048,0.004);
#6238=CIRCLE('',#9049,0.0101975939516679);
#6239=CIRCLE('',#9051,0.0015);
#6240=CIRCLE('',#9052,0.0015);
#6241=CIRCLE('',#9053,0.0015);
#6242=CIRCLE('',#9054,0.0015);
#6243=CIRCLE('',#9055,0.0015);
#6244=CIRCLE('',#9056,0.0015);
#6245=CIRCLE('',#9057,0.0101975939516679);
#6246=CIRCLE('',#9058,0.004);
#6247=CIRCLE('',#9077,0.0005);
#6248=CIRCLE('',#9078,0.0005);
#6249=CIRCLE('',#9079,0.0005);
#6250=CIRCLE('',#9082,0.0025);
#6251=CIRCLE('',#9083,0.015);
#6252=CIRCLE('',#9085,0.0025);
#6253=CIRCLE('',#9086,0.015);
#6254=CIRCLE('',#9088,0.011);
#6255=CIRCLE('',#9091,0.0005);
#6256=CIRCLE('',#9092,0.0005);
#6257=CIRCLE('',#9093,0.0005);
#6258=CIRCLE('',#9095,0.011);
#6259=CIRCLE('',#9100,0.015);
#6260=CIRCLE('',#9104,0.015);
#6261=CIRCLE('',#9108,0.004);
#6262=CIRCLE('',#9110,0.004);
#6263=CIRCLE('',#9114,0.004);
#6264=CIRCLE('',#9115,0.004);
#6265=CIRCLE('',#9116,0.004);
#6266=CIRCLE('',#9117,0.004);
#6267=CIRCLE('',#9153,0.00075);
#6268=CIRCLE('',#9156,0.00075);
#6269=CIRCLE('',#9159,0.00075);
#6270=CIRCLE('',#9161,0.004);
#6271=CIRCLE('',#9163,0.001);
#6272=CIRCLE('',#9168,0.004);
#6273=CIRCLE('',#9169,0.004);
#6274=CIRCLE('',#9171,0.003);
#6275=CIRCLE('',#9172,0.003);
#6276=CIRCLE('',#9174,0.004);
#6277=CIRCLE('',#9176,0.0005);
#6278=CIRCLE('',#9177,0.0005);
#6279=CIRCLE('',#9180,0.0005);
#6280=CIRCLE('',#9181,0.0005);
#6281=CIRCLE('',#9182,0.0005);
#6282=CIRCLE('',#9183,0.0005);
#6283=CIRCLE('',#9184,0.0035);
#6284=CIRCLE('',#9186,0.0035);
#6285=CIRCLE('',#9195,0.0035);
#6286=CIRCLE('',#9197,0.0035);
#6287=CIRCLE('',#9199,0.0035);
#6288=CIRCLE('',#9202,0.0025);
#6289=CIRCLE('',#9205,0.0035);
#6290=CIRCLE('',#9206,0.0005);
#6291=CIRCLE('',#9207,0.0005);
#6292=CIRCLE('',#9208,0.0005);
#6293=CIRCLE('',#9209,0.0005);
#6294=CIRCLE('',#9221,0.001);
#6295=CIRCLE('',#9222,0.001);
#6296=CIRCLE('',#9225,0.001);
#6297=CIRCLE('',#9226,0.001);
#6298=CIRCLE('',#9236,0.004);
#6299=CIRCLE('',#9240,0.001);
#6300=CIRCLE('',#9241,0.001);
#6301=CIRCLE('',#9243,0.001);
#6302=CIRCLE('',#9248,0.001);
#6303=CIRCLE('',#9250,0.001);
#6304=CIRCLE('',#9251,0.001);
#6305=CIRCLE('',#9253,0.001);
#6306=CIRCLE('',#9255,0.001);
#6307=CIRCLE('',#9257,0.001);
#6308=CIRCLE('',#9262,0.0015);
#6309=CIRCLE('',#9273,0.0015);
#6310=CIRCLE('',#9281,0.0045);
#6311=CIRCLE('',#9283,0.0045);
#6312=CIRCLE('',#9285,0.0045);
#6313=CIRCLE('',#9286,0.0045);
#6314=CIRCLE('',#9287,0.0045);
#6315=CIRCLE('',#9288,0.0045);
#6316=CIRCLE('',#9289,0.0045);
#6317=CIRCLE('',#9306,0.003);
#6318=CIRCLE('',#9307,0.003);
#6319=CIRCLE('',#9308,0.003);
#6320=CIRCLE('',#9311,0.002);
#6321=CIRCLE('',#9312,0.002);
#6322=CIRCLE('',#9314,0.0005);
#6323=CIRCLE('',#9315,0.0005);
#6324=CIRCLE('',#9317,0.0005);
#6325=CIRCLE('',#9318,0.0005);
#6326=CIRCLE('',#9320,0.0005);
#6327=CIRCLE('',#9321,0.0005);
#6328=CIRCLE('',#9323,0.0005);
#6329=CIRCLE('',#9324,0.0005);
#6330=CIRCLE('',#9326,0.0025);
#6331=CIRCLE('',#9327,0.0025);
#6332=CIRCLE('',#9330,0.0005);
#6333=CIRCLE('',#9331,0.0005);
#6334=CIRCLE('',#9335,0.001);
#6335=CIRCLE('',#9336,0.001);
#6336=CIRCLE('',#9341,0.00804166666666667);
#6337=CIRCLE('',#9342,0.00075);
#6338=CIRCLE('',#9343,0.00075);
#6339=CIRCLE('',#9344,0.00075);
#6340=CIRCLE('',#9345,0.00075);
#6341=CIRCLE('',#9346,0.00075);
#6342=CIRCLE('',#9347,0.00075);
#6343=CIRCLE('',#9349,0.00804166666666667);
#6344=CIRCLE('',#9351,0.00075);
#6345=CIRCLE('',#9352,0.00075);
#6346=CIRCLE('',#9353,0.00075);
#6347=CIRCLE('',#9354,0.00075);
#6348=CIRCLE('',#9355,0.00075);
#6349=CIRCLE('',#9357,0.005);
#6350=CIRCLE('',#9364,0.00075);
#6351=CIRCLE('',#9365,0.00075);
#6352=CIRCLE('',#9366,0.00075);
#6353=CIRCLE('',#9367,0.00075);
#6354=CIRCLE('',#9368,0.00075);
#6355=CIRCLE('',#9369,0.00075);
#6356=CIRCLE('',#9370,0.00075);
#6357=CIRCLE('',#9371,0.00075);
#6358=CIRCLE('',#9372,0.00075);
#6359=CIRCLE('',#9374,0.005);
#6360=CIRCLE('',#9376,0.005);
#6361=CIRCLE('',#9378,0.00075);
#6362=CIRCLE('',#9379,0.00075);
#6363=CIRCLE('',#9380,0.00075);
#6364=CIRCLE('',#9382,0.005);
#6365=CIRCLE('',#9384,0.00075);
#6366=CIRCLE('',#9385,0.00075);
#6367=CIRCLE('',#9386,0.00075);
#6368=CIRCLE('',#9395,0.00075);
#6369=CIRCLE('',#9396,0.00075);
#6370=CIRCLE('',#9397,0.00075);
#6371=CIRCLE('',#9398,0.005);
#6372=CIRCLE('',#9399,0.005);
#6373=CIRCLE('',#9404,0.00075);
#6374=CIRCLE('',#9412,0.00075);
#6375=CIRCLE('',#9445,0.0005);
#6376=CIRCLE('',#9446,0.0005);
#6377=CIRCLE('',#9447,0.0025);
#6378=CIRCLE('',#9448,0.01);
#6379=CIRCLE('',#9450,0.003);
#6380=CIRCLE('',#9451,0.01);
#6381=CIRCLE('',#9454,0.003);
#6382=CIRCLE('',#9459,0.002);
#6383=CIRCLE('',#9460,0.002);
#6384=CIRCLE('',#9461,0.002);
#6385=CIRCLE('',#9463,0.0005);
#6386=CIRCLE('',#9464,0.0005);
#6387=CIRCLE('',#9465,0.0025);
#6388=CIRCLE('',#9472,0.00075);
#6389=CIRCLE('',#9473,0.00075);
#6390=CIRCLE('',#9474,0.00075);
#6391=CIRCLE('',#9477,0.00075);
#6392=CIRCLE('',#9481,0.00075);
#6393=CIRCLE('',#9490,0.0045);
#6394=CIRCLE('',#9492,0.0045);
#6395=CIRCLE('',#9494,0.0045);
#6396=CIRCLE('',#9495,0.0045);
#6397=CIRCLE('',#9496,0.0045);
#6398=CIRCLE('',#9497,0.0045);
#6399=CIRCLE('',#9498,0.0045);
#6400=CIRCLE('',#9515,0.00075);
#6401=CIRCLE('',#9516,0.00075);
#6402=CIRCLE('',#9517,0.00804166666666667);
#6403=CIRCLE('',#9518,0.00075);
#6404=CIRCLE('',#9519,0.00075);
#6405=CIRCLE('',#9520,0.00075);
#6406=CIRCLE('',#9521,0.00075);
#6407=CIRCLE('',#9523,0.00804166666666667);
#6408=CIRCLE('',#9525,0.00075);
#6409=CIRCLE('',#9526,0.00075);
#6410=CIRCLE('',#9527,0.00075);
#6411=CIRCLE('',#9528,0.00075);
#6412=CIRCLE('',#9529,0.00075);
#6413=CIRCLE('',#9531,0.005);
#6414=CIRCLE('',#9538,0.00075);
#6415=CIRCLE('',#9539,0.00075);
#6416=CIRCLE('',#9540,0.00075);
#6417=CIRCLE('',#9541,0.00075);
#6418=CIRCLE('',#9542,0.00075);
#6419=CIRCLE('',#9543,0.00075);
#6420=CIRCLE('',#9544,0.00075);
#6421=CIRCLE('',#9545,0.00075);
#6422=CIRCLE('',#9546,0.00075);
#6423=CIRCLE('',#9548,0.005);
#6424=CIRCLE('',#9550,0.005);
#6425=CIRCLE('',#9552,0.00075);
#6426=CIRCLE('',#9553,0.00075);
#6427=CIRCLE('',#9554,0.00075);
#6428=CIRCLE('',#9556,0.005);
#6429=CIRCLE('',#9558,0.00075);
#6430=CIRCLE('',#9559,0.00075);
#6431=CIRCLE('',#9560,0.00075);
#6432=CIRCLE('',#9569,0.00075);
#6433=CIRCLE('',#9570,0.00075);
#6434=CIRCLE('',#9571,0.00075);
#6435=CIRCLE('',#9572,0.005);
#6436=CIRCLE('',#9573,0.005);
#6437=CIRCLE('',#9578,0.00075);
#6438=CIRCLE('',#9586,0.00075);
#6439=CIRCLE('',#9611,0.00075);
#6440=CIRCLE('',#9614,0.00075);
#6441=CIRCLE('',#9617,0.00075);
#6442=CIRCLE('',#9619,0.004);
#6443=CIRCLE('',#9621,0.001);
#6444=CIRCLE('',#9626,0.004);
#6445=CIRCLE('',#9627,0.004);
#6446=CIRCLE('',#9629,0.003);
#6447=CIRCLE('',#9630,0.003);
#6448=CIRCLE('',#9632,0.004);
#6449=CIRCLE('',#9634,0.0005);
#6450=CIRCLE('',#9635,0.0005);
#6451=CIRCLE('',#9638,0.0005);
#6452=CIRCLE('',#9639,0.0005);
#6453=CIRCLE('',#9640,0.0005);
#6454=CIRCLE('',#9641,0.0005);
#6455=CIRCLE('',#9642,0.0035);
#6456=CIRCLE('',#9645,0.0035);
#6457=CIRCLE('',#9653,0.0035);
#6458=CIRCLE('',#9655,0.0035);
#6459=CIRCLE('',#9657,0.0035);
#6460=CIRCLE('',#9660,0.0025);
#6461=CIRCLE('',#9663,0.0035);
#6462=CIRCLE('',#9664,0.0005);
#6463=CIRCLE('',#9665,0.0005);
#6464=CIRCLE('',#9666,0.0005);
#6465=CIRCLE('',#9667,0.0005);
#6466=CIRCLE('',#9679,0.001);
#6467=CIRCLE('',#9680,0.001);
#6468=CIRCLE('',#9683,0.001);
#6469=CIRCLE('',#9684,0.001);
#6470=CIRCLE('',#9694,0.004);
#6471=CIRCLE('',#9698,0.001);
#6472=CIRCLE('',#9699,0.001);
#6473=CIRCLE('',#9701,0.001);
#6474=CIRCLE('',#9706,0.001);
#6475=CIRCLE('',#9708,0.001);
#6476=CIRCLE('',#9709,0.001);
#6477=CIRCLE('',#9711,0.001);
#6478=CIRCLE('',#9713,0.001);
#6479=CIRCLE('',#9715,0.001);
#6480=CIRCLE('',#9722,0.00075);
#6481=CIRCLE('',#9723,0.00075);
#6482=CIRCLE('',#9724,0.00075);
#6483=CIRCLE('',#9725,0.002);
#6484=CIRCLE('',#9726,0.002);
#6485=CIRCLE('',#9727,0.00075);
#6486=CIRCLE('',#9728,0.00075);
#6487=CIRCLE('',#9729,0.00075);
#6488=CIRCLE('',#9731,0.00075);
#6489=CIRCLE('',#9732,0.00075);
#6490=CIRCLE('',#9733,0.00075);
#6491=CIRCLE('',#9734,0.002);
#6492=CIRCLE('',#9735,0.002);
#6493=CIRCLE('',#9736,0.00075);
#6494=CIRCLE('',#9737,0.00075);
#6495=CIRCLE('',#9738,0.00075);
#6496=CIRCLE('',#9741,0.001);
#6497=CIRCLE('',#9746,0.001);
#6498=CIRCLE('',#9766,0.00075);
#6499=CIRCLE('',#9767,0.00075);
#6500=CIRCLE('',#9771,0.00075);
#6501=CIRCLE('',#9772,0.00075);
#6502=CIRCLE('',#9776,0.001);
#6503=CIRCLE('',#9778,0.005);
#6504=CIRCLE('',#9784,0.001);
#6505=CIRCLE('',#9785,0.001);
#6506=CIRCLE('',#9786,0.005);
#6507=CIRCLE('',#9787,0.005);
#6508=CIRCLE('',#9788,0.005);
#6509=CIRCLE('',#9789,0.001);
#6510=CIRCLE('',#9790,0.001);
#6511=CIRCLE('',#9794,0.001);
#6512=CIRCLE('',#9797,0.001);
#6513=CIRCLE('',#9800,0.001);
#6514=CIRCLE('',#9808,0.00075);
#6515=CIRCLE('',#9810,0.005);
#6516=CIRCLE('',#9813,0.00075);
#6517=CIRCLE('',#9816,0.00075);
#6518=CIRCLE('',#9820,0.005);
#6519=EDGE_LOOP('',(#1940));
#6520=EDGE_LOOP('',(#1941));
#6521=EDGE_LOOP('',(#1942));
#6522=EDGE_LOOP('',(#1943,#1944,#1945,#1946));
#6523=EDGE_LOOP('',(#1947));
#6524=EDGE_LOOP('',(#1948));
#6525=EDGE_LOOP('',(#1949));
#6526=EDGE_LOOP('',(#1950));
#6527=EDGE_LOOP('',(#1951));
#6528=EDGE_LOOP('',(#1952));
#6529=EDGE_LOOP('',(#1953));
#6530=EDGE_LOOP('',(#1954));
#6531=EDGE_LOOP('',(#1955));
#6532=EDGE_LOOP('',(#1956));
#6533=EDGE_LOOP('',(#1957));
#6534=EDGE_LOOP('',(#1958,#1959,#1960,#1961));
#6535=EDGE_LOOP('',(#1962));
#6536=EDGE_LOOP('',(#1963));
#6537=EDGE_LOOP('',(#1964));
#6538=EDGE_LOOP('',(#1965));
#6539=EDGE_LOOP('',(#1966));
#6540=EDGE_LOOP('',(#1967));
#6541=EDGE_LOOP('',(#1968));
#6542=EDGE_LOOP('',(#1969));
#6543=EDGE_LOOP('',(#1970));
#6544=EDGE_LOOP('',(#1971));
#6545=EDGE_LOOP('',(#1972));
#6546=EDGE_LOOP('',(#1973,#1974,#1975,#1976));
#6547=EDGE_LOOP('',(#1977));
#6548=EDGE_LOOP('',(#1978));
#6549=EDGE_LOOP('',(#1979));
#6550=EDGE_LOOP('',(#1980));
#6551=EDGE_LOOP('',(#1981));
#6552=EDGE_LOOP('',(#1982));
#6553=EDGE_LOOP('',(#1983,#1984,#1985,#1986));
#6554=EDGE_LOOP('',(#1987));
#6555=EDGE_LOOP('',(#1988,#1989,#1990,#1991,#1992,#1993,#1994,#1995,#1996,
#1997));
#6556=EDGE_LOOP('',(#1998,#1999,#2000,#2001,#2002,#2003,#2004,#2005,#2006,
#2007));
#6557=EDGE_LOOP('',(#2008,#2009,#2010,#2011));
#6558=EDGE_LOOP('',(#2012));
#6559=EDGE_LOOP('',(#2013));
#6560=EDGE_LOOP('',(#2014,#2015,#2016,#2017));
#6561=EDGE_LOOP('',(#2018));
#6562=EDGE_LOOP('',(#2019));
#6563=EDGE_LOOP('',(#2020));
#6564=EDGE_LOOP('',(#2021));
#6565=EDGE_LOOP('',(#2022));
#6566=EDGE_LOOP('',(#2023));
#6567=EDGE_LOOP('',(#2024));
#6568=EDGE_LOOP('',(#2025));
#6569=EDGE_LOOP('',(#2026));
#6570=EDGE_LOOP('',(#2027));
#6571=EDGE_LOOP('',(#2028));
#6572=EDGE_LOOP('',(#2029));
#6573=EDGE_LOOP('',(#2030));
#6574=EDGE_LOOP('',(#2031));
#6575=EDGE_LOOP('',(#2032));
#6576=EDGE_LOOP('',(#2033));
#6577=EDGE_LOOP('',(#2034));
#6578=EDGE_LOOP('',(#2035));
#6579=EDGE_LOOP('',(#2036));
#6580=EDGE_LOOP('',(#2037));
#6581=EDGE_LOOP('',(#2038));
#6582=EDGE_LOOP('',(#2039));
#6583=EDGE_LOOP('',(#2040));
#6584=EDGE_LOOP('',(#2041));
#6585=EDGE_LOOP('',(#2042));
#6586=EDGE_LOOP('',(#2043));
#6587=EDGE_LOOP('',(#2044));
#6588=EDGE_LOOP('',(#2045));
#6589=EDGE_LOOP('',(#2046));
#6590=EDGE_LOOP('',(#2047,#2048,#2049,#2050));
#6591=EDGE_LOOP('',(#2051));
#6592=EDGE_LOOP('',(#2052));
#6593=EDGE_LOOP('',(#2053));
#6594=EDGE_LOOP('',(#2054));
#6595=EDGE_LOOP('',(#2055));
#6596=EDGE_LOOP('',(#2056));
#6597=EDGE_LOOP('',(#2057,#2058,#2059,#2060));
#6598=EDGE_LOOP('',(#2061));
#6599=EDGE_LOOP('',(#2062,#2063,#2064,#2065));
#6600=EDGE_LOOP('',(#2066));
#6601=EDGE_LOOP('',(#2067));
#6602=EDGE_LOOP('',(#2068,#2069,#2070,#2071));
#6603=EDGE_LOOP('',(#2072));
#6604=EDGE_LOOP('',(#2073));
#6605=EDGE_LOOP('',(#2074));
#6606=EDGE_LOOP('',(#2075));
#6607=EDGE_LOOP('',(#2076));
#6608=EDGE_LOOP('',(#2077));
#6609=EDGE_LOOP('',(#2078));
#6610=EDGE_LOOP('',(#2079));
#6611=EDGE_LOOP('',(#2080));
#6612=EDGE_LOOP('',(#2081));
#6613=EDGE_LOOP('',(#2082));
#6614=EDGE_LOOP('',(#2083));
#6615=EDGE_LOOP('',(#2084));
#6616=EDGE_LOOP('',(#2085));
#6617=EDGE_LOOP('',(#2086));
#6618=EDGE_LOOP('',(#2087));
#6619=EDGE_LOOP('',(#2088));
#6620=EDGE_LOOP('',(#2089));
#6621=EDGE_LOOP('',(#2090));
#6622=EDGE_LOOP('',(#2091));
#6623=EDGE_LOOP('',(#2092,#2093,#2094,#2095));
#6624=EDGE_LOOP('',(#2096,#2097,#2098,#2099));
#6625=EDGE_LOOP('',(#2100,#2101,#2102,#2103));
#6626=EDGE_LOOP('',(#2104));
#6627=EDGE_LOOP('',(#2105));
#6628=EDGE_LOOP('',(#2106));
#6629=EDGE_LOOP('',(#2107,#2108,#2109,#2110,#2111,#2112,#2113,#2114));
#6630=EDGE_LOOP('',(#2115,#2116,#2117,#2118));
#6631=EDGE_LOOP('',(#2119));
#6632=EDGE_LOOP('',(#2120,#2121,#2122,#2123,#2124,#2125,#2126,#2127,#2128,
#2129,#2130,#2131,#2132,#2133,#2134,#2135,#2136,#2137,#2138,#2139,#2140,
#2141,#2142));
#6633=EDGE_LOOP('',(#2143));
#6634=EDGE_LOOP('',(#2144,#2145,#2146,#2147,#2148,#2149,#2150,#2151,#2152,
#2153,#2154,#2155,#2156,#2157,#2158,#2159,#2160,#2161,#2162,#2163,#2164,
#2165,#2166));
#6635=EDGE_LOOP('',(#2167,#2168,#2169,#2170,#2171));
#6636=EDGE_LOOP('',(#2172,#2173,#2174,#2175));
#6637=EDGE_LOOP('',(#2176));
#6638=EDGE_LOOP('',(#2177));
#6639=EDGE_LOOP('',(#2178));
#6640=EDGE_LOOP('',(#2179,#2180,#2181,#2182));
#6641=EDGE_LOOP('',(#2183,#2184,#2185,#2186,#2187));
#6642=EDGE_LOOP('',(#2188,#2189,#2190,#2191));
#6643=EDGE_LOOP('',(#2192,#2193,#2194,#2195));
#6644=EDGE_LOOP('',(#2196,#2197,#2198,#2199));
#6645=EDGE_LOOP('',(#2200,#2201,#2202,#2203));
#6646=EDGE_LOOP('',(#2204,#2205,#2206,#2207));
#6647=EDGE_LOOP('',(#2208,#2209,#2210,#2211,#2212,#2213,#2214,#2215));
#6648=EDGE_LOOP('',(#2216,#2217,#2218,#2219));
#6649=EDGE_LOOP('',(#2220,#2221,#2222,#2223));
#6650=EDGE_LOOP('',(#2224,#2225,#2226,#2227));
#6651=EDGE_LOOP('',(#2228,#2229,#2230,#2231));
#6652=EDGE_LOOP('',(#2232));
#6653=EDGE_LOOP('',(#2233));
#6654=EDGE_LOOP('',(#2234,#2235,#2236,#2237));
#6655=EDGE_LOOP('',(#2238,#2239,#2240,#2241,#2242));
#6656=EDGE_LOOP('',(#2243,#2244,#2245,#2246,#2247));
#6657=EDGE_LOOP('',(#2248,#2249,#2250,#2251,#2252,#2253));
#6658=EDGE_LOOP('',(#2254,#2255,#2256,#2257,#2258,#2259));
#6659=EDGE_LOOP('',(#2260,#2261,#2262,#2263,#2264,#2265,#2266,#2267,#2268,
#2269));
#6660=EDGE_LOOP('',(#2270,#2271,#2272,#2273));
#6661=EDGE_LOOP('',(#2274,#2275,#2276,#2277,#2278,#2279));
#6662=EDGE_LOOP('',(#2280,#2281,#2282,#2283));
#6663=EDGE_LOOP('',(#2284,#2285,#2286,#2287));
#6664=EDGE_LOOP('',(#2288,#2289,#2290,#2291));
#6665=EDGE_LOOP('',(#2292,#2293,#2294,#2295,#2296,#2297));
#6666=EDGE_LOOP('',(#2298,#2299,#2300,#2301));
#6667=EDGE_LOOP('',(#2302,#2303,#2304,#2305));
#6668=EDGE_LOOP('',(#2306,#2307,#2308,#2309));
#6669=EDGE_LOOP('',(#2310,#2311,#2312,#2313));
#6670=EDGE_LOOP('',(#2314,#2315,#2316,#2317));
#6671=EDGE_LOOP('',(#2318));
#6672=EDGE_LOOP('',(#2319));
#6673=EDGE_LOOP('',(#2320));
#6674=EDGE_LOOP('',(#2321));
#6675=EDGE_LOOP('',(#2322));
#6676=EDGE_LOOP('',(#2323));
#6677=EDGE_LOOP('',(#2324,#2325,#2326,#2327));
#6678=EDGE_LOOP('',(#2328,#2329,#2330,#2331));
#6679=EDGE_LOOP('',(#2332,#2333,#2334,#2335));
#6680=EDGE_LOOP('',(#2336,#2337,#2338,#2339));
#6681=EDGE_LOOP('',(#2340,#2341,#2342,#2343));
#6682=EDGE_LOOP('',(#2344,#2345,#2346,#2347));
#6683=EDGE_LOOP('',(#2348,#2349,#2350,#2351,#2352,#2353,#2354));
#6684=EDGE_LOOP('',(#2355,#2356,#2357,#2358,#2359,#2360,#2361,#2362,#2363));
#6685=EDGE_LOOP('',(#2364,#2365,#2366));
#6686=EDGE_LOOP('',(#2367,#2368,#2369,#2370,#2371,#2372,#2373));
#6687=EDGE_LOOP('',(#2374));
#6688=EDGE_LOOP('',(#2375));
#6689=EDGE_LOOP('',(#2376));
#6690=EDGE_LOOP('',(#2377));
#6691=EDGE_LOOP('',(#2378));
#6692=EDGE_LOOP('',(#2379));
#6693=EDGE_LOOP('',(#2380,#2381,#2382,#2383));
#6694=EDGE_LOOP('',(#2384,#2385,#2386,#2387));
#6695=EDGE_LOOP('',(#2388,#2389,#2390,#2391,#2392,#2393,#2394));
#6696=EDGE_LOOP('',(#2395,#2396,#2397,#2398,#2399,#2400));
#6697=EDGE_LOOP('',(#2401,#2402,#2403,#2404,#2405,#2406,#2407));
#6698=EDGE_LOOP('',(#2408,#2409,#2410,#2411,#2412,#2413,#2414,#2415,#2416));
#6699=EDGE_LOOP('',(#2417));
#6700=EDGE_LOOP('',(#2418));
#6701=EDGE_LOOP('',(#2419,#2420,#2421,#2422,#2423,#2424));
#6702=EDGE_LOOP('',(#2425));
#6703=EDGE_LOOP('',(#2426));
#6704=EDGE_LOOP('',(#2427));
#6705=EDGE_LOOP('',(#2428));
#6706=EDGE_LOOP('',(#2429,#2430,#2431,#2432,#2433,#2434,#2435,#2436));
#6707=EDGE_LOOP('',(#2437,#2438,#2439,#2440,#2441));
#6708=EDGE_LOOP('',(#2442,#2443,#2444,#2445,#2446,#2447));
#6709=EDGE_LOOP('',(#2448,#2449,#2450,#2451));
#6710=EDGE_LOOP('',(#2452,#2453,#2454,#2455,#2456,#2457,#2458,#2459));
#6711=EDGE_LOOP('',(#2460,#2461,#2462,#2463,#2464,#2465));
#6712=EDGE_LOOP('',(#2466,#2467,#2468,#2469,#2470));
#6713=EDGE_LOOP('',(#2471,#2472,#2473,#2474));
#6714=EDGE_LOOP('',(#2475,#2476,#2477,#2478));
#6715=EDGE_LOOP('',(#2479,#2480,#2481,#2482,#2483));
#6716=EDGE_LOOP('',(#2484,#2485,#2486,#2487));
#6717=EDGE_LOOP('',(#2488,#2489,#2490,#2491,#2492));
#6718=EDGE_LOOP('',(#2493,#2494,#2495,#2496));
#6719=EDGE_LOOP('',(#2497));
#6720=EDGE_LOOP('',(#2498));
#6721=EDGE_LOOP('',(#2499));
#6722=EDGE_LOOP('',(#2500));
#6723=EDGE_LOOP('',(#2501));
#6724=EDGE_LOOP('',(#2502));
#6725=EDGE_LOOP('',(#2503));
#6726=EDGE_LOOP('',(#2504));
#6727=EDGE_LOOP('',(#2505));
#6728=EDGE_LOOP('',(#2506));
#6729=EDGE_LOOP('',(#2507));
#6730=EDGE_LOOP('',(#2508));
#6731=EDGE_LOOP('',(#2509));
#6732=EDGE_LOOP('',(#2510,#2511,#2512,#2513));
#6733=EDGE_LOOP('',(#2514,#2515,#2516,#2517));
#6734=EDGE_LOOP('',(#2518,#2519,#2520,#2521));
#6735=EDGE_LOOP('',(#2522,#2523,#2524,#2525,#2526));
#6736=EDGE_LOOP('',(#2527));
#6737=EDGE_LOOP('',(#2528,#2529,#2530,#2531,#2532));
#6738=EDGE_LOOP('',(#2533,#2534,#2535,#2536));
#6739=EDGE_LOOP('',(#2537,#2538,#2539,#2540,#2541,#2542));
#6740=EDGE_LOOP('',(#2543,#2544,#2545,#2546));
#6741=EDGE_LOOP('',(#2547,#2548,#2549,#2550,#2551,#2552));
#6742=EDGE_LOOP('',(#2553,#2554,#2555,#2556));
#6743=EDGE_LOOP('',(#2557,#2558,#2559,#2560,#2561,#2562));
#6744=EDGE_LOOP('',(#2563,#2564,#2565,#2566));
#6745=EDGE_LOOP('',(#2567));
#6746=EDGE_LOOP('',(#2568));
#6747=EDGE_LOOP('',(#2569));
#6748=EDGE_LOOP('',(#2570,#2571,#2572,#2573,#2574,#2575));
#6749=EDGE_LOOP('',(#2576,#2577,#2578,#2579,#2580));
#6750=EDGE_LOOP('',(#2581,#2582,#2583,#2584));
#6751=EDGE_LOOP('',(#2585,#2586,#2587,#2588));
#6752=EDGE_LOOP('',(#2589,#2590,#2591,#2592));
#6753=EDGE_LOOP('',(#2593,#2594,#2595,#2596,#2597,#2598,#2599,#2600,#2601,
#2602));
#6754=EDGE_LOOP('',(#2603,#2604,#2605,#2606,#2607,#2608,#2609,#2610,#2611,
#2612,#2613,#2614,#2615));
#6755=EDGE_LOOP('',(#2616,#2617,#2618,#2619));
#6756=EDGE_LOOP('',(#2620,#2621,#2622,#2623,#2624,#2625));
#6757=EDGE_LOOP('',(#2626,#2627,#2628,#2629));
#6758=EDGE_LOOP('',(#2630,#2631,#2632,#2633,#2634,#2635));
#6759=EDGE_LOOP('',(#2636,#2637,#2638,#2639));
#6760=EDGE_LOOP('',(#2640,#2641,#2642,#2643));
#6761=EDGE_LOOP('',(#2644,#2645,#2646,#2647));
#6762=EDGE_LOOP('',(#2648,#2649,#2650,#2651,#2652,#2653,#2654,#2655));
#6763=EDGE_LOOP('',(#2656,#2657,#2658,#2659));
#6764=EDGE_LOOP('',(#2660,#2661,#2662,#2663));
#6765=EDGE_LOOP('',(#2664,#2665,#2666,#2667));
#6766=EDGE_LOOP('',(#2668));
#6767=EDGE_LOOP('',(#2669));
#6768=EDGE_LOOP('',(#2670));
#6769=EDGE_LOOP('',(#2671,#2672,#2673,#2674,#2675));
#6770=EDGE_LOOP('',(#2676));
#6771=EDGE_LOOP('',(#2677,#2678,#2679,#2680));
#6772=EDGE_LOOP('',(#2681,#2682,#2683,#2684));
#6773=EDGE_LOOP('',(#2685,#2686,#2687,#2688));
#6774=EDGE_LOOP('',(#2689,#2690,#2691,#2692));
#6775=EDGE_LOOP('',(#2693,#2694,#2695,#2696));
#6776=EDGE_LOOP('',(#2697,#2698,#2699,#2700));
#6777=EDGE_LOOP('',(#2701,#2702,#2703,#2704));
#6778=EDGE_LOOP('',(#2705,#2706,#2707,#2708));
#6779=EDGE_LOOP('',(#2709,#2710,#2711,#2712));
#6780=EDGE_LOOP('',(#2713));
#6781=EDGE_LOOP('',(#2714));
#6782=EDGE_LOOP('',(#2715,#2716,#2717,#2718));
#6783=EDGE_LOOP('',(#2719,#2720,#2721,#2722,#2723,#2724,#2725,#2726,#2727,
#2728,#2729,#2730));
#6784=EDGE_LOOP('',(#2731,#2732,#2733,#2734,#2735,#2736,#2737,#2738,#2739,
#2740,#2741,#2742));
#6785=EDGE_LOOP('',(#2743,#2744,#2745,#2746));
#6786=EDGE_LOOP('',(#2747));
#6787=EDGE_LOOP('',(#2748,#2749,#2750,#2751));
#6788=EDGE_LOOP('',(#2752,#2753));
#6789=EDGE_LOOP('',(#2754,#2755));
#6790=EDGE_LOOP('',(#2756,#2757));
#6791=EDGE_LOOP('',(#2758,#2759,#2760,#2761));
#6792=EDGE_LOOP('',(#2762,#2763,#2764));
#6793=EDGE_LOOP('',(#2765,#2766));
#6794=EDGE_LOOP('',(#2767,#2768));
#6795=EDGE_LOOP('',(#2769,#2770,#2771));
#6796=EDGE_LOOP('',(#2772,#2773,#2774,#2775,#2776));
#6797=EDGE_LOOP('',(#2777,#2778,#2779,#2780));
#6798=EDGE_LOOP('',(#2781,#2782,#2783,#2784));
#6799=EDGE_LOOP('',(#2785,#2786,#2787,#2788));
#6800=EDGE_LOOP('',(#2789,#2790,#2791,#2792));
#6801=EDGE_LOOP('',(#2793,#2794,#2795));
#6802=EDGE_LOOP('',(#2796,#2797,#2798,#2799));
#6803=EDGE_LOOP('',(#2800,#2801,#2802,#2803));
#6804=EDGE_LOOP('',(#2804,#2805,#2806,#2807));
#6805=EDGE_LOOP('',(#2808,#2809,#2810,#2811));
#6806=EDGE_LOOP('',(#2812,#2813,#2814,#2815));
#6807=EDGE_LOOP('',(#2816,#2817,#2818,#2819));
#6808=EDGE_LOOP('',(#2820));
#6809=EDGE_LOOP('',(#2821,#2822,#2823,#2824));
#6810=EDGE_LOOP('',(#2825,#2826,#2827,#2828));
#6811=EDGE_LOOP('',(#2829));
#6812=EDGE_LOOP('',(#2830));
#6813=EDGE_LOOP('',(#2831));
#6814=EDGE_LOOP('',(#2832));
#6815=EDGE_LOOP('',(#2833));
#6816=EDGE_LOOP('',(#2834));
#6817=EDGE_LOOP('',(#2835));
#6818=EDGE_LOOP('',(#2836));
#6819=EDGE_LOOP('',(#2837));
#6820=EDGE_LOOP('',(#2838));
#6821=EDGE_LOOP('',(#2839,#2840,#2841,#2842));
#6822=EDGE_LOOP('',(#2843));
#6823=EDGE_LOOP('',(#2844));
#6824=EDGE_LOOP('',(#2845,#2846,#2847,#2848));
#6825=EDGE_LOOP('',(#2849));
#6826=EDGE_LOOP('',(#2850));
#6827=EDGE_LOOP('',(#2851));
#6828=EDGE_LOOP('',(#2852));
#6829=EDGE_LOOP('',(#2853));
#6830=EDGE_LOOP('',(#2854));
#6831=EDGE_LOOP('',(#2855,#2856,#2857,#2858));
#6832=EDGE_LOOP('',(#2859));
#6833=EDGE_LOOP('',(#2860));
#6834=EDGE_LOOP('',(#2861));
#6835=EDGE_LOOP('',(#2862));
#6836=EDGE_LOOP('',(#2863));
#6837=EDGE_LOOP('',(#2864));
#6838=EDGE_LOOP('',(#2865));
#6839=EDGE_LOOP('',(#2866));
#6840=EDGE_LOOP('',(#2867));
#6841=EDGE_LOOP('',(#2868));
#6842=EDGE_LOOP('',(#2869));
#6843=EDGE_LOOP('',(#2870,#2871,#2872,#2873,#2874,#2875,#2876,#2877,#2878,
#2879,#2880,#2881,#2882));
#6844=EDGE_LOOP('',(#2883));
#6845=EDGE_LOOP('',(#2884));
#6846=EDGE_LOOP('',(#2885));
#6847=EDGE_LOOP('',(#2886));
#6848=EDGE_LOOP('',(#2887,#2888,#2889,#2890,#2891,#2892,#2893,#2894,#2895));
#6849=EDGE_LOOP('',(#2896));
#6850=EDGE_LOOP('',(#2897));
#6851=EDGE_LOOP('',(#2898));
#6852=EDGE_LOOP('',(#2899));
#6853=EDGE_LOOP('',(#2900));
#6854=EDGE_LOOP('',(#2901,#2902,#2903,#2904,#2905,#2906,#2907,#2908));
#6855=EDGE_LOOP('',(#2909,#2910,#2911,#2912,#2913));
#6856=EDGE_LOOP('',(#2914,#2915,#2916,#2917,#2918,#2919,#2920,#2921));
#6857=EDGE_LOOP('',(#2922,#2923,#2924,#2925));
#6858=EDGE_LOOP('',(#2926,#2927,#2928,#2929));
#6859=EDGE_LOOP('',(#2930,#2931,#2932,#2933));
#6860=EDGE_LOOP('',(#2934,#2935,#2936,#2937));
#6861=EDGE_LOOP('',(#2938,#2939,#2940,#2941));
#6862=EDGE_LOOP('',(#2942));
#6863=EDGE_LOOP('',(#2943));
#6864=EDGE_LOOP('',(#2944));
#6865=EDGE_LOOP('',(#2945));
#6866=EDGE_LOOP('',(#2946));
#6867=EDGE_LOOP('',(#2947));
#6868=EDGE_LOOP('',(#2948));
#6869=EDGE_LOOP('',(#2949));
#6870=EDGE_LOOP('',(#2950));
#6871=EDGE_LOOP('',(#2951,#2952,#2953,#2954,#2955));
#6872=EDGE_LOOP('',(#2956,#2957,#2958,#2959,#2960));
#6873=EDGE_LOOP('',(#2961));
#6874=EDGE_LOOP('',(#2962));
#6875=EDGE_LOOP('',(#2963));
#6876=EDGE_LOOP('',(#2964,#2965,#2966,#2967));
#6877=EDGE_LOOP('',(#2968,#2969,#2970,#2971,#2972));
#6878=EDGE_LOOP('',(#2973));
#6879=EDGE_LOOP('',(#2974));
#6880=EDGE_LOOP('',(#2975));
#6881=EDGE_LOOP('',(#2976,#2977,#2978,#2979));
#6882=EDGE_LOOP('',(#2980));
#6883=EDGE_LOOP('',(#2981));
#6884=EDGE_LOOP('',(#2982));
#6885=EDGE_LOOP('',(#2983));
#6886=EDGE_LOOP('',(#2984,#2985));
#6887=EDGE_LOOP('',(#2986));
#6888=EDGE_LOOP('',(#2987,#2988));
#6889=EDGE_LOOP('',(#2989));
#6890=EDGE_LOOP('',(#2990));
#6891=EDGE_LOOP('',(#2991));
#6892=EDGE_LOOP('',(#2992));
#6893=EDGE_LOOP('',(#2993));
#6894=EDGE_LOOP('',(#2994,#2995,#2996,#2997));
#6895=EDGE_LOOP('',(#2998));
#6896=EDGE_LOOP('',(#2999));
#6897=EDGE_LOOP('',(#3000));
#6898=EDGE_LOOP('',(#3001,#3002,#3003,#3004,#3005,#3006));
#6899=EDGE_LOOP('',(#3007));
#6900=EDGE_LOOP('',(#3008));
#6901=EDGE_LOOP('',(#3009));
#6902=EDGE_LOOP('',(#3010));
#6903=EDGE_LOOP('',(#3011));
#6904=EDGE_LOOP('',(#3012));
#6905=EDGE_LOOP('',(#3013));
#6906=EDGE_LOOP('',(#3014));
#6907=EDGE_LOOP('',(#3015));
#6908=EDGE_LOOP('',(#3016));
#6909=EDGE_LOOP('',(#3017));
#6910=EDGE_LOOP('',(#3018));
#6911=EDGE_LOOP('',(#3019));
#6912=EDGE_LOOP('',(#3020));
#6913=EDGE_LOOP('',(#3021));
#6914=EDGE_LOOP('',(#3022));
#6915=EDGE_LOOP('',(#3023));
#6916=EDGE_LOOP('',(#3024));
#6917=EDGE_LOOP('',(#3025));
#6918=EDGE_LOOP('',(#3026));
#6919=EDGE_LOOP('',(#3027));
#6920=EDGE_LOOP('',(#3028));
#6921=EDGE_LOOP('',(#3029,#3030,#3031));
#6922=EDGE_LOOP('',(#3032,#3033,#3034,#3035,#3036,#3037,#3038,#3039,#3040,
#3041,#3042,#3043,#3044));
#6923=EDGE_LOOP('',(#3045,#3046,#3047,#3048));
#6924=EDGE_LOOP('',(#3049));
#6925=EDGE_LOOP('',(#3050,#3051,#3052,#3053,#3054,#3055,#3056,#3057,#3058));
#6926=EDGE_LOOP('',(#3059,#3060,#3061));
#6927=EDGE_LOOP('',(#3062,#3063,#3064,#3065,#3066,#3067,#3068,#3069,#3070,
#3071));
#6928=EDGE_LOOP('',(#3072,#3073,#3074,#3075));
#6929=EDGE_LOOP('',(#3076,#3077,#3078,#3079,#3080,#3081,#3082,#3083,#3084,
#3085));
#6930=EDGE_LOOP('',(#3086,#3087,#3088,#3089,#3090,#3091,#3092,#3093));
#6931=EDGE_LOOP('',(#3094,#3095,#3096,#3097,#3098,#3099,#3100,#3101,#3102));
#6932=EDGE_LOOP('',(#3103,#3104,#3105,#3106));
#6933=EDGE_LOOP('',(#3107,#3108,#3109,#3110,#3111));
#6934=EDGE_LOOP('',(#3112,#3113,#3114,#3115,#3116));
#6935=EDGE_LOOP('',(#3117,#3118,#3119,#3120));
#6936=EDGE_LOOP('',(#3121,#3122,#3123,#3124,#3125,#3126));
#6937=EDGE_LOOP('',(#3127));
#6938=EDGE_LOOP('',(#3128));
#6939=EDGE_LOOP('',(#3129));
#6940=EDGE_LOOP('',(#3130,#3131,#3132,#3133,#3134));
#6941=EDGE_LOOP('',(#3135,#3136,#3137,#3138,#3139,#3140,#3141,#3142));
#6942=EDGE_LOOP('',(#3143,#3144,#3145,#3146));
#6943=EDGE_LOOP('',(#3147,#3148,#3149,#3150));
#6944=EDGE_LOOP('',(#3151,#3152,#3153,#3154,#3155,#3156));
#6945=EDGE_LOOP('',(#3157,#3158,#3159,#3160,#3161,#3162,#3163,#3164));
#6946=EDGE_LOOP('',(#3165,#3166,#3167,#3168,#3169,#3170,#3171,#3172));
#6947=EDGE_LOOP('',(#3173,#3174,#3175,#3176));
#6948=EDGE_LOOP('',(#3177));
#6949=EDGE_LOOP('',(#3178));
#6950=EDGE_LOOP('',(#3179));
#6951=EDGE_LOOP('',(#3180,#3181,#3182,#3183,#3184,#3185));
#6952=EDGE_LOOP('',(#3186));
#6953=EDGE_LOOP('',(#3187));
#6954=EDGE_LOOP('',(#3188));
#6955=EDGE_LOOP('',(#3189));
#6956=EDGE_LOOP('',(#3190));
#6957=EDGE_LOOP('',(#3191));
#6958=EDGE_LOOP('',(#3192));
#6959=EDGE_LOOP('',(#3193));
#6960=EDGE_LOOP('',(#3194));
#6961=EDGE_LOOP('',(#3195,#3196,#3197,#3198));
#6962=EDGE_LOOP('',(#3199,#3200,#3201,#3202,#3203));
#6963=EDGE_LOOP('',(#3204));
#6964=EDGE_LOOP('',(#3205));
#6965=EDGE_LOOP('',(#3206));
#6966=EDGE_LOOP('',(#3207,#3208));
#6967=EDGE_LOOP('',(#3209));
#6968=EDGE_LOOP('',(#3210));
#6969=EDGE_LOOP('',(#3211));
#6970=EDGE_LOOP('',(#3212,#3213));
#6971=EDGE_LOOP('',(#3214));
#6972=EDGE_LOOP('',(#3215,#3216,#3217,#3218,#3219));
#6973=EDGE_LOOP('',(#3220,#3221,#3222,#3223));
#6974=EDGE_LOOP('',(#3224,#3225,#3226,#3227,#3228));
#6975=EDGE_LOOP('',(#3229,#3230,#3231,#3232));
#6976=EDGE_LOOP('',(#3233,#3234,#3235,#3236,#3237,#3238,#3239));
#6977=EDGE_LOOP('',(#3240,#3241));
#6978=EDGE_LOOP('',(#3242,#3243));
#6979=EDGE_LOOP('',(#3244,#3245));
#6980=EDGE_LOOP('',(#3246,#3247,#3248,#3249));
#6981=EDGE_LOOP('',(#3250,#3251,#3252));
#6982=EDGE_LOOP('',(#3253,#3254));
#6983=EDGE_LOOP('',(#3255,#3256));
#6984=EDGE_LOOP('',(#3257,#3258,#3259));
#6985=EDGE_LOOP('',(#3260,#3261,#3262,#3263,#3264));
#6986=EDGE_LOOP('',(#3265,#3266,#3267,#3268));
#6987=EDGE_LOOP('',(#3269,#3270,#3271,#3272));
#6988=EDGE_LOOP('',(#3273,#3274,#3275,#3276));
#6989=EDGE_LOOP('',(#3277,#3278,#3279,#3280));
#6990=EDGE_LOOP('',(#3281,#3282,#3283));
#6991=EDGE_LOOP('',(#3284,#3285,#3286,#3287));
#6992=EDGE_LOOP('',(#3288,#3289,#3290,#3291));
#6993=EDGE_LOOP('',(#3292,#3293,#3294,#3295));
#6994=EDGE_LOOP('',(#3296,#3297,#3298,#3299));
#6995=EDGE_LOOP('',(#3300,#3301,#3302,#3303));
#6996=EDGE_LOOP('',(#3304,#3305,#3306,#3307,#3308,#3309,#3310,#3311,#3312,
#3313,#3314,#3315,#3316));
#6997=EDGE_LOOP('',(#3317));
#6998=EDGE_LOOP('',(#3318));
#6999=EDGE_LOOP('',(#3319));
#7000=EDGE_LOOP('',(#3320));
#7001=EDGE_LOOP('',(#3321,#3322,#3323,#3324,#3325,#3326,#3327,#3328,#3329));
#7002=EDGE_LOOP('',(#3330));
#7003=EDGE_LOOP('',(#3331));
#7004=EDGE_LOOP('',(#3332));
#7005=EDGE_LOOP('',(#3333));
#7006=EDGE_LOOP('',(#3334));
#7007=EDGE_LOOP('',(#3335,#3336,#3337,#3338,#3339,#3340,#3341,#3342));
#7008=EDGE_LOOP('',(#3343,#3344,#3345,#3346,#3347));
#7009=EDGE_LOOP('',(#3348,#3349,#3350,#3351,#3352,#3353,#3354,#3355));
#7010=EDGE_LOOP('',(#3356,#3357,#3358,#3359));
#7011=EDGE_LOOP('',(#3360,#3361,#3362,#3363));
#7012=EDGE_LOOP('',(#3364,#3365,#3366,#3367));
#7013=EDGE_LOOP('',(#3368,#3369,#3370,#3371));
#7014=EDGE_LOOP('',(#3372,#3373,#3374,#3375));
#7015=EDGE_LOOP('',(#3376));
#7016=EDGE_LOOP('',(#3377));
#7017=EDGE_LOOP('',(#3378));
#7018=EDGE_LOOP('',(#3379));
#7019=EDGE_LOOP('',(#3380));
#7020=EDGE_LOOP('',(#3381));
#7021=EDGE_LOOP('',(#3382));
#7022=EDGE_LOOP('',(#3383));
#7023=EDGE_LOOP('',(#3384));
#7024=EDGE_LOOP('',(#3385,#3386,#3387,#3388,#3389));
#7025=EDGE_LOOP('',(#3390,#3391,#3392,#3393,#3394));
#7026=EDGE_LOOP('',(#3395));
#7027=EDGE_LOOP('',(#3396));
#7028=EDGE_LOOP('',(#3397));
#7029=EDGE_LOOP('',(#3398,#3399,#3400,#3401));
#7030=EDGE_LOOP('',(#3402,#3403,#3404,#3405,#3406));
#7031=EDGE_LOOP('',(#3407));
#7032=EDGE_LOOP('',(#3408));
#7033=EDGE_LOOP('',(#3409));
#7034=EDGE_LOOP('',(#3410,#3411,#3412,#3413));
#7035=EDGE_LOOP('',(#3414));
#7036=EDGE_LOOP('',(#3415));
#7037=EDGE_LOOP('',(#3416));
#7038=EDGE_LOOP('',(#3417));
#7039=EDGE_LOOP('',(#3418,#3419));
#7040=EDGE_LOOP('',(#3420));
#7041=EDGE_LOOP('',(#3421,#3422));
#7042=EDGE_LOOP('',(#3423));
#7043=EDGE_LOOP('',(#3424));
#7044=EDGE_LOOP('',(#3425));
#7045=EDGE_LOOP('',(#3426));
#7046=EDGE_LOOP('',(#3427));
#7047=EDGE_LOOP('',(#3428,#3429,#3430,#3431));
#7048=EDGE_LOOP('',(#3432));
#7049=EDGE_LOOP('',(#3433));
#7050=EDGE_LOOP('',(#3434));
#7051=EDGE_LOOP('',(#3435,#3436,#3437,#3438,#3439,#3440));
#7052=EDGE_LOOP('',(#3441));
#7053=EDGE_LOOP('',(#3442));
#7054=EDGE_LOOP('',(#3443));
#7055=EDGE_LOOP('',(#3444));
#7056=EDGE_LOOP('',(#3445));
#7057=EDGE_LOOP('',(#3446));
#7058=EDGE_LOOP('',(#3447));
#7059=EDGE_LOOP('',(#3448));
#7060=EDGE_LOOP('',(#3449));
#7061=EDGE_LOOP('',(#3450));
#7062=EDGE_LOOP('',(#3451));
#7063=EDGE_LOOP('',(#3452));
#7064=EDGE_LOOP('',(#3453));
#7065=EDGE_LOOP('',(#3454));
#7066=EDGE_LOOP('',(#3455));
#7067=EDGE_LOOP('',(#3456));
#7068=EDGE_LOOP('',(#3457));
#7069=EDGE_LOOP('',(#3458));
#7070=EDGE_LOOP('',(#3459));
#7071=EDGE_LOOP('',(#3460));
#7072=EDGE_LOOP('',(#3461));
#7073=EDGE_LOOP('',(#3462));
#7074=EDGE_LOOP('',(#3463,#3464,#3465));
#7075=EDGE_LOOP('',(#3466,#3467,#3468,#3469,#3470,#3471,#3472,#3473,#3474,
#3475,#3476,#3477,#3478));
#7076=EDGE_LOOP('',(#3479,#3480,#3481,#3482));
#7077=EDGE_LOOP('',(#3483));
#7078=EDGE_LOOP('',(#3484,#3485,#3486,#3487,#3488,#3489,#3490,#3491,#3492));
#7079=EDGE_LOOP('',(#3493,#3494,#3495));
#7080=EDGE_LOOP('',(#3496,#3497,#3498,#3499,#3500,#3501,#3502));
#7081=EDGE_LOOP('',(#3503,#3504,#3505,#3506,#3507,#3508,#3509,#3510,#3511));
#7082=EDGE_LOOP('',(#3512,#3513,#3514));
#7083=EDGE_LOOP('',(#3515,#3516,#3517,#3518,#3519,#3520,#3521));
#7084=EDGE_LOOP('',(#3522));
#7085=EDGE_LOOP('',(#3523));
#7086=EDGE_LOOP('',(#3524));
#7087=EDGE_LOOP('',(#3525));
#7088=EDGE_LOOP('',(#3526));
#7089=EDGE_LOOP('',(#3527));
#7090=EDGE_LOOP('',(#3528,#3529,#3530,#3531));
#7091=EDGE_LOOP('',(#3532,#3533,#3534,#3535));
#7092=EDGE_LOOP('',(#3536,#3537,#3538,#3539,#3540,#3541,#3542));
#7093=EDGE_LOOP('',(#3543,#3544,#3545,#3546,#3547,#3548));
#7094=EDGE_LOOP('',(#3549,#3550,#3551,#3552,#3553,#3554,#3555));
#7095=EDGE_LOOP('',(#3556,#3557,#3558,#3559,#3560,#3561,#3562,#3563,#3564));
#7096=EDGE_LOOP('',(#3565));
#7097=EDGE_LOOP('',(#3566));
#7098=EDGE_LOOP('',(#3567,#3568,#3569,#3570,#3571,#3572));
#7099=EDGE_LOOP('',(#3573));
#7100=EDGE_LOOP('',(#3574));
#7101=EDGE_LOOP('',(#3575));
#7102=EDGE_LOOP('',(#3576));
#7103=EDGE_LOOP('',(#3577,#3578,#3579,#3580,#3581,#3582,#3583,#3584));
#7104=EDGE_LOOP('',(#3585,#3586,#3587,#3588,#3589));
#7105=EDGE_LOOP('',(#3590,#3591,#3592,#3593,#3594,#3595));
#7106=EDGE_LOOP('',(#3596,#3597,#3598,#3599));
#7107=EDGE_LOOP('',(#3600,#3601,#3602,#3603,#3604,#3605,#3606,#3607));
#7108=EDGE_LOOP('',(#3608,#3609,#3610,#3611,#3612,#3613));
#7109=EDGE_LOOP('',(#3614,#3615,#3616,#3617,#3618));
#7110=EDGE_LOOP('',(#3619,#3620,#3621,#3622));
#7111=EDGE_LOOP('',(#3623,#3624,#3625,#3626));
#7112=EDGE_LOOP('',(#3627,#3628,#3629,#3630,#3631));
#7113=EDGE_LOOP('',(#3632,#3633,#3634,#3635));
#7114=EDGE_LOOP('',(#3636,#3637,#3638,#3639,#3640));
#7115=EDGE_LOOP('',(#3641,#3642,#3643,#3644));
#7116=EDGE_LOOP('',(#3645));
#7117=EDGE_LOOP('',(#3646));
#7118=EDGE_LOOP('',(#3647));
#7119=EDGE_LOOP('',(#3648));
#7120=EDGE_LOOP('',(#3649));
#7121=EDGE_LOOP('',(#3650));
#7122=EDGE_LOOP('',(#3651));
#7123=EDGE_LOOP('',(#3652));
#7124=EDGE_LOOP('',(#3653));
#7125=EDGE_LOOP('',(#3654));
#7126=EDGE_LOOP('',(#3655));
#7127=EDGE_LOOP('',(#3656));
#7128=EDGE_LOOP('',(#3657));
#7129=EDGE_LOOP('',(#3658,#3659,#3660,#3661));
#7130=EDGE_LOOP('',(#3662,#3663,#3664,#3665));
#7131=EDGE_LOOP('',(#3666,#3667,#3668,#3669));
#7132=EDGE_LOOP('',(#3670,#3671,#3672,#3673,#3674));
#7133=EDGE_LOOP('',(#3675));
#7134=EDGE_LOOP('',(#3676,#3677,#3678,#3679,#3680));
#7135=EDGE_LOOP('',(#3681,#3682,#3683,#3684));
#7136=EDGE_LOOP('',(#3685,#3686,#3687,#3688,#3689,#3690));
#7137=EDGE_LOOP('',(#3691,#3692,#3693,#3694));
#7138=EDGE_LOOP('',(#3695,#3696,#3697,#3698,#3699,#3700));
#7139=EDGE_LOOP('',(#3701,#3702,#3703,#3704));
#7140=EDGE_LOOP('',(#3705));
#7141=EDGE_LOOP('',(#3706));
#7142=EDGE_LOOP('',(#3707));
#7143=EDGE_LOOP('',(#3708,#3709,#3710,#3711,#3712,#3713));
#7144=EDGE_LOOP('',(#3714,#3715,#3716,#3717));
#7145=EDGE_LOOP('',(#3718,#3719,#3720,#3721,#3722,#3723));
#7146=EDGE_LOOP('',(#3724,#3725,#3726,#3727,#3728));
#7147=EDGE_LOOP('',(#3729,#3730,#3731,#3732));
#7148=EDGE_LOOP('',(#3733,#3734,#3735,#3736));
#7149=EDGE_LOOP('',(#3737,#3738,#3739,#3740));
#7150=EDGE_LOOP('',(#3741,#3742,#3743,#3744,#3745,#3746,#3747,#3748,#3749,
#3750));
#7151=EDGE_LOOP('',(#3751,#3752,#3753,#3754,#3755,#3756,#3757,#3758,#3759,
#3760,#3761,#3762,#3763));
#7152=EDGE_LOOP('',(#3764,#3765,#3766,#3767));
#7153=EDGE_LOOP('',(#3768,#3769,#3770,#3771,#3772,#3773));
#7154=EDGE_LOOP('',(#3774,#3775,#3776,#3777));
#7155=EDGE_LOOP('',(#3778,#3779,#3780,#3781,#3782,#3783));
#7156=EDGE_LOOP('',(#3784,#3785,#3786,#3787));
#7157=EDGE_LOOP('',(#3788,#3789,#3790,#3791));
#7158=EDGE_LOOP('',(#3792,#3793,#3794,#3795));
#7159=EDGE_LOOP('',(#3796,#3797,#3798,#3799,#3800,#3801,#3802,#3803));
#7160=EDGE_LOOP('',(#3804,#3805,#3806,#3807));
#7161=EDGE_LOOP('',(#3808,#3809,#3810,#3811));
#7162=EDGE_LOOP('',(#3812,#3813,#3814,#3815));
#7163=EDGE_LOOP('',(#3816));
#7164=EDGE_LOOP('',(#3817));
#7165=EDGE_LOOP('',(#3818));
#7166=EDGE_LOOP('',(#3819,#3820,#3821,#3822,#3823));
#7167=EDGE_LOOP('',(#3824));
#7168=EDGE_LOOP('',(#3825));
#7169=EDGE_LOOP('',(#3826));
#7170=EDGE_LOOP('',(#3827,#3828,#3829,#3830,#3831,#3832,#3833,#3834,#3835,
#3836));
#7171=EDGE_LOOP('',(#3837));
#7172=EDGE_LOOP('',(#3838));
#7173=EDGE_LOOP('',(#3839));
#7174=EDGE_LOOP('',(#3840));
#7175=EDGE_LOOP('',(#3841));
#7176=EDGE_LOOP('',(#3842));
#7177=EDGE_LOOP('',(#3843,#3844,#3845,#3846,#3847,#3848,#3849,#3850,#3851,
#3852));
#7178=EDGE_LOOP('',(#3853));
#7179=EDGE_LOOP('',(#3854));
#7180=EDGE_LOOP('',(#3855));
#7181=EDGE_LOOP('',(#3856,#3857,#3858,#3859));
#7182=EDGE_LOOP('',(#3860));
#7183=EDGE_LOOP('',(#3861,#3862,#3863,#3864));
#7184=EDGE_LOOP('',(#3865,#3866,#3867,#3868));
#7185=EDGE_LOOP('',(#3869,#3870,#3871,#3872));
#7186=EDGE_LOOP('',(#3873,#3874,#3875,#3876));
#7187=EDGE_LOOP('',(#3877));
#7188=EDGE_LOOP('',(#3878,#3879,#3880,#3881));
#7189=EDGE_LOOP('',(#3882,#3883,#3884,#3885));
#7190=EDGE_LOOP('',(#3886,#3887,#3888,#3889));
#7191=EDGE_LOOP('',(#3890));
#7192=EDGE_LOOP('',(#3891));
#7193=EDGE_LOOP('',(#3892));
#7194=EDGE_LOOP('',(#3893));
#7195=EDGE_LOOP('',(#3894));
#7196=EDGE_LOOP('',(#3895));
#7197=EDGE_LOOP('',(#3896));
#7198=EDGE_LOOP('',(#3897));
#7199=EDGE_LOOP('',(#3898));
#7200=EDGE_LOOP('',(#3899));
#7201=EDGE_LOOP('',(#3900));
#7202=EDGE_LOOP('',(#3901));
#7203=EDGE_LOOP('',(#3902,#3903,#3904,#3905));
#7204=EDGE_LOOP('',(#3906,#3907,#3908,#3909));
#7205=EDGE_LOOP('',(#3910));
#7206=EDGE_LOOP('',(#3911));
#7207=EDGE_LOOP('',(#3912));
#7208=EDGE_LOOP('',(#3913,#3914,#3915,#3916,#3917));
#7209=EDGE_LOOP('',(#3918,#3919,#3920,#3921,#3922,#3923));
#7210=EDGE_LOOP('',(#3924,#3925,#3926,#3927));
#7211=EDGE_LOOP('',(#3928,#3929,#3930,#3931,#3932,#3933));
#7212=EDGE_LOOP('',(#3934));
#7213=EDGE_LOOP('',(#3935));
#7214=EDGE_LOOP('',(#3936,#3937,#3938,#3939,#3940));
#7215=EDGE_LOOP('',(#3941,#3942,#3943,#3944,#3945));
#7216=EDGE_LOOP('',(#3946,#3947,#3948,#3949,#3950,#3951));
#7217=EDGE_LOOP('',(#3952));
#7218=EDGE_LOOP('',(#3953));
#7219=EDGE_LOOP('',(#3954,#3955,#3956,#3957));
#7220=EDGE_LOOP('',(#3958,#3959,#3960,#3961));
#7221=EDGE_LOOP('',(#3962));
#7222=EDGE_LOOP('',(#3963,#3964,#3965,#3966));
#7223=EDGE_LOOP('',(#3967,#3968,#3969,#3970,#3971,#3972,#3973));
#7224=EDGE_LOOP('',(#3974,#3975,#3976,#3977,#3978,#3979));
#7225=EDGE_LOOP('',(#3980,#3981,#3982,#3983,#3984));
#7226=EDGE_LOOP('',(#3985,#3986,#3987,#3988));
#7227=EDGE_LOOP('',(#3989,#3990,#3991,#3992,#3993,#3994));
#7228=EDGE_LOOP('',(#3995,#3996,#3997,#3998,#3999,#4000,#4001,#4002,#4003,
#4004,#4005,#4006));
#7229=EDGE_LOOP('',(#4007,#4008,#4009,#4010,#4011,#4012));
#7230=EDGE_LOOP('',(#4013));
#7231=EDGE_LOOP('',(#4014));
#7232=EDGE_LOOP('',(#4015,#4016,#4017,#4018,#4019,#4020,#4021,#4022,#4023,
#4024,#4025,#4026,#4027,#4028,#4029,#4030));
#7233=EDGE_LOOP('',(#4031));
#7234=EDGE_LOOP('',(#4032));
#7235=EDGE_LOOP('',(#4033,#4034,#4035,#4036,#4037));
#7236=EDGE_LOOP('',(#4038,#4039,#4040,#4041,#4042,#4043));
#7237=EDGE_LOOP('',(#4044,#4045,#4046,#4047,#4048,#4049,#4050));
#7238=EDGE_LOOP('',(#4051));
#7239=EDGE_LOOP('',(#4052));
#7240=EDGE_LOOP('',(#4053));
#7241=EDGE_LOOP('',(#4054));
#7242=EDGE_LOOP('',(#4055));
#7243=EDGE_LOOP('',(#4056));
#7244=EDGE_LOOP('',(#4057));
#7245=EDGE_LOOP('',(#4058));
#7246=EDGE_LOOP('',(#4059));
#7247=EDGE_LOOP('',(#4060));
#7248=EDGE_LOOP('',(#4061));
#7249=EDGE_LOOP('',(#4062,#4063,#4064,#4065,#4066,#4067,#4068,#4069,#4070,
#4071,#4072));
#7250=EDGE_LOOP('',(#4073,#4074,#4075,#4076,#4077,#4078));
#7251=EDGE_LOOP('',(#4079));
#7252=EDGE_LOOP('',(#4080));
#7253=EDGE_LOOP('',(#4081,#4082,#4083,#4084));
#7254=EDGE_LOOP('',(#4085,#4086,#4087,#4088));
#7255=EDGE_LOOP('',(#4089));
#7256=EDGE_LOOP('',(#4090));
#7257=EDGE_LOOP('',(#4091));
#7258=EDGE_LOOP('',(#4092));
#7259=EDGE_LOOP('',(#4093));
#7260=EDGE_LOOP('',(#4094));
#7261=EDGE_LOOP('',(#4095));
#7262=EDGE_LOOP('',(#4096));
#7263=EDGE_LOOP('',(#4097,#4098,#4099,#4100,#4101,#4102));
#7264=EDGE_LOOP('',(#4103,#4104,#4105,#4106));
#7265=EDGE_LOOP('',(#4107));
#7266=EDGE_LOOP('',(#4108,#4109,#4110,#4111,#4112,#4113,#4114,#4115,#4116,
#4117,#4118,#4119));
#7267=EDGE_LOOP('',(#4120));
#7268=EDGE_LOOP('',(#4121));
#7269=EDGE_LOOP('',(#4122,#4123,#4124,#4125,#4126,#4127));
#7270=EDGE_LOOP('',(#4128,#4129,#4130,#4131,#4132));
#7271=EDGE_LOOP('',(#4133,#4134,#4135,#4136));
#7272=EDGE_LOOP('',(#4137,#4138,#4139,#4140));
#7273=EDGE_LOOP('',(#4141,#4142,#4143,#4144));
#7274=EDGE_LOOP('',(#4145,#4146,#4147,#4148,#4149));
#7275=EDGE_LOOP('',(#4150,#4151,#4152,#4153,#4154));
#7276=EDGE_LOOP('',(#4155,#4156,#4157,#4158));
#7277=EDGE_LOOP('',(#4159,#4160,#4161,#4162));
#7278=EDGE_LOOP('',(#4163));
#7279=EDGE_LOOP('',(#4164,#4165,#4166,#4167,#4168,#4169,#4170));
#7280=EDGE_LOOP('',(#4171,#4172,#4173,#4174));
#7281=EDGE_LOOP('',(#4175,#4176,#4177));
#7282=EDGE_LOOP('',(#4178,#4179,#4180,#4181,#4182,#4183));
#7283=EDGE_LOOP('',(#4184,#4185,#4186,#4187));
#7284=EDGE_LOOP('',(#4188,#4189,#4190));
#7285=EDGE_LOOP('',(#4191,#4192,#4193,#4194,#4195));
#7286=EDGE_LOOP('',(#4196));
#7287=EDGE_LOOP('',(#4197,#4198,#4199,#4200,#4201,#4202,#4203,#4204));
#7288=EDGE_LOOP('',(#4205,#4206,#4207,#4208));
#7289=EDGE_LOOP('',(#4209,#4210,#4211,#4212));
#7290=EDGE_LOOP('',(#4213,#4214,#4215));
#7291=EDGE_LOOP('',(#4216,#4217,#4218));
#7292=EDGE_LOOP('',(#4219,#4220,#4221,#4222,#4223,#4224,#4225));
#7293=EDGE_LOOP('',(#4226,#4227,#4228,#4229,#4230,#4231));
#7294=EDGE_LOOP('',(#4232,#4233,#4234));
#7295=EDGE_LOOP('',(#4235,#4236,#4237));
#7296=FACE_BOUND('',#6519,.T.);
#7297=FACE_BOUND('',#6520,.T.);
#7298=FACE_BOUND('',#6521,.T.);
#7299=FACE_BOUND('',#6522,.T.);
#7300=FACE_BOUND('',#6523,.T.);
#7301=FACE_BOUND('',#6524,.T.);
#7302=FACE_BOUND('',#6525,.T.);
#7303=FACE_BOUND('',#6526,.T.);
#7304=FACE_BOUND('',#6527,.T.);
#7305=FACE_BOUND('',#6528,.T.);
#7306=FACE_BOUND('',#6529,.T.);
#7307=FACE_BOUND('',#6530,.T.);
#7308=FACE_BOUND('',#6531,.T.);
#7309=FACE_BOUND('',#6532,.T.);
#7310=FACE_BOUND('',#6533,.T.);
#7311=FACE_BOUND('',#6534,.T.);
#7312=FACE_BOUND('',#6535,.T.);
#7313=FACE_BOUND('',#6536,.T.);
#7314=FACE_BOUND('',#6537,.T.);
#7315=FACE_BOUND('',#6538,.T.);
#7316=FACE_BOUND('',#6539,.T.);
#7317=FACE_BOUND('',#6540,.T.);
#7318=FACE_BOUND('',#6541,.T.);
#7319=FACE_BOUND('',#6542,.T.);
#7320=FACE_BOUND('',#6543,.T.);
#7321=FACE_BOUND('',#6544,.T.);
#7322=FACE_BOUND('',#6545,.T.);
#7323=FACE_BOUND('',#6546,.T.);
#7324=FACE_BOUND('',#6547,.T.);
#7325=FACE_BOUND('',#6548,.T.);
#7326=FACE_BOUND('',#6549,.T.);
#7327=FACE_BOUND('',#6550,.T.);
#7328=FACE_BOUND('',#6551,.T.);
#7329=FACE_BOUND('',#6552,.T.);
#7330=FACE_BOUND('',#6553,.T.);
#7331=FACE_BOUND('',#6554,.T.);
#7332=FACE_BOUND('',#6555,.T.);
#7333=FACE_BOUND('',#6556,.T.);
#7334=FACE_BOUND('',#6557,.T.);
#7335=FACE_BOUND('',#6558,.T.);
#7336=FACE_BOUND('',#6559,.T.);
#7337=FACE_BOUND('',#6560,.T.);
#7338=FACE_BOUND('',#6561,.T.);
#7339=FACE_BOUND('',#6562,.T.);
#7340=FACE_BOUND('',#6563,.T.);
#7341=FACE_BOUND('',#6564,.T.);
#7342=FACE_BOUND('',#6565,.T.);
#7343=FACE_BOUND('',#6566,.T.);
#7344=FACE_BOUND('',#6567,.T.);
#7345=FACE_BOUND('',#6568,.T.);
#7346=FACE_BOUND('',#6569,.T.);
#7347=FACE_BOUND('',#6570,.T.);
#7348=FACE_BOUND('',#6571,.T.);
#7349=FACE_BOUND('',#6572,.T.);
#7350=FACE_BOUND('',#6573,.T.);
#7351=FACE_BOUND('',#6574,.T.);
#7352=FACE_BOUND('',#6575,.T.);
#7353=FACE_BOUND('',#6576,.T.);
#7354=FACE_BOUND('',#6577,.T.);
#7355=FACE_BOUND('',#6578,.T.);
#7356=FACE_BOUND('',#6579,.T.);
#7357=FACE_BOUND('',#6580,.T.);
#7358=FACE_BOUND('',#6581,.T.);
#7359=FACE_BOUND('',#6582,.T.);
#7360=FACE_BOUND('',#6583,.T.);
#7361=FACE_BOUND('',#6584,.T.);
#7362=FACE_BOUND('',#6585,.T.);
#7363=FACE_BOUND('',#6586,.T.);
#7364=FACE_BOUND('',#6587,.T.);
#7365=FACE_BOUND('',#6588,.T.);
#7366=FACE_BOUND('',#6589,.T.);
#7367=FACE_BOUND('',#6590,.T.);
#7368=FACE_BOUND('',#6591,.T.);
#7369=FACE_BOUND('',#6592,.T.);
#7370=FACE_BOUND('',#6593,.T.);
#7371=FACE_BOUND('',#6594,.T.);
#7372=FACE_BOUND('',#6595,.T.);
#7373=FACE_BOUND('',#6596,.T.);
#7374=FACE_BOUND('',#6597,.T.);
#7375=FACE_BOUND('',#6598,.T.);
#7376=FACE_BOUND('',#6599,.T.);
#7377=FACE_BOUND('',#6600,.T.);
#7378=FACE_BOUND('',#6601,.T.);
#7379=FACE_BOUND('',#6602,.T.);
#7380=FACE_BOUND('',#6603,.T.);
#7381=FACE_BOUND('',#6604,.T.);
#7382=FACE_BOUND('',#6605,.T.);
#7383=FACE_BOUND('',#6606,.T.);
#7384=FACE_BOUND('',#6607,.T.);
#7385=FACE_BOUND('',#6608,.T.);
#7386=FACE_BOUND('',#6609,.T.);
#7387=FACE_BOUND('',#6610,.T.);
#7388=FACE_BOUND('',#6611,.T.);
#7389=FACE_BOUND('',#6612,.T.);
#7390=FACE_BOUND('',#6613,.T.);
#7391=FACE_BOUND('',#6614,.T.);
#7392=FACE_BOUND('',#6615,.T.);
#7393=FACE_BOUND('',#6616,.T.);
#7394=FACE_BOUND('',#6617,.T.);
#7395=FACE_BOUND('',#6618,.T.);
#7396=FACE_BOUND('',#6619,.T.);
#7397=FACE_BOUND('',#6620,.T.);
#7398=FACE_BOUND('',#6621,.T.);
#7399=FACE_BOUND('',#6622,.T.);
#7400=FACE_BOUND('',#6623,.T.);
#7401=FACE_BOUND('',#6624,.T.);
#7402=FACE_BOUND('',#6625,.T.);
#7403=FACE_BOUND('',#6626,.T.);
#7404=FACE_BOUND('',#6627,.T.);
#7405=FACE_BOUND('',#6628,.T.);
#7406=FACE_BOUND('',#6629,.T.);
#7407=FACE_BOUND('',#6630,.T.);
#7408=FACE_BOUND('',#6631,.T.);
#7409=FACE_BOUND('',#6632,.T.);
#7410=FACE_BOUND('',#6633,.T.);
#7411=FACE_BOUND('',#6634,.T.);
#7412=FACE_BOUND('',#6635,.T.);
#7413=FACE_BOUND('',#6636,.T.);
#7414=FACE_BOUND('',#6637,.T.);
#7415=FACE_BOUND('',#6638,.T.);
#7416=FACE_BOUND('',#6639,.T.);
#7417=FACE_BOUND('',#6640,.T.);
#7418=FACE_BOUND('',#6641,.T.);
#7419=FACE_BOUND('',#6642,.T.);
#7420=FACE_BOUND('',#6643,.T.);
#7421=FACE_BOUND('',#6644,.T.);
#7422=FACE_BOUND('',#6645,.T.);
#7423=FACE_BOUND('',#6646,.T.);
#7424=FACE_BOUND('',#6647,.T.);
#7425=FACE_BOUND('',#6648,.T.);
#7426=FACE_BOUND('',#6649,.T.);
#7427=FACE_BOUND('',#6650,.T.);
#7428=FACE_BOUND('',#6651,.T.);
#7429=FACE_BOUND('',#6652,.T.);
#7430=FACE_BOUND('',#6653,.T.);
#7431=FACE_BOUND('',#6654,.T.);
#7432=FACE_BOUND('',#6655,.T.);
#7433=FACE_BOUND('',#6656,.T.);
#7434=FACE_BOUND('',#6657,.T.);
#7435=FACE_BOUND('',#6658,.T.);
#7436=FACE_BOUND('',#6659,.T.);
#7437=FACE_BOUND('',#6660,.T.);
#7438=FACE_BOUND('',#6661,.T.);
#7439=FACE_BOUND('',#6662,.T.);
#7440=FACE_BOUND('',#6663,.T.);
#7441=FACE_BOUND('',#6664,.T.);
#7442=FACE_BOUND('',#6665,.T.);
#7443=FACE_BOUND('',#6666,.T.);
#7444=FACE_BOUND('',#6667,.T.);
#7445=FACE_BOUND('',#6668,.T.);
#7446=FACE_BOUND('',#6669,.T.);
#7447=FACE_BOUND('',#6670,.T.);
#7448=FACE_BOUND('',#6671,.T.);
#7449=FACE_BOUND('',#6672,.T.);
#7450=FACE_BOUND('',#6673,.T.);
#7451=FACE_BOUND('',#6674,.T.);
#7452=FACE_BOUND('',#6675,.T.);
#7453=FACE_BOUND('',#6676,.T.);
#7454=FACE_BOUND('',#6677,.T.);
#7455=FACE_BOUND('',#6678,.T.);
#7456=FACE_BOUND('',#6679,.T.);
#7457=FACE_BOUND('',#6680,.T.);
#7458=FACE_BOUND('',#6681,.T.);
#7459=FACE_BOUND('',#6682,.T.);
#7460=FACE_BOUND('',#6683,.T.);
#7461=FACE_BOUND('',#6684,.T.);
#7462=FACE_BOUND('',#6685,.T.);
#7463=FACE_BOUND('',#6686,.T.);
#7464=FACE_BOUND('',#6687,.T.);
#7465=FACE_BOUND('',#6688,.T.);
#7466=FACE_BOUND('',#6689,.T.);
#7467=FACE_BOUND('',#6690,.T.);
#7468=FACE_BOUND('',#6691,.T.);
#7469=FACE_BOUND('',#6692,.T.);
#7470=FACE_BOUND('',#6693,.T.);
#7471=FACE_BOUND('',#6694,.T.);
#7472=FACE_BOUND('',#6695,.T.);
#7473=FACE_BOUND('',#6696,.T.);
#7474=FACE_BOUND('',#6697,.T.);
#7475=FACE_BOUND('',#6698,.T.);
#7476=FACE_BOUND('',#6699,.T.);
#7477=FACE_BOUND('',#6700,.T.);
#7478=FACE_BOUND('',#6701,.T.);
#7479=FACE_BOUND('',#6702,.T.);
#7480=FACE_BOUND('',#6703,.T.);
#7481=FACE_BOUND('',#6704,.T.);
#7482=FACE_BOUND('',#6705,.T.);
#7483=FACE_BOUND('',#6706,.T.);
#7484=FACE_BOUND('',#6707,.T.);
#7485=FACE_BOUND('',#6708,.T.);
#7486=FACE_BOUND('',#6709,.T.);
#7487=FACE_BOUND('',#6710,.T.);
#7488=FACE_BOUND('',#6711,.T.);
#7489=FACE_BOUND('',#6712,.T.);
#7490=FACE_BOUND('',#6713,.T.);
#7491=FACE_BOUND('',#6714,.T.);
#7492=FACE_BOUND('',#6715,.T.);
#7493=FACE_BOUND('',#6716,.T.);
#7494=FACE_BOUND('',#6717,.T.);
#7495=FACE_BOUND('',#6718,.T.);
#7496=FACE_BOUND('',#6719,.T.);
#7497=FACE_BOUND('',#6720,.T.);
#7498=FACE_BOUND('',#6721,.T.);
#7499=FACE_BOUND('',#6722,.T.);
#7500=FACE_BOUND('',#6723,.T.);
#7501=FACE_BOUND('',#6724,.T.);
#7502=FACE_BOUND('',#6725,.T.);
#7503=FACE_BOUND('',#6726,.T.);
#7504=FACE_BOUND('',#6727,.T.);
#7505=FACE_BOUND('',#6728,.T.);
#7506=FACE_BOUND('',#6729,.T.);
#7507=FACE_BOUND('',#6730,.T.);
#7508=FACE_BOUND('',#6731,.T.);
#7509=FACE_BOUND('',#6732,.T.);
#7510=FACE_BOUND('',#6733,.T.);
#7511=FACE_BOUND('',#6734,.T.);
#7512=FACE_BOUND('',#6735,.T.);
#7513=FACE_BOUND('',#6736,.T.);
#7514=FACE_BOUND('',#6737,.T.);
#7515=FACE_BOUND('',#6738,.T.);
#7516=FACE_BOUND('',#6739,.T.);
#7517=FACE_BOUND('',#6740,.T.);
#7518=FACE_BOUND('',#6741,.T.);
#7519=FACE_BOUND('',#6742,.T.);
#7520=FACE_BOUND('',#6743,.T.);
#7521=FACE_BOUND('',#6744,.T.);
#7522=FACE_BOUND('',#6745,.T.);
#7523=FACE_BOUND('',#6746,.T.);
#7524=FACE_BOUND('',#6747,.T.);
#7525=FACE_BOUND('',#6748,.T.);
#7526=FACE_BOUND('',#6749,.T.);
#7527=FACE_BOUND('',#6750,.T.);
#7528=FACE_BOUND('',#6751,.T.);
#7529=FACE_BOUND('',#6752,.T.);
#7530=FACE_BOUND('',#6753,.T.);
#7531=FACE_BOUND('',#6754,.T.);
#7532=FACE_BOUND('',#6755,.T.);
#7533=FACE_BOUND('',#6756,.T.);
#7534=FACE_BOUND('',#6757,.T.);
#7535=FACE_BOUND('',#6758,.T.);
#7536=FACE_BOUND('',#6759,.T.);
#7537=FACE_BOUND('',#6760,.T.);
#7538=FACE_BOUND('',#6761,.T.);
#7539=FACE_BOUND('',#6762,.T.);
#7540=FACE_BOUND('',#6763,.T.);
#7541=FACE_BOUND('',#6764,.T.);
#7542=FACE_BOUND('',#6765,.T.);
#7543=FACE_BOUND('',#6766,.T.);
#7544=FACE_BOUND('',#6767,.T.);
#7545=FACE_BOUND('',#6768,.T.);
#7546=FACE_BOUND('',#6769,.T.);
#7547=FACE_BOUND('',#6770,.T.);
#7548=FACE_BOUND('',#6771,.T.);
#7549=FACE_BOUND('',#6772,.T.);
#7550=FACE_BOUND('',#6773,.T.);
#7551=FACE_BOUND('',#6774,.T.);
#7552=FACE_BOUND('',#6775,.T.);
#7553=FACE_BOUND('',#6776,.T.);
#7554=FACE_BOUND('',#6777,.T.);
#7555=FACE_BOUND('',#6778,.T.);
#7556=FACE_BOUND('',#6779,.T.);
#7557=FACE_BOUND('',#6780,.T.);
#7558=FACE_BOUND('',#6781,.T.);
#7559=FACE_BOUND('',#6782,.T.);
#7560=FACE_BOUND('',#6783,.T.);
#7561=FACE_BOUND('',#6784,.T.);
#7562=FACE_BOUND('',#6785,.T.);
#7563=FACE_BOUND('',#6786,.T.);
#7564=FACE_BOUND('',#6787,.T.);
#7565=FACE_BOUND('',#6788,.T.);
#7566=FACE_BOUND('',#6789,.T.);
#7567=FACE_BOUND('',#6790,.T.);
#7568=FACE_BOUND('',#6791,.T.);
#7569=FACE_BOUND('',#6792,.T.);
#7570=FACE_BOUND('',#6793,.T.);
#7571=FACE_BOUND('',#6794,.T.);
#7572=FACE_BOUND('',#6795,.T.);
#7573=FACE_BOUND('',#6796,.T.);
#7574=FACE_BOUND('',#6797,.T.);
#7575=FACE_BOUND('',#6798,.T.);
#7576=FACE_BOUND('',#6799,.T.);
#7577=FACE_BOUND('',#6800,.T.);
#7578=FACE_BOUND('',#6801,.T.);
#7579=FACE_BOUND('',#6802,.T.);
#7580=FACE_BOUND('',#6803,.T.);
#7581=FACE_BOUND('',#6804,.T.);
#7582=FACE_BOUND('',#6805,.T.);
#7583=FACE_BOUND('',#6806,.T.);
#7584=FACE_BOUND('',#6807,.T.);
#7585=FACE_BOUND('',#6808,.T.);
#7586=FACE_BOUND('',#6809,.T.);
#7587=FACE_BOUND('',#6810,.T.);
#7588=FACE_BOUND('',#6811,.T.);
#7589=FACE_BOUND('',#6812,.T.);
#7590=FACE_BOUND('',#6813,.T.);
#7591=FACE_BOUND('',#6814,.T.);
#7592=FACE_BOUND('',#6815,.T.);
#7593=FACE_BOUND('',#6816,.T.);
#7594=FACE_BOUND('',#6817,.T.);
#7595=FACE_BOUND('',#6818,.T.);
#7596=FACE_BOUND('',#6819,.T.);
#7597=FACE_BOUND('',#6820,.T.);
#7598=FACE_BOUND('',#6821,.T.);
#7599=FACE_BOUND('',#6822,.T.);
#7600=FACE_BOUND('',#6823,.T.);
#7601=FACE_BOUND('',#6824,.T.);
#7602=FACE_BOUND('',#6825,.T.);
#7603=FACE_BOUND('',#6826,.T.);
#7604=FACE_BOUND('',#6827,.T.);
#7605=FACE_BOUND('',#6828,.T.);
#7606=FACE_BOUND('',#6829,.T.);
#7607=FACE_BOUND('',#6830,.T.);
#7608=FACE_BOUND('',#6831,.T.);
#7609=FACE_BOUND('',#6832,.T.);
#7610=FACE_BOUND('',#6833,.T.);
#7611=FACE_BOUND('',#6834,.T.);
#7612=FACE_BOUND('',#6835,.T.);
#7613=FACE_BOUND('',#6836,.T.);
#7614=FACE_BOUND('',#6837,.T.);
#7615=FACE_BOUND('',#6838,.T.);
#7616=FACE_BOUND('',#6839,.T.);
#7617=FACE_BOUND('',#6840,.T.);
#7618=FACE_BOUND('',#6841,.T.);
#7619=FACE_BOUND('',#6842,.T.);
#7620=FACE_BOUND('',#6843,.T.);
#7621=FACE_BOUND('',#6844,.T.);
#7622=FACE_BOUND('',#6845,.T.);
#7623=FACE_BOUND('',#6846,.T.);
#7624=FACE_BOUND('',#6847,.T.);
#7625=FACE_BOUND('',#6848,.T.);
#7626=FACE_BOUND('',#6849,.T.);
#7627=FACE_BOUND('',#6850,.T.);
#7628=FACE_BOUND('',#6851,.T.);
#7629=FACE_BOUND('',#6852,.T.);
#7630=FACE_BOUND('',#6853,.T.);
#7631=FACE_BOUND('',#6854,.T.);
#7632=FACE_BOUND('',#6855,.T.);
#7633=FACE_BOUND('',#6856,.T.);
#7634=FACE_BOUND('',#6857,.T.);
#7635=FACE_BOUND('',#6858,.T.);
#7636=FACE_BOUND('',#6859,.T.);
#7637=FACE_BOUND('',#6860,.T.);
#7638=FACE_BOUND('',#6861,.T.);
#7639=FACE_BOUND('',#6862,.T.);
#7640=FACE_BOUND('',#6863,.T.);
#7641=FACE_BOUND('',#6864,.T.);
#7642=FACE_BOUND('',#6865,.T.);
#7643=FACE_BOUND('',#6866,.T.);
#7644=FACE_BOUND('',#6867,.T.);
#7645=FACE_BOUND('',#6868,.T.);
#7646=FACE_BOUND('',#6869,.T.);
#7647=FACE_BOUND('',#6870,.T.);
#7648=FACE_BOUND('',#6871,.T.);
#7649=FACE_BOUND('',#6872,.T.);
#7650=FACE_BOUND('',#6873,.T.);
#7651=FACE_BOUND('',#6874,.T.);
#7652=FACE_BOUND('',#6875,.T.);
#7653=FACE_BOUND('',#6876,.T.);
#7654=FACE_BOUND('',#6877,.T.);
#7655=FACE_BOUND('',#6878,.T.);
#7656=FACE_BOUND('',#6879,.T.);
#7657=FACE_BOUND('',#6880,.T.);
#7658=FACE_BOUND('',#6881,.T.);
#7659=FACE_BOUND('',#6882,.T.);
#7660=FACE_BOUND('',#6883,.T.);
#7661=FACE_BOUND('',#6884,.T.);
#7662=FACE_BOUND('',#6885,.T.);
#7663=FACE_BOUND('',#6886,.T.);
#7664=FACE_BOUND('',#6887,.T.);
#7665=FACE_BOUND('',#6888,.T.);
#7666=FACE_BOUND('',#6889,.T.);
#7667=FACE_BOUND('',#6890,.T.);
#7668=FACE_BOUND('',#6891,.T.);
#7669=FACE_BOUND('',#6892,.T.);
#7670=FACE_BOUND('',#6893,.T.);
#7671=FACE_BOUND('',#6894,.T.);
#7672=FACE_BOUND('',#6895,.T.);
#7673=FACE_BOUND('',#6896,.T.);
#7674=FACE_BOUND('',#6897,.T.);
#7675=FACE_BOUND('',#6898,.T.);
#7676=FACE_BOUND('',#6899,.T.);
#7677=FACE_BOUND('',#6900,.T.);
#7678=FACE_BOUND('',#6901,.T.);
#7679=FACE_BOUND('',#6902,.T.);
#7680=FACE_BOUND('',#6903,.T.);
#7681=FACE_BOUND('',#6904,.T.);
#7682=FACE_BOUND('',#6905,.T.);
#7683=FACE_BOUND('',#6906,.T.);
#7684=FACE_BOUND('',#6907,.T.);
#7685=FACE_BOUND('',#6908,.T.);
#7686=FACE_BOUND('',#6909,.T.);
#7687=FACE_BOUND('',#6910,.T.);
#7688=FACE_BOUND('',#6911,.T.);
#7689=FACE_BOUND('',#6912,.T.);
#7690=FACE_BOUND('',#6913,.T.);
#7691=FACE_BOUND('',#6914,.T.);
#7692=FACE_BOUND('',#6915,.T.);
#7693=FACE_BOUND('',#6916,.T.);
#7694=FACE_BOUND('',#6917,.T.);
#7695=FACE_BOUND('',#6918,.T.);
#7696=FACE_BOUND('',#6919,.T.);
#7697=FACE_BOUND('',#6920,.T.);
#7698=FACE_BOUND('',#6921,.T.);
#7699=FACE_BOUND('',#6922,.T.);
#7700=FACE_BOUND('',#6923,.T.);
#7701=FACE_BOUND('',#6924,.T.);
#7702=FACE_BOUND('',#6925,.T.);
#7703=FACE_BOUND('',#6926,.T.);
#7704=FACE_BOUND('',#6927,.T.);
#7705=FACE_BOUND('',#6928,.T.);
#7706=FACE_BOUND('',#6929,.T.);
#7707=FACE_BOUND('',#6930,.T.);
#7708=FACE_BOUND('',#6931,.T.);
#7709=FACE_BOUND('',#6932,.T.);
#7710=FACE_BOUND('',#6933,.T.);
#7711=FACE_BOUND('',#6934,.T.);
#7712=FACE_BOUND('',#6935,.T.);
#7713=FACE_BOUND('',#6936,.T.);
#7714=FACE_BOUND('',#6937,.T.);
#7715=FACE_BOUND('',#6938,.T.);
#7716=FACE_BOUND('',#6939,.T.);
#7717=FACE_BOUND('',#6940,.T.);
#7718=FACE_BOUND('',#6941,.T.);
#7719=FACE_BOUND('',#6942,.T.);
#7720=FACE_BOUND('',#6943,.T.);
#7721=FACE_BOUND('',#6944,.T.);
#7722=FACE_BOUND('',#6945,.T.);
#7723=FACE_BOUND('',#6946,.T.);
#7724=FACE_BOUND('',#6947,.T.);
#7725=FACE_BOUND('',#6948,.T.);
#7726=FACE_BOUND('',#6949,.T.);
#7727=FACE_BOUND('',#6950,.T.);
#7728=FACE_BOUND('',#6951,.T.);
#7729=FACE_BOUND('',#6952,.T.);
#7730=FACE_BOUND('',#6953,.T.);
#7731=FACE_BOUND('',#6954,.T.);
#7732=FACE_BOUND('',#6955,.T.);
#7733=FACE_BOUND('',#6956,.T.);
#7734=FACE_BOUND('',#6957,.T.);
#7735=FACE_BOUND('',#6958,.T.);
#7736=FACE_BOUND('',#6959,.T.);
#7737=FACE_BOUND('',#6960,.T.);
#7738=FACE_BOUND('',#6961,.T.);
#7739=FACE_BOUND('',#6962,.T.);
#7740=FACE_BOUND('',#6963,.T.);
#7741=FACE_BOUND('',#6964,.T.);
#7742=FACE_BOUND('',#6965,.T.);
#7743=FACE_BOUND('',#6966,.T.);
#7744=FACE_BOUND('',#6967,.T.);
#7745=FACE_BOUND('',#6968,.T.);
#7746=FACE_BOUND('',#6969,.T.);
#7747=FACE_BOUND('',#6970,.T.);
#7748=FACE_BOUND('',#6971,.T.);
#7749=FACE_BOUND('',#6972,.T.);
#7750=FACE_BOUND('',#6973,.T.);
#7751=FACE_BOUND('',#6974,.T.);
#7752=FACE_BOUND('',#6975,.T.);
#7753=FACE_BOUND('',#6976,.T.);
#7754=FACE_BOUND('',#6977,.T.);
#7755=FACE_BOUND('',#6978,.T.);
#7756=FACE_BOUND('',#6979,.T.);
#7757=FACE_BOUND('',#6980,.T.);
#7758=FACE_BOUND('',#6981,.T.);
#7759=FACE_BOUND('',#6982,.T.);
#7760=FACE_BOUND('',#6983,.T.);
#7761=FACE_BOUND('',#6984,.T.);
#7762=FACE_BOUND('',#6985,.T.);
#7763=FACE_BOUND('',#6986,.T.);
#7764=FACE_BOUND('',#6987,.T.);
#7765=FACE_BOUND('',#6988,.T.);
#7766=FACE_BOUND('',#6989,.T.);
#7767=FACE_BOUND('',#6990,.T.);
#7768=FACE_BOUND('',#6991,.T.);
#7769=FACE_BOUND('',#6992,.T.);
#7770=FACE_BOUND('',#6993,.T.);
#7771=FACE_BOUND('',#6994,.T.);
#7772=FACE_BOUND('',#6995,.T.);
#7773=FACE_BOUND('',#6996,.T.);
#7774=FACE_BOUND('',#6997,.T.);
#7775=FACE_BOUND('',#6998,.T.);
#7776=FACE_BOUND('',#6999,.T.);
#7777=FACE_BOUND('',#7000,.T.);
#7778=FACE_BOUND('',#7001,.T.);
#7779=FACE_BOUND('',#7002,.T.);
#7780=FACE_BOUND('',#7003,.T.);
#7781=FACE_BOUND('',#7004,.T.);
#7782=FACE_BOUND('',#7005,.T.);
#7783=FACE_BOUND('',#7006,.T.);
#7784=FACE_BOUND('',#7007,.T.);
#7785=FACE_BOUND('',#7008,.T.);
#7786=FACE_BOUND('',#7009,.T.);
#7787=FACE_BOUND('',#7010,.T.);
#7788=FACE_BOUND('',#7011,.T.);
#7789=FACE_BOUND('',#7012,.T.);
#7790=FACE_BOUND('',#7013,.T.);
#7791=FACE_BOUND('',#7014,.T.);
#7792=FACE_BOUND('',#7015,.T.);
#7793=FACE_BOUND('',#7016,.T.);
#7794=FACE_BOUND('',#7017,.T.);
#7795=FACE_BOUND('',#7018,.T.);
#7796=FACE_BOUND('',#7019,.T.);
#7797=FACE_BOUND('',#7020,.T.);
#7798=FACE_BOUND('',#7021,.T.);
#7799=FACE_BOUND('',#7022,.T.);
#7800=FACE_BOUND('',#7023,.T.);
#7801=FACE_BOUND('',#7024,.T.);
#7802=FACE_BOUND('',#7025,.T.);
#7803=FACE_BOUND('',#7026,.T.);
#7804=FACE_BOUND('',#7027,.T.);
#7805=FACE_BOUND('',#7028,.T.);
#7806=FACE_BOUND('',#7029,.T.);
#7807=FACE_BOUND('',#7030,.T.);
#7808=FACE_BOUND('',#7031,.T.);
#7809=FACE_BOUND('',#7032,.T.);
#7810=FACE_BOUND('',#7033,.T.);
#7811=FACE_BOUND('',#7034,.T.);
#7812=FACE_BOUND('',#7035,.T.);
#7813=FACE_BOUND('',#7036,.T.);
#7814=FACE_BOUND('',#7037,.T.);
#7815=FACE_BOUND('',#7038,.T.);
#7816=FACE_BOUND('',#7039,.T.);
#7817=FACE_BOUND('',#7040,.T.);
#7818=FACE_BOUND('',#7041,.T.);
#7819=FACE_BOUND('',#7042,.T.);
#7820=FACE_BOUND('',#7043,.T.);
#7821=FACE_BOUND('',#7044,.T.);
#7822=FACE_BOUND('',#7045,.T.);
#7823=FACE_BOUND('',#7046,.T.);
#7824=FACE_BOUND('',#7047,.T.);
#7825=FACE_BOUND('',#7048,.T.);
#7826=FACE_BOUND('',#7049,.T.);
#7827=FACE_BOUND('',#7050,.T.);
#7828=FACE_BOUND('',#7051,.T.);
#7829=FACE_BOUND('',#7052,.T.);
#7830=FACE_BOUND('',#7053,.T.);
#7831=FACE_BOUND('',#7054,.T.);
#7832=FACE_BOUND('',#7055,.T.);
#7833=FACE_BOUND('',#7056,.T.);
#7834=FACE_BOUND('',#7057,.T.);
#7835=FACE_BOUND('',#7058,.T.);
#7836=FACE_BOUND('',#7059,.T.);
#7837=FACE_BOUND('',#7060,.T.);
#7838=FACE_BOUND('',#7061,.T.);
#7839=FACE_BOUND('',#7062,.T.);
#7840=FACE_BOUND('',#7063,.T.);
#7841=FACE_BOUND('',#7064,.T.);
#7842=FACE_BOUND('',#7065,.T.);
#7843=FACE_BOUND('',#7066,.T.);
#7844=FACE_BOUND('',#7067,.T.);
#7845=FACE_BOUND('',#7068,.T.);
#7846=FACE_BOUND('',#7069,.T.);
#7847=FACE_BOUND('',#7070,.T.);
#7848=FACE_BOUND('',#7071,.T.);
#7849=FACE_BOUND('',#7072,.T.);
#7850=FACE_BOUND('',#7073,.T.);
#7851=FACE_BOUND('',#7074,.T.);
#7852=FACE_BOUND('',#7075,.T.);
#7853=FACE_BOUND('',#7076,.T.);
#7854=FACE_BOUND('',#7077,.T.);
#7855=FACE_BOUND('',#7078,.T.);
#7856=FACE_BOUND('',#7079,.T.);
#7857=FACE_BOUND('',#7080,.T.);
#7858=FACE_BOUND('',#7081,.T.);
#7859=FACE_BOUND('',#7082,.T.);
#7860=FACE_BOUND('',#7083,.T.);
#7861=FACE_BOUND('',#7084,.T.);
#7862=FACE_BOUND('',#7085,.T.);
#7863=FACE_BOUND('',#7086,.T.);
#7864=FACE_BOUND('',#7087,.T.);
#7865=FACE_BOUND('',#7088,.T.);
#7866=FACE_BOUND('',#7089,.T.);
#7867=FACE_BOUND('',#7090,.T.);
#7868=FACE_BOUND('',#7091,.T.);
#7869=FACE_BOUND('',#7092,.T.);
#7870=FACE_BOUND('',#7093,.T.);
#7871=FACE_BOUND('',#7094,.T.);
#7872=FACE_BOUND('',#7095,.T.);
#7873=FACE_BOUND('',#7096,.T.);
#7874=FACE_BOUND('',#7097,.T.);
#7875=FACE_BOUND('',#7098,.T.);
#7876=FACE_BOUND('',#7099,.T.);
#7877=FACE_BOUND('',#7100,.T.);
#7878=FACE_BOUND('',#7101,.T.);
#7879=FACE_BOUND('',#7102,.T.);
#7880=FACE_BOUND('',#7103,.T.);
#7881=FACE_BOUND('',#7104,.T.);
#7882=FACE_BOUND('',#7105,.T.);
#7883=FACE_BOUND('',#7106,.T.);
#7884=FACE_BOUND('',#7107,.T.);
#7885=FACE_BOUND('',#7108,.T.);
#7886=FACE_BOUND('',#7109,.T.);
#7887=FACE_BOUND('',#7110,.T.);
#7888=FACE_BOUND('',#7111,.T.);
#7889=FACE_BOUND('',#7112,.T.);
#7890=FACE_BOUND('',#7113,.T.);
#7891=FACE_BOUND('',#7114,.T.);
#7892=FACE_BOUND('',#7115,.T.);
#7893=FACE_BOUND('',#7116,.T.);
#7894=FACE_BOUND('',#7117,.T.);
#7895=FACE_BOUND('',#7118,.T.);
#7896=FACE_BOUND('',#7119,.T.);
#7897=FACE_BOUND('',#7120,.T.);
#7898=FACE_BOUND('',#7121,.T.);
#7899=FACE_BOUND('',#7122,.T.);
#7900=FACE_BOUND('',#7123,.T.);
#7901=FACE_BOUND('',#7124,.T.);
#7902=FACE_BOUND('',#7125,.T.);
#7903=FACE_BOUND('',#7126,.T.);
#7904=FACE_BOUND('',#7127,.T.);
#7905=FACE_BOUND('',#7128,.T.);
#7906=FACE_BOUND('',#7129,.T.);
#7907=FACE_BOUND('',#7130,.T.);
#7908=FACE_BOUND('',#7131,.T.);
#7909=FACE_BOUND('',#7132,.T.);
#7910=FACE_BOUND('',#7133,.T.);
#7911=FACE_BOUND('',#7134,.T.);
#7912=FACE_BOUND('',#7135,.T.);
#7913=FACE_BOUND('',#7136,.T.);
#7914=FACE_BOUND('',#7137,.T.);
#7915=FACE_BOUND('',#7138,.T.);
#7916=FACE_BOUND('',#7139,.T.);
#7917=FACE_BOUND('',#7140,.T.);
#7918=FACE_BOUND('',#7141,.T.);
#7919=FACE_BOUND('',#7142,.T.);
#7920=FACE_BOUND('',#7143,.T.);
#7921=FACE_BOUND('',#7144,.T.);
#7922=FACE_BOUND('',#7145,.T.);
#7923=FACE_BOUND('',#7146,.T.);
#7924=FACE_BOUND('',#7147,.T.);
#7925=FACE_BOUND('',#7148,.T.);
#7926=FACE_BOUND('',#7149,.T.);
#7927=FACE_BOUND('',#7150,.T.);
#7928=FACE_BOUND('',#7151,.T.);
#7929=FACE_BOUND('',#7152,.T.);
#7930=FACE_BOUND('',#7153,.T.);
#7931=FACE_BOUND('',#7154,.T.);
#7932=FACE_BOUND('',#7155,.T.);
#7933=FACE_BOUND('',#7156,.T.);
#7934=FACE_BOUND('',#7157,.T.);
#7935=FACE_BOUND('',#7158,.T.);
#7936=FACE_BOUND('',#7159,.T.);
#7937=FACE_BOUND('',#7160,.T.);
#7938=FACE_BOUND('',#7161,.T.);
#7939=FACE_BOUND('',#7162,.T.);
#7940=FACE_BOUND('',#7163,.T.);
#7941=FACE_BOUND('',#7164,.T.);
#7942=FACE_BOUND('',#7165,.T.);
#7943=FACE_BOUND('',#7166,.T.);
#7944=FACE_BOUND('',#7167,.T.);
#7945=FACE_BOUND('',#7168,.T.);
#7946=FACE_BOUND('',#7169,.T.);
#7947=FACE_BOUND('',#7170,.T.);
#7948=FACE_BOUND('',#7171,.T.);
#7949=FACE_BOUND('',#7172,.T.);
#7950=FACE_BOUND('',#7173,.T.);
#7951=FACE_BOUND('',#7174,.T.);
#7952=FACE_BOUND('',#7175,.T.);
#7953=FACE_BOUND('',#7176,.T.);
#7954=FACE_BOUND('',#7177,.T.);
#7955=FACE_BOUND('',#7178,.T.);
#7956=FACE_BOUND('',#7179,.T.);
#7957=FACE_BOUND('',#7180,.T.);
#7958=FACE_BOUND('',#7181,.T.);
#7959=FACE_BOUND('',#7182,.T.);
#7960=FACE_BOUND('',#7183,.T.);
#7961=FACE_BOUND('',#7184,.T.);
#7962=FACE_BOUND('',#7185,.T.);
#7963=FACE_BOUND('',#7186,.T.);
#7964=FACE_BOUND('',#7187,.T.);
#7965=FACE_BOUND('',#7188,.T.);
#7966=FACE_BOUND('',#7189,.T.);
#7967=FACE_BOUND('',#7190,.T.);
#7968=FACE_BOUND('',#7191,.T.);
#7969=FACE_BOUND('',#7192,.T.);
#7970=FACE_BOUND('',#7193,.T.);
#7971=FACE_BOUND('',#7194,.T.);
#7972=FACE_BOUND('',#7195,.T.);
#7973=FACE_BOUND('',#7196,.T.);
#7974=FACE_BOUND('',#7197,.T.);
#7975=FACE_BOUND('',#7198,.T.);
#7976=FACE_BOUND('',#7199,.T.);
#7977=FACE_BOUND('',#7200,.T.);
#7978=FACE_BOUND('',#7201,.T.);
#7979=FACE_BOUND('',#7202,.T.);
#7980=FACE_BOUND('',#7203,.T.);
#7981=FACE_BOUND('',#7204,.T.);
#7982=FACE_BOUND('',#7205,.T.);
#7983=FACE_BOUND('',#7206,.T.);
#7984=FACE_BOUND('',#7207,.T.);
#7985=FACE_BOUND('',#7208,.T.);
#7986=FACE_BOUND('',#7209,.T.);
#7987=FACE_BOUND('',#7210,.T.);
#7988=FACE_BOUND('',#7211,.T.);
#7989=FACE_BOUND('',#7212,.T.);
#7990=FACE_BOUND('',#7213,.T.);
#7991=FACE_BOUND('',#7214,.T.);
#7992=FACE_BOUND('',#7215,.T.);
#7993=FACE_BOUND('',#7216,.T.);
#7994=FACE_BOUND('',#7217,.T.);
#7995=FACE_BOUND('',#7218,.T.);
#7996=FACE_BOUND('',#7219,.T.);
#7997=FACE_BOUND('',#7220,.T.);
#7998=FACE_BOUND('',#7221,.T.);
#7999=FACE_BOUND('',#7222,.T.);
#8000=FACE_BOUND('',#7223,.T.);
#8001=FACE_BOUND('',#7224,.T.);
#8002=FACE_BOUND('',#7225,.T.);
#8003=FACE_BOUND('',#7226,.T.);
#8004=FACE_BOUND('',#7227,.T.);
#8005=FACE_BOUND('',#7228,.T.);
#8006=FACE_BOUND('',#7229,.T.);
#8007=FACE_BOUND('',#7230,.T.);
#8008=FACE_BOUND('',#7231,.T.);
#8009=FACE_BOUND('',#7232,.T.);
#8010=FACE_BOUND('',#7233,.T.);
#8011=FACE_BOUND('',#7234,.T.);
#8012=FACE_BOUND('',#7235,.T.);
#8013=FACE_BOUND('',#7236,.T.);
#8014=FACE_BOUND('',#7237,.T.);
#8015=FACE_BOUND('',#7238,.T.);
#8016=FACE_BOUND('',#7239,.T.);
#8017=FACE_BOUND('',#7240,.T.);
#8018=FACE_BOUND('',#7241,.T.);
#8019=FACE_BOUND('',#7242,.T.);
#8020=FACE_BOUND('',#7243,.T.);
#8021=FACE_BOUND('',#7244,.T.);
#8022=FACE_BOUND('',#7245,.T.);
#8023=FACE_BOUND('',#7246,.T.);
#8024=FACE_BOUND('',#7247,.T.);
#8025=FACE_BOUND('',#7248,.T.);
#8026=FACE_BOUND('',#7249,.T.);
#8027=FACE_BOUND('',#7250,.T.);
#8028=FACE_BOUND('',#7251,.T.);
#8029=FACE_BOUND('',#7252,.T.);
#8030=FACE_BOUND('',#7253,.T.);
#8031=FACE_BOUND('',#7254,.T.);
#8032=FACE_BOUND('',#7255,.T.);
#8033=FACE_BOUND('',#7256,.T.);
#8034=FACE_BOUND('',#7257,.T.);
#8035=FACE_BOUND('',#7258,.T.);
#8036=FACE_BOUND('',#7259,.T.);
#8037=FACE_BOUND('',#7260,.T.);
#8038=FACE_BOUND('',#7261,.T.);
#8039=FACE_BOUND('',#7262,.T.);
#8040=FACE_BOUND('',#7263,.T.);
#8041=FACE_BOUND('',#7264,.T.);
#8042=FACE_BOUND('',#7265,.T.);
#8043=FACE_BOUND('',#7266,.T.);
#8044=FACE_BOUND('',#7267,.T.);
#8045=FACE_BOUND('',#7268,.T.);
#8046=FACE_BOUND('',#7269,.T.);
#8047=FACE_BOUND('',#7270,.T.);
#8048=FACE_BOUND('',#7271,.T.);
#8049=FACE_BOUND('',#7272,.T.);
#8050=FACE_BOUND('',#7273,.T.);
#8051=FACE_BOUND('',#7274,.T.);
#8052=FACE_BOUND('',#7275,.T.);
#8053=FACE_BOUND('',#7276,.T.);
#8054=FACE_BOUND('',#7277,.T.);
#8055=FACE_BOUND('',#7278,.T.);
#8056=FACE_BOUND('',#7279,.T.);
#8057=FACE_BOUND('',#7280,.T.);
#8058=FACE_BOUND('',#7281,.T.);
#8059=FACE_BOUND('',#7282,.T.);
#8060=FACE_BOUND('',#7283,.T.);
#8061=FACE_BOUND('',#7284,.T.);
#8062=FACE_BOUND('',#7285,.T.);
#8063=FACE_BOUND('',#7286,.T.);
#8064=FACE_BOUND('',#7287,.T.);
#8065=FACE_BOUND('',#7288,.T.);
#8066=FACE_BOUND('',#7289,.T.);
#8067=FACE_BOUND('',#7290,.T.);
#8068=FACE_BOUND('',#7291,.T.);
#8069=FACE_BOUND('',#7292,.T.);
#8070=FACE_BOUND('',#7293,.T.);
#8071=FACE_BOUND('',#7294,.T.);
#8072=FACE_BOUND('',#7295,.T.);
#8073=PLANE('',#8983);
#8074=PLANE('',#8993);
#8075=PLANE('',#9003);
#8076=PLANE('',#9012);
#8077=PLANE('',#9021);
#8078=PLANE('',#9024);
#8079=PLANE('',#9041);
#8080=PLANE('',#9050);
#8081=PLANE('',#9073);
#8082=PLANE('',#9074);
#8083=PLANE('',#9075);
#8084=PLANE('',#9076);
#8085=PLANE('',#9080);
#8086=PLANE('',#9081);
#8087=PLANE('',#9084);
#8088=PLANE('',#9087);
#8089=PLANE('',#9089);
#8090=PLANE('',#9090);
#8091=PLANE('',#9094);
#8092=PLANE('',#9096);
#8093=PLANE('',#9097);
#8094=PLANE('',#9098);
#8095=PLANE('',#9101);
#8096=PLANE('',#9102);
#8097=PLANE('',#9106);
#8098=PLANE('',#9107);
#8099=PLANE('',#9109);
#8100=PLANE('',#9111);
#8101=PLANE('',#9112);
#8102=PLANE('',#9113);
#8103=PLANE('',#9128);
#8104=PLANE('',#9129);
#8105=PLANE('',#9133);
#8106=PLANE('',#9134);
#8107=PLANE('',#9135);
#8108=PLANE('',#9136);
#8109=PLANE('',#9137);
#8110=PLANE('',#9138);
#8111=PLANE('',#9140);
#8112=PLANE('',#9141);
#8113=PLANE('',#9144);
#8114=PLANE('',#9160);
#8115=PLANE('',#9164);
#8116=PLANE('',#9170);
#8117=PLANE('',#9173);
#8118=PLANE('',#9178);
#8119=PLANE('',#9179);
#8120=PLANE('',#9185);
#8121=PLANE('',#9188);
#8122=PLANE('',#9190);
#8123=PLANE('',#9191);
#8124=PLANE('',#9193);
#8125=PLANE('',#9194);
#8126=PLANE('',#9200);
#8127=PLANE('',#9203);
#8128=PLANE('',#9204);
#8129=PLANE('',#9214);
#8130=PLANE('',#9215);
#8131=PLANE('',#9217);
#8132=PLANE('',#9218);
#8133=PLANE('',#9219);
#8134=PLANE('',#9220);
#8135=PLANE('',#9223);
#8136=PLANE('',#9224);
#8137=PLANE('',#9227);
#8138=PLANE('',#9228);
#8139=PLANE('',#9231);
#8140=PLANE('',#9232);
#8141=PLANE('',#9237);
#8142=PLANE('',#9238);
#8143=PLANE('',#9239);
#8144=PLANE('',#9242);
#8145=PLANE('',#9244);
#8146=PLANE('',#9259);
#8147=PLANE('',#9261);
#8148=PLANE('',#9263);
#8149=PLANE('',#9264);
#8150=PLANE('',#9265);
#8151=PLANE('',#9266);
#8152=PLANE('',#9267);
#8153=PLANE('',#9268);
#8154=PLANE('',#9269);
#8155=PLANE('',#9270);
#8156=PLANE('',#9271);
#8157=PLANE('',#9274);
#8158=PLANE('',#9275);
#8159=PLANE('',#9276);
#8160=PLANE('',#9277);
#8161=PLANE('',#9278);
#8162=PLANE('',#9280);
#8163=PLANE('',#9282);
#8164=PLANE('',#9284);
#8165=PLANE('',#9290);
#8166=PLANE('',#9291);
#8167=PLANE('',#9292);
#8168=PLANE('',#9293);
#8169=PLANE('',#9294);
#8170=PLANE('',#9295);
#8171=PLANE('',#9296);
#8172=PLANE('',#9297);
#8173=PLANE('',#9298);
#8174=PLANE('',#9299);
#8175=PLANE('',#9300);
#8176=PLANE('',#9301);
#8177=PLANE('',#9302);
#8178=PLANE('',#9303);
#8179=PLANE('',#9309);
#8180=PLANE('',#9328);
#8181=PLANE('',#9332);
#8182=PLANE('',#9333);
#8183=PLANE('',#9337);
#8184=PLANE('',#9338);
#8185=PLANE('',#9340);
#8186=PLANE('',#9348);
#8187=PLANE('',#9350);
#8188=PLANE('',#9356);
#8189=PLANE('',#9358);
#8190=PLANE('',#9359);
#8191=PLANE('',#9361);
#8192=PLANE('',#9362);
#8193=PLANE('',#9363);
#8194=PLANE('',#9373);
#8195=PLANE('',#9375);
#8196=PLANE('',#9377);
#8197=PLANE('',#9381);
#8198=PLANE('',#9383);
#8199=PLANE('',#9393);
#8200=PLANE('',#9394);
#8201=PLANE('',#9403);
#8202=PLANE('',#9411);
#8203=PLANE('',#9435);
#8204=PLANE('',#9436);
#8205=PLANE('',#9437);
#8206=PLANE('',#9438);
#8207=PLANE('',#9439);
#8208=PLANE('',#9440);
#8209=PLANE('',#9441);
#8210=PLANE('',#9442);
#8211=PLANE('',#9443);
#8212=PLANE('',#9444);
#8213=PLANE('',#9449);
#8214=PLANE('',#9455);
#8215=PLANE('',#9456);
#8216=PLANE('',#9462);
#8217=PLANE('',#9466);
#8218=PLANE('',#9471);
#8219=PLANE('',#9475);
#8220=PLANE('',#9478);
#8221=PLANE('',#9482);
#8222=PLANE('',#9483);
#8223=PLANE('',#9484);
#8224=PLANE('',#9485);
#8225=PLANE('',#9486);
#8226=PLANE('',#9487);
#8227=PLANE('',#9489);
#8228=PLANE('',#9491);
#8229=PLANE('',#9493);
#8230=PLANE('',#9499);
#8231=PLANE('',#9500);
#8232=PLANE('',#9501);
#8233=PLANE('',#9502);
#8234=PLANE('',#9503);
#8235=PLANE('',#9504);
#8236=PLANE('',#9505);
#8237=PLANE('',#9506);
#8238=PLANE('',#9507);
#8239=PLANE('',#9508);
#8240=PLANE('',#9509);
#8241=PLANE('',#9510);
#8242=PLANE('',#9511);
#8243=PLANE('',#9512);
#8244=PLANE('',#9514);
#8245=PLANE('',#9522);
#8246=PLANE('',#9524);
#8247=PLANE('',#9530);
#8248=PLANE('',#9532);
#8249=PLANE('',#9533);
#8250=PLANE('',#9535);
#8251=PLANE('',#9536);
#8252=PLANE('',#9537);
#8253=PLANE('',#9547);
#8254=PLANE('',#9549);
#8255=PLANE('',#9551);
#8256=PLANE('',#9555);
#8257=PLANE('',#9557);
#8258=PLANE('',#9567);
#8259=PLANE('',#9568);
#8260=PLANE('',#9577);
#8261=PLANE('',#9585);
#8262=PLANE('',#9598);
#8263=PLANE('',#9599);
#8264=PLANE('',#9602);
#8265=PLANE('',#9618);
#8266=PLANE('',#9622);
#8267=PLANE('',#9628);
#8268=PLANE('',#9631);
#8269=PLANE('',#9636);
#8270=PLANE('',#9637);
#8271=PLANE('',#9643);
#8272=PLANE('',#9646);
#8273=PLANE('',#9648);
#8274=PLANE('',#9649);
#8275=PLANE('',#9651);
#8276=PLANE('',#9652);
#8277=PLANE('',#9658);
#8278=PLANE('',#9661);
#8279=PLANE('',#9662);
#8280=PLANE('',#9672);
#8281=PLANE('',#9673);
#8282=PLANE('',#9675);
#8283=PLANE('',#9676);
#8284=PLANE('',#9677);
#8285=PLANE('',#9678);
#8286=PLANE('',#9681);
#8287=PLANE('',#9682);
#8288=PLANE('',#9685);
#8289=PLANE('',#9686);
#8290=PLANE('',#9687);
#8291=PLANE('',#9688);
#8292=PLANE('',#9695);
#8293=PLANE('',#9696);
#8294=PLANE('',#9697);
#8295=PLANE('',#9700);
#8296=PLANE('',#9702);
#8297=PLANE('',#9717);
#8298=PLANE('',#9721);
#8299=PLANE('',#9730);
#8300=PLANE('',#9739);
#8301=PLANE('',#9740);
#8302=PLANE('',#9742);
#8303=PLANE('',#9743);
#8304=PLANE('',#9744);
#8305=PLANE('',#9745);
#8306=PLANE('',#9747);
#8307=PLANE('',#9748);
#8308=PLANE('',#9760);
#8309=PLANE('',#9762);
#8310=PLANE('',#9763);
#8311=PLANE('',#9764);
#8312=PLANE('',#9765);
#8313=PLANE('',#9768);
#8314=PLANE('',#9769);
#8315=PLANE('',#9773);
#8316=PLANE('',#9774);
#8317=PLANE('',#9775);
#8318=PLANE('',#9777);
#8319=PLANE('',#9779);
#8320=PLANE('',#9780);
#8321=PLANE('',#9781);
#8322=PLANE('',#9782);
#8323=PLANE('',#9783);
#8324=PLANE('',#9791);
#8325=PLANE('',#9792);
#8326=PLANE('',#9795);
#8327=PLANE('',#9798);
#8328=PLANE('',#9801);
#8329=PLANE('',#9804);
#8330=PLANE('',#9806);
#8331=PLANE('',#9807);
#8332=PLANE('',#9809);
#8333=PLANE('',#9812);
#8334=PLANE('',#9815);
#8335=PLANE('',#9818);
#8336=PLANE('',#9819);
#8337=PLANE('',#9821);
#8338=PLANE('',#9828);
#8339=PLANE('',#9829);
#8340=PLANE('',#9830);
#8341=PLANE('',#9831);
#8342=PLANE('',#9832);
#8343=PLANE('',#9833);
#8344=PLANE('',#9834);
#8345=PLANE('',#9835);
#8346=PLANE('',#9836);
#8347=PLANE('',#9837);
#8348=PLANE('',#9838);
#8349=PLANE('',#9839);
#8350=ADVANCED_FACE('',(#7296,#7297,#7298,#7299,#7300,#7301,#7302,#7303,
#7304,#7305),#8073,.T.);
#8351=ADVANCED_FACE('',(#7306,#7307,#7308,#7309,#7310,#7311,#7312,#7313,
#7314,#7315),#8074,.T.);
#8352=ADVANCED_FACE('',(#7316,#7317,#7318,#7319,#7320,#7321,#7322,#7323),
#8075,.T.);
#8353=ADVANCED_FACE('',(#7324,#7325,#7326,#7327,#7328,#7329,#7330,#7331),
#8076,.T.);
#8354=ADVANCED_FACE('',(#7332),#8077,.T.);
#8355=ADVANCED_FACE('',(#7333),#8078,.F.);
#8356=ADVANCED_FACE('',(#7334),#322,.T.);
#8357=ADVANCED_FACE('',(#7335,#7336),#323,.F.);
#8358=ADVANCED_FACE('',(#7337),#324,.T.);
#8359=ADVANCED_FACE('',(#7338,#7339),#325,.F.);
#8360=ADVANCED_FACE('',(#7340,#7341),#326,.F.);
#8361=ADVANCED_FACE('',(#7342,#7343),#327,.F.);
#8362=ADVANCED_FACE('',(#7344,#7345),#328,.F.);
#8363=ADVANCED_FACE('',(#7346,#7347),#329,.F.);
#8364=ADVANCED_FACE('',(#7348,#7349),#330,.F.);
#8365=ADVANCED_FACE('',(#7350,#7351),#331,.F.);
#8366=ADVANCED_FACE('',(#7352,#7353),#332,.F.);
#8367=ADVANCED_FACE('',(#7354,#7355),#333,.F.);
#8368=ADVANCED_FACE('',(#7356,#7357),#334,.F.);
#8369=ADVANCED_FACE('',(#7358,#7359),#335,.F.);
#8370=ADVANCED_FACE('',(#7360,#7361,#7362,#7363,#7364,#7365,#7366,#7367),
#8079,.T.);
#8371=ADVANCED_FACE('',(#7368,#7369,#7370,#7371,#7372,#7373,#7374,#7375),
#8080,.T.);
#8372=ADVANCED_FACE('',(#7376),#336,.T.);
#8373=ADVANCED_FACE('',(#7377,#7378),#337,.F.);
#8374=ADVANCED_FACE('',(#7379),#338,.T.);
#8375=ADVANCED_FACE('',(#7380,#7381),#339,.F.);
#8376=ADVANCED_FACE('',(#7382,#7383),#340,.F.);
#8377=ADVANCED_FACE('',(#7384,#7385),#341,.F.);
#8378=ADVANCED_FACE('',(#7386,#7387),#342,.F.);
#8379=ADVANCED_FACE('',(#7388,#7389),#343,.F.);
#8380=ADVANCED_FACE('',(#7390,#7391),#344,.F.);
#8381=ADVANCED_FACE('',(#7392,#7393),#345,.F.);
#8382=ADVANCED_FACE('',(#7394,#7395),#346,.F.);
#8383=ADVANCED_FACE('',(#7396,#7397),#347,.F.);
#8384=ADVANCED_FACE('',(#7398,#7399),#348,.F.);
#8385=ADVANCED_FACE('',(#7400),#8081,.T.);
#8386=ADVANCED_FACE('',(#7401),#8082,.T.);
#8387=ADVANCED_FACE('',(#7402),#8083,.T.);
#8388=ADVANCED_FACE('',(#7403,#7404,#7405,#7406),#8084,.T.);
#8389=ADVANCED_FACE('',(#7407),#8085,.T.);
#8390=ADVANCED_FACE('',(#7408,#7409),#8086,.T.);
#8391=ADVANCED_FACE('',(#7410,#7411),#8087,.F.);
#8392=ADVANCED_FACE('',(#7412),#8088,.T.);
#8393=ADVANCED_FACE('',(#7413),#8089,.T.);
#8394=ADVANCED_FACE('',(#7414,#7415,#7416,#7417),#8090,.F.);
#8395=ADVANCED_FACE('',(#7418),#8091,.F.);
#8396=ADVANCED_FACE('',(#7419),#8092,.F.);
#8397=ADVANCED_FACE('',(#7420),#8093,.T.);
#8398=ADVANCED_FACE('',(#7421,#7422,#7423,#7424),#8094,.T.);
#8399=ADVANCED_FACE('',(#7425),#349,.T.);
#8400=ADVANCED_FACE('',(#7426),#8095,.F.);
#8401=ADVANCED_FACE('',(#7427),#8096,.T.);
#8402=ADVANCED_FACE('',(#7428),#350,.T.);
#8403=ADVANCED_FACE('',(#7429,#7430),#351,.T.);
#8404=ADVANCED_FACE('',(#7431),#8097,.F.);
#8405=ADVANCED_FACE('',(#7432),#8098,.T.);
#8406=ADVANCED_FACE('',(#7433),#8099,.T.);
#8407=ADVANCED_FACE('',(#7434),#8100,.T.);
#8408=ADVANCED_FACE('',(#7435),#8101,.F.);
#8409=ADVANCED_FACE('',(#7436,#7437),#8102,.T.);
#8410=ADVANCED_FACE('',(#7438),#352,.T.);
#8411=ADVANCED_FACE('',(#7439),#353,.T.);
#8412=ADVANCED_FACE('',(#7440),#354,.T.);
#8413=ADVANCED_FACE('',(#7441),#27,.T.);
#8414=ADVANCED_FACE('',(#7442),#355,.T.);
#8415=ADVANCED_FACE('',(#7443),#356,.T.);
#8416=ADVANCED_FACE('',(#7444),#357,.T.);
#8417=ADVANCED_FACE('',(#7445),#28,.T.);
#8418=ADVANCED_FACE('',(#7446),#8103,.F.);
#8419=ADVANCED_FACE('',(#7447),#8104,.T.);
#8420=ADVANCED_FACE('',(#7448,#7449),#358,.F.);
#8421=ADVANCED_FACE('',(#7450,#7451),#359,.F.);
#8422=ADVANCED_FACE('',(#7452,#7453),#360,.F.);
#8423=ADVANCED_FACE('',(#7454),#8105,.T.);
#8424=ADVANCED_FACE('',(#7455),#8106,.F.);
#8425=ADVANCED_FACE('',(#7456),#8107,.F.);
#8426=ADVANCED_FACE('',(#7457),#8108,.T.);
#8427=ADVANCED_FACE('',(#7458),#8109,.F.);
#8428=ADVANCED_FACE('',(#7459),#8110,.T.);
#8429=ADVANCED_FACE('',(#7460),#8111,.T.);
#8430=ADVANCED_FACE('',(#7461),#8112,.T.);
#8431=ADVANCED_FACE('',(#7462),#8113,.T.);
#8432=ADVANCED_FACE('',(#7463),#361,.T.);
#8433=ADVANCED_FACE('',(#7464,#7465),#362,.F.);
#8434=ADVANCED_FACE('',(#7466,#7467),#363,.F.);
#8435=ADVANCED_FACE('',(#7468,#7469),#364,.F.);
#8436=ADVANCED_FACE('',(#7470),#8114,.T.);
#8437=ADVANCED_FACE('',(#7471),#365,.T.);
#8438=ADVANCED_FACE('',(#7472),#8115,.T.);
#8439=ADVANCED_FACE('',(#7473),#366,.T.);
#8440=ADVANCED_FACE('',(#7474),#8116,.T.);
#8441=ADVANCED_FACE('',(#7475),#8117,.F.);
#8442=ADVANCED_FACE('',(#7476,#7477),#367,.F.);
#8443=ADVANCED_FACE('',(#7478),#8118,.T.);
#8444=ADVANCED_FACE('',(#7479,#7480,#7481,#7482,#7483),#8119,.F.);
#8445=ADVANCED_FACE('',(#7484),#8120,.T.);
#8446=ADVANCED_FACE('',(#7485),#8121,.T.);
#8447=ADVANCED_FACE('',(#7486),#8122,.F.);
#8448=ADVANCED_FACE('',(#7487),#8123,.T.);
#8449=ADVANCED_FACE('',(#7488),#8124,.F.);
#8450=ADVANCED_FACE('',(#7489),#8125,.T.);
#8451=ADVANCED_FACE('',(#7490),#368,.F.);
#8452=ADVANCED_FACE('',(#7491),#369,.F.);
#8453=ADVANCED_FACE('',(#7492),#8126,.F.);
#8454=ADVANCED_FACE('',(#7493),#370,.F.);
#8455=ADVANCED_FACE('',(#7494),#8127,.T.);
#8456=ADVANCED_FACE('',(#7495,#7496,#7497,#7498,#7499,#7500),#8128,.T.);
#8457=ADVANCED_FACE('',(#7501,#7502),#371,.F.);
#8458=ADVANCED_FACE('',(#7503,#7504),#372,.F.);
#8459=ADVANCED_FACE('',(#7505,#7506),#373,.F.);
#8460=ADVANCED_FACE('',(#7507,#7508),#374,.F.);
#8461=ADVANCED_FACE('',(#7509),#8129,.T.);
#8462=ADVANCED_FACE('',(#7510),#8130,.F.);
#8463=ADVANCED_FACE('',(#7511),#375,.F.);
#8464=ADVANCED_FACE('',(#7512,#7513),#8131,.T.);
#8465=ADVANCED_FACE('',(#7514),#8132,.F.);
#8466=ADVANCED_FACE('',(#7515),#8133,.T.);
#8467=ADVANCED_FACE('',(#7516),#8134,.T.);
#8468=ADVANCED_FACE('',(#7517),#8135,.F.);
#8469=ADVANCED_FACE('',(#7518),#8136,.F.);
#8470=ADVANCED_FACE('',(#7519),#8137,.T.);
#8471=ADVANCED_FACE('',(#7520),#8138,.F.);
#8472=ADVANCED_FACE('',(#7521),#8139,.F.);
#8473=ADVANCED_FACE('',(#7522,#7523,#7524,#7525),#8140,.T.);
#8474=ADVANCED_FACE('',(#7526),#376,.T.);
#8475=ADVANCED_FACE('',(#7527),#377,.T.);
#8476=ADVANCED_FACE('',(#7528),#8141,.F.);
#8477=ADVANCED_FACE('',(#7529),#8142,.T.);
#8478=ADVANCED_FACE('',(#7530),#8143,.T.);
#8479=ADVANCED_FACE('',(#7531),#8144,.F.);
#8480=ADVANCED_FACE('',(#7532),#8145,.T.);
#8481=ADVANCED_FACE('',(#7533),#378,.T.);
#8482=ADVANCED_FACE('',(#7534),#379,.T.);
#8483=ADVANCED_FACE('',(#7535),#380,.T.);
#8484=ADVANCED_FACE('',(#7536),#18,.T.);
#8485=ADVANCED_FACE('',(#7537),#381,.T.);
#8486=ADVANCED_FACE('',(#7538),#19,.T.);
#8487=ADVANCED_FACE('',(#7539),#382,.T.);
#8488=ADVANCED_FACE('',(#7540),#29,.T.);
#8489=ADVANCED_FACE('',(#7541),#383,.T.);
#8490=ADVANCED_FACE('',(#7542),#30,.T.);
#8491=ADVANCED_FACE('',(#7543,#7544,#7545,#7546),#8146,.T.);
#8492=ADVANCED_FACE('',(#7547),#8147,.T.);
#8493=ADVANCED_FACE('',(#7548),#8148,.T.);
#8494=ADVANCED_FACE('',(#7549),#8149,.F.);
#8495=ADVANCED_FACE('',(#7550),#8150,.T.);
#8496=ADVANCED_FACE('',(#7551),#8151,.F.);
#8497=ADVANCED_FACE('',(#7552),#8152,.F.);
#8498=ADVANCED_FACE('',(#7553),#8153,.F.);
#8499=ADVANCED_FACE('',(#7554),#8154,.F.);
#8500=ADVANCED_FACE('',(#7555),#8155,.F.);
#8501=ADVANCED_FACE('',(#7556),#8156,.F.);
#8502=ADVANCED_FACE('',(#7557,#7558),#384,.T.);
#8503=ADVANCED_FACE('',(#7559),#8157,.F.);
#8504=ADVANCED_FACE('',(#7560),#8158,.F.);
#8505=ADVANCED_FACE('',(#7561),#8159,.T.);
#8506=ADVANCED_FACE('',(#7562),#8160,.T.);
#8507=ADVANCED_FACE('',(#7563,#7564),#8161,.F.);
#8508=ADVANCED_FACE('',(#7565),#8162,.T.);
#8509=ADVANCED_FACE('',(#7566),#8163,.T.);
#8510=ADVANCED_FACE('',(#7567),#8164,.T.);
#8511=ADVANCED_FACE('',(#7568,#7569),#20,.T.);
#8512=ADVANCED_FACE('',(#7570),#8165,.T.);
#8513=ADVANCED_FACE('',(#7571),#8166,.F.);
#8514=ADVANCED_FACE('',(#7572),#8167,.F.);
#8515=ADVANCED_FACE('',(#7573),#8168,.F.);
#8516=ADVANCED_FACE('',(#7574),#8169,.T.);
#8517=ADVANCED_FACE('',(#7575),#8170,.T.);
#8518=ADVANCED_FACE('',(#7576),#8171,.F.);
#8519=ADVANCED_FACE('',(#7577),#8172,.T.);
#8520=ADVANCED_FACE('',(#7578),#8173,.F.);
#8521=ADVANCED_FACE('',(#7579),#8174,.T.);
#8522=ADVANCED_FACE('',(#7580),#8175,.F.);
#8523=ADVANCED_FACE('',(#7581),#8176,.F.);
#8524=ADVANCED_FACE('',(#7582),#8177,.T.);
#8525=ADVANCED_FACE('',(#7583),#8178,.T.);
#8526=ADVANCED_FACE('',(#7584,#7585),#385,.T.);
#8527=ADVANCED_FACE('',(#7586),#8179,.F.);
#8528=ADVANCED_FACE('',(#7587),#386,.T.);
#8529=ADVANCED_FACE('',(#7588,#7589),#387,.F.);
#8530=ADVANCED_FACE('',(#7590,#7591),#388,.F.);
#8531=ADVANCED_FACE('',(#7592,#7593),#389,.F.);
#8532=ADVANCED_FACE('',(#7594,#7595),#390,.F.);
#8533=ADVANCED_FACE('',(#7596,#7597),#391,.F.);
#8534=ADVANCED_FACE('',(#7598),#8180,.T.);
#8535=ADVANCED_FACE('',(#7599,#7600),#392,.F.);
#8536=ADVANCED_FACE('',(#7601,#7602,#7603,#7604,#7605,#7606,#7607),#8181,
 .T.);
#8537=ADVANCED_FACE('',(#7608,#7609,#7610,#7611,#7612,#7613),#8182,.F.);
#8538=ADVANCED_FACE('',(#7614,#7615),#393,.F.);
#8539=ADVANCED_FACE('',(#7616,#7617),#8183,.F.);
#8540=ADVANCED_FACE('',(#7618,#7619),#8184,.T.);
#8541=ADVANCED_FACE('',(#7620,#7621,#7622,#7623,#7624),#8185,.T.);
#8542=ADVANCED_FACE('',(#7625),#8186,.F.);
#8543=ADVANCED_FACE('',(#7626,#7627,#7628,#7629,#7630,#7631),#8187,.T.);
#8544=ADVANCED_FACE('',(#7632),#8188,.F.);
#8545=ADVANCED_FACE('',(#7633),#8189,.F.);
#8546=ADVANCED_FACE('',(#7634),#8190,.T.);
#8547=ADVANCED_FACE('',(#7635),#394,.T.);
#8548=ADVANCED_FACE('',(#7636),#8191,.T.);
#8549=ADVANCED_FACE('',(#7637),#8192,.T.);
#8550=ADVANCED_FACE('',(#7638,#7639,#7640,#7641,#7642,#7643,#7644,#7645,
#7646,#7647),#8193,.T.);
#8551=ADVANCED_FACE('',(#7648),#8194,.T.);
#8552=ADVANCED_FACE('',(#7649),#8195,.F.);
#8553=ADVANCED_FACE('',(#7650,#7651,#7652,#7653),#8196,.T.);
#8554=ADVANCED_FACE('',(#7654),#8197,.T.);
#8555=ADVANCED_FACE('',(#7655,#7656,#7657,#7658),#8198,.T.);
#8556=ADVANCED_FACE('',(#7659,#7660),#395,.F.);
#8557=ADVANCED_FACE('',(#7661,#7662),#396,.F.);
#8558=ADVANCED_FACE('',(#7663,#7664),#397,.F.);
#8559=ADVANCED_FACE('',(#7665,#7666),#398,.F.);
#8560=ADVANCED_FACE('',(#7667,#7668),#399,.F.);
#8561=ADVANCED_FACE('',(#7669,#7670),#400,.F.);
#8562=ADVANCED_FACE('',(#7671),#8199,.T.);
#8563=ADVANCED_FACE('',(#7672,#7673,#7674,#7675),#8200,.F.);
#8564=ADVANCED_FACE('',(#7676,#7677),#401,.F.);
#8565=ADVANCED_FACE('',(#7678,#7679),#402,.F.);
#8566=ADVANCED_FACE('',(#7680,#7681),#403,.F.);
#8567=ADVANCED_FACE('',(#7682),#8201,.T.);
#8568=ADVANCED_FACE('',(#7683,#7684),#404,.F.);
#8569=ADVANCED_FACE('',(#7685,#7686),#405,.F.);
#8570=ADVANCED_FACE('',(#7687,#7688),#406,.F.);
#8571=ADVANCED_FACE('',(#7689,#7690),#407,.F.);
#8572=ADVANCED_FACE('',(#7691,#7692),#408,.F.);
#8573=ADVANCED_FACE('',(#7693,#7694),#409,.F.);
#8574=ADVANCED_FACE('',(#7695),#8202,.T.);
#8575=ADVANCED_FACE('',(#7696,#7697),#410,.F.);
#8576=ADVANCED_FACE('',(#7698),#411,.T.);
#8577=ADVANCED_FACE('',(#7699),#412,.T.);
#8578=ADVANCED_FACE('',(#7700,#7701),#413,.T.);
#8579=ADVANCED_FACE('',(#7702),#414,.T.);
#8580=ADVANCED_FACE('',(#7703),#415,.T.);
#8581=ADVANCED_FACE('',(#7704,#7705),#8203,.T.);
#8582=ADVANCED_FACE('',(#7706),#8204,.T.);
#8583=ADVANCED_FACE('',(#7707),#8205,.F.);
#8584=ADVANCED_FACE('',(#7708),#8206,.T.);
#8585=ADVANCED_FACE('',(#7709),#8207,.T.);
#8586=ADVANCED_FACE('',(#7710),#8208,.T.);
#8587=ADVANCED_FACE('',(#7711),#8209,.T.);
#8588=ADVANCED_FACE('',(#7712),#8210,.T.);
#8589=ADVANCED_FACE('',(#7713),#8211,.F.);
#8590=ADVANCED_FACE('',(#7714,#7715,#7716,#7717),#8212,.T.);
#8591=ADVANCED_FACE('',(#7718),#8213,.F.);
#8592=ADVANCED_FACE('',(#7719),#416,.T.);
#8593=ADVANCED_FACE('',(#7720),#417,.F.);
#8594=ADVANCED_FACE('',(#7721),#8214,.F.);
#8595=ADVANCED_FACE('',(#7722),#8215,.T.);
#8596=ADVANCED_FACE('',(#7723),#418,.F.);
#8597=ADVANCED_FACE('',(#7724,#7725,#7726,#7727),#8216,.T.);
#8598=ADVANCED_FACE('',(#7728),#8217,.F.);
#8599=ADVANCED_FACE('',(#7729,#7730),#419,.F.);
#8600=ADVANCED_FACE('',(#7731,#7732),#420,.F.);
#8601=ADVANCED_FACE('',(#7733,#7734),#421,.F.);
#8602=ADVANCED_FACE('',(#7735,#7736,#7737,#7738),#8218,.T.);
#8603=ADVANCED_FACE('',(#7739),#8219,.T.);
#8604=ADVANCED_FACE('',(#7740,#7741),#422,.F.);
#8605=ADVANCED_FACE('',(#7742),#8220,.T.);
#8606=ADVANCED_FACE('',(#7743,#7744),#423,.F.);
#8607=ADVANCED_FACE('',(#7745,#7746,#7747),#424,.F.);
#8608=ADVANCED_FACE('',(#7748),#8221,.T.);
#8609=ADVANCED_FACE('',(#7749),#8222,.T.);
#8610=ADVANCED_FACE('',(#7750),#8223,.F.);
#8611=ADVANCED_FACE('',(#7751),#8224,.F.);
#8612=ADVANCED_FACE('',(#7752),#8225,.T.);
#8613=ADVANCED_FACE('',(#7753),#8226,.T.);
#8614=ADVANCED_FACE('',(#7754),#8227,.T.);
#8615=ADVANCED_FACE('',(#7755),#8228,.T.);
#8616=ADVANCED_FACE('',(#7756),#8229,.T.);
#8617=ADVANCED_FACE('',(#7757,#7758),#21,.T.);
#8618=ADVANCED_FACE('',(#7759),#8230,.T.);
#8619=ADVANCED_FACE('',(#7760),#8231,.F.);
#8620=ADVANCED_FACE('',(#7761),#8232,.F.);
#8621=ADVANCED_FACE('',(#7762),#8233,.F.);
#8622=ADVANCED_FACE('',(#7763),#8234,.T.);
#8623=ADVANCED_FACE('',(#7764),#8235,.T.);
#8624=ADVANCED_FACE('',(#7765),#8236,.F.);
#8625=ADVANCED_FACE('',(#7766),#8237,.T.);
#8626=ADVANCED_FACE('',(#7767),#8238,.F.);
#8627=ADVANCED_FACE('',(#7768),#8239,.T.);
#8628=ADVANCED_FACE('',(#7769),#8240,.F.);
#8629=ADVANCED_FACE('',(#7770),#8241,.F.);
#8630=ADVANCED_FACE('',(#7771),#8242,.T.);
#8631=ADVANCED_FACE('',(#7772),#8243,.T.);
#8632=ADVANCED_FACE('',(#7773,#7774,#7775,#7776,#7777),#8244,.T.);
#8633=ADVANCED_FACE('',(#7778),#8245,.F.);
#8634=ADVANCED_FACE('',(#7779,#7780,#7781,#7782,#7783,#7784),#8246,.T.);
#8635=ADVANCED_FACE('',(#7785),#8247,.F.);
#8636=ADVANCED_FACE('',(#7786),#8248,.F.);
#8637=ADVANCED_FACE('',(#7787),#8249,.T.);
#8638=ADVANCED_FACE('',(#7788),#425,.T.);
#8639=ADVANCED_FACE('',(#7789),#8250,.T.);
#8640=ADVANCED_FACE('',(#7790),#8251,.T.);
#8641=ADVANCED_FACE('',(#7791,#7792,#7793,#7794,#7795,#7796,#7797,#7798,
#7799,#7800),#8252,.T.);
#8642=ADVANCED_FACE('',(#7801),#8253,.T.);
#8643=ADVANCED_FACE('',(#7802),#8254,.F.);
#8644=ADVANCED_FACE('',(#7803,#7804,#7805,#7806),#8255,.T.);
#8645=ADVANCED_FACE('',(#7807),#8256,.T.);
#8646=ADVANCED_FACE('',(#7808,#7809,#7810,#7811),#8257,.T.);
#8647=ADVANCED_FACE('',(#7812,#7813),#426,.F.);
#8648=ADVANCED_FACE('',(#7814,#7815),#427,.F.);
#8649=ADVANCED_FACE('',(#7816,#7817),#428,.F.);
#8650=ADVANCED_FACE('',(#7818,#7819),#429,.F.);
#8651=ADVANCED_FACE('',(#7820,#7821),#430,.F.);
#8652=ADVANCED_FACE('',(#7822,#7823),#431,.F.);
#8653=ADVANCED_FACE('',(#7824),#8258,.T.);
#8654=ADVANCED_FACE('',(#7825,#7826,#7827,#7828),#8259,.F.);
#8655=ADVANCED_FACE('',(#7829,#7830),#432,.F.);
#8656=ADVANCED_FACE('',(#7831,#7832),#433,.F.);
#8657=ADVANCED_FACE('',(#7833,#7834),#434,.F.);
#8658=ADVANCED_FACE('',(#7835),#8260,.T.);
#8659=ADVANCED_FACE('',(#7836,#7837),#435,.F.);
#8660=ADVANCED_FACE('',(#7838,#7839),#436,.F.);
#8661=ADVANCED_FACE('',(#7840,#7841),#437,.F.);
#8662=ADVANCED_FACE('',(#7842,#7843),#438,.F.);
#8663=ADVANCED_FACE('',(#7844,#7845),#439,.F.);
#8664=ADVANCED_FACE('',(#7846,#7847),#440,.F.);
#8665=ADVANCED_FACE('',(#7848),#8261,.T.);
#8666=ADVANCED_FACE('',(#7849,#7850),#441,.F.);
#8667=ADVANCED_FACE('',(#7851),#442,.T.);
#8668=ADVANCED_FACE('',(#7852),#443,.T.);
#8669=ADVANCED_FACE('',(#7853,#7854),#444,.T.);
#8670=ADVANCED_FACE('',(#7855),#445,.T.);
#8671=ADVANCED_FACE('',(#7856),#446,.T.);
#8672=ADVANCED_FACE('',(#7857),#8262,.T.);
#8673=ADVANCED_FACE('',(#7858),#8263,.T.);
#8674=ADVANCED_FACE('',(#7859),#8264,.T.);
#8675=ADVANCED_FACE('',(#7860),#447,.T.);
#8676=ADVANCED_FACE('',(#7861,#7862),#448,.F.);
#8677=ADVANCED_FACE('',(#7863,#7864),#449,.F.);
#8678=ADVANCED_FACE('',(#7865,#7866),#450,.F.);
#8679=ADVANCED_FACE('',(#7867),#8265,.T.);
#8680=ADVANCED_FACE('',(#7868),#451,.T.);
#8681=ADVANCED_FACE('',(#7869),#8266,.T.);
#8682=ADVANCED_FACE('',(#7870),#452,.T.);
#8683=ADVANCED_FACE('',(#7871),#8267,.T.);
#8684=ADVANCED_FACE('',(#7872),#8268,.F.);
#8685=ADVANCED_FACE('',(#7873,#7874),#453,.F.);
#8686=ADVANCED_FACE('',(#7875),#8269,.T.);
#8687=ADVANCED_FACE('',(#7876,#7877,#7878,#7879,#7880),#8270,.F.);
#8688=ADVANCED_FACE('',(#7881),#8271,.T.);
#8689=ADVANCED_FACE('',(#7882),#8272,.T.);
#8690=ADVANCED_FACE('',(#7883),#8273,.F.);
#8691=ADVANCED_FACE('',(#7884),#8274,.T.);
#8692=ADVANCED_FACE('',(#7885),#8275,.F.);
#8693=ADVANCED_FACE('',(#7886),#8276,.T.);
#8694=ADVANCED_FACE('',(#7887),#454,.F.);
#8695=ADVANCED_FACE('',(#7888),#455,.F.);
#8696=ADVANCED_FACE('',(#7889),#8277,.F.);
#8697=ADVANCED_FACE('',(#7890),#456,.F.);
#8698=ADVANCED_FACE('',(#7891),#8278,.T.);
#8699=ADVANCED_FACE('',(#7892,#7893,#7894,#7895,#7896,#7897),#8279,.T.);
#8700=ADVANCED_FACE('',(#7898,#7899),#457,.F.);
#8701=ADVANCED_FACE('',(#7900,#7901),#458,.F.);
#8702=ADVANCED_FACE('',(#7902,#7903),#459,.F.);
#8703=ADVANCED_FACE('',(#7904,#7905),#460,.F.);
#8704=ADVANCED_FACE('',(#7906),#8280,.T.);
#8705=ADVANCED_FACE('',(#7907),#8281,.F.);
#8706=ADVANCED_FACE('',(#7908),#461,.F.);
#8707=ADVANCED_FACE('',(#7909,#7910),#8282,.T.);
#8708=ADVANCED_FACE('',(#7911),#8283,.F.);
#8709=ADVANCED_FACE('',(#7912),#8284,.T.);
#8710=ADVANCED_FACE('',(#7913),#8285,.T.);
#8711=ADVANCED_FACE('',(#7914),#8286,.F.);
#8712=ADVANCED_FACE('',(#7915),#8287,.F.);
#8713=ADVANCED_FACE('',(#7916),#8288,.T.);
#8714=ADVANCED_FACE('',(#7917,#7918,#7919,#7920),#8289,.T.);
#8715=ADVANCED_FACE('',(#7921),#8290,.F.);
#8716=ADVANCED_FACE('',(#7922),#8291,.F.);
#8717=ADVANCED_FACE('',(#7923),#462,.T.);
#8718=ADVANCED_FACE('',(#7924),#463,.T.);
#8719=ADVANCED_FACE('',(#7925),#8292,.F.);
#8720=ADVANCED_FACE('',(#7926),#8293,.T.);
#8721=ADVANCED_FACE('',(#7927),#8294,.T.);
#8722=ADVANCED_FACE('',(#7928),#8295,.F.);
#8723=ADVANCED_FACE('',(#7929),#8296,.T.);
#8724=ADVANCED_FACE('',(#7930),#464,.T.);
#8725=ADVANCED_FACE('',(#7931),#465,.T.);
#8726=ADVANCED_FACE('',(#7932),#466,.T.);
#8727=ADVANCED_FACE('',(#7933),#22,.T.);
#8728=ADVANCED_FACE('',(#7934),#467,.T.);
#8729=ADVANCED_FACE('',(#7935),#23,.T.);
#8730=ADVANCED_FACE('',(#7936),#468,.T.);
#8731=ADVANCED_FACE('',(#7937),#31,.T.);
#8732=ADVANCED_FACE('',(#7938),#469,.T.);
#8733=ADVANCED_FACE('',(#7939),#32,.T.);
#8734=ADVANCED_FACE('',(#7940,#7941,#7942,#7943),#8297,.T.);
#8735=ADVANCED_FACE('',(#7944,#7945,#7946,#7947,#7948,#7949,#7950),#8298,
 .T.);
#8736=ADVANCED_FACE('',(#7951,#7952,#7953,#7954,#7955,#7956,#7957),#8299,
 .F.);
#8737=ADVANCED_FACE('',(#7958),#8300,.T.);
#8738=ADVANCED_FACE('',(#7959,#7960),#8301,.T.);
#8739=ADVANCED_FACE('',(#7961),#8302,.F.);
#8740=ADVANCED_FACE('',(#7962),#8303,.F.);
#8741=ADVANCED_FACE('',(#7963),#8304,.F.);
#8742=ADVANCED_FACE('',(#7964,#7965),#8305,.T.);
#8743=ADVANCED_FACE('',(#7966),#8306,.T.);
#8744=ADVANCED_FACE('',(#7967),#8307,.F.);
#8745=ADVANCED_FACE('',(#7968,#7969),#470,.F.);
#8746=ADVANCED_FACE('',(#7970,#7971),#471,.F.);
#8747=ADVANCED_FACE('',(#7972,#7973),#472,.F.);
#8748=ADVANCED_FACE('',(#7974,#7975),#473,.F.);
#8749=ADVANCED_FACE('',(#7976,#7977),#474,.F.);
#8750=ADVANCED_FACE('',(#7978,#7979),#475,.F.);
#8751=ADVANCED_FACE('',(#7980),#476,.T.);
#8752=ADVANCED_FACE('',(#7981),#477,.T.);
#8753=ADVANCED_FACE('',(#7982,#7983),#478,.F.);
#8754=ADVANCED_FACE('',(#7984,#7985),#8308,.T.);
#8755=ADVANCED_FACE('',(#7986),#8309,.T.);
#8756=ADVANCED_FACE('',(#7987),#8310,.T.);
#8757=ADVANCED_FACE('',(#7988),#8311,.F.);
#8758=ADVANCED_FACE('',(#7989,#7990,#7991),#8312,.F.);
#8759=ADVANCED_FACE('',(#7992),#8313,.T.);
#8760=ADVANCED_FACE('',(#7993),#8314,.T.);
#8761=ADVANCED_FACE('',(#7994,#7995),#479,.F.);
#8762=ADVANCED_FACE('',(#7996),#8315,.T.);
#8763=ADVANCED_FACE('',(#7997),#8316,.T.);
#8764=ADVANCED_FACE('',(#7998,#7999),#8317,.T.);
#8765=ADVANCED_FACE('',(#8000),#8318,.F.);
#8766=ADVANCED_FACE('',(#8001),#8319,.T.);
#8767=ADVANCED_FACE('',(#8002),#10,.F.);
#8768=ADVANCED_FACE('',(#8003),#8320,.T.);
#8769=ADVANCED_FACE('',(#8004),#8321,.T.);
#8770=ADVANCED_FACE('',(#8005),#8322,.T.);
#8771=ADVANCED_FACE('',(#8006),#11,.T.);
#8772=ADVANCED_FACE('',(#8007,#8008,#8009,#8010,#8011),#8323,.F.);
#8773=ADVANCED_FACE('',(#8012),#12,.T.);
#8774=ADVANCED_FACE('',(#8013),#8324,.F.);
#8775=ADVANCED_FACE('',(#8014),#8325,.T.);
#8776=ADVANCED_FACE('',(#8015,#8016),#480,.F.);
#8777=ADVANCED_FACE('',(#8017),#8326,.T.);
#8778=ADVANCED_FACE('',(#8018,#8019),#481,.F.);
#8779=ADVANCED_FACE('',(#8020),#8327,.T.);
#8780=ADVANCED_FACE('',(#8021,#8022),#482,.F.);
#8781=ADVANCED_FACE('',(#8023),#8328,.T.);
#8782=ADVANCED_FACE('',(#8024,#8025),#483,.F.);
#8783=ADVANCED_FACE('',(#8026),#8329,.T.);
#8784=ADVANCED_FACE('',(#8027),#8330,.T.);
#8785=ADVANCED_FACE('',(#8028,#8029,#8030),#8331,.F.);
#8786=ADVANCED_FACE('',(#8031),#8332,.T.);
#8787=ADVANCED_FACE('',(#8032,#8033),#484,.F.);
#8788=ADVANCED_FACE('',(#8034),#8333,.T.);
#8789=ADVANCED_FACE('',(#8035,#8036),#485,.F.);
#8790=ADVANCED_FACE('',(#8037),#8334,.T.);
#8791=ADVANCED_FACE('',(#8038,#8039),#486,.F.);
#8792=ADVANCED_FACE('',(#8040),#8335,.F.);
#8793=ADVANCED_FACE('',(#8041),#8336,.F.);
#8794=ADVANCED_FACE('',(#8042,#8043),#8337,.F.);
#8795=ADVANCED_FACE('',(#8044,#8045),#487,.F.);
#8796=ADVANCED_FACE('',(#8046),#488,.T.);
#8797=ADVANCED_FACE('',(#8047),#24,.T.);
#8798=ADVANCED_FACE('',(#8048),#489,.T.);
#8799=ADVANCED_FACE('',(#8049),#490,.T.);
#8800=ADVANCED_FACE('',(#8050),#491,.T.);
#8801=ADVANCED_FACE('',(#8051),#25,.T.);
#8802=ADVANCED_FACE('',(#8052),#26,.T.);
#8803=ADVANCED_FACE('',(#8053,#8054,#8055),#13,.F.);
#8804=ADVANCED_FACE('',(#8056),#14,.F.);
#8805=ADVANCED_FACE('',(#8057),#15,.F.);
#8806=ADVANCED_FACE('',(#8058),#16,.F.);
#8807=ADVANCED_FACE('',(#8059),#17,.F.);
#8808=ADVANCED_FACE('',(#8060),#8338,.T.);
#8809=ADVANCED_FACE('',(#8061),#8339,.F.);
#8810=ADVANCED_FACE('',(#8062,#8063),#8340,.T.);
#8811=ADVANCED_FACE('',(#8064),#8341,.T.);
#8812=ADVANCED_FACE('',(#8065),#8342,.F.);
#8813=ADVANCED_FACE('',(#8066),#8343,.F.);
#8814=ADVANCED_FACE('',(#8067),#8344,.T.);
#8815=ADVANCED_FACE('',(#8068),#8345,.T.);
#8816=ADVANCED_FACE('',(#8069),#8346,.T.);
#8817=ADVANCED_FACE('',(#8070),#8347,.F.);
#8818=ADVANCED_FACE('',(#8071),#8348,.T.);
#8819=ADVANCED_FACE('',(#8072),#8349,.F.);
#8820=CLOSED_SHELL('',(#8350,#8351,#8352,#8353,#8354,#8355,#8356,#8357,
#8358,#8359,#8360,#8361,#8362,#8363,#8364,#8365,#8366,#8367,#8368,#8369,
#8370,#8371,#8372,#8373,#8374,#8375,#8376,#8377,#8378,#8379,#8380,#8381,
#8382,#8383,#8384));
#8821=CLOSED_SHELL('',(#8385,#8386,#8387,#8388,#8389,#8390,#8391,#8392,
#8393,#8394,#8395,#8396,#8397,#8398,#8399,#8400,#8401,#8402,#8403,#8404,
#8405,#8406,#8407,#8408,#8409,#8410,#8411,#8412,#8413,#8414,#8415,#8416,
#8417,#8418,#8419,#8420,#8421,#8422,#8423,#8424,#8425,#8426,#8427,#8428));
#8822=CLOSED_SHELL('',(#8429,#8430,#8431,#8432,#8433,#8434,#8435,#8436,
#8437,#8438,#8439,#8440,#8441,#8442,#8443,#8444,#8445,#8446,#8447,#8448,
#8449,#8450,#8451,#8452,#8453,#8454,#8455,#8456,#8457,#8458,#8459,#8460,
#8461,#8462,#8463,#8464,#8465,#8466,#8467,#8468,#8469,#8470,#8471,#8472,
#8473,#8474,#8475,#8476,#8477,#8478,#8479,#8480,#8481,#8482,#8483,#8484,
#8485,#8486,#8487,#8488,#8489,#8490,#8491));
#8823=CLOSED_SHELL('',(#8492,#8493,#8494,#8495,#8496,#8497,#8498,#8499,
#8500,#8501,#8502,#8503,#8504,#8505,#8506,#8507));
#8824=CLOSED_SHELL('',(#8508,#8509,#8510,#8511,#8512,#8513,#8514,#8515,
#8516,#8517,#8518,#8519,#8520,#8521,#8522,#8523,#8524,#8525));
#8825=CLOSED_SHELL('',(#8526,#8527,#8528,#8529,#8530,#8531,#8532,#8533,
#8534,#8535,#8536,#8537,#8538,#8539,#8540));
#8826=CLOSED_SHELL('',(#8541,#8542,#8543,#8544,#8545,#8546,#8547,#8548,
#8549,#8550,#8551,#8552,#8553,#8554,#8555,#8556,#8557,#8558,#8559,#8560,
#8561,#8562,#8563,#8564,#8565,#8566,#8567,#8568,#8569,#8570,#8571,#8572,
#8573,#8574,#8575,#8576,#8577,#8578,#8579,#8580));
#8827=CLOSED_SHELL('',(#8581,#8582,#8583,#8584,#8585,#8586,#8587,#8588,
#8589,#8590,#8591,#8592,#8593,#8594,#8595,#8596,#8597,#8598,#8599,#8600,
#8601,#8602,#8603,#8604,#8605,#8606,#8607,#8608,#8609,#8610,#8611,#8612,
#8613));
#8828=CLOSED_SHELL('',(#8614,#8615,#8616,#8617,#8618,#8619,#8620,#8621,
#8622,#8623,#8624,#8625,#8626,#8627,#8628,#8629,#8630,#8631));
#8829=CLOSED_SHELL('',(#8632,#8633,#8634,#8635,#8636,#8637,#8638,#8639,
#8640,#8641,#8642,#8643,#8644,#8645,#8646,#8647,#8648,#8649,#8650,#8651,
#8652,#8653,#8654,#8655,#8656,#8657,#8658,#8659,#8660,#8661,#8662,#8663,
#8664,#8665,#8666,#8667,#8668,#8669,#8670,#8671));
#8830=CLOSED_SHELL('',(#8672,#8673,#8674,#8675,#8676,#8677,#8678,#8679,
#8680,#8681,#8682,#8683,#8684,#8685,#8686,#8687,#8688,#8689,#8690,#8691,
#8692,#8693,#8694,#8695,#8696,#8697,#8698,#8699,#8700,#8701,#8702,#8703,
#8704,#8705,#8706,#8707,#8708,#8709,#8710,#8711,#8712,#8713,#8714,#8715,
#8716,#8717,#8718,#8719,#8720,#8721,#8722,#8723,#8724,#8725,#8726,#8727,
#8728,#8729,#8730,#8731,#8732,#8733,#8734));
#8831=CLOSED_SHELL('',(#8735,#8736,#8737,#8738,#8739,#8740,#8741,#8742,
#8743,#8744,#8745,#8746,#8747,#8748,#8749,#8750,#8751,#8752,#8753));
#8832=CLOSED_SHELL('',(#8754,#8755,#8756,#8757,#8758,#8759,#8760,#8761,
#8762,#8763,#8764,#8765,#8766,#8767,#8768,#8769,#8770,#8771,#8772,#8773,
#8774,#8775,#8776,#8777,#8778,#8779,#8780,#8781,#8782,#8783,#8784,#8785,
#8786,#8787,#8788,#8789,#8790,#8791,#8792,#8793,#8794,#8795,#8796,#8797,
#8798,#8799,#8800,#8801,#8802,#8803,#8804,#8805,#8806,#8807,#8808,#8809,
#8810,#8811,#8812,#8813,#8814,#8815,#8816,#8817,#8818,#8819));
#8833=STYLED_ITEM('',(#8846),#8931);
#8834=STYLED_ITEM('',(#8847),#8932);
#8835=STYLED_ITEM('',(#8848),#8933);
#8836=STYLED_ITEM('',(#8849),#8934);
#8837=STYLED_ITEM('',(#8850),#8935);
#8838=STYLED_ITEM('',(#8851),#8936);
#8839=STYLED_ITEM('',(#8852),#8937);
#8840=STYLED_ITEM('',(#8853),#8938);
#8841=STYLED_ITEM('',(#8854),#8939);
#8842=STYLED_ITEM('',(#8855),#8940);
#8843=STYLED_ITEM('',(#8856),#8941);
#8844=STYLED_ITEM('',(#8857),#8942);
#8845=STYLED_ITEM('',(#8858),#8943);
#8846=PRESENTATION_STYLE_ASSIGNMENT((#8859));
#8847=PRESENTATION_STYLE_ASSIGNMENT((#8860));
#8848=PRESENTATION_STYLE_ASSIGNMENT((#8861));
#8849=PRESENTATION_STYLE_ASSIGNMENT((#8862));
#8850=PRESENTATION_STYLE_ASSIGNMENT((#8863));
#8851=PRESENTATION_STYLE_ASSIGNMENT((#8864));
#8852=PRESENTATION_STYLE_ASSIGNMENT((#8865));
#8853=PRESENTATION_STYLE_ASSIGNMENT((#8866));
#8854=PRESENTATION_STYLE_ASSIGNMENT((#8867));
#8855=PRESENTATION_STYLE_ASSIGNMENT((#8868));
#8856=PRESENTATION_STYLE_ASSIGNMENT((#8869));
#8857=PRESENTATION_STYLE_ASSIGNMENT((#8870));
#8858=PRESENTATION_STYLE_ASSIGNMENT((#8871));
#8859=SURFACE_STYLE_USAGE(.BOTH.,#8872);
#8860=SURFACE_STYLE_USAGE(.BOTH.,#8873);
#8861=SURFACE_STYLE_USAGE(.BOTH.,#8874);
#8862=SURFACE_STYLE_USAGE(.BOTH.,#8875);
#8863=SURFACE_STYLE_USAGE(.BOTH.,#8876);
#8864=SURFACE_STYLE_USAGE(.BOTH.,#8877);
#8865=SURFACE_STYLE_USAGE(.BOTH.,#8878);
#8866=SURFACE_STYLE_USAGE(.BOTH.,#8879);
#8867=SURFACE_STYLE_USAGE(.BOTH.,#8880);
#8868=SURFACE_STYLE_USAGE(.BOTH.,#8881);
#8869=SURFACE_STYLE_USAGE(.BOTH.,#8882);
#8870=SURFACE_STYLE_USAGE(.BOTH.,#8883);
#8871=SURFACE_STYLE_USAGE(.BOTH.,#8884);
#8872=SURFACE_SIDE_STYLE('',(#8885));
#8873=SURFACE_SIDE_STYLE('',(#8886));
#8874=SURFACE_SIDE_STYLE('',(#8887));
#8875=SURFACE_SIDE_STYLE('',(#8888));
#8876=SURFACE_SIDE_STYLE('',(#8889));
#8877=SURFACE_SIDE_STYLE('',(#8890));
#8878=SURFACE_SIDE_STYLE('',(#8891));
#8879=SURFACE_SIDE_STYLE('',(#8892));
#8880=SURFACE_SIDE_STYLE('',(#8893));
#8881=SURFACE_SIDE_STYLE('',(#8894));
#8882=SURFACE_SIDE_STYLE('',(#8895));
#8883=SURFACE_SIDE_STYLE('',(#8896));
#8884=SURFACE_SIDE_STYLE('',(#8897));
#8885=SURFACE_STYLE_FILL_AREA(#8898);
#8886=SURFACE_STYLE_FILL_AREA(#8899);
#8887=SURFACE_STYLE_FILL_AREA(#8900);
#8888=SURFACE_STYLE_FILL_AREA(#8901);
#8889=SURFACE_STYLE_FILL_AREA(#8902);
#8890=SURFACE_STYLE_FILL_AREA(#8903);
#8891=SURFACE_STYLE_FILL_AREA(#8904);
#8892=SURFACE_STYLE_FILL_AREA(#8905);
#8893=SURFACE_STYLE_FILL_AREA(#8906);
#8894=SURFACE_STYLE_FILL_AREA(#8907);
#8895=SURFACE_STYLE_FILL_AREA(#8908);
#8896=SURFACE_STYLE_FILL_AREA(#8909);
#8897=SURFACE_STYLE_FILL_AREA(#8910);
#8898=FILL_AREA_STYLE('',(#8911));
#8899=FILL_AREA_STYLE('',(#8912));
#8900=FILL_AREA_STYLE('',(#8913));
#8901=FILL_AREA_STYLE('',(#8914));
#8902=FILL_AREA_STYLE('',(#8915));
#8903=FILL_AREA_STYLE('',(#8916));
#8904=FILL_AREA_STYLE('',(#8917));
#8905=FILL_AREA_STYLE('',(#8918));
#8906=FILL_AREA_STYLE('',(#8919));
#8907=FILL_AREA_STYLE('',(#8920));
#8908=FILL_AREA_STYLE('',(#8921));
#8909=FILL_AREA_STYLE('',(#8922));
#8910=FILL_AREA_STYLE('',(#8923));
#8911=FILL_AREA_STYLE_COLOUR('',#8924);
#8912=FILL_AREA_STYLE_COLOUR('',#8925);
#8913=FILL_AREA_STYLE_COLOUR('',#8926);
#8914=FILL_AREA_STYLE_COLOUR('',#8927);
#8915=FILL_AREA_STYLE_COLOUR('',#8928);
#8916=FILL_AREA_STYLE_COLOUR('',#8924);
#8917=FILL_AREA_STYLE_COLOUR('',#8929);
#8918=FILL_AREA_STYLE_COLOUR('',#8930);
#8919=FILL_AREA_STYLE_COLOUR('',#8928);
#8920=FILL_AREA_STYLE_COLOUR('',#8929);
#8921=FILL_AREA_STYLE_COLOUR('',#8926);
#8922=FILL_AREA_STYLE_COLOUR('',#8930);
#8923=FILL_AREA_STYLE_COLOUR('',#8924);
#8924=COLOUR_RGB('',0.615686274509804,0.811764705882353,0.929411764705882);
#8925=COLOUR_RGB('',0.682352941176471,0.333333333333334,0.737254901960784);
#8926=COLOUR_RGB('',0.513725490196078,0.737254901960784,0.407843137254902);
#8927=COLOUR_RGB('',0.0980392156862745,0.0980392156862745,0.0980392156862745);
#8928=COLOUR_RGB('',0.647058823529412,0.647058823529412,0.647058823529412);
#8929=COLOUR_RGB('',0.980392156862745,0.713725490196078,0.00392156862745098);
#8930=COLOUR_RGB('',0.972549019607843,0.529411764705882,0.00392156862745098);
#8931=MANIFOLD_SOLID_BREP('Part 1',#8820);
#8932=MANIFOLD_SOLID_BREP('Part 1',#8821);
#8933=MANIFOLD_SOLID_BREP('Part 2',#8822);
#8934=MANIFOLD_SOLID_BREP('PTK 7308MG-D 7308H Digital Servo',#8823);
#8935=MANIFOLD_SOLID_BREP('Part 1',#8824);
#8936=MANIFOLD_SOLID_BREP('Part 1',#8825);
#8937=MANIFOLD_SOLID_BREP('Part 2',#8826);
#8938=MANIFOLD_SOLID_BREP('Part 1',#8827);
#8939=MANIFOLD_SOLID_BREP('Part 1',#8828);
#8940=MANIFOLD_SOLID_BREP('Part 1',#8829);
#8941=MANIFOLD_SOLID_BREP('Part 1',#8830);
#8942=MANIFOLD_SOLID_BREP('Part 1',#8831);
#8943=MANIFOLD_SOLID_BREP('Part 1',#8832);
#8944=SHAPE_DEFINITION_REPRESENTATION(#15317,#8963);
#8945=SHAPE_DEFINITION_REPRESENTATION(#15318,#8964);
#8946=SHAPE_DEFINITION_REPRESENTATION(#15320,#8965);
#8947=SHAPE_DEFINITION_REPRESENTATION(#15321,#8966);
#8948=SHAPE_DEFINITION_REPRESENTATION(#15323,#8967);
#8949=SHAPE_DEFINITION_REPRESENTATION(#15325,#8968);
#8950=SHAPE_DEFINITION_REPRESENTATION(#15327,#8969);
#8951=SHAPE_DEFINITION_REPRESENTATION(#15329,#8970);
#8952=SHAPE_DEFINITION_REPRESENTATION(#15331,#8971);
#8953=SHAPE_DEFINITION_REPRESENTATION(#15334,#8972);
#8954=SHAPE_DEFINITION_REPRESENTATION(#15342,#8973);
#8955=SHAPE_DEFINITION_REPRESENTATION(#15346,#8974);
#8956=SHAPE_DEFINITION_REPRESENTATION(#15348,#8975);
#8957=SHAPE_DEFINITION_REPRESENTATION(#15350,#8976);
#8958=SHAPE_DEFINITION_REPRESENTATION(#15352,#8977);
#8959=SHAPE_DEFINITION_REPRESENTATION(#15356,#8978);
#8960=SHAPE_DEFINITION_REPRESENTATION(#15359,#8979);
#8961=SHAPE_DEFINITION_REPRESENTATION(#15361,#8980);
#8962=SHAPE_DEFINITION_REPRESENTATION(#15369,#8981);
#8963=SHAPE_REPRESENTATION('Hand',(#8982,#9072,#9424,#9431,#9759,#9840,
#9847,#9854),#15276);
#8964=SHAPE_REPRESENTATION('Part 1',(#8982),#15277);
#8965=SHAPE_REPRESENTATION('Spring_finger_module2 <2>',(#8982,#9139,#9260,
#9279,#9304,#9339,#9423),#15278);
#8966=SHAPE_REPRESENTATION('Part 1',(#8982),#15279);
#8967=SHAPE_REPRESENTATION('Part 2',(#8982),#15280);
#8968=SHAPE_REPRESENTATION('PTK 7308MG-D 7308H Digital Servo',(#8982),#15281);
#8969=SHAPE_REPRESENTATION('Part 1',(#8982),#15282);
#8970=SHAPE_REPRESENTATION('Part 1',(#8982),#15283);
#8971=SHAPE_REPRESENTATION('Part 2',(#8982),#15284);
#8972=SHAPE_REPRESENTATION('Spring_finger_module2 <3>',(#8982,#9425,#9426,
#9427,#9428,#9429,#9430),#15285);
#8973=SHAPE_REPRESENTATION('Spring_thumb_module <1>',(#8982,#9432,#9433,
#9434,#9488,#9513,#9597,#9718,#9719,#9720,#9758),#15286);
#8974=SHAPE_REPRESENTATION('Part 1',(#8982),#15287);
#8975=SHAPE_REPRESENTATION('Part 1',(#8982),#15288);
#8976=SHAPE_REPRESENTATION('Part 1',(#8982),#15289);
#8977=SHAPE_REPRESENTATION('Part 1',(#8982),#15290);
#8978=SHAPE_REPRESENTATION('Part 1',(#8982),#15291);
#8979=SHAPE_REPRESENTATION('Part 1',(#8982),#15292);
#8980=SHAPE_REPRESENTATION('Spring_finger_module2 <4>',(#8982,#9841,#9842,
#9843,#9844,#9845,#9846),#15293);
#8981=SHAPE_REPRESENTATION('Spring_finger_module2 <1>',(#8982,#9848,#9849,
#9850,#9851,#9852,#9853),#15294);
#8982=AXIS2_PLACEMENT_3D('',#12325,#9855,#9856);
#8983=AXIS2_PLACEMENT_3D('',#12326,#9857,#9858);
#8984=AXIS2_PLACEMENT_3D('',#12327,#9859,#9860);
#8985=AXIS2_PLACEMENT_3D('',#12329,#9861,#9862);
#8986=AXIS2_PLACEMENT_3D('',#12331,#9863,#9864);
#8987=AXIS2_PLACEMENT_3D('',#12341,#9869,#9870);
#8988=AXIS2_PLACEMENT_3D('',#12343,#9871,#9872);
#8989=AXIS2_PLACEMENT_3D('',#12345,#9873,#9874);
#8990=AXIS2_PLACEMENT_3D('',#12347,#9875,#9876);
#8991=AXIS2_PLACEMENT_3D('',#12349,#9877,#9878);
#8992=AXIS2_PLACEMENT_3D('',#12351,#9879,#9880);
#8993=AXIS2_PLACEMENT_3D('',#12353,#9881,#9882);
#8994=AXIS2_PLACEMENT_3D('',#12354,#9883,#9884);
#8995=AXIS2_PLACEMENT_3D('',#12356,#9885,#9886);
#8996=AXIS2_PLACEMENT_3D('',#12358,#9887,#9888);
#8997=AXIS2_PLACEMENT_3D('',#12360,#9889,#9890);
#8998=AXIS2_PLACEMENT_3D('',#12362,#9891,#9892);
#8999=AXIS2_PLACEMENT_3D('',#12372,#9897,#9898);
#9000=AXIS2_PLACEMENT_3D('',#12374,#9899,#9900);
#9001=AXIS2_PLACEMENT_3D('',#12376,#9901,#9902);
#9002=AXIS2_PLACEMENT_3D('',#12378,#9903,#9904);
#9003=AXIS2_PLACEMENT_3D('',#12380,#9905,#9906);
#9004=AXIS2_PLACEMENT_3D('',#12381,#9907,#9908);
#9005=AXIS2_PLACEMENT_3D('',#12383,#9909,#9910);
#9006=AXIS2_PLACEMENT_3D('',#12385,#9911,#9912);
#9007=AXIS2_PLACEMENT_3D('',#12387,#9913,#9914);
#9008=AXIS2_PLACEMENT_3D('',#12389,#9915,#9916);
#9009=AXIS2_PLACEMENT_3D('',#12391,#9917,#9918);
#9010=AXIS2_PLACEMENT_3D('',#12393,#9919,#9920);
#9011=AXIS2_PLACEMENT_3D('',#12395,#9921,#9922);
#9012=AXIS2_PLACEMENT_3D('',#12403,#9926,#9927);
#9013=AXIS2_PLACEMENT_3D('',#12404,#9928,#9929);
#9014=AXIS2_PLACEMENT_3D('',#12406,#9930,#9931);
#9015=AXIS2_PLACEMENT_3D('',#12408,#9932,#9933);
#9016=AXIS2_PLACEMENT_3D('',#12410,#9934,#9935);
#9017=AXIS2_PLACEMENT_3D('',#12412,#9936,#9937);
#9018=AXIS2_PLACEMENT_3D('',#12414,#9938,#9939);
#9019=AXIS2_PLACEMENT_3D('',#12418,#9941,#9942);
#9020=AXIS2_PLACEMENT_3D('',#12421,#9944,#9945);
#9021=AXIS2_PLACEMENT_3D('',#12423,#9946,#9947);
#9022=AXIS2_PLACEMENT_3D('',#12431,#9952,#9953);
#9023=AXIS2_PLACEMENT_3D('',#12432,#9954,#9955);
#9024=AXIS2_PLACEMENT_3D('',#12433,#9956,#9957);
#9025=AXIS2_PLACEMENT_3D('',#12435,#9959,#9960);
#9026=AXIS2_PLACEMENT_3D('',#12436,#9961,#9962);
#9027=AXIS2_PLACEMENT_3D('',#12443,#9966,#9967);
#9028=AXIS2_PLACEMENT_3D('',#12444,#9968,#9969);
#9029=AXIS2_PLACEMENT_3D('',#12445,#9970,#9971);
#9030=AXIS2_PLACEMENT_3D('',#12446,#9972,#9973);
#9031=AXIS2_PLACEMENT_3D('',#12447,#9974,#9975);
#9032=AXIS2_PLACEMENT_3D('',#12448,#9976,#9977);
#9033=AXIS2_PLACEMENT_3D('',#12449,#9978,#9979);
#9034=AXIS2_PLACEMENT_3D('',#12450,#9980,#9981);
#9035=AXIS2_PLACEMENT_3D('',#12451,#9982,#9983);
#9036=AXIS2_PLACEMENT_3D('',#12452,#9984,#9985);
#9037=AXIS2_PLACEMENT_3D('',#12453,#9986,#9987);
#9038=AXIS2_PLACEMENT_3D('',#12454,#9988,#9989);
#9039=AXIS2_PLACEMENT_3D('',#12455,#9990,#9991);
#9040=AXIS2_PLACEMENT_3D('',#12456,#9992,#9993);
#9041=AXIS2_PLACEMENT_3D('',#12457,#9994,#9995);
#9042=AXIS2_PLACEMENT_3D('',#12458,#9996,#9997);
#9043=AXIS2_PLACEMENT_3D('',#12460,#9998,#9999);
#9044=AXIS2_PLACEMENT_3D('',#12462,#10000,#10001);
#9045=AXIS2_PLACEMENT_3D('',#12464,#10002,#10003);
#9046=AXIS2_PLACEMENT_3D('',#12466,#10004,#10005);
#9047=AXIS2_PLACEMENT_3D('',#12468,#10006,#10007);
#9048=AXIS2_PLACEMENT_3D('',#12470,#10008,#10009);
#9049=AXIS2_PLACEMENT_3D('',#12472,#10010,#10011);
#9050=AXIS2_PLACEMENT_3D('',#12474,#10013,#10014);
#9051=AXIS2_PLACEMENT_3D('',#12475,#10015,#10016);
#9052=AXIS2_PLACEMENT_3D('',#12477,#10017,#10018);
#9053=AXIS2_PLACEMENT_3D('',#12479,#10019,#10020);
#9054=AXIS2_PLACEMENT_3D('',#12481,#10021,#10022);
#9055=AXIS2_PLACEMENT_3D('',#12483,#10023,#10024);
#9056=AXIS2_PLACEMENT_3D('',#12485,#10025,#10026);
#9057=AXIS2_PLACEMENT_3D('',#12487,#10027,#10028);
#9058=AXIS2_PLACEMENT_3D('',#12488,#10029,#10030);
#9059=AXIS2_PLACEMENT_3D('',#12490,#10031,#10032);
#9060=AXIS2_PLACEMENT_3D('',#12491,#10033,#10034);
#9061=AXIS2_PLACEMENT_3D('',#12492,#10035,#10036);
#9062=AXIS2_PLACEMENT_3D('',#12493,#10037,#10038);
#9063=AXIS2_PLACEMENT_3D('',#12494,#10039,#10040);
#9064=AXIS2_PLACEMENT_3D('',#12495,#10041,#10042);
#9065=AXIS2_PLACEMENT_3D('',#12496,#10043,#10044);
#9066=AXIS2_PLACEMENT_3D('',#12497,#10045,#10046);
#9067=AXIS2_PLACEMENT_3D('',#12498,#10047,#10048);
#9068=AXIS2_PLACEMENT_3D('',#12499,#10049,#10050);
#9069=AXIS2_PLACEMENT_3D('',#12500,#10051,#10052);
#9070=AXIS2_PLACEMENT_3D('',#12501,#10053,#10054);
#9071=AXIS2_PLACEMENT_3D('',#12502,#10055,#10056);
#9072=AXIS2_PLACEMENT_3D('',#12503,#10057,#10058);
#9073=AXIS2_PLACEMENT_3D('',#12504,#10059,#10060);
#9074=AXIS2_PLACEMENT_3D('',#12513,#10065,#10066);
#9075=AXIS2_PLACEMENT_3D('',#12522,#10071,#10072);
#9076=AXIS2_PLACEMENT_3D('',#12531,#10077,#10078);
#9077=AXIS2_PLACEMENT_3D('',#12532,#10079,#10080);
#9078=AXIS2_PLACEMENT_3D('',#12534,#10081,#10082);
#9079=AXIS2_PLACEMENT_3D('',#12536,#10083,#10084);
#9080=AXIS2_PLACEMENT_3D('',#12554,#10093,#10094);
#9081=AXIS2_PLACEMENT_3D('',#12563,#10099,#10100);
#9082=AXIS2_PLACEMENT_3D('',#12564,#10101,#10102);
#9083=AXIS2_PLACEMENT_3D('',#12592,#10117,#10118);
#9084=AXIS2_PLACEMENT_3D('',#12597,#10122,#10123);
#9085=AXIS2_PLACEMENT_3D('',#12598,#10124,#10125);
#9086=AXIS2_PLACEMENT_3D('',#12612,#10132,#10133);
#9087=AXIS2_PLACEMENT_3D('',#12634,#10146,#10147);
#9088=AXIS2_PLACEMENT_3D('',#12635,#10148,#10149);
#9089=AXIS2_PLACEMENT_3D('',#12645,#10154,#10155);
#9090=AXIS2_PLACEMENT_3D('',#12648,#10158,#10159);
#9091=AXIS2_PLACEMENT_3D('',#12649,#10160,#10161);
#9092=AXIS2_PLACEMENT_3D('',#12651,#10162,#10163);
#9093=AXIS2_PLACEMENT_3D('',#12653,#10164,#10165);
#9094=AXIS2_PLACEMENT_3D('',#12657,#10168,#10169);
#9095=AXIS2_PLACEMENT_3D('',#12663,#10172,#10173);
#9096=AXIS2_PLACEMENT_3D('',#12668,#10176,#10177);
#9097=AXIS2_PLACEMENT_3D('',#12669,#10178,#10179);
#9098=AXIS2_PLACEMENT_3D('',#12673,#10182,#10183);
#9099=AXIS2_PLACEMENT_3D('',#12690,#10196,#10197);
#9100=AXIS2_PLACEMENT_3D('',#12693,#10199,#10200);
#9101=AXIS2_PLACEMENT_3D('',#12694,#10201,#10202);
#9102=AXIS2_PLACEMENT_3D('',#12700,#10206,#10207);
#9103=AXIS2_PLACEMENT_3D('',#12702,#10209,#10210);
#9104=AXIS2_PLACEMENT_3D('',#12703,#10211,#10212);
#9105=AXIS2_PLACEMENT_3D('',#12704,#10213,#10214);
#9106=AXIS2_PLACEMENT_3D('',#12705,#10215,#10216);
#9107=AXIS2_PLACEMENT_3D('',#12706,#10217,#10218);
#9108=AXIS2_PLACEMENT_3D('',#12709,#10220,#10221);
#9109=AXIS2_PLACEMENT_3D('',#12710,#10222,#10223);
#9110=AXIS2_PLACEMENT_3D('',#12711,#10224,#10225);
#9111=AXIS2_PLACEMENT_3D('',#12714,#10227,#10228);
#9112=AXIS2_PLACEMENT_3D('',#12722,#10233,#10234);
#9113=AXIS2_PLACEMENT_3D('',#12730,#10239,#10240);
#9114=AXIS2_PLACEMENT_3D('',#12732,#10242,#10243);
#9115=AXIS2_PLACEMENT_3D('',#12733,#10244,#10245);
#9116=AXIS2_PLACEMENT_3D('',#12734,#10246,#10247);
#9117=AXIS2_PLACEMENT_3D('',#12735,#10248,#10249);
#9118=AXIS2_PLACEMENT_3D('',#12736,#10250,#10251);
#9119=AXIS2_PLACEMENT_3D('',#12737,#10252,#10253);
#9120=AXIS2_PLACEMENT_3D('',#12738,#10254,#10255);
#9121=AXIS2_PLACEMENT_3D('',#12744,#10256,#10257);
#9122=AXIS2_PLACEMENT_3D('',#12750,#10258,#10259);
#9123=AXIS2_PLACEMENT_3D('',#12751,#10260,#10261);
#9124=AXIS2_PLACEMENT_3D('',#12752,#10262,#10263);
#9125=AXIS2_PLACEMENT_3D('',#12753,#10264,#10265);
#9126=AXIS2_PLACEMENT_3D('',#12759,#10266,#10267);
#9127=AXIS2_PLACEMENT_3D('',#12765,#10268,#10269);
#9128=AXIS2_PLACEMENT_3D('',#12766,#10270,#10271);
#9129=AXIS2_PLACEMENT_3D('',#12768,#10273,#10274);
#9130=AXIS2_PLACEMENT_3D('',#12769,#10275,#10276);
#9131=AXIS2_PLACEMENT_3D('',#12770,#10277,#10278);
#9132=AXIS2_PLACEMENT_3D('',#12771,#10279,#10280);
#9133=AXIS2_PLACEMENT_3D('',#12772,#10281,#10282);
#9134=AXIS2_PLACEMENT_3D('',#12773,#10283,#10284);
#9135=AXIS2_PLACEMENT_3D('',#12774,#10285,#10286);
#9136=AXIS2_PLACEMENT_3D('',#12775,#10287,#10288);
#9137=AXIS2_PLACEMENT_3D('',#12776,#10289,#10290);
#9138=AXIS2_PLACEMENT_3D('',#12777,#10291,#10292);
#9139=AXIS2_PLACEMENT_3D('',#12778,#10293,#10294);
#9140=AXIS2_PLACEMENT_3D('',#12779,#10295,#10296);
#9141=AXIS2_PLACEMENT_3D('',#12794,#10304,#10305);
#9142=AXIS2_PLACEMENT_3D('',#12800,#10308,#10309);
#9143=AXIS2_PLACEMENT_3D('',#12808,#10313,#10314);
#9144=AXIS2_PLACEMENT_3D('',#12813,#10317,#10318);
#9145=AXIS2_PLACEMENT_3D('',#12817,#10321,#10322);
#9146=AXIS2_PLACEMENT_3D('',#12818,#10323,#10324);
#9147=AXIS2_PLACEMENT_3D('',#12821,#10325,#10326);
#9148=AXIS2_PLACEMENT_3D('',#12825,#10328,#10329);
#9149=AXIS2_PLACEMENT_3D('',#12827,#10330,#10331);
#9150=AXIS2_PLACEMENT_3D('',#12828,#10332,#10333);
#9151=AXIS2_PLACEMENT_3D('',#12829,#10334,#10335);
#9152=AXIS2_PLACEMENT_3D('',#12830,#10336,#10337);
#9153=AXIS2_PLACEMENT_3D('',#12832,#10338,#10339);
#9154=AXIS2_PLACEMENT_3D('',#12834,#10340,#10341);
#9155=AXIS2_PLACEMENT_3D('',#12835,#10342,#10343);
#9156=AXIS2_PLACEMENT_3D('',#12837,#10344,#10345);
#9157=AXIS2_PLACEMENT_3D('',#12839,#10346,#10347);
#9158=AXIS2_PLACEMENT_3D('',#12840,#10348,#10349);
#9159=AXIS2_PLACEMENT_3D('',#12842,#10350,#10351);
#9160=AXIS2_PLACEMENT_3D('',#12844,#10352,#10353);
#9161=AXIS2_PLACEMENT_3D('',#12850,#10356,#10357);
#9162=AXIS2_PLACEMENT_3D('',#12853,#10359,#10360);
#9163=AXIS2_PLACEMENT_3D('',#12856,#10362,#10363);
#9164=AXIS2_PLACEMENT_3D('',#12857,#10364,#10365);
#9165=AXIS2_PLACEMENT_3D('',#12863,#10368,#10369);
#9166=AXIS2_PLACEMENT_3D('',#12867,#10371,#10372);
#9167=AXIS2_PLACEMENT_3D('',#12872,#10375,#10376);
#9168=AXIS2_PLACEMENT_3D('',#12875,#10378,#10379);
#9169=AXIS2_PLACEMENT_3D('',#12879,#10381,#10382);
#9170=AXIS2_PLACEMENT_3D('',#12882,#10384,#10385);
#9171=AXIS2_PLACEMENT_3D('',#12886,#10387,#10388);
#9172=AXIS2_PLACEMENT_3D('',#12890,#10390,#10391);
#9173=AXIS2_PLACEMENT_3D('',#12897,#10395,#10396);
#9174=AXIS2_PLACEMENT_3D('',#12902,#10399,#10400);
#9175=AXIS2_PLACEMENT_3D('',#12910,#10405,#10406);
#9176=AXIS2_PLACEMENT_3D('',#12911,#10407,#10408);
#9177=AXIS2_PLACEMENT_3D('',#12913,#10409,#10410);
#9178=AXIS2_PLACEMENT_3D('',#12915,#10411,#10412);
#9179=AXIS2_PLACEMENT_3D('',#12923,#10417,#10418);
#9180=AXIS2_PLACEMENT_3D('',#12924,#10419,#10420);
#9181=AXIS2_PLACEMENT_3D('',#12926,#10421,#10422);
#9182=AXIS2_PLACEMENT_3D('',#12928,#10423,#10424);
#9183=AXIS2_PLACEMENT_3D('',#12930,#10425,#10426);
#9184=AXIS2_PLACEMENT_3D('',#12934,#10428,#10429);
#9185=AXIS2_PLACEMENT_3D('',#12941,#10433,#10434);
#9186=AXIS2_PLACEMENT_3D('',#12945,#10436,#10437);
#9187=AXIS2_PLACEMENT_3D('',#12951,#10440,#10441);
#9188=AXIS2_PLACEMENT_3D('',#12952,#10442,#10443);
#9189=AXIS2_PLACEMENT_3D('',#12958,#10447,#10448);
#9190=AXIS2_PLACEMENT_3D('',#12959,#10449,#10450);
#9191=AXIS2_PLACEMENT_3D('',#12963,#10453,#10454);
#9192=AXIS2_PLACEMENT_3D('',#12968,#10457,#10458);
#9193=AXIS2_PLACEMENT_3D('',#12974,#10462,#10463);
#9194=AXIS2_PLACEMENT_3D('',#12980,#10467,#10468);
#9195=AXIS2_PLACEMENT_3D('',#12983,#10470,#10471);
#9196=AXIS2_PLACEMENT_3D('',#12984,#10472,#10473);
#9197=AXIS2_PLACEMENT_3D('',#12987,#10475,#10476);
#9198=AXIS2_PLACEMENT_3D('',#12988,#10477,#10478);
#9199=AXIS2_PLACEMENT_3D('',#12989,#10479,#10480);
#9200=AXIS2_PLACEMENT_3D('',#12992,#10482,#10483);
#9201=AXIS2_PLACEMENT_3D('',#12996,#10486,#10487);
#9202=AXIS2_PLACEMENT_3D('',#12997,#10488,#10489);
#9203=AXIS2_PLACEMENT_3D('',#13000,#10491,#10492);
#9204=AXIS2_PLACEMENT_3D('',#13002,#10494,#10495);
#9205=AXIS2_PLACEMENT_3D('',#13003,#10496,#10497);
#9206=AXIS2_PLACEMENT_3D('',#13004,#10498,#10499);
#9207=AXIS2_PLACEMENT_3D('',#13006,#10500,#10501);
#9208=AXIS2_PLACEMENT_3D('',#13008,#10502,#10503);
#9209=AXIS2_PLACEMENT_3D('',#13010,#10504,#10505);
#9210=AXIS2_PLACEMENT_3D('',#13012,#10506,#10507);
#9211=AXIS2_PLACEMENT_3D('',#13013,#10508,#10509);
#9212=AXIS2_PLACEMENT_3D('',#13014,#10510,#10511);
#9213=AXIS2_PLACEMENT_3D('',#13015,#10512,#10513);
#9214=AXIS2_PLACEMENT_3D('',#13016,#10514,#10515);
#9215=AXIS2_PLACEMENT_3D('',#13018,#10517,#10518);
#9216=AXIS2_PLACEMENT_3D('',#13020,#10520,#10521);
#9217=AXIS2_PLACEMENT_3D('',#13021,#10522,#10523);
#9218=AXIS2_PLACEMENT_3D('',#13024,#10526,#10527);
#9219=AXIS2_PLACEMENT_3D('',#13028,#10530,#10531);
#9220=AXIS2_PLACEMENT_3D('',#13030,#10533,#10534);
#9221=AXIS2_PLACEMENT_3D('',#13031,#10535,#10536);
#9222=AXIS2_PLACEMENT_3D('',#13037,#10539,#10540);
#9223=AXIS2_PLACEMENT_3D('',#13040,#10542,#10543);
#9224=AXIS2_PLACEMENT_3D('',#13045,#10547,#10548);
#9225=AXIS2_PLACEMENT_3D('',#13046,#10549,#10550);
#9226=AXIS2_PLACEMENT_3D('',#13049,#10552,#10553);
#9227=AXIS2_PLACEMENT_3D('',#13050,#10554,#10555);
#9228=AXIS2_PLACEMENT_3D('',#13053,#10558,#10559);
#9229=AXIS2_PLACEMENT_3D('',#13055,#10561,#10562);
#9230=AXIS2_PLACEMENT_3D('',#13059,#10564,#10565);
#9231=AXIS2_PLACEMENT_3D('',#13060,#10566,#10567);
#9232=AXIS2_PLACEMENT_3D('',#13061,#10568,#10569);
#9233=AXIS2_PLACEMENT_3D('',#13068,#10574,#10575);
#9234=AXIS2_PLACEMENT_3D('',#13069,#10576,#10577);
#9235=AXIS2_PLACEMENT_3D('',#13070,#10578,#10579);
#9236=AXIS2_PLACEMENT_3D('',#13071,#10580,#10581);
#9237=AXIS2_PLACEMENT_3D('',#13072,#10582,#10583);
#9238=AXIS2_PLACEMENT_3D('',#13081,#10588,#10589);
#9239=AXIS2_PLACEMENT_3D('',#13087,#10593,#10594);
#9240=AXIS2_PLACEMENT_3D('',#13088,#10595,#10596);
#9241=AXIS2_PLACEMENT_3D('',#13090,#10598,#10599);
#9242=AXIS2_PLACEMENT_3D('',#13096,#10600,#10601);
#9243=AXIS2_PLACEMENT_3D('',#13099,#10604,#10605);
#9244=AXIS2_PLACEMENT_3D('',#13105,#10606,#10607);
#9245=AXIS2_PLACEMENT_3D('',#13106,#10608,#10609);
#9246=AXIS2_PLACEMENT_3D('',#13107,#10610,#10611);
#9247=AXIS2_PLACEMENT_3D('',#13108,#10612,#10613);
#9248=AXIS2_PLACEMENT_3D('',#13124,#10614,#10615);
#9249=AXIS2_PLACEMENT_3D('',#13125,#10616,#10617);
#9250=AXIS2_PLACEMENT_3D('',#13126,#10618,#10619);
#9251=AXIS2_PLACEMENT_3D('',#13142,#10620,#10621);
#9252=AXIS2_PLACEMENT_3D('',#13143,#10622,#10623);
#9253=AXIS2_PLACEMENT_3D('',#13144,#10624,#10625);
#9254=AXIS2_PLACEMENT_3D('',#13145,#10626,#10627);
#9255=AXIS2_PLACEMENT_3D('',#13146,#10628,#10629);
#9256=AXIS2_PLACEMENT_3D('',#13147,#10630,#10631);
#9257=AXIS2_PLACEMENT_3D('',#13148,#10632,#10633);
#9258=AXIS2_PLACEMENT_3D('',#13149,#10634,#10635);
#9259=AXIS2_PLACEMENT_3D('',#13150,#10636,#10637);
#9260=AXIS2_PLACEMENT_3D('',#13151,#10638,#10639);
#9261=AXIS2_PLACEMENT_3D('',#13152,#10640,#10641);
#9262=AXIS2_PLACEMENT_3D('',#13153,#10642,#10643);
#9263=AXIS2_PLACEMENT_3D('',#13155,#10644,#10645);
#9264=AXIS2_PLACEMENT_3D('',#13164,#10650,#10651);
#9265=AXIS2_PLACEMENT_3D('',#13170,#10655,#10656);
#9266=AXIS2_PLACEMENT_3D('',#13176,#10660,#10661);
#9267=AXIS2_PLACEMENT_3D('',#13182,#10665,#10666);
#9268=AXIS2_PLACEMENT_3D('',#13188,#10670,#10671);
#9269=AXIS2_PLACEMENT_3D('',#13194,#10675,#10676);
#9270=AXIS2_PLACEMENT_3D('',#13200,#10680,#10681);
#9271=AXIS2_PLACEMENT_3D('',#13206,#10685,#10686);
#9272=AXIS2_PLACEMENT_3D('',#13212,#10690,#10691);
#9273=AXIS2_PLACEMENT_3D('',#13213,#10692,#10693);
#9274=AXIS2_PLACEMENT_3D('',#13215,#10694,#10695);
#9275=AXIS2_PLACEMENT_3D('',#13221,#10699,#10700);
#9276=AXIS2_PLACEMENT_3D('',#13225,#10703,#10704);
#9277=AXIS2_PLACEMENT_3D('',#13229,#10707,#10708);
#9278=AXIS2_PLACEMENT_3D('',#13231,#10710,#10711);
#9279=AXIS2_PLACEMENT_3D('',#13232,#10712,#10713);
#9280=AXIS2_PLACEMENT_3D('',#13233,#10714,#10715);
#9281=AXIS2_PLACEMENT_3D('',#13234,#10716,#10717);
#9282=AXIS2_PLACEMENT_3D('',#13238,#10719,#10720);
#9283=AXIS2_PLACEMENT_3D('',#13239,#10721,#10722);
#9284=AXIS2_PLACEMENT_3D('',#13242,#10724,#10725);
#9285=AXIS2_PLACEMENT_3D('',#13245,#10727,#10728);
#9286=AXIS2_PLACEMENT_3D('',#13288,#10729,#10730);
#9287=AXIS2_PLACEMENT_3D('',#13289,#10731,#10732);
#9288=AXIS2_PLACEMENT_3D('',#13292,#10733,#10734);
#9289=AXIS2_PLACEMENT_3D('',#13294,#10735,#10736);
#9290=AXIS2_PLACEMENT_3D('',#13295,#10737,#10738);
#9291=AXIS2_PLACEMENT_3D('',#13297,#10740,#10741);
#9292=AXIS2_PLACEMENT_3D('',#13299,#10743,#10744);
#9293=AXIS2_PLACEMENT_3D('',#13303,#10747,#10748);
#9294=AXIS2_PLACEMENT_3D('',#13311,#10753,#10754);
#9295=AXIS2_PLACEMENT_3D('',#13315,#10757,#10758);
#9296=AXIS2_PLACEMENT_3D('',#13319,#10761,#10762);
#9297=AXIS2_PLACEMENT_3D('',#13322,#10765,#10766);
#9298=AXIS2_PLACEMENT_3D('',#13323,#10767,#10768);
#9299=AXIS2_PLACEMENT_3D('',#13324,#10769,#10770);
#9300=AXIS2_PLACEMENT_3D('',#13330,#10774,#10775);
#9301=AXIS2_PLACEMENT_3D('',#13334,#10778,#10779);
#9302=AXIS2_PLACEMENT_3D('',#13338,#10782,#10783);
#9303=AXIS2_PLACEMENT_3D('',#13340,#10785,#10786);
#9304=AXIS2_PLACEMENT_3D('',#13341,#10787,#10788);
#9305=AXIS2_PLACEMENT_3D('',#13342,#10789,#10790);
#9306=AXIS2_PLACEMENT_3D('',#13346,#10792,#10793);
#9307=AXIS2_PLACEMENT_3D('',#13350,#10795,#10796);
#9308=AXIS2_PLACEMENT_3D('',#13351,#10797,#10798);
#9309=AXIS2_PLACEMENT_3D('',#13353,#10799,#10800);
#9310=AXIS2_PLACEMENT_3D('',#13359,#10804,#10805);
#9311=AXIS2_PLACEMENT_3D('',#13360,#10806,#10807);
#9312=AXIS2_PLACEMENT_3D('',#13364,#10809,#10810);
#9313=AXIS2_PLACEMENT_3D('',#13365,#10811,#10812);
#9314=AXIS2_PLACEMENT_3D('',#13366,#10813,#10814);
#9315=AXIS2_PLACEMENT_3D('',#13368,#10815,#10816);
#9316=AXIS2_PLACEMENT_3D('',#13370,#10817,#10818);
#9317=AXIS2_PLACEMENT_3D('',#13371,#10819,#10820);
#9318=AXIS2_PLACEMENT_3D('',#13373,#10821,#10822);
#9319=AXIS2_PLACEMENT_3D('',#13375,#10823,#10824);
#9320=AXIS2_PLACEMENT_3D('',#13376,#10825,#10826);
#9321=AXIS2_PLACEMENT_3D('',#13378,#10827,#10828);
#9322=AXIS2_PLACEMENT_3D('',#13380,#10829,#10830);
#9323=AXIS2_PLACEMENT_3D('',#13381,#10831,#10832);
#9324=AXIS2_PLACEMENT_3D('',#13383,#10833,#10834);
#9325=AXIS2_PLACEMENT_3D('',#13385,#10835,#10836);
#9326=AXIS2_PLACEMENT_3D('',#13386,#10837,#10838);
#9327=AXIS2_PLACEMENT_3D('',#13388,#10839,#10840);
#9328=AXIS2_PLACEMENT_3D('',#13390,#10841,#10842);
#9329=AXIS2_PLACEMENT_3D('',#13393,#10845,#10846);
#9330=AXIS2_PLACEMENT_3D('',#13394,#10847,#10848);
#9331=AXIS2_PLACEMENT_3D('',#13396,#10849,#10850);
#9332=AXIS2_PLACEMENT_3D('',#13398,#10851,#10852);
#9333=AXIS2_PLACEMENT_3D('',#13399,#10853,#10854);
#9334=AXIS2_PLACEMENT_3D('',#13400,#10855,#10856);
#9335=AXIS2_PLACEMENT_3D('',#13401,#10857,#10858);
#9336=AXIS2_PLACEMENT_3D('',#13403,#10859,#10860);
#9337=AXIS2_PLACEMENT_3D('',#13405,#10861,#10862);
#9338=AXIS2_PLACEMENT_3D('',#13406,#10863,#10864);
#9339=AXIS2_PLACEMENT_3D('',#13407,#10865,#10866);
#9340=AXIS2_PLACEMENT_3D('',#13408,#10867,#10868);
#9341=AXIS2_PLACEMENT_3D('',#13414,#10871,#10872);
#9342=AXIS2_PLACEMENT_3D('',#13420,#10875,#10876);
#9343=AXIS2_PLACEMENT_3D('',#13432,#10882,#10883);
#9344=AXIS2_PLACEMENT_3D('',#13435,#10885,#10886);
#9345=AXIS2_PLACEMENT_3D('',#13437,#10887,#10888);
#9346=AXIS2_PLACEMENT_3D('',#13439,#10889,#10890);
#9347=AXIS2_PLACEMENT_3D('',#13441,#10891,#10892);
#9348=AXIS2_PLACEMENT_3D('',#13443,#10893,#10894);
#9349=AXIS2_PLACEMENT_3D('',#13447,#10896,#10897);
#9350=AXIS2_PLACEMENT_3D('',#13462,#10905,#10906);
#9351=AXIS2_PLACEMENT_3D('',#13463,#10907,#10908);
#9352=AXIS2_PLACEMENT_3D('',#13465,#10909,#10910);
#9353=AXIS2_PLACEMENT_3D('',#13467,#10911,#10912);
#9354=AXIS2_PLACEMENT_3D('',#13469,#10913,#10914);
#9355=AXIS2_PLACEMENT_3D('',#13471,#10915,#10916);
#9356=AXIS2_PLACEMENT_3D('',#13489,#10925,#10926);
#9357=AXIS2_PLACEMENT_3D('',#13493,#10929,#10930);
#9358=AXIS2_PLACEMENT_3D('',#13494,#10931,#10932);
#9359=AXIS2_PLACEMENT_3D('',#13503,#10938,#10939);
#9360=AXIS2_PLACEMENT_3D('',#13506,#10942,#10943);
#9361=AXIS2_PLACEMENT_3D('',#13508,#10945,#10946);
#9362=AXIS2_PLACEMENT_3D('',#13510,#10948,#10949);
#9363=AXIS2_PLACEMENT_3D('',#13512,#10951,#10952);
#9364=AXIS2_PLACEMENT_3D('',#13521,#10957,#10958);
#9365=AXIS2_PLACEMENT_3D('',#13523,#10959,#10960);
#9366=AXIS2_PLACEMENT_3D('',#13525,#10961,#10962);
#9367=AXIS2_PLACEMENT_3D('',#13527,#10963,#10964);
#9368=AXIS2_PLACEMENT_3D('',#13529,#10965,#10966);
#9369=AXIS2_PLACEMENT_3D('',#13531,#10967,#10968);
#9370=AXIS2_PLACEMENT_3D('',#13533,#10969,#10970);
#9371=AXIS2_PLACEMENT_3D('',#13535,#10971,#10972);
#9372=AXIS2_PLACEMENT_3D('',#13537,#10973,#10974);
#9373=AXIS2_PLACEMENT_3D('',#13539,#10975,#10976);
#9374=AXIS2_PLACEMENT_3D('',#13541,#10978,#10979);
#9375=AXIS2_PLACEMENT_3D('',#13542,#10980,#10981);
#9376=AXIS2_PLACEMENT_3D('',#13544,#10983,#10984);
#9377=AXIS2_PLACEMENT_3D('',#13545,#10985,#10986);
#9378=AXIS2_PLACEMENT_3D('',#13546,#10987,#10988);
#9379=AXIS2_PLACEMENT_3D('',#13548,#10989,#10990);
#9380=AXIS2_PLACEMENT_3D('',#13550,#10991,#10992);
#9381=AXIS2_PLACEMENT_3D('',#13552,#10993,#10994);
#9382=AXIS2_PLACEMENT_3D('',#13554,#10996,#10997);
#9383=AXIS2_PLACEMENT_3D('',#13555,#10998,#10999);
#9384=AXIS2_PLACEMENT_3D('',#13556,#11000,#11001);
#9385=AXIS2_PLACEMENT_3D('',#13558,#11002,#11003);
#9386=AXIS2_PLACEMENT_3D('',#13560,#11004,#11005);
#9387=AXIS2_PLACEMENT_3D('',#13562,#11006,#11007);
#9388=AXIS2_PLACEMENT_3D('',#13563,#11008,#11009);
#9389=AXIS2_PLACEMENT_3D('',#13564,#11010,#11011);
#9390=AXIS2_PLACEMENT_3D('',#13570,#11012,#11013);
#9391=AXIS2_PLACEMENT_3D('',#13576,#11014,#11015);
#9392=AXIS2_PLACEMENT_3D('',#13577,#11016,#11017);
#9393=AXIS2_PLACEMENT_3D('',#13578,#11018,#11019);
#9394=AXIS2_PLACEMENT_3D('',#13584,#11023,#11024);
#9395=AXIS2_PLACEMENT_3D('',#13585,#11025,#11026);
#9396=AXIS2_PLACEMENT_3D('',#13587,#11027,#11028);
#9397=AXIS2_PLACEMENT_3D('',#13589,#11029,#11030);
#9398=AXIS2_PLACEMENT_3D('',#13595,#11033,#11034);
#9399=AXIS2_PLACEMENT_3D('',#13596,#11035,#11036);
#9400=AXIS2_PLACEMENT_3D('',#13597,#11037,#11038);
#9401=AXIS2_PLACEMENT_3D('',#13598,#11039,#11040);
#9402=AXIS2_PLACEMENT_3D('',#13599,#11041,#11042);
#9403=AXIS2_PLACEMENT_3D('',#13600,#11043,#11044);
#9404=AXIS2_PLACEMENT_3D('',#13601,#11045,#11046);
#9405=AXIS2_PLACEMENT_3D('',#13603,#11047,#11048);
#9406=AXIS2_PLACEMENT_3D('',#13604,#11049,#11050);
#9407=AXIS2_PLACEMENT_3D('',#13605,#11051,#11052);
#9408=AXIS2_PLACEMENT_3D('',#13606,#11053,#11054);
#9409=AXIS2_PLACEMENT_3D('',#13607,#11055,#11056);
#9410=AXIS2_PLACEMENT_3D('',#13608,#11057,#11058);
#9411=AXIS2_PLACEMENT_3D('',#13609,#11059,#11060);
#9412=AXIS2_PLACEMENT_3D('',#13610,#11061,#11062);
#9413=AXIS2_PLACEMENT_3D('',#13612,#11063,#11064);
#9414=AXIS2_PLACEMENT_3D('',#13625,#11065,#11066);
#9415=AXIS2_PLACEMENT_3D('',#13626,#11067,#11068);
#9416=AXIS2_PLACEMENT_3D('',#13627,#11069,#11070);
#9417=AXIS2_PLACEMENT_3D('',#13628,#11071,#11072);
#9418=AXIS2_PLACEMENT_3D('',#13629,#11073,#11074);
#9419=AXIS2_PLACEMENT_3D('',#13630,#11075,#11076);
#9420=AXIS2_PLACEMENT_3D('',#13631,#11077,#11078);
#9421=AXIS2_PLACEMENT_3D('',#13632,#11079,#11080);
#9422=AXIS2_PLACEMENT_3D('',#13633,#11081,#11082);
#9423=AXIS2_PLACEMENT_3D('',#13634,#11083,#11084);
#9424=AXIS2_PLACEMENT_3D('',#13635,#11085,#11086);
#9425=AXIS2_PLACEMENT_3D('',#13636,#11087,#11088);
#9426=AXIS2_PLACEMENT_3D('',#13637,#11089,#11090);
#9427=AXIS2_PLACEMENT_3D('',#13638,#11091,#11092);
#9428=AXIS2_PLACEMENT_3D('',#13639,#11093,#11094);
#9429=AXIS2_PLACEMENT_3D('',#13640,#11095,#11096);
#9430=AXIS2_PLACEMENT_3D('',#13641,#11097,#11098);
#9431=AXIS2_PLACEMENT_3D('',#13642,#11099,#11100);
#9432=AXIS2_PLACEMENT_3D('',#13643,#11101,#11102);
#9433=AXIS2_PLACEMENT_3D('',#13644,#11103,#11104);
#9434=AXIS2_PLACEMENT_3D('',#13645,#11105,#11106);
#9435=AXIS2_PLACEMENT_3D('',#13646,#11107,#11108);
#9436=AXIS2_PLACEMENT_3D('',#13675,#11123,#11124);
#9437=AXIS2_PLACEMENT_3D('',#13696,#11135,#11136);
#9438=AXIS2_PLACEMENT_3D('',#13704,#11142,#11143);
#9439=AXIS2_PLACEMENT_3D('',#13716,#11150,#11151);
#9440=AXIS2_PLACEMENT_3D('',#13725,#11156,#11157);
#9441=AXIS2_PLACEMENT_3D('',#13730,#11161,#11162);
#9442=AXIS2_PLACEMENT_3D('',#13733,#11165,#11166);
#9443=AXIS2_PLACEMENT_3D('',#13735,#11168,#11169);
#9444=AXIS2_PLACEMENT_3D('',#13745,#11175,#11176);
#9445=AXIS2_PLACEMENT_3D('',#13746,#11177,#11178);
#9446=AXIS2_PLACEMENT_3D('',#13748,#11179,#11180);
#9447=AXIS2_PLACEMENT_3D('',#13750,#11181,#11182);
#9448=AXIS2_PLACEMENT_3D('',#13753,#11184,#11185);
#9449=AXIS2_PLACEMENT_3D('',#13754,#11186,#11187);
#9450=AXIS2_PLACEMENT_3D('',#13757,#11189,#11190);
#9451=AXIS2_PLACEMENT_3D('',#13760,#11192,#11193);
#9452=AXIS2_PLACEMENT_3D('',#13761,#11194,#11195);
#9453=AXIS2_PLACEMENT_3D('',#13762,#11196,#11197);
#9454=AXIS2_PLACEMENT_3D('',#13765,#11199,#11200);
#9455=AXIS2_PLACEMENT_3D('',#13768,#11202,#11203);
#9456=AXIS2_PLACEMENT_3D('',#13774,#11207,#11208);
#9457=AXIS2_PLACEMENT_3D('',#13775,#11209,#11210);
#9458=AXIS2_PLACEMENT_3D('',#13784,#11215,#11216);
#9459=AXIS2_PLACEMENT_3D('',#13785,#11217,#11218);
#9460=AXIS2_PLACEMENT_3D('',#13798,#11219,#11220);
#9461=AXIS2_PLACEMENT_3D('',#13805,#11221,#11222);
#9462=AXIS2_PLACEMENT_3D('',#13806,#11223,#11224);
#9463=AXIS2_PLACEMENT_3D('',#13807,#11225,#11226);
#9464=AXIS2_PLACEMENT_3D('',#13809,#11227,#11228);
#9465=AXIS2_PLACEMENT_3D('',#13811,#11229,#11230);
#9466=AXIS2_PLACEMENT_3D('',#13813,#11231,#11232);
#9467=AXIS2_PLACEMENT_3D('',#13814,#11233,#11234);
#9468=AXIS2_PLACEMENT_3D('',#13815,#11235,#11236);
#9469=AXIS2_PLACEMENT_3D('',#13816,#11237,#11238);
#9470=AXIS2_PLACEMENT_3D('',#13817,#11239,#11240);
#9471=AXIS2_PLACEMENT_3D('',#13818,#11241,#11242);
#9472=AXIS2_PLACEMENT_3D('',#13819,#11243,#11244);
#9473=AXIS2_PLACEMENT_3D('',#13821,#11245,#11246);
#9474=AXIS2_PLACEMENT_3D('',#13823,#11247,#11248);
#9475=AXIS2_PLACEMENT_3D('',#13825,#11249,#11250);
#9476=AXIS2_PLACEMENT_3D('',#13827,#11252,#11253);
#9477=AXIS2_PLACEMENT_3D('',#13828,#11254,#11255);
#9478=AXIS2_PLACEMENT_3D('',#13830,#11256,#11257);
#9479=AXIS2_PLACEMENT_3D('',#13831,#11258,#11259);
#9480=AXIS2_PLACEMENT_3D('',#13832,#11260,#11261);
#9481=AXIS2_PLACEMENT_3D('',#13833,#11262,#11263);
#9482=AXIS2_PLACEMENT_3D('',#13835,#11264,#11265);
#9483=AXIS2_PLACEMENT_3D('',#13836,#11266,#11267);
#9484=AXIS2_PLACEMENT_3D('',#13839,#11270,#11271);
#9485=AXIS2_PLACEMENT_3D('',#13841,#11273,#11274);
#9486=AXIS2_PLACEMENT_3D('',#13843,#11276,#11277);
#9487=AXIS2_PLACEMENT_3D('',#13844,#11278,#11279);
#9488=AXIS2_PLACEMENT_3D('',#13845,#11280,#11281);
#9489=AXIS2_PLACEMENT_3D('',#13846,#11282,#11283);
#9490=AXIS2_PLACEMENT_3D('',#13847,#11284,#11285);
#9491=AXIS2_PLACEMENT_3D('',#13851,#11287,#11288);
#9492=AXIS2_PLACEMENT_3D('',#13852,#11289,#11290);
#9493=AXIS2_PLACEMENT_3D('',#13855,#11292,#11293);
#9494=AXIS2_PLACEMENT_3D('',#13858,#11295,#11296);
#9495=AXIS2_PLACEMENT_3D('',#13943,#11297,#11298);
#9496=AXIS2_PLACEMENT_3D('',#13944,#11299,#11300);
#9497=AXIS2_PLACEMENT_3D('',#13947,#11301,#11302);
#9498=AXIS2_PLACEMENT_3D('',#13949,#11303,#11304);
#9499=AXIS2_PLACEMENT_3D('',#13950,#11305,#11306);
#9500=AXIS2_PLACEMENT_3D('',#13952,#11308,#11309);
#9501=AXIS2_PLACEMENT_3D('',#13954,#11311,#11312);
#9502=AXIS2_PLACEMENT_3D('',#13958,#11315,#11316);
#9503=AXIS2_PLACEMENT_3D('',#13966,#11321,#11322);
#9504=AXIS2_PLACEMENT_3D('',#13970,#11325,#11326);
#9505=AXIS2_PLACEMENT_3D('',#13974,#11329,#11330);
#9506=AXIS2_PLACEMENT_3D('',#13977,#11333,#11334);
#9507=AXIS2_PLACEMENT_3D('',#13978,#11335,#11336);
#9508=AXIS2_PLACEMENT_3D('',#13979,#11337,#11338);
#9509=AXIS2_PLACEMENT_3D('',#13985,#11342,#11343);
#9510=AXIS2_PLACEMENT_3D('',#13989,#11346,#11347);
#9511=AXIS2_PLACEMENT_3D('',#13993,#11350,#11351);
#9512=AXIS2_PLACEMENT_3D('',#13995,#11353,#11354);
#9513=AXIS2_PLACEMENT_3D('',#13996,#11355,#11356);
#9514=AXIS2_PLACEMENT_3D('',#13997,#11357,#11358);
#9515=AXIS2_PLACEMENT_3D('',#14003,#11361,#11362);
#9516=AXIS2_PLACEMENT_3D('',#14015,#11368,#11369);
#9517=AXIS2_PLACEMENT_3D('',#14021,#11372,#11373);
#9518=AXIS2_PLACEMENT_3D('',#14024,#11375,#11376);
#9519=AXIS2_PLACEMENT_3D('',#14026,#11377,#11378);
#9520=AXIS2_PLACEMENT_3D('',#14028,#11379,#11380);
#9521=AXIS2_PLACEMENT_3D('',#14030,#11381,#11382);
#9522=AXIS2_PLACEMENT_3D('',#14032,#11383,#11384);
#9523=AXIS2_PLACEMENT_3D('',#14050,#11393,#11394);
#9524=AXIS2_PLACEMENT_3D('',#14051,#11395,#11396);
#9525=AXIS2_PLACEMENT_3D('',#14052,#11397,#11398);
#9526=AXIS2_PLACEMENT_3D('',#14054,#11399,#11400);
#9527=AXIS2_PLACEMENT_3D('',#14056,#11401,#11402);
#9528=AXIS2_PLACEMENT_3D('',#14058,#11403,#11404);
#9529=AXIS2_PLACEMENT_3D('',#14060,#11405,#11406);
#9530=AXIS2_PLACEMENT_3D('',#14078,#11415,#11416);
#9531=AXIS2_PLACEMENT_3D('',#14079,#11417,#11418);
#9532=AXIS2_PLACEMENT_3D('',#14083,#11421,#11422);
#9533=AXIS2_PLACEMENT_3D('',#14092,#11428,#11429);
#9534=AXIS2_PLACEMENT_3D('',#14095,#11432,#11433);
#9535=AXIS2_PLACEMENT_3D('',#14097,#11435,#11436);
#9536=AXIS2_PLACEMENT_3D('',#14099,#11438,#11439);
#9537=AXIS2_PLACEMENT_3D('',#14101,#11441,#11442);
#9538=AXIS2_PLACEMENT_3D('',#14110,#11447,#11448);
#9539=AXIS2_PLACEMENT_3D('',#14112,#11449,#11450);
#9540=AXIS2_PLACEMENT_3D('',#14114,#11451,#11452);
#9541=AXIS2_PLACEMENT_3D('',#14116,#11453,#11454);
#9542=AXIS2_PLACEMENT_3D('',#14118,#11455,#11456);
#9543=AXIS2_PLACEMENT_3D('',#14120,#11457,#11458);
#9544=AXIS2_PLACEMENT_3D('',#14122,#11459,#11460);
#9545=AXIS2_PLACEMENT_3D('',#14124,#11461,#11462);
#9546=AXIS2_PLACEMENT_3D('',#14126,#11463,#11464);
#9547=AXIS2_PLACEMENT_3D('',#14128,#11465,#11466);
#9548=AXIS2_PLACEMENT_3D('',#14129,#11467,#11468);
#9549=AXIS2_PLACEMENT_3D('',#14131,#11470,#11471);
#9550=AXIS2_PLACEMENT_3D('',#14132,#11472,#11473);
#9551=AXIS2_PLACEMENT_3D('',#14134,#11475,#11476);
#9552=AXIS2_PLACEMENT_3D('',#14135,#11477,#11478);
#9553=AXIS2_PLACEMENT_3D('',#14137,#11479,#11480);
#9554=AXIS2_PLACEMENT_3D('',#14139,#11481,#11482);
#9555=AXIS2_PLACEMENT_3D('',#14141,#11483,#11484);
#9556=AXIS2_PLACEMENT_3D('',#14142,#11485,#11486);
#9557=AXIS2_PLACEMENT_3D('',#14144,#11488,#11489);
#9558=AXIS2_PLACEMENT_3D('',#14145,#11490,#11491);
#9559=AXIS2_PLACEMENT_3D('',#14147,#11492,#11493);
#9560=AXIS2_PLACEMENT_3D('',#14149,#11494,#11495);
#9561=AXIS2_PLACEMENT_3D('',#14151,#11496,#11497);
#9562=AXIS2_PLACEMENT_3D('',#14152,#11498,#11499);
#9563=AXIS2_PLACEMENT_3D('',#14153,#11500,#11501);
#9564=AXIS2_PLACEMENT_3D('',#14159,#11502,#11503);
#9565=AXIS2_PLACEMENT_3D('',#14165,#11504,#11505);
#9566=AXIS2_PLACEMENT_3D('',#14166,#11506,#11507);
#9567=AXIS2_PLACEMENT_3D('',#14167,#11508,#11509);
#9568=AXIS2_PLACEMENT_3D('',#14173,#11513,#11514);
#9569=AXIS2_PLACEMENT_3D('',#14174,#11515,#11516);
#9570=AXIS2_PLACEMENT_3D('',#14176,#11517,#11518);
#9571=AXIS2_PLACEMENT_3D('',#14178,#11519,#11520);
#9572=AXIS2_PLACEMENT_3D('',#14182,#11522,#11523);
#9573=AXIS2_PLACEMENT_3D('',#14183,#11524,#11525);
#9574=AXIS2_PLACEMENT_3D('',#14186,#11527,#11528);
#9575=AXIS2_PLACEMENT_3D('',#14187,#11529,#11530);
#9576=AXIS2_PLACEMENT_3D('',#14188,#11531,#11532);
#9577=AXIS2_PLACEMENT_3D('',#14189,#11533,#11534);
#9578=AXIS2_PLACEMENT_3D('',#14190,#11535,#11536);
#9579=AXIS2_PLACEMENT_3D('',#14192,#11537,#11538);
#9580=AXIS2_PLACEMENT_3D('',#14193,#11539,#11540);
#9581=AXIS2_PLACEMENT_3D('',#14194,#11541,#11542);
#9582=AXIS2_PLACEMENT_3D('',#14195,#11543,#11544);
#9583=AXIS2_PLACEMENT_3D('',#14196,#11545,#11546);
#9584=AXIS2_PLACEMENT_3D('',#14197,#11547,#11548);
#9585=AXIS2_PLACEMENT_3D('',#14198,#11549,#11550);
#9586=AXIS2_PLACEMENT_3D('',#14199,#11551,#11552);
#9587=AXIS2_PLACEMENT_3D('',#14201,#11553,#11554);
#9588=AXIS2_PLACEMENT_3D('',#14214,#11555,#11556);
#9589=AXIS2_PLACEMENT_3D('',#14215,#11557,#11558);
#9590=AXIS2_PLACEMENT_3D('',#14216,#11559,#11560);
#9591=AXIS2_PLACEMENT_3D('',#14217,#11561,#11562);
#9592=AXIS2_PLACEMENT_3D('',#14218,#11563,#11564);
#9593=AXIS2_PLACEMENT_3D('',#14219,#11565,#11566);
#9594=AXIS2_PLACEMENT_3D('',#14220,#11567,#11568);
#9595=AXIS2_PLACEMENT_3D('',#14221,#11569,#11570);
#9596=AXIS2_PLACEMENT_3D('',#14222,#11571,#11572);
#9597=AXIS2_PLACEMENT_3D('',#14223,#11573,#11574);
#9598=AXIS2_PLACEMENT_3D('',#14224,#11575,#11576);
#9599=AXIS2_PLACEMENT_3D('',#14239,#11584,#11585);
#9600=AXIS2_PLACEMENT_3D('',#14247,#11589,#11590);
#9601=AXIS2_PLACEMENT_3D('',#14255,#11594,#11595);
#9602=AXIS2_PLACEMENT_3D('',#14258,#11597,#11598);
#9603=AXIS2_PLACEMENT_3D('',#14262,#11601,#11602);
#9604=AXIS2_PLACEMENT_3D('',#14263,#11603,#11604);
#9605=AXIS2_PLACEMENT_3D('',#14266,#11605,#11606);
#9606=AXIS2_PLACEMENT_3D('',#14267,#11607,#11608);
#9607=AXIS2_PLACEMENT_3D('',#14269,#11609,#11610);
#9608=AXIS2_PLACEMENT_3D('',#14273,#11612,#11613);
#9609=AXIS2_PLACEMENT_3D('',#14274,#11614,#11615);
#9610=AXIS2_PLACEMENT_3D('',#14275,#11616,#11617);
#9611=AXIS2_PLACEMENT_3D('',#14277,#11618,#11619);
#9612=AXIS2_PLACEMENT_3D('',#14279,#11620,#11621);
#9613=AXIS2_PLACEMENT_3D('',#14280,#11622,#11623);
#9614=AXIS2_PLACEMENT_3D('',#14282,#11624,#11625);
#9615=AXIS2_PLACEMENT_3D('',#14284,#11626,#11627);
#9616=AXIS2_PLACEMENT_3D('',#14285,#11628,#11629);
#9617=AXIS2_PLACEMENT_3D('',#14287,#11630,#11631);
#9618=AXIS2_PLACEMENT_3D('',#14289,#11632,#11633);
#9619=AXIS2_PLACEMENT_3D('',#14295,#11636,#11637);
#9620=AXIS2_PLACEMENT_3D('',#14298,#11639,#11640);
#9621=AXIS2_PLACEMENT_3D('',#14301,#11642,#11643);
#9622=AXIS2_PLACEMENT_3D('',#14302,#11644,#11645);
#9623=AXIS2_PLACEMENT_3D('',#14310,#11649,#11650);
#9624=AXIS2_PLACEMENT_3D('',#14314,#11652,#11653);
#9625=AXIS2_PLACEMENT_3D('',#14317,#11655,#11656);
#9626=AXIS2_PLACEMENT_3D('',#14320,#11658,#11659);
#9627=AXIS2_PLACEMENT_3D('',#14324,#11661,#11662);
#9628=AXIS2_PLACEMENT_3D('',#14327,#11664,#11665);
#9629=AXIS2_PLACEMENT_3D('',#14337,#11670,#11671);
#9630=AXIS2_PLACEMENT_3D('',#14341,#11673,#11674);
#9631=AXIS2_PLACEMENT_3D('',#14342,#11675,#11676);
#9632=AXIS2_PLACEMENT_3D('',#14350,#11681,#11682);
#9633=AXIS2_PLACEMENT_3D('',#14355,#11685,#11686);
#9634=AXIS2_PLACEMENT_3D('',#14356,#11687,#11688);
#9635=AXIS2_PLACEMENT_3D('',#14358,#11689,#11690);
#9636=AXIS2_PLACEMENT_3D('',#14360,#11691,#11692);
#9637=AXIS2_PLACEMENT_3D('',#14368,#11697,#11698);
#9638=AXIS2_PLACEMENT_3D('',#14369,#11699,#11700);
#9639=AXIS2_PLACEMENT_3D('',#14371,#11701,#11702);
#9640=AXIS2_PLACEMENT_3D('',#14373,#11703,#11704);
#9641=AXIS2_PLACEMENT_3D('',#14375,#11705,#11706);
#9642=AXIS2_PLACEMENT_3D('',#14385,#11711,#11712);
#9643=AXIS2_PLACEMENT_3D('',#14386,#11713,#11714);
#9644=AXIS2_PLACEMENT_3D('',#14390,#11716,#11717);
#9645=AXIS2_PLACEMENT_3D('',#14396,#11720,#11721);
#9646=AXIS2_PLACEMENT_3D('',#14397,#11722,#11723);
#9647=AXIS2_PLACEMENT_3D('',#14400,#11725,#11726);
#9648=AXIS2_PLACEMENT_3D('',#14404,#11729,#11730);
#9649=AXIS2_PLACEMENT_3D('',#14408,#11733,#11734);
#9650=AXIS2_PLACEMENT_3D('',#14416,#11739,#11740);
#9651=AXIS2_PLACEMENT_3D('',#14419,#11742,#11743);
#9652=AXIS2_PLACEMENT_3D('',#14425,#11747,#11748);
#9653=AXIS2_PLACEMENT_3D('',#14426,#11749,#11750);
#9654=AXIS2_PLACEMENT_3D('',#14429,#11752,#11753);
#9655=AXIS2_PLACEMENT_3D('',#14430,#11754,#11755);
#9656=AXIS2_PLACEMENT_3D('',#14433,#11757,#11758);
#9657=AXIS2_PLACEMENT_3D('',#14436,#11760,#11761);
#9658=AXIS2_PLACEMENT_3D('',#14437,#11762,#11763);
#9659=AXIS2_PLACEMENT_3D('',#14441,#11766,#11767);
#9660=AXIS2_PLACEMENT_3D('',#14444,#11769,#11770);
#9661=AXIS2_PLACEMENT_3D('',#14445,#11771,#11772);
#9662=AXIS2_PLACEMENT_3D('',#14447,#11774,#11775);
#9663=AXIS2_PLACEMENT_3D('',#14448,#11776,#11777);
#9664=AXIS2_PLACEMENT_3D('',#14449,#11778,#11779);
#9665=AXIS2_PLACEMENT_3D('',#14451,#11780,#11781);
#9666=AXIS2_PLACEMENT_3D('',#14453,#11782,#11783);
#9667=AXIS2_PLACEMENT_3D('',#14455,#11784,#11785);
#9668=AXIS2_PLACEMENT_3D('',#14457,#11786,#11787);
#9669=AXIS2_PLACEMENT_3D('',#14458,#11788,#11789);
#9670=AXIS2_PLACEMENT_3D('',#14459,#11790,#11791);
#9671=AXIS2_PLACEMENT_3D('',#14460,#11792,#11793);
#9672=AXIS2_PLACEMENT_3D('',#14461,#11794,#11795);
#9673=AXIS2_PLACEMENT_3D('',#14463,#11797,#11798);
#9674=AXIS2_PLACEMENT_3D('',#14465,#11800,#11801);
#9675=AXIS2_PLACEMENT_3D('',#14466,#11802,#11803);
#9676=AXIS2_PLACEMENT_3D('',#14469,#11806,#11807);
#9677=AXIS2_PLACEMENT_3D('',#14473,#11810,#11811);
#9678=AXIS2_PLACEMENT_3D('',#14475,#11813,#11814);
#9679=AXIS2_PLACEMENT_3D('',#14478,#11816,#11817);
#9680=AXIS2_PLACEMENT_3D('',#14484,#11820,#11821);
#9681=AXIS2_PLACEMENT_3D('',#14485,#11822,#11823);
#9682=AXIS2_PLACEMENT_3D('',#14490,#11827,#11828);
#9683=AXIS2_PLACEMENT_3D('',#14491,#11829,#11830);
#9684=AXIS2_PLACEMENT_3D('',#14494,#11832,#11833);
#9685=AXIS2_PLACEMENT_3D('',#14495,#11834,#11835);
#9686=AXIS2_PLACEMENT_3D('',#14498,#11838,#11839);
#9687=AXIS2_PLACEMENT_3D('',#14508,#11845,#11846);
#9688=AXIS2_PLACEMENT_3D('',#14510,#11848,#11849);
#9689=AXIS2_PLACEMENT_3D('',#14511,#11850,#11851);
#9690=AXIS2_PLACEMENT_3D('',#14512,#11852,#11853);
#9691=AXIS2_PLACEMENT_3D('',#14513,#11854,#11855);
#9692=AXIS2_PLACEMENT_3D('',#14514,#11856,#11857);
#9693=AXIS2_PLACEMENT_3D('',#14515,#11858,#11859);
#9694=AXIS2_PLACEMENT_3D('',#14516,#11860,#11861);
#9695=AXIS2_PLACEMENT_3D('',#14517,#11862,#11863);
#9696=AXIS2_PLACEMENT_3D('',#14526,#11868,#11869);
#9697=AXIS2_PLACEMENT_3D('',#14532,#11873,#11874);
#9698=AXIS2_PLACEMENT_3D('',#14538,#11875,#11876);
#9699=AXIS2_PLACEMENT_3D('',#14540,#11878,#11879);
#9700=AXIS2_PLACEMENT_3D('',#14541,#11880,#11881);
#9701=AXIS2_PLACEMENT_3D('',#14547,#11882,#11883);
#9702=AXIS2_PLACEMENT_3D('',#14550,#11886,#11887);
#9703=AXIS2_PLACEMENT_3D('',#14551,#11888,#11889);
#9704=AXIS2_PLACEMENT_3D('',#14552,#11890,#11891);
#9705=AXIS2_PLACEMENT_3D('',#14553,#11892,#11893);
#9706=AXIS2_PLACEMENT_3D('',#14569,#11894,#11895);
#9707=AXIS2_PLACEMENT_3D('',#14570,#11896,#11897);
#9708=AXIS2_PLACEMENT_3D('',#14571,#11898,#11899);
#9709=AXIS2_PLACEMENT_3D('',#14587,#11900,#11901);
#9710=AXIS2_PLACEMENT_3D('',#14588,#11902,#11903);
#9711=AXIS2_PLACEMENT_3D('',#14589,#11904,#11905);
#9712=AXIS2_PLACEMENT_3D('',#14590,#11906,#11907);
#9713=AXIS2_PLACEMENT_3D('',#14591,#11908,#11909);
#9714=AXIS2_PLACEMENT_3D('',#14592,#11910,#11911);
#9715=AXIS2_PLACEMENT_3D('',#14593,#11912,#11913);
#9716=AXIS2_PLACEMENT_3D('',#14594,#11914,#11915);
#9717=AXIS2_PLACEMENT_3D('',#14595,#11916,#11917);
#9718=AXIS2_PLACEMENT_3D('',#14596,#11918,#11919);
#9719=AXIS2_PLACEMENT_3D('',#14597,#11920,#11921);
#9720=AXIS2_PLACEMENT_3D('',#14598,#11922,#11923);
#9721=AXIS2_PLACEMENT_3D('',#14599,#11924,#11925);
#9722=AXIS2_PLACEMENT_3D('',#14600,#11926,#11927);
#9723=AXIS2_PLACEMENT_3D('',#14602,#11928,#11929);
#9724=AXIS2_PLACEMENT_3D('',#14604,#11930,#11931);
#9725=AXIS2_PLACEMENT_3D('',#14609,#11933,#11934);
#9726=AXIS2_PLACEMENT_3D('',#14617,#11938,#11939);
#9727=AXIS2_PLACEMENT_3D('',#14626,#11944,#11945);
#9728=AXIS2_PLACEMENT_3D('',#14628,#11946,#11947);
#9729=AXIS2_PLACEMENT_3D('',#14630,#11948,#11949);
#9730=AXIS2_PLACEMENT_3D('',#14632,#11950,#11951);
#9731=AXIS2_PLACEMENT_3D('',#14633,#11952,#11953);
#9732=AXIS2_PLACEMENT_3D('',#14635,#11954,#11955);
#9733=AXIS2_PLACEMENT_3D('',#14637,#11956,#11957);
#9734=AXIS2_PLACEMENT_3D('',#14642,#11959,#11960);
#9735=AXIS2_PLACEMENT_3D('',#14654,#11966,#11967);
#9736=AXIS2_PLACEMENT_3D('',#14659,#11970,#11971);
#9737=AXIS2_PLACEMENT_3D('',#14661,#11972,#11973);
#9738=AXIS2_PLACEMENT_3D('',#14663,#11974,#11975);
#9739=AXIS2_PLACEMENT_3D('',#14665,#11976,#11977);
#9740=AXIS2_PLACEMENT_3D('',#14668,#11980,#11981);
#9741=AXIS2_PLACEMENT_3D('',#14669,#11982,#11983);
#9742=AXIS2_PLACEMENT_3D('',#14672,#11985,#11986);
#9743=AXIS2_PLACEMENT_3D('',#14674,#11988,#11989);
#9744=AXIS2_PLACEMENT_3D('',#14676,#11991,#11992);
#9745=AXIS2_PLACEMENT_3D('',#14679,#11995,#11996);
#9746=AXIS2_PLACEMENT_3D('',#14680,#11997,#11998);
#9747=AXIS2_PLACEMENT_3D('',#14683,#12000,#12001);
#9748=AXIS2_PLACEMENT_3D('',#14685,#12003,#12004);
#9749=AXIS2_PLACEMENT_3D('',#14687,#12006,#12007);
#9750=AXIS2_PLACEMENT_3D('',#14688,#12008,#12009);
#9751=AXIS2_PLACEMENT_3D('',#14689,#12010,#12011);
#9752=AXIS2_PLACEMENT_3D('',#14690,#12012,#12013);
#9753=AXIS2_PLACEMENT_3D('',#14691,#12014,#12015);
#9754=AXIS2_PLACEMENT_3D('',#14692,#12016,#12017);
#9755=AXIS2_PLACEMENT_3D('',#14693,#12018,#12019);
#9756=AXIS2_PLACEMENT_3D('',#14694,#12020,#12021);
#9757=AXIS2_PLACEMENT_3D('',#14695,#12022,#12023);
#9758=AXIS2_PLACEMENT_3D('',#14696,#12024,#12025);
#9759=AXIS2_PLACEMENT_3D('',#14697,#12026,#12027);
#9760=AXIS2_PLACEMENT_3D('',#14698,#12028,#12029);
#9761=AXIS2_PLACEMENT_3D('',#14699,#12030,#12031);
#9762=AXIS2_PLACEMENT_3D('',#14711,#12037,#12038);
#9763=AXIS2_PLACEMENT_3D('',#14727,#12044,#12045);
#9764=AXIS2_PLACEMENT_3D('',#14736,#12050,#12051);
#9765=AXIS2_PLACEMENT_3D('',#14749,#12056,#12057);
#9766=AXIS2_PLACEMENT_3D('',#14750,#12058,#12059);
#9767=AXIS2_PLACEMENT_3D('',#14752,#12060,#12061);
#9768=AXIS2_PLACEMENT_3D('',#14770,#12064,#12065);
#9769=AXIS2_PLACEMENT_3D('',#14783,#12067,#12068);
#9770=AXIS2_PLACEMENT_3D('',#14796,#12075,#12076);
#9771=AXIS2_PLACEMENT_3D('',#14797,#12077,#12078);
#9772=AXIS2_PLACEMENT_3D('',#14799,#12079,#12080);
#9773=AXIS2_PLACEMENT_3D('',#14801,#12081,#12082);
#9774=AXIS2_PLACEMENT_3D('',#14810,#12087,#12088);
#9775=AXIS2_PLACEMENT_3D('',#14816,#12092,#12093);
#9776=AXIS2_PLACEMENT_3D('',#14817,#12094,#12095);
#9777=AXIS2_PLACEMENT_3D('',#14824,#12099,#12100);
#9778=AXIS2_PLACEMENT_3D('',#14831,#12104,#12105);
#9779=AXIS2_PLACEMENT_3D('',#14836,#12108,#12109);
#9780=AXIS2_PLACEMENT_3D('',#14876,#12116,#12117);
#9781=AXIS2_PLACEMENT_3D('',#14881,#12121,#12122);
#9782=AXIS2_PLACEMENT_3D('',#14894,#12129,#12130);
#9783=AXIS2_PLACEMENT_3D('',#14931,#12139,#12140);
#9784=AXIS2_PLACEMENT_3D('',#14932,#12141,#12142);
#9785=AXIS2_PLACEMENT_3D('',#14934,#12143,#12144);
#9786=AXIS2_PLACEMENT_3D('',#14944,#12150,#12151);
#9787=AXIS2_PLACEMENT_3D('',#14945,#12152,#12153);
#9788=AXIS2_PLACEMENT_3D('',#14951,#12156,#12157);
#9789=AXIS2_PLACEMENT_3D('',#14952,#12158,#12159);
#9790=AXIS2_PLACEMENT_3D('',#14954,#12160,#12161);
#9791=AXIS2_PLACEMENT_3D('',#14977,#12164,#12165);
#9792=AXIS2_PLACEMENT_3D('',#14982,#12169,#12170);
#9793=AXIS2_PLACEMENT_3D('',#14999,#12172,#12173);
#9794=AXIS2_PLACEMENT_3D('',#15000,#12174,#12175);
#9795=AXIS2_PLACEMENT_3D('',#15002,#12176,#12177);
#9796=AXIS2_PLACEMENT_3D('',#15003,#12178,#12179);
#9797=AXIS2_PLACEMENT_3D('',#15004,#12180,#12181);
#9798=AXIS2_PLACEMENT_3D('',#15006,#12182,#12183);
#9799=AXIS2_PLACEMENT_3D('',#15007,#12184,#12185);
#9800=AXIS2_PLACEMENT_3D('',#15008,#12186,#12187);
#9801=AXIS2_PLACEMENT_3D('',#15010,#12188,#12189);
#9802=AXIS2_PLACEMENT_3D('',#15011,#12190,#12191);
#9803=AXIS2_PLACEMENT_3D('',#15012,#12192,#12193);
#9804=AXIS2_PLACEMENT_3D('',#15014,#12194,#12195);
#9805=AXIS2_PLACEMENT_3D('',#15015,#12196,#12197);
#9806=AXIS2_PLACEMENT_3D('',#15027,#12202,#12203);
#9807=AXIS2_PLACEMENT_3D('',#15053,#12205,#12206);
#9808=AXIS2_PLACEMENT_3D('',#15054,#12207,#12208);
#9809=AXIS2_PLACEMENT_3D('',#15059,#12211,#12212);
#9810=AXIS2_PLACEMENT_3D('',#15061,#12214,#12215);
#9811=AXIS2_PLACEMENT_3D('',#15062,#12216,#12217);
#9812=AXIS2_PLACEMENT_3D('',#15075,#12218,#12219);
#9813=AXIS2_PLACEMENT_3D('',#15076,#12220,#12221);
#9814=AXIS2_PLACEMENT_3D('',#15078,#12222,#12223);
#9815=AXIS2_PLACEMENT_3D('',#15079,#12224,#12225);
#9816=AXIS2_PLACEMENT_3D('',#15080,#12226,#12227);
#9817=AXIS2_PLACEMENT_3D('',#15082,#12228,#12229);
#9818=AXIS2_PLACEMENT_3D('',#15083,#12230,#12231);
#9819=AXIS2_PLACEMENT_3D('',#15091,#12236,#12237);
#9820=AXIS2_PLACEMENT_3D('',#15093,#12239,#12240);
#9821=AXIS2_PLACEMENT_3D('',#15094,#12241,#12242);
#9822=AXIS2_PLACEMENT_3D('',#15108,#12246,#12247);
#9823=AXIS2_PLACEMENT_3D('',#15109,#12248,#12249);
#9824=AXIS2_PLACEMENT_3D('',#15110,#12250,#12251);
#9825=AXIS2_PLACEMENT_3D('',#15128,#12252,#12253);
#9826=AXIS2_PLACEMENT_3D('',#15129,#12254,#12255);
#9827=AXIS2_PLACEMENT_3D('',#15130,#12256,#12257);
#9828=AXIS2_PLACEMENT_3D('',#15238,#12263,#12264);
#9829=AXIS2_PLACEMENT_3D('',#15239,#12265,#12266);
#9830=AXIS2_PLACEMENT_3D('',#15240,#12267,#12268);
#9831=AXIS2_PLACEMENT_3D('',#15242,#12270,#12271);
#9832=AXIS2_PLACEMENT_3D('',#15243,#12272,#12273);
#9833=AXIS2_PLACEMENT_3D('',#15249,#12277,#12278);
#9834=AXIS2_PLACEMENT_3D('',#15252,#12281,#12282);
#9835=AXIS2_PLACEMENT_3D('',#15253,#12283,#12284);
#9836=AXIS2_PLACEMENT_3D('',#15254,#12285,#12286);
#9837=AXIS2_PLACEMENT_3D('',#15256,#12288,#12289);
#9838=AXIS2_PLACEMENT_3D('',#15258,#12291,#12292);
#9839=AXIS2_PLACEMENT_3D('',#15259,#12293,#12294);
#9840=AXIS2_PLACEMENT_3D('',#15260,#12295,#12296);
#9841=AXIS2_PLACEMENT_3D('',#15261,#12297,#12298);
#9842=AXIS2_PLACEMENT_3D('',#15262,#12299,#12300);
#9843=AXIS2_PLACEMENT_3D('',#15263,#12301,#12302);
#9844=AXIS2_PLACEMENT_3D('',#15264,#12303,#12304);
#9845=AXIS2_PLACEMENT_3D('',#15265,#12305,#12306);
#9846=AXIS2_PLACEMENT_3D('',#15266,#12307,#12308);
#9847=AXIS2_PLACEMENT_3D('',#15267,#12309,#12310);
#9848=AXIS2_PLACEMENT_3D('',#15268,#12311,#12312);
#9849=AXIS2_PLACEMENT_3D('',#15269,#12313,#12314);
#9850=AXIS2_PLACEMENT_3D('',#15270,#12315,#12316);
#9851=AXIS2_PLACEMENT_3D('',#15271,#12317,#12318);
#9852=AXIS2_PLACEMENT_3D('',#15272,#12319,#12320);
#9853=AXIS2_PLACEMENT_3D('',#15273,#12321,#12322);
#9854=AXIS2_PLACEMENT_3D('',#15274,#12323,#12324);
#9855=DIRECTION('',(0.,0.,1.));
#9856=DIRECTION('',(1.,0.,0.));
#9857=DIRECTION('',(2.72113486427734E-16,0.,-1.));
#9858=DIRECTION('',(-1.,0.,-2.72113486427734E-16));
#9859=DIRECTION('',(2.72113486427734E-16,0.,-1.));
#9860=DIRECTION('',(-1.,0.,-2.72113486427734E-16));
#9861=DIRECTION('',(2.72113486427734E-16,0.,-1.));
#9862=DIRECTION('',(-1.,0.,-2.72113486427734E-16));
#9863=DIRECTION('',(2.72113486427734E-16,0.,-1.));
#9864=DIRECTION('',(-1.,0.,-2.72113486427734E-16));
#9865=DIRECTION('',(-1.,0.,-2.72113486427734E-16));
#9866=DIRECTION('',(0.,1.,0.));
#9867=DIRECTION('',(-1.,0.,-2.72113486427734E-16));
#9868=DIRECTION('',(0.,1.,0.));
#9869=DIRECTION('',(2.72113486427734E-16,0.,-1.));
#9870=DIRECTION('',(-1.,0.,-2.72113486427734E-16));
#9871=DIRECTION('',(2.72113486427734E-16,0.,-1.));
#9872=DIRECTION('',(-1.,0.,-2.72113486427734E-16));
#9873=DIRECTION('',(2.72113486427734E-16,0.,1.));
#9874=DIRECTION('',(1.,0.,-2.72113486427734E-16));
#9875=DIRECTION('',(2.72113486427734E-16,0.,1.));
#9876=DIRECTION('',(1.,0.,-2.72113486427734E-16));
#9877=DIRECTION('',(2.72113486427734E-16,0.,1.));
#9878=DIRECTION('',(1.,0.,-2.72113486427734E-16));
#9879=DIRECTION('',(2.72113486427734E-16,0.,1.));
#9880=DIRECTION('',(1.,0.,-2.72113486427734E-16));
#9881=DIRECTION('',(0.,0.,1.));
#9882=DIRECTION('',(1.,0.,0.));
#9883=DIRECTION('',(0.,0.,1.));
#9884=DIRECTION('',(1.,0.,0.));
#9885=DIRECTION('',(0.,0.,1.));
#9886=DIRECTION('',(1.,0.,0.));
#9887=DIRECTION('',(0.,0.,1.));
#9888=DIRECTION('',(1.,0.,0.));
#9889=DIRECTION('',(0.,0.,-1.));
#9890=DIRECTION('',(1.,0.,0.));
#9891=DIRECTION('',(0.,0.,-1.));
#9892=DIRECTION('',(1.,0.,0.));
#9893=DIRECTION('',(1.,0.,0.));
#9894=DIRECTION('',(0.,1.,0.));
#9895=DIRECTION('',(1.,0.,0.));
#9896=DIRECTION('',(0.,1.,0.));
#9897=DIRECTION('',(0.,0.,-1.));
#9898=DIRECTION('',(-1.,0.,0.));
#9899=DIRECTION('',(0.,0.,-1.));
#9900=DIRECTION('',(-1.,0.,0.));
#9901=DIRECTION('',(0.,0.,1.));
#9902=DIRECTION('',(-1.,0.,0.));
#9903=DIRECTION('',(0.,0.,1.));
#9904=DIRECTION('',(-1.,0.,0.));
#9905=DIRECTION('',(-1.,0.,0.));
#9906=DIRECTION('',(0.,0.,1.));
#9907=DIRECTION('',(-1.,0.,0.));
#9908=DIRECTION('',(0.,0.,1.));
#9909=DIRECTION('',(-1.,0.,0.));
#9910=DIRECTION('',(0.,0.,1.));
#9911=DIRECTION('',(-1.,0.,0.));
#9912=DIRECTION('',(0.,0.,1.));
#9913=DIRECTION('',(-1.,0.,0.));
#9914=DIRECTION('',(0.,0.,1.));
#9915=DIRECTION('',(-1.,0.,0.));
#9916=DIRECTION('',(0.,0.,1.));
#9917=DIRECTION('',(-1.,0.,0.));
#9918=DIRECTION('',(0.,0.,1.));
#9919=DIRECTION('',(-1.,0.,0.));
#9920=DIRECTION('',(0.,0.,1.));
#9921=DIRECTION('',(-1.,0.,0.));
#9922=DIRECTION('',(0.,0.,1.));
#9923=DIRECTION('',(0.,0.,1.));
#9924=DIRECTION('',(0.,1.,0.));
#9925=DIRECTION('',(0.,0.,1.));
#9926=DIRECTION('',(1.,0.,2.04085114820801E-16));
#9927=DIRECTION('',(2.04085114820801E-16,0.,-1.));
#9928=DIRECTION('',(1.,0.,2.04085114820801E-16));
#9929=DIRECTION('',(2.04085114820801E-16,0.,-1.));
#9930=DIRECTION('',(1.,0.,2.04085114820801E-16));
#9931=DIRECTION('',(2.04085114820801E-16,0.,-1.));
#9932=DIRECTION('',(1.,0.,2.04085114820801E-16));
#9933=DIRECTION('',(2.04085114820801E-16,0.,-1.));
#9934=DIRECTION('',(1.,0.,2.04085114820801E-16));
#9935=DIRECTION('',(2.04085114820801E-16,0.,-1.));
#9936=DIRECTION('',(1.,0.,2.04085114820801E-16));
#9937=DIRECTION('',(2.04085114820801E-16,0.,-1.));
#9938=DIRECTION('',(1.,0.,2.04085114820801E-16));
#9939=DIRECTION('',(2.04085114820801E-16,0.,-1.));
#9940=DIRECTION('',(2.04085114820801E-16,0.,-1.));
#9941=DIRECTION('',(1.,0.,2.04085114820801E-16));
#9942=DIRECTION('',(2.04085114820801E-16,0.,-1.));
#9943=DIRECTION('',(2.04085114820801E-16,0.,-1.));
#9944=DIRECTION('',(1.,0.,2.04085114820801E-16));
#9945=DIRECTION('',(2.04085114820801E-16,0.,-1.));
#9946=DIRECTION('',(0.,-1.,0.));
#9947=DIRECTION('',(1.,0.,0.));
#9948=DIRECTION('',(-1.,0.,0.));
#9949=DIRECTION('',(-2.04085114820801E-16,0.,-1.));
#9950=DIRECTION('',(1.,0.,0.));
#9951=DIRECTION('',(0.,0.,1.));
#9952=DIRECTION('',(0.,1.,0.));
#9953=DIRECTION('',(0.,0.,-1.));
#9954=DIRECTION('',(0.,-1.,0.));
#9955=DIRECTION('',(0.,0.,-1.));
#9956=DIRECTION('',(0.,-1.,0.));
#9957=DIRECTION('',(1.,0.,0.));
#9958=DIRECTION('',(-1.,0.,0.));
#9959=DIRECTION('',(0.,-1.,0.));
#9960=DIRECTION('',(0.,0.,-1.));
#9961=DIRECTION('',(0.,1.,0.));
#9962=DIRECTION('',(0.,0.,-1.));
#9963=DIRECTION('',(0.,0.,1.));
#9964=DIRECTION('',(1.,0.,0.));
#9965=DIRECTION('',(-2.04085114820801E-16,0.,-1.));
#9966=DIRECTION('',(0.,1.,0.));
#9967=DIRECTION('',(0.,0.,1.));
#9968=DIRECTION('',(-1.,0.,0.));
#9969=DIRECTION('',(0.,0.,1.));
#9970=DIRECTION('',(-1.,0.,0.));
#9971=DIRECTION('',(0.,0.,1.));
#9972=DIRECTION('',(0.,0.,1.));
#9973=DIRECTION('',(1.,0.,0.));
#9974=DIRECTION('',(0.,0.,1.));
#9975=DIRECTION('',(1.,0.,0.));
#9976=DIRECTION('',(0.,0.,1.));
#9977=DIRECTION('',(1.,0.,0.));
#9978=DIRECTION('',(0.,0.,1.));
#9979=DIRECTION('',(1.,0.,0.));
#9980=DIRECTION('',(0.,0.,1.));
#9981=DIRECTION('',(1.,0.,0.));
#9982=DIRECTION('',(-1.,0.,0.));
#9983=DIRECTION('',(0.,0.,1.));
#9984=DIRECTION('',(-1.,0.,0.));
#9985=DIRECTION('',(0.,0.,1.));
#9986=DIRECTION('',(-1.,0.,0.));
#9987=DIRECTION('',(0.,0.,1.));
#9988=DIRECTION('',(-1.,0.,0.));
#9989=DIRECTION('',(0.,0.,1.));
#9990=DIRECTION('',(-1.,0.,0.));
#9991=DIRECTION('',(0.,0.,1.));
#9992=DIRECTION('',(-1.,0.,0.));
#9993=DIRECTION('',(0.,0.,1.));
#9994=DIRECTION('',(1.,0.,0.));
#9995=DIRECTION('',(0.,0.,1.));
#9996=DIRECTION('',(-1.,0.,0.));
#9997=DIRECTION('',(0.,0.,1.));
#9998=DIRECTION('',(-1.,0.,0.));
#9999=DIRECTION('',(0.,0.,1.));
#10000=DIRECTION('',(-1.,0.,0.));
#10001=DIRECTION('',(0.,0.,1.));
#10002=DIRECTION('',(-1.,0.,0.));
#10003=DIRECTION('',(0.,0.,1.));
#10004=DIRECTION('',(-1.,0.,0.));
#10005=DIRECTION('',(0.,0.,1.));
#10006=DIRECTION('',(-1.,0.,0.));
#10007=DIRECTION('',(0.,0.,1.));
#10008=DIRECTION('',(-1.,0.,0.));
#10009=DIRECTION('',(0.,0.,1.));
#10010=DIRECTION('',(-1.,0.,0.));
#10011=DIRECTION('',(0.,0.,1.));
#10012=DIRECTION('',(0.,1.,0.));
#10013=DIRECTION('',(-1.,0.,2.04085114820801E-16));
#10014=DIRECTION('',(-2.04085114820801E-16,0.,-1.));
#10015=DIRECTION('',(1.,0.,-2.04085114820801E-16));
#10016=DIRECTION('',(-2.04085114820801E-16,0.,-1.));
#10017=DIRECTION('',(1.,0.,-2.04085114820801E-16));
#10018=DIRECTION('',(-2.04085114820801E-16,0.,-1.));
#10019=DIRECTION('',(1.,0.,-2.04085114820801E-16));
#10020=DIRECTION('',(-2.04085114820801E-16,0.,-1.));
#10021=DIRECTION('',(1.,0.,-2.04085114820801E-16));
#10022=DIRECTION('',(-2.04085114820801E-16,0.,-1.));
#10023=DIRECTION('',(1.,0.,-2.04085114820801E-16));
#10024=DIRECTION('',(-2.04085114820801E-16,0.,-1.));
#10025=DIRECTION('',(1.,0.,-2.04085114820801E-16));
#10026=DIRECTION('',(-2.04085114820801E-16,0.,-1.));
#10027=DIRECTION('',(1.,0.,-2.04085114820801E-16));
#10028=DIRECTION('',(-2.04085114820801E-16,0.,-1.));
#10029=DIRECTION('',(1.,0.,-2.04085114820801E-16));
#10030=DIRECTION('',(-2.04085114820801E-16,0.,-1.));
#10031=DIRECTION('',(0.,1.,0.));
#10032=DIRECTION('',(0.,0.,1.));
#10033=DIRECTION('',(1.,0.,0.));
#10034=DIRECTION('',(0.,0.,1.));
#10035=DIRECTION('',(1.,0.,0.));
#10036=DIRECTION('',(0.,0.,1.));
#10037=DIRECTION('',(0.,0.,1.));
#10038=DIRECTION('',(-1.,0.,0.));
#10039=DIRECTION('',(0.,0.,1.));
#10040=DIRECTION('',(-1.,0.,0.));
#10041=DIRECTION('',(0.,0.,1.));
#10042=DIRECTION('',(-1.,0.,0.));
#10043=DIRECTION('',(0.,0.,1.));
#10044=DIRECTION('',(-1.,0.,0.));
#10045=DIRECTION('',(1.,0.,0.));
#10046=DIRECTION('',(0.,0.,1.));
#10047=DIRECTION('',(1.,0.,0.));
#10048=DIRECTION('',(0.,0.,1.));
#10049=DIRECTION('',(1.,0.,0.));
#10050=DIRECTION('',(0.,0.,1.));
#10051=DIRECTION('',(1.,0.,0.));
#10052=DIRECTION('',(0.,0.,1.));
#10053=DIRECTION('',(1.,0.,0.));
#10054=DIRECTION('',(0.,0.,1.));
#10055=DIRECTION('',(1.,0.,0.));
#10056=DIRECTION('',(0.,0.,1.));
#10057=DIRECTION('',(0.,0.,1.));
#10058=DIRECTION('',(0.,-1.,0.));
#10059=DIRECTION('',(0.,-1.,0.));
#10060=DIRECTION('',(0.,0.,-1.));
#10061=DIRECTION('',(0.,0.,-1.));
#10062=DIRECTION('',(1.,0.,0.));
#10063=DIRECTION('',(0.,0.,-1.));
#10064=DIRECTION('',(1.,0.,0.));
#10065=DIRECTION('',(0.,-1.,0.));
#10066=DIRECTION('',(0.,0.,-1.));
#10067=DIRECTION('',(0.,0.,-1.));
#10068=DIRECTION('',(1.,0.,0.));
#10069=DIRECTION('',(0.,0.,-1.));
#10070=DIRECTION('',(1.,0.,0.));
#10071=DIRECTION('',(0.,-1.,0.));
#10072=DIRECTION('',(0.,0.,-1.));
#10073=DIRECTION('',(0.,0.,-1.));
#10074=DIRECTION('',(1.,0.,0.));
#10075=DIRECTION('',(0.,0.,-1.));
#10076=DIRECTION('',(1.,0.,0.));
#10077=DIRECTION('',(0.,-1.,-5.78241158658936E-17));
#10078=DIRECTION('',(0.,5.78241158658936E-17,-1.));
#10079=DIRECTION('',(0.,-1.,-5.78241158658936E-17));
#10080=DIRECTION('',(0.,5.78241158658936E-17,-1.));
#10081=DIRECTION('',(0.,-1.,-5.78241158658936E-17));
#10082=DIRECTION('',(0.,5.78241158658936E-17,-1.));
#10083=DIRECTION('',(0.,-1.,-5.78241158658936E-17));
#10084=DIRECTION('',(0.,5.78241158658936E-17,-1.));
#10085=DIRECTION('',(0.,5.78241158658936E-17,-1.));
#10086=DIRECTION('',(1.,0.,0.));
#10087=DIRECTION('',(0.,5.78241158658936E-17,-1.));
#10088=DIRECTION('',(1.,0.,0.));
#10089=DIRECTION('',(6.26930320438554E-33,5.78241158658936E-17,-1.));
#10090=DIRECTION('',(-1.,0.,0.));
#10091=DIRECTION('',(-6.26930320438554E-33,5.78241158658936E-17,-1.));
#10092=DIRECTION('',(1.,0.,0.));
#10093=DIRECTION('',(2.89120579329468E-16,-1.,0.));
#10094=DIRECTION('',(1.,2.89120579329468E-16,0.));
#10095=DIRECTION('',(-1.,-2.89120579329468E-16,0.));
#10096=DIRECTION('',(0.,0.,-1.));
#10097=DIRECTION('',(1.,0.,0.));
#10098=DIRECTION('',(0.,0.,-1.));
#10099=DIRECTION('',(1.,1.0842021724855E-16,0.));
#10100=DIRECTION('',(-1.0842021724855E-16,1.,0.));
#10101=DIRECTION('',(1.,0.,0.));
#10102=DIRECTION('',(0.,0.,-1.));
#10103=DIRECTION('',(0.,0.,-1.));
#10104=DIRECTION('',(-1.0842021724855E-16,1.,0.));
#10105=DIRECTION('',(0.,0.,-1.));
#10106=DIRECTION('',(-1.23908819712629E-16,1.,0.));
#10107=DIRECTION('',(0.,0.,1.));
#10108=DIRECTION('',(-1.23908819712629E-16,1.,0.));
#10109=DIRECTION('',(-1.23908819712629E-16,1.,0.));
#10110=DIRECTION('',(1.0842021724855E-16,1.34342211522547E-32,1.));
#10111=DIRECTION('',(-1.23908819712629E-16,1.,0.));
#10112=DIRECTION('',(-1.23908819712629E-16,1.,0.));
#10113=DIRECTION('',(1.0842021724855E-16,1.34342211522547E-32,1.));
#10114=DIRECTION('',(-1.23908819712629E-16,1.,0.));
#10115=DIRECTION('',(0.,1.,0.));
#10116=DIRECTION('',(0.,0.,-1.));
#10117=DIRECTION('',(1.,1.0842021724855E-16,0.));
#10118=DIRECTION('',(-1.0842021724855E-16,1.,0.));
#10119=DIRECTION('',(1.0842021724855E-16,-1.,0.));
#10120=DIRECTION('',(-1.0842021724855E-16,1.,0.));
#10121=DIRECTION('',(0.,1.,0.));
#10122=DIRECTION('',(1.,-1.0842021724855E-16,0.));
#10123=DIRECTION('',(1.0842021724855E-16,1.,0.));
#10124=DIRECTION('',(1.,0.,0.));
#10125=DIRECTION('',(0.,0.,-1.));
#10126=DIRECTION('',(1.0842021724855E-16,1.,0.));
#10127=DIRECTION('',(0.,0.,-1.));
#10128=DIRECTION('',(0.,1.,0.));
#10129=DIRECTION('',(1.0842021724855E-16,1.,0.));
#10130=DIRECTION('',(0.,0.,-1.));
#10131=DIRECTION('',(-1.0842021724855E-16,-1.,0.));
#10132=DIRECTION('',(1.,-1.0842021724855E-16,0.));
#10133=DIRECTION('',(1.0842021724855E-16,1.,0.));
#10134=DIRECTION('',(0.,0.,-1.));
#10135=DIRECTION('',(0.,1.,0.));
#10136=DIRECTION('',(-1.23908819712629E-16,1.,0.));
#10137=DIRECTION('',(1.0842021724855E-16,1.34342211522547E-32,1.));
#10138=DIRECTION('',(-1.23908819712629E-16,1.,0.));
#10139=DIRECTION('',(-1.23908819712629E-16,1.,0.));
#10140=DIRECTION('',(1.0842021724855E-16,1.34342211522547E-32,1.));
#10141=DIRECTION('',(-1.23908819712629E-16,1.,0.));
#10142=DIRECTION('',(-1.23908819712629E-16,1.,0.));
#10143=DIRECTION('',(1.0842021724855E-16,1.34342211522547E-32,1.));
#10144=DIRECTION('',(-1.23908819712629E-16,1.,0.));
#10145=DIRECTION('',(0.,0.,-1.));
#10146=DIRECTION('',(-1.,0.,0.));
#10147=DIRECTION('',(0.,0.,1.));
#10148=DIRECTION('',(-1.,0.,0.));
#10149=DIRECTION('',(0.,0.,1.));
#10150=DIRECTION('',(0.,0.,-1.));
#10151=DIRECTION('',(0.,-1.,0.));
#10152=DIRECTION('',(0.,0.,-1.));
#10153=DIRECTION('',(0.,1.,0.));
#10154=DIRECTION('',(0.,-1.,0.));
#10155=DIRECTION('',(0.,0.,-1.));
#10156=DIRECTION('',(1.,0.,0.));
#10157=DIRECTION('',(1.,0.,0.));
#10158=DIRECTION('',(-4.33680868994201E-16,-1.,0.));
#10159=DIRECTION('',(1.,-4.33680868994201E-16,0.));
#10160=DIRECTION('',(-4.33680868994201E-16,-1.,0.));
#10161=DIRECTION('',(1.,-4.33680868994201E-16,0.));
#10162=DIRECTION('',(-4.33680868994201E-16,-1.,0.));
#10163=DIRECTION('',(1.,-4.33680868994201E-16,0.));
#10164=DIRECTION('',(-4.33680868994201E-16,-1.,0.));
#10165=DIRECTION('',(1.,-4.33680868994201E-16,0.));
#10166=DIRECTION('',(1.,-4.33680868994201E-16,0.));
#10167=DIRECTION('',(1.,0.,0.));
#10168=DIRECTION('',(-1.,0.,0.));
#10169=DIRECTION('',(0.,0.,1.));
#10170=DIRECTION('',(0.,-1.,0.));
#10171=DIRECTION('',(0.,0.,-1.));
#10172=DIRECTION('',(-1.,0.,0.));
#10173=DIRECTION('',(0.,0.,1.));
#10174=DIRECTION('',(0.,1.,0.));
#10175=DIRECTION('',(0.,0.,-1.));
#10176=DIRECTION('',(0.,0.,-1.));
#10177=DIRECTION('',(-1.,0.,0.));
#10178=DIRECTION('',(0.,0.,1.));
#10179=DIRECTION('',(1.,0.,0.));
#10180=DIRECTION('',(1.,0.,0.));
#10181=DIRECTION('',(0.,1.,0.));
#10182=DIRECTION('',(-1.23908819712629E-16,1.,0.));
#10183=DIRECTION('',(-1.,-1.23908819712629E-16,0.));
#10184=DIRECTION('',(1.,1.23908819712629E-16,0.));
#10185=DIRECTION('',(1.,1.23908819712629E-16,0.));
#10186=DIRECTION('',(1.,1.23908819712629E-16,0.));
#10187=DIRECTION('',(1.,1.23908819712629E-16,0.));
#10188=DIRECTION('',(1.,1.23908819712629E-16,0.));
#10189=DIRECTION('',(1.,1.23908819712629E-16,0.));
#10190=DIRECTION('',(1.,0.,0.));
#10191=DIRECTION('',(0.,0.,-1.));
#10192=DIRECTION('',(1.,0.,0.));
#10193=DIRECTION('',(0.,0.,-1.));
#10194=DIRECTION('',(1.,0.,0.));
#10195=DIRECTION('',(-1.,-1.23908819712629E-16,0.));
#10196=DIRECTION('',(1.,0.,0.));
#10197=DIRECTION('',(0.,0.,-1.));
#10198=DIRECTION('',(1.,0.,0.));
#10199=DIRECTION('',(-1.,0.,0.));
#10200=DIRECTION('',(0.,0.,1.));
#10201=DIRECTION('',(2.89120579329468E-16,1.,0.));
#10202=DIRECTION('',(-1.,2.89120579329468E-16,0.));
#10203=DIRECTION('',(1.,0.,0.));
#10204=DIRECTION('',(0.,0.,-1.));
#10205=DIRECTION('',(1.,-2.89120579329468E-16,0.));
#10206=DIRECTION('',(0.,0.,1.));
#10207=DIRECTION('',(1.,0.,0.));
#10208=DIRECTION('',(0.,1.,0.));
#10209=DIRECTION('',(1.,0.,0.));
#10210=DIRECTION('',(0.,0.,-1.));
#10211=DIRECTION('',(-1.,0.,0.));
#10212=DIRECTION('',(0.,0.,1.));
#10213=DIRECTION('',(1.,0.,0.));
#10214=DIRECTION('',(0.,0.,-1.));
#10215=DIRECTION('',(0.,0.,-1.));
#10216=DIRECTION('',(-1.,0.,0.));
#10217=DIRECTION('',(0.,0.,-1.));
#10218=DIRECTION('',(-1.,0.,0.));
#10219=DIRECTION('',(0.,1.,0.));
#10220=DIRECTION('',(0.,0.,-1.));
#10221=DIRECTION('',(-1.,0.,0.));
#10222=DIRECTION('',(0.,0.,-1.));
#10223=DIRECTION('',(-1.,0.,0.));
#10224=DIRECTION('',(0.,0.,-1.));
#10225=DIRECTION('',(-1.,0.,0.));
#10226=DIRECTION('',(0.,1.,0.));
#10227=DIRECTION('',(1.,0.,0.));
#10228=DIRECTION('',(0.,1.,0.));
#10229=DIRECTION('',(0.,-1.,0.));
#10230=DIRECTION('',(0.,0.,-1.));
#10231=DIRECTION('',(0.,1.,0.));
#10232=DIRECTION('',(0.,0.,-1.));
#10233=DIRECTION('',(1.,0.,0.));
#10234=DIRECTION('',(0.,1.,0.));
#10235=DIRECTION('',(0.,-1.,0.));
#10236=DIRECTION('',(0.,0.,-1.));
#10237=DIRECTION('',(0.,-1.,0.));
#10238=DIRECTION('',(0.,0.,-1.));
#10239=DIRECTION('',(0.,0.,-1.));
#10240=DIRECTION('',(-1.,0.,0.));
#10241=DIRECTION('',(1.,0.,0.));
#10242=DIRECTION('',(0.,0.,-1.));
#10243=DIRECTION('',(-1.,0.,0.));
#10244=DIRECTION('',(0.,0.,-1.));
#10245=DIRECTION('',(-1.,0.,0.));
#10246=DIRECTION('',(0.,0.,-1.));
#10247=DIRECTION('',(-1.,0.,0.));
#10248=DIRECTION('',(0.,0.,-1.));
#10249=DIRECTION('',(-1.,0.,0.));
#10250=DIRECTION('',(0.,0.,-1.));
#10251=DIRECTION('',(-1.,0.,0.));
#10252=DIRECTION('',(0.,-0.707106781186548,-0.707106781186548));
#10253=DIRECTION('',(0.,-0.707106781186548,0.707106781186548));
#10254=DIRECTION('',(0.,-1.,0.));
#10255=DIRECTION('',(0.,0.,-1.));
#10256=DIRECTION('',(0.,0.,1.));
#10257=DIRECTION('',(1.,0.,0.));
#10258=DIRECTION('',(-1.,0.,0.));
#10259=DIRECTION('',(0.,0.,1.));
#10260=DIRECTION('',(0.,0.,-1.));
#10261=DIRECTION('',(-1.,0.,0.));
#10262=DIRECTION('',(0.,0.707106781186548,0.707106781186548));
#10263=DIRECTION('',(0.,0.707106781186548,-0.707106781186548));
#10264=DIRECTION('',(0.,1.,0.));
#10265=DIRECTION('',(0.,0.,1.));
#10266=DIRECTION('',(0.,0.,-1.));
#10267=DIRECTION('',(-1.,0.,0.));
#10268=DIRECTION('',(-1.,0.,0.));
#10269=DIRECTION('',(0.,0.,1.));
#10270=DIRECTION('',(0.,1.,0.));
#10271=DIRECTION('',(0.,0.,1.));
#10272=DIRECTION('',(1.,0.,0.));
#10273=DIRECTION('',(0.,0.,-1.));
#10274=DIRECTION('',(1.,0.,0.));
#10275=DIRECTION('',(0.,-1.,-5.78241158658936E-17));
#10276=DIRECTION('',(0.,5.78241158658936E-17,-1.));
#10277=DIRECTION('',(0.,-1.,-5.78241158658936E-17));
#10278=DIRECTION('',(0.,5.78241158658936E-17,-1.));
#10279=DIRECTION('',(0.,-1.,-5.78241158658936E-17));
#10280=DIRECTION('',(0.,5.78241158658936E-17,-1.));
#10281=DIRECTION('',(0.,0.,1.));
#10282=DIRECTION('',(1.,0.,0.));
#10283=DIRECTION('',(0.,0.,1.));
#10284=DIRECTION('',(1.,0.,0.));
#10285=DIRECTION('',(0.,0.,1.));
#10286=DIRECTION('',(1.,0.,0.));
#10287=DIRECTION('',(0.,0.,1.));
#10288=DIRECTION('',(1.,0.,0.));
#10289=DIRECTION('',(0.,0.,1.));
#10290=DIRECTION('',(1.,0.,0.));
#10291=DIRECTION('',(0.,0.,1.));
#10292=DIRECTION('',(1.,0.,0.));
#10293=DIRECTION('',(-0.046844321217489,0.106297982449328,0.993230259555595));
#10294=DIRECTION('',(-0.240940311789018,0.963761247156067,-0.114507749236428));
#10295=DIRECTION('',(0.,0.,1.));
#10296=DIRECTION('',(1.,0.,0.));
#10297=DIRECTION('',(-0.98058067569092,0.196116135138184,0.));
#10298=DIRECTION('',(0.,1.,0.));
#10299=DIRECTION('',(1.,0.,0.));
#10300=DIRECTION('',(0.,1.,0.));
#10301=DIRECTION('',(1.,0.,0.));
#10302=DIRECTION('',(0.,1.,0.));
#10303=DIRECTION('',(-1.,1.15648231731787E-16,0.));
#10304=DIRECTION('',(-0.228191322789329,-0.973616310567801,1.05559691908493E-16));
#10305=DIRECTION('',(-0.973616310567801,0.228191322789329,0.));
#10306=DIRECTION('',(-4.62592926927148E-16,5.34980540107565E-32,-1.));
#10307=DIRECTION('',(-0.853940796185373,0.200142374105947,0.480341697854273));
#10308=DIRECTION('',(0.228191322789329,0.973616310567801,-1.05559691908493E-16));
#10309=DIRECTION('',(0.973616310567801,-0.228191322789329,4.99869124391676E-16));
#10310=DIRECTION('',(0.,3.46944695195362E-16,-1.));
#10311=DIRECTION('',(-0.97181872526237,0.227770013733368,0.0607386703288983));
#10312=DIRECTION('',(0.,-1.0842021724855E-16,-1.));
#10313=DIRECTION('',(0.228191322789329,0.973616310567801,-1.05559691908493E-16));
#10314=DIRECTION('',(0.973616310567801,-0.228191322789329,4.99869124391676E-16));
#10315=DIRECTION('',(-0.853940796185373,0.200142374105947,0.480341697854273));
#10316=DIRECTION('',(0.973616310567801,-0.228191322789329,0.));
#10317=DIRECTION('',(-0.490261239632559,-1.88992818167131E-16,-0.871575537124549));
#10318=DIRECTION('',(-0.871575537124549,0.,0.490261239632559));
#10319=DIRECTION('',(0.871575537124549,-1.00796169689137E-16,-0.490261239632559));
#10320=DIRECTION('',(1.34287474059485E-33,-1.,2.16840434497101E-16));
#10321=DIRECTION('',(-0.98058067569092,0.196116135138184,0.));
#10322=DIRECTION('',(0.196116135138184,0.98058067569092,0.));
#10323=DIRECTION('',(0.,-1.,0.));
#10324=DIRECTION('',(-1.,0.,0.));
#10325=DIRECTION('',(0.998823833424237,-0.0484865938555455,0.));
#10326=DIRECTION('',(0.0484865938555455,0.998823833424237,0.));
#10327=DIRECTION('',(-0.98058067569092,0.196116135138184,0.));
#10328=DIRECTION('',(0.,-1.,0.));
#10329=DIRECTION('',(-1.,0.,0.));
#10330=DIRECTION('',(1.,0.,0.));
#10331=DIRECTION('',(0.,1.,0.));
#10332=DIRECTION('',(-1.15648231731787E-16,-1.,0.));
#10333=DIRECTION('',(-1.,1.15648231731787E-16,0.));
#10334=DIRECTION('',(0.,0.,1.));
#10335=DIRECTION('',(1.,0.,0.));
#10336=DIRECTION('',(0.490261239632559,1.88992818167131E-16,0.871575537124549));
#10337=DIRECTION('',(-0.871575537124549,-3.35987232297122E-16,0.490261239632559));
#10338=DIRECTION('',(0.,0.,-1.));
#10339=DIRECTION('',(1.,0.,0.));
#10340=DIRECTION('',(0.,0.,1.));
#10341=DIRECTION('',(1.,0.,0.));
#10342=DIRECTION('',(0.490261239632559,1.88992818167131E-16,0.871575537124549));
#10343=DIRECTION('',(-0.871575537124549,-3.35987232297122E-16,0.490261239632559));
#10344=DIRECTION('',(0.,0.,-1.));
#10345=DIRECTION('',(1.,0.,0.));
#10346=DIRECTION('',(0.,0.,1.));
#10347=DIRECTION('',(1.,0.,0.));
#10348=DIRECTION('',(0.490261239632559,1.88992818167131E-16,0.871575537124549));
#10349=DIRECTION('',(-0.871575537124549,-3.35987232297122E-16,0.490261239632559));
#10350=DIRECTION('',(0.,0.,-1.));
#10351=DIRECTION('',(1.,0.,0.));
#10352=DIRECTION('',(-1.,0.,0.));
#10353=DIRECTION('',(0.,0.,1.));
#10354=DIRECTION('',(0.,1.,-2.16840434497101E-16));
#10355=DIRECTION('',(0.,8.67361737988404E-17,-1.));
#10356=DIRECTION('',(1.,0.,0.));
#10357=DIRECTION('',(0.,0.,1.));
#10358=DIRECTION('',(0.,0.,1.));
#10359=DIRECTION('',(0.,-1.,2.16840434497101E-16));
#10360=DIRECTION('',(0.,2.16840434497101E-16,1.));
#10361=DIRECTION('',(0.,1.,-2.16840434497101E-16));
#10362=DIRECTION('',(1.15648231731787E-16,1.,0.));
#10363=DIRECTION('',(-1.,1.15648231731787E-16,0.));
#10364=DIRECTION('',(1.,0.,0.));
#10365=DIRECTION('',(0.,0.,-1.));
#10366=DIRECTION('',(0.,-1.0842021724855E-16,-1.));
#10367=DIRECTION('',(0.,1.,0.));
#10368=DIRECTION('',(-1.,0.,0.));
#10369=DIRECTION('',(0.,-1.,0.));
#10370=DIRECTION('',(0.,0.,-1.));
#10371=DIRECTION('',(-1.,0.,0.));
#10372=DIRECTION('',(0.,1.,0.));
#10373=DIRECTION('',(1.92747052886312E-16,0.,-1.));
#10374=DIRECTION('',(0.,1.,0.));
#10375=DIRECTION('',(1.,-6.93889390390723E-17,0.));
#10376=DIRECTION('',(-6.93889390390723E-17,-1.,0.));
#10377=DIRECTION('',(1.,-6.93889390390723E-17,0.));
#10378=DIRECTION('',(-1.,0.,0.));
#10379=DIRECTION('',(0.,0.,-1.));
#10380=DIRECTION('',(-1.,6.93889390390723E-17,0.));
#10381=DIRECTION('',(-1.,0.,0.));
#10382=DIRECTION('',(0.,0.,-1.));
#10383=DIRECTION('',(1.,-6.93889390390723E-17,0.));
#10384=DIRECTION('',(1.,0.,0.));
#10385=DIRECTION('',(0.,0.,-1.));
#10386=DIRECTION('',(1.92747052886312E-16,0.,-1.));
#10387=DIRECTION('',(-1.,0.,0.));
#10388=DIRECTION('',(0.,0.,-1.));
#10389=DIRECTION('',(0.,0.,-1.));
#10390=DIRECTION('',(-1.,0.,0.));
#10391=DIRECTION('',(0.,0.,-1.));
#10392=DIRECTION('',(0.,1.,0.));
#10393=DIRECTION('',(0.,-1.0842021724855E-16,-1.));
#10394=DIRECTION('',(0.,1.,0.));
#10395=DIRECTION('',(1.,0.,0.));
#10396=DIRECTION('',(0.,0.,-1.));
#10397=DIRECTION('',(0.,3.09772049281573E-16,-1.));
#10398=DIRECTION('',(0.,1.,0.));
#10399=DIRECTION('',(-1.,0.,0.));
#10400=DIRECTION('',(0.,0.,-1.));
#10401=DIRECTION('',(0.,0.,-1.));
#10402=DIRECTION('',(0.,2.60208521396521E-16,-1.));
#10403=DIRECTION('',(0.,-1.,-1.7347234759768E-16));
#10404=DIRECTION('',(0.,3.46944695195362E-16,-1.));
#10405=DIRECTION('',(0.,1.,0.));
#10406=DIRECTION('',(0.,0.,-1.));
#10407=DIRECTION('',(0.,-1.,0.));
#10408=DIRECTION('',(0.,0.,-1.));
#10409=DIRECTION('',(0.,1.,3.46944695195362E-16));
#10410=DIRECTION('',(0.,-3.46944695195362E-16,1.));
#10411=DIRECTION('',(-1.,0.,0.));
#10412=DIRECTION('',(0.,1.,0.));
#10413=DIRECTION('',(0.,0.,-1.));
#10414=DIRECTION('',(0.,1.,0.));
#10415=DIRECTION('',(0.,1.,0.));
#10416=DIRECTION('',(0.,3.09772049281573E-16,-1.));
#10417=DIRECTION('',(0.,1.,3.09772049281573E-16));
#10418=DIRECTION('',(0.,3.09772049281573E-16,-1.));
#10419=DIRECTION('',(0.,-1.,-3.09772049281573E-16));
#10420=DIRECTION('',(0.,3.09772049281573E-16,-1.));
#10421=DIRECTION('',(0.,-1.,-3.09772049281573E-16));
#10422=DIRECTION('',(0.,3.09772049281573E-16,-1.));
#10423=DIRECTION('',(0.,-1.,-3.09772049281573E-16));
#10424=DIRECTION('',(0.,3.09772049281573E-16,-1.));
#10425=DIRECTION('',(0.,-1.,-3.09772049281573E-16));
#10426=DIRECTION('',(0.,3.09772049281573E-16,-1.));
#10427=DIRECTION('',(0.997412521776332,2.22697050257941E-17,-0.0718906211113697));
#10428=DIRECTION('',(0.,-1.,-3.09772049281573E-16));
#10429=DIRECTION('',(0.,3.09772049281573E-16,-1.));
#10430=DIRECTION('',(0.997412521776332,-2.2269705025794E-17,0.0718906211113696));
#10431=DIRECTION('',(0.,3.09772049281573E-16,-1.));
#10432=DIRECTION('',(1.,0.,0.));
#10433=DIRECTION('',(0.,1.,0.));
#10434=DIRECTION('',(0.,0.,-1.));
#10435=DIRECTION('',(0.,0.,-1.));
#10436=DIRECTION('',(0.,1.,0.));
#10437=DIRECTION('',(0.,0.,-1.));
#10438=DIRECTION('',(0.997412521776332,0.,0.0718906211113694));
#10439=DIRECTION('',(0.,0.,-1.));
#10440=DIRECTION('',(0.,-1.,0.));
#10441=DIRECTION('',(1.,0.,0.));
#10442=DIRECTION('',(-1.,0.,0.));
#10443=DIRECTION('',(0.,1.,0.));
#10444=DIRECTION('',(0.,1.,0.));
#10445=DIRECTION('',(0.,1.,0.));
#10446=DIRECTION('',(0.,1.,0.));
#10447=DIRECTION('',(1.,0.,0.));
#10448=DIRECTION('',(0.,-1.,0.));
#10449=DIRECTION('',(6.93889390390723E-17,1.,0.));
#10450=DIRECTION('',(1.,-6.93889390390723E-17,0.));
#10451=DIRECTION('',(-1.,6.93889390390723E-17,0.));
#10452=DIRECTION('',(0.,0.,-1.));
#10453=DIRECTION('',(0.196116135138184,0.98058067569092,0.));
#10454=DIRECTION('',(0.98058067569092,-0.196116135138184,0.));
#10455=DIRECTION('',(-0.98058067569092,0.196116135138184,0.));
#10456=DIRECTION('',(0.978140666428718,-0.195628133285743,0.0705015612984437));
#10457=DIRECTION('',(-0.196116135138184,-0.98058067569092,0.));
#10458=DIRECTION('',(-0.98058067569092,0.196116135138184,0.));
#10459=DIRECTION('',(0.978140666428718,-0.195628133285743,-0.0705015612984437));
#10460=DIRECTION('',(0.,0.,-1.));
#10461=DIRECTION('',(0.,0.,-1.));
#10462=DIRECTION('',(0.,0.,1.));
#10463=DIRECTION('',(1.,0.,0.));
#10464=DIRECTION('',(-1.,6.93889390390723E-17,0.));
#10465=DIRECTION('',(-0.98058067569092,0.196116135138184,0.));
#10466=DIRECTION('',(0.,1.,0.));
#10467=DIRECTION('',(0.,1.,0.));
#10468=DIRECTION('',(0.,0.,-1.));
#10469=DIRECTION('',(0.997412521776332,0.,-0.0718906211113694));
#10470=DIRECTION('',(0.,1.,0.));
#10471=DIRECTION('',(0.,0.,-1.));
#10472=DIRECTION('',(0.,1.,0.));
#10473=DIRECTION('',(0.,0.,-1.));
#10474=DIRECTION('',(0.,1.,0.));
#10475=DIRECTION('',(0.,1.,0.));
#10476=DIRECTION('',(0.,0.,-1.));
#10477=DIRECTION('',(0.,1.,0.));
#10478=DIRECTION('',(0.,0.,-1.));
#10479=DIRECTION('',(0.,1.,0.));
#10480=DIRECTION('',(0.,0.,-1.));
#10481=DIRECTION('',(0.,1.,0.));
#10482=DIRECTION('',(0.0718906211113694,0.,-0.997412521776332));
#10483=DIRECTION('',(-0.997412521776332,0.,-0.0718906211113694));
#10484=DIRECTION('',(0.997412521776332,0.,0.0718906211113694));
#10485=DIRECTION('',(0.,1.,0.));
#10486=DIRECTION('',(0.,1.,0.));
#10487=DIRECTION('',(0.,0.,-1.));
#10488=DIRECTION('',(0.,-1.,0.));
#10489=DIRECTION('',(0.,0.,-1.));
#10490=DIRECTION('',(0.,1.,0.));
#10491=DIRECTION('',(-0.0718906211113694,0.,-0.997412521776332));
#10492=DIRECTION('',(-0.997412521776332,0.,0.0718906211113694));
#10493=DIRECTION('',(0.997412521776332,0.,-0.0718906211113694));
#10494=DIRECTION('',(0.,1.,0.));
#10495=DIRECTION('',(1.,0.,0.));
#10496=DIRECTION('',(0.,-1.,0.));
#10497=DIRECTION('',(0.,0.,-1.));
#10498=DIRECTION('',(0.,-1.,0.));
#10499=DIRECTION('',(0.,0.,-1.));
#10500=DIRECTION('',(0.,-1.,0.));
#10501=DIRECTION('',(0.,0.,-1.));
#10502=DIRECTION('',(0.,-1.,0.));
#10503=DIRECTION('',(0.,0.,-1.));
#10504=DIRECTION('',(0.,-1.,0.));
#10505=DIRECTION('',(0.,0.,-1.));
#10506=DIRECTION('',(0.,1.,0.));
#10507=DIRECTION('',(0.,0.,-1.));
#10508=DIRECTION('',(0.,1.,0.));
#10509=DIRECTION('',(0.,0.,-1.));
#10510=DIRECTION('',(0.,1.,0.));
#10511=DIRECTION('',(0.,0.,-1.));
#10512=DIRECTION('',(0.,1.,0.));
#10513=DIRECTION('',(0.,0.,-1.));
#10514=DIRECTION('',(-0.0718906211113697,0.,-0.997412521776332));
#10515=DIRECTION('',(-0.997412521776332,0.,0.0718906211113697));
#10516=DIRECTION('',(0.,1.,0.));
#10517=DIRECTION('',(0.0718906211113696,0.,-0.997412521776332));
#10518=DIRECTION('',(-0.997412521776332,0.,-0.0718906211113696));
#10519=DIRECTION('',(0.,1.,0.));
#10520=DIRECTION('',(0.,1.,0.));
#10521=DIRECTION('',(0.,0.,-1.));
#10522=DIRECTION('',(0.,-1.,-3.46944695195362E-16));
#10523=DIRECTION('',(0.,-3.46944695195362E-16,1.));
#10524=DIRECTION('',(-1.,0.,0.));
#10525=DIRECTION('',(0.,8.67361737988404E-17,-1.));
#10526=DIRECTION('',(0.,-1.,-2.60208521396521E-16));
#10527=DIRECTION('',(0.,-2.60208521396521E-16,1.));
#10528=DIRECTION('',(0.,2.60208521396521E-16,-1.));
#10529=DIRECTION('',(-1.,0.,0.));
#10530=DIRECTION('',(0.,-1.73472347597681E-16,1.));
#10531=DIRECTION('',(0.,1.,1.73472347597681E-16));
#10532=DIRECTION('',(0.,-1.,-1.7347234759768E-16));
#10533=DIRECTION('',(0.,1.,-1.0842021724855E-16));
#10534=DIRECTION('',(0.,-1.0842021724855E-16,-1.));
#10535=DIRECTION('',(0.,-1.,1.0842021724855E-16));
#10536=DIRECTION('',(0.,-1.0842021724855E-16,-1.));
#10537=DIRECTION('',(1.,0.,0.));
#10538=DIRECTION('',(0.,-1.0842021724855E-16,-1.));
#10539=DIRECTION('',(0.,-1.,1.0842021724855E-16));
#10540=DIRECTION('',(0.,-1.0842021724855E-16,-1.));
#10541=DIRECTION('',(1.,0.,0.));
#10542=DIRECTION('',(0.,2.16840434497101E-16,1.));
#10543=DIRECTION('',(0.,1.,-2.16840434497101E-16));
#10544=DIRECTION('',(1.,0.,0.));
#10545=DIRECTION('',(0.,1.,-2.16840434497101E-16));
#10546=DIRECTION('',(0.,-1.,2.16840434497101E-16));
#10547=DIRECTION('',(0.,1.,-1.0842021724855E-16));
#10548=DIRECTION('',(0.,-1.0842021724855E-16,-1.));
#10549=DIRECTION('',(0.,-1.,1.0842021724855E-16));
#10550=DIRECTION('',(0.,-1.0842021724855E-16,-1.));
#10551=DIRECTION('',(1.,0.,0.));
#10552=DIRECTION('',(0.,-1.,1.0842021724855E-16));
#10553=DIRECTION('',(0.,-1.0842021724855E-16,-1.));
#10554=DIRECTION('',(0.,0.,1.));
#10555=DIRECTION('',(1.,0.,0.));
#10556=DIRECTION('',(0.,1.,0.));
#10557=DIRECTION('',(0.,1.,0.));
#10558=DIRECTION('',(0.25672261183985,-0.966485126926496,1.04786527428864E-16));
#10559=DIRECTION('',(-0.966485126926496,-0.25672261183985,0.));
#10560=DIRECTION('',(-0.964726680845087,-0.256255524599476,0.0602954175528179));
#10561=DIRECTION('',(-0.25672261183985,0.966485126926496,-1.04786527428864E-16));
#10562=DIRECTION('',(-0.966485126926496,-0.25672261183985,4.50158298899365E-16));
#10563=DIRECTION('',(-0.84911708496217,-0.225546725693076,0.477628360291221));
#10564=DIRECTION('',(-0.25672261183985,0.966485126926496,-1.04786527428864E-16));
#10565=DIRECTION('',(-0.966485126926496,-0.25672261183985,4.50158298899365E-16));
#10566=DIRECTION('',(-0.0623782861551806,0.,-0.998052578482889));
#10567=DIRECTION('',(-0.998052578482889,0.,0.0623782861551807));
#10568=DIRECTION('',(-0.490261239632559,-1.88992818167131E-16,-0.871575537124549));
#10569=DIRECTION('',(-0.871575537124549,0.,0.490261239632559));
#10570=DIRECTION('',(3.85494105772624E-16,-1.,0.));
#10571=DIRECTION('',(-1.34287474059485E-33,1.,-2.16840434497101E-16));
#10572=DIRECTION('',(1.34287474059485E-33,-1.,2.16840434497101E-16));
#10573=DIRECTION('',(0.871575537124549,-1.00796169689137E-16,-0.490261239632559));
#10574=DIRECTION('',(0.98058067569092,-0.196116135138184,0.));
#10575=DIRECTION('',(-0.196116135138184,-0.98058067569092,0.));
#10576=DIRECTION('',(0.998823833424237,-0.0484865938555455,0.));
#10577=DIRECTION('',(-0.0484865938555455,-0.998823833424237,0.));
#10578=DIRECTION('',(-1.,6.93889390390723E-17,0.));
#10579=DIRECTION('',(6.93889390390723E-17,1.,0.));
#10580=DIRECTION('',(-1.,0.,0.));
#10581=DIRECTION('',(0.,0.,-1.));
#10582=DIRECTION('',(-1.,0.,-2.89120579329468E-16));
#10583=DIRECTION('',(-2.89120579329468E-16,0.,1.));
#10584=DIRECTION('',(2.89120579329468E-16,0.,-1.));
#10585=DIRECTION('',(0.,1.,0.));
#10586=DIRECTION('',(2.89120579329468E-16,0.,-1.));
#10587=DIRECTION('',(3.85494105772624E-16,1.,0.));
#10588=DIRECTION('',(-8.67361737988404E-17,0.,1.));
#10589=DIRECTION('',(1.,0.,8.67361737988404E-17));
#10590=DIRECTION('',(-1.,0.,-8.67361737988404E-17));
#10591=DIRECTION('',(-1.,0.,-8.67361737988404E-17));
#10592=DIRECTION('',(0.,1.,0.));
#10593=DIRECTION('',(0.,1.,0.));
#10594=DIRECTION('',(1.,0.,0.));
#10595=DIRECTION('',(0.,-1.,0.));
#10596=DIRECTION('',(0.,0.,-1.));
#10597=DIRECTION('',(-1.,1.15648231731787E-16,0.));
#10598=DIRECTION('',(1.15648231731787E-16,1.,0.));
#10599=DIRECTION('',(-1.,1.15648231731787E-16,0.));
#10600=DIRECTION('',(0.,1.,0.));
#10601=DIRECTION('',(1.,0.,0.));
#10602=DIRECTION('',(0.,0.,1.));
#10603=DIRECTION('',(-1.,1.15648231731787E-16,0.));
#10604=DIRECTION('',(0.,-1.,0.));
#10605=DIRECTION('',(0.,0.,-1.));
#10606=DIRECTION('',(-1.,0.,0.));
#10607=DIRECTION('',(0.,0.,1.));
#10608=DIRECTION('',(0.,1.,0.));
#10609=DIRECTION('',(0.,0.,-1.));
#10610=DIRECTION('',(0.,-1.,2.16840434497101E-16));
#10611=DIRECTION('',(0.,2.16840434497101E-16,1.));
#10612=DIRECTION('',(0.,-1.,2.16840434497101E-16));
#10613=DIRECTION('',(0.,2.16840434497101E-16,1.));
#10614=DIRECTION('',(0.,0.,1.));
#10615=DIRECTION('',(-1.,0.,0.));
#10616=DIRECTION('',(0.,0.,-1.));
#10617=DIRECTION('',(-1.,0.,0.));
#10618=DIRECTION('',(0.,0.,1.));
#10619=DIRECTION('',(-1.,0.,0.));
#10620=DIRECTION('',(0.,1.,0.));
#10621=DIRECTION('',(0.,0.,1.));
#10622=DIRECTION('',(0.,1.,0.));
#10623=DIRECTION('',(0.,0.,-1.));
#10624=DIRECTION('',(0.,1.,0.));
#10625=DIRECTION('',(0.,0.,1.));
#10626=DIRECTION('',(1.,0.,0.));
#10627=DIRECTION('',(0.,0.,-1.));
#10628=DIRECTION('',(0.,0.,-1.));
#10629=DIRECTION('',(1.,0.,0.));
#10630=DIRECTION('',(0.,0.,1.));
#10631=DIRECTION('',(1.,0.,0.));
#10632=DIRECTION('',(0.,0.,-1.));
#10633=DIRECTION('',(1.,0.,0.));
#10634=DIRECTION('',(1.,0.,0.));
#10635=DIRECTION('',(0.,0.,-1.));
#10636=DIRECTION('',(0.,0.,1.));
#10637=DIRECTION('',(1.,0.,0.));
#10638=DIRECTION('',(0.969711894280063,0.243925973146444,0.0126080020753543));
#10639=DIRECTION('',(-0.040082517969594,0.108001750470729,0.99334234463677));
#10640=DIRECTION('',(0.,0.,1.));
#10641=DIRECTION('',(1.,0.,0.));
#10642=DIRECTION('',(0.,-2.2E-16,1.));
#10643=DIRECTION('',(-1.,0.,0.));
#10644=DIRECTION('',(1.,0.,0.));
#10645=DIRECTION('',(0.,-2.2E-16,-1.));
#10646=DIRECTION('',(0.,-1.,2.2E-16));
#10647=DIRECTION('',(0.,2.2E-16,-1.));
#10648=DIRECTION('',(0.,-1.,2.2E-16));
#10649=DIRECTION('',(0.,2.2E-16,-1.));
#10650=DIRECTION('',(0.,0.,1.));
#10651=DIRECTION('',(1.,0.,0.));
#10652=DIRECTION('',(-1.,0.,0.));
#10653=DIRECTION('',(0.,-1.,2.2E-16));
#10654=DIRECTION('',(-1.,0.,0.));
#10655=DIRECTION('',(1.,0.,0.));
#10656=DIRECTION('',(0.,-2.2E-16,-1.));
#10657=DIRECTION('',(0.,2.2E-16,-1.));
#10658=DIRECTION('',(0.,-1.,2.2E-16));
#10659=DIRECTION('',(0.,2.2E-16,-1.));
#10660=DIRECTION('',(0.,0.,1.));
#10661=DIRECTION('',(1.,0.,0.));
#10662=DIRECTION('',(1.,0.,0.));
#10663=DIRECTION('',(1.,0.,0.));
#10664=DIRECTION('',(0.,-1.,2.2E-16));
#10665=DIRECTION('',(1.,0.,0.));
#10666=DIRECTION('',(0.,-2.2E-16,-1.));
#10667=DIRECTION('',(0.,2.2E-16,-1.));
#10668=DIRECTION('',(0.,2.2E-16,-1.));
#10669=DIRECTION('',(0.,-1.,2.2E-16));
#10670=DIRECTION('',(0.,0.,1.));
#10671=DIRECTION('',(1.,0.,0.));
#10672=DIRECTION('',(1.,0.,0.));
#10673=DIRECTION('',(1.,0.,0.));
#10674=DIRECTION('',(0.,-1.,2.2E-16));
#10675=DIRECTION('',(1.,0.,0.));
#10676=DIRECTION('',(0.,-2.2E-16,-1.));
#10677=DIRECTION('',(0.,2.2E-16,-1.));
#10678=DIRECTION('',(0.,2.2E-16,-1.));
#10679=DIRECTION('',(0.,-1.,2.2E-16));
#10680=DIRECTION('',(0.,0.,-1.));
#10681=DIRECTION('',(-1.,0.,0.));
#10682=DIRECTION('',(-1.,0.,0.));
#10683=DIRECTION('',(-1.,0.,0.));
#10684=DIRECTION('',(0.,-1.,2.2E-16));
#10685=DIRECTION('',(0.,0.,-1.));
#10686=DIRECTION('',(-1.,0.,0.));
#10687=DIRECTION('',(0.,-1.,2.2E-16));
#10688=DIRECTION('',(1.,0.,0.));
#10689=DIRECTION('',(1.,0.,0.));
#10690=DIRECTION('',(0.,0.,-1.));
#10691=DIRECTION('',(-1.,0.,0.));
#10692=DIRECTION('',(0.,-2.2E-16,1.));
#10693=DIRECTION('',(-1.,0.,0.));
#10694=DIRECTION('',(1.,0.,0.));
#10695=DIRECTION('',(0.,-2.2E-16,-1.));
#10696=DIRECTION('',(0.,2.2E-16,-1.));
#10697=DIRECTION('',(0.,2.2E-16,-1.));
#10698=DIRECTION('',(0.,-1.,2.2E-16));
#10699=DIRECTION('',(0.,1.,0.));
#10700=DIRECTION('',(0.,0.,1.));
#10701=DIRECTION('',(-1.,0.,0.));
#10702=DIRECTION('',(0.,2.2E-16,-1.));
#10703=DIRECTION('',(0.,1.,0.));
#10704=DIRECTION('',(0.,0.,1.));
#10705=DIRECTION('',(0.,2.2E-16,-1.));
#10706=DIRECTION('',(-1.,0.,0.));
#10707=DIRECTION('',(1.,0.,0.));
#10708=DIRECTION('',(0.,-2.2E-16,-1.));
#10709=DIRECTION('',(0.,-1.,2.2E-16));
#10710=DIRECTION('',(0.,0.,-1.));
#10711=DIRECTION('',(-1.,0.,0.));
#10712=DIRECTION('',(0.240940311789017,-0.963761247156068,0.114507749236426));
#10713=DIRECTION('',(0.0277722085325607,-0.111088834130241,-0.993422354975369));
#10714=DIRECTION('',(0.00697400747783907,0.,0.99997568131415));
#10715=DIRECTION('',(0.99997568131415,0.,-0.00697400747783907));
#10716=DIRECTION('',(0.00697400747783907,0.,0.99997568131415));
#10717=DIRECTION('',(0.99997568131415,0.,-0.00697400747783907));
#10718=DIRECTION('',(0.,-1.,0.));
#10719=DIRECTION('',(0.00697400747783907,0.,0.99997568131415));
#10720=DIRECTION('',(0.99997568131415,0.,-0.00697400747783907));
#10721=DIRECTION('',(0.00697400747783907,0.,0.99997568131415));
#10722=DIRECTION('',(0.99997568131415,0.,-0.00697400747783907));
#10723=DIRECTION('',(-0.99997568131415,-1.36292748149633E-16,0.00697400747783907));
#10724=DIRECTION('',(0.00697400747783907,0.,0.99997568131415));
#10725=DIRECTION('',(0.99997568131415,0.,-0.00697400747783907));
#10726=DIRECTION('',(0.,-1.,0.));
#10727=DIRECTION('',(0.00697400747783907,0.,0.99997568131415));
#10728=DIRECTION('',(0.99997568131415,0.,-0.00697400747783907));
#10729=DIRECTION('',(0.00697400747783907,0.,0.99997568131415));
#10730=DIRECTION('',(0.99997568131415,0.,-0.00697400747783907));
#10731=DIRECTION('',(0.,0.,1.));
#10732=DIRECTION('',(1.,0.,0.));
#10733=DIRECTION('',(0.,0.,1.));
#10734=DIRECTION('',(1.,0.,0.));
#10735=DIRECTION('',(0.,0.,1.));
#10736=DIRECTION('',(1.,0.,0.));
#10737=DIRECTION('',(0.00697400747783907,0.,0.99997568131415));
#10738=DIRECTION('',(0.99997568131415,0.,-0.00697400747783907));
#10739=DIRECTION('',(-0.99997568131415,-1.36292748149633E-16,0.00697400747783907));
#10740=DIRECTION('',(0.,0.,1.));
#10741=DIRECTION('',(1.,0.,0.));
#10742=DIRECTION('',(0.,1.,0.));
#10743=DIRECTION('',(0.,0.,-1.));
#10744=DIRECTION('',(1.,0.,0.));
#10745=DIRECTION('',(-1.,0.,0.));
#10746=DIRECTION('',(0.,1.,0.));
#10747=DIRECTION('',(1.,0.,0.));
#10748=DIRECTION('',(0.,0.,-1.));
#10749=DIRECTION('',(0.,1.,0.));
#10750=DIRECTION('',(0.,0.,1.));
#10751=DIRECTION('',(0.,1.,0.));
#10752=DIRECTION('',(0.,0.,1.));
#10753=DIRECTION('',(0.,1.,0.));
#10754=DIRECTION('',(0.,0.,1.));
#10755=DIRECTION('',(0.,0.,1.));
#10756=DIRECTION('',(-1.,0.,0.));
#10757=DIRECTION('',(1.,0.,0.));
#10758=DIRECTION('',(0.,0.,-1.));
#10759=DIRECTION('',(0.,0.,1.));
#10760=DIRECTION('',(0.,1.,0.));
#10761=DIRECTION('',(0.,1.,0.));
#10762=DIRECTION('',(0.,0.,1.));
#10763=DIRECTION('',(-1.,0.,0.));
#10764=DIRECTION('',(-1.,0.,0.));
#10765=DIRECTION('',(0.,0.,-1.));
#10766=DIRECTION('',(1.,0.,0.));
#10767=DIRECTION('',(0.,0.,-1.));
#10768=DIRECTION('',(1.,0.,0.));
#10769=DIRECTION('',(0.99997568131415,0.,-0.00697400747783907));
#10770=DIRECTION('',(-0.00697400747783907,0.,-0.99997568131415));
#10771=DIRECTION('',(-0.00697400747783907,0.,-0.99997568131415));
#10772=DIRECTION('',(0.,-1.,0.));
#10773=DIRECTION('',(-0.00697400747783907,0.,-0.99997568131415));
#10774=DIRECTION('',(1.36289433689107E-16,-1.,-9.50506644770779E-19));
#10775=DIRECTION('',(1.,1.36289433689107E-16,0.));
#10776=DIRECTION('',(-0.00697400747783907,0.,-0.99997568131415));
#10777=DIRECTION('',(-0.99997568131415,-1.36292748149633E-16,0.00697400747783907));
#10778=DIRECTION('',(0.99997568131415,0.,-0.00697400747783907));
#10779=DIRECTION('',(-0.00697400747783907,0.,-0.99997568131415));
#10780=DIRECTION('',(-0.00697400747783907,0.,-0.99997568131415));
#10781=DIRECTION('',(0.,-1.,0.));
#10782=DIRECTION('',(1.36289433689107E-16,-1.,-9.50506644770777E-19));
#10783=DIRECTION('',(1.,1.36289433689107E-16,0.));
#10784=DIRECTION('',(-0.99997568131415,-1.36292748149633E-16,0.00697400747783907));
#10785=DIRECTION('',(0.00697400747783907,0.,0.99997568131415));
#10786=DIRECTION('',(0.99997568131415,0.,-0.00697400747783907));
#10787=DIRECTION('',(-0.0400825179695948,0.10800175047073,0.99334234463677));
#10788=DIRECTION('',(-0.969711894280063,-0.243925973146443,-0.0126080020753547));
#10789=DIRECTION('',(0.,1.,0.));
#10790=DIRECTION('',(0.,0.,1.));
#10791=DIRECTION('',(0.,1.,0.));
#10792=DIRECTION('',(0.,-1.,0.));
#10793=DIRECTION('',(0.,0.,-1.));
#10794=DIRECTION('',(0.,1.,0.));
#10795=DIRECTION('',(0.,-1.,0.));
#10796=DIRECTION('',(0.,0.,-1.));
#10797=DIRECTION('',(0.,-1.,0.));
#10798=DIRECTION('',(0.,0.,-1.));
#10799=DIRECTION('',(-0.0708894665184072,0.,0.9974841770859));
#10800=DIRECTION('',(0.9974841770859,0.,0.0708894665184072));
#10801=DIRECTION('',(0.9974841770859,0.,0.0708894665184072));
#10802=DIRECTION('',(0.,1.,0.));
#10803=DIRECTION('',(0.9974841770859,0.,0.0708894665184072));
#10804=DIRECTION('',(0.,1.,0.));
#10805=DIRECTION('',(0.,0.,1.));
#10806=DIRECTION('',(0.,-1.,0.));
#10807=DIRECTION('',(0.,0.,-1.));
#10808=DIRECTION('',(0.,1.,0.));
#10809=DIRECTION('',(0.,-1.,0.));
#10810=DIRECTION('',(0.,0.,-1.));
#10811=DIRECTION('',(0.,1.,0.));
#10812=DIRECTION('',(0.,0.,1.));
#10813=DIRECTION('',(0.,-1.,0.));
#10814=DIRECTION('',(0.,0.,-1.));
#10815=DIRECTION('',(0.,-1.,0.));
#10816=DIRECTION('',(0.,0.,-1.));
#10817=DIRECTION('',(0.,1.,0.));
#10818=DIRECTION('',(0.,0.,1.));
#10819=DIRECTION('',(0.,-1.,0.));
#10820=DIRECTION('',(0.,0.,-1.));
#10821=DIRECTION('',(0.,-1.,0.));
#10822=DIRECTION('',(0.,0.,-1.));
#10823=DIRECTION('',(0.,1.,0.));
#10824=DIRECTION('',(0.,0.,1.));
#10825=DIRECTION('',(0.,-1.,0.));
#10826=DIRECTION('',(0.,0.,-1.));
#10827=DIRECTION('',(0.,-1.,0.));
#10828=DIRECTION('',(0.,0.,-1.));
#10829=DIRECTION('',(0.,1.,0.));
#10830=DIRECTION('',(0.,0.,1.));
#10831=DIRECTION('',(0.,-1.,0.));
#10832=DIRECTION('',(0.,0.,-1.));
#10833=DIRECTION('',(0.,-1.,0.));
#10834=DIRECTION('',(0.,0.,-1.));
#10835=DIRECTION('',(0.,1.,0.));
#10836=DIRECTION('',(0.,0.,1.));
#10837=DIRECTION('',(0.,-1.,0.));
#10838=DIRECTION('',(0.,0.,-1.));
#10839=DIRECTION('',(0.,-1.,0.));
#10840=DIRECTION('',(0.,0.,-1.));
#10841=DIRECTION('',(0.0708894665184072,0.,0.9974841770859));
#10842=DIRECTION('',(0.9974841770859,0.,-0.0708894665184072));
#10843=DIRECTION('',(0.9974841770859,0.,-0.0708894665184072));
#10844=DIRECTION('',(0.9974841770859,0.,-0.0708894665184072));
#10845=DIRECTION('',(0.,1.,0.));
#10846=DIRECTION('',(0.,0.,1.));
#10847=DIRECTION('',(0.,-1.,0.));
#10848=DIRECTION('',(0.,0.,-1.));
#10849=DIRECTION('',(0.,-1.,0.));
#10850=DIRECTION('',(0.,0.,-1.));
#10851=DIRECTION('',(0.,-1.,0.));
#10852=DIRECTION('',(1.,0.,0.));
#10853=DIRECTION('',(0.,-1.,0.));
#10854=DIRECTION('',(1.,0.,0.));
#10855=DIRECTION('',(0.,-1.,0.));
#10856=DIRECTION('',(0.,0.,-1.));
#10857=DIRECTION('',(0.,-1.,0.));
#10858=DIRECTION('',(0.,0.,-1.));
#10859=DIRECTION('',(0.,-1.,0.));
#10860=DIRECTION('',(0.,0.,-1.));
#10861=DIRECTION('',(0.,-1.,0.));
#10862=DIRECTION('',(1.,0.,0.));
#10863=DIRECTION('',(0.,-1.,0.));
#10864=DIRECTION('',(1.,0.,0.));
#10865=DIRECTION('',(-0.969711894280063,-0.243925973146445,-0.0126080020753555));
#10866=DIRECTION('',(-0.0400825179695953,0.108001750470729,0.99334234463677));
#10867=DIRECTION('',(0.,1.,0.));
#10868=DIRECTION('',(1.,0.,0.));
#10869=DIRECTION('',(0.,0.,-1.));
#10870=DIRECTION('',(-1.,0.,-1.13134139737618E-16));
#10871=DIRECTION('',(0.,-1.,0.));
#10872=DIRECTION('',(0.,0.,-1.));
#10873=DIRECTION('',(0.,0.,1.));
#10874=DIRECTION('',(1.,0.,0.));
#10875=DIRECTION('',(0.,-1.,0.));
#10876=DIRECTION('',(0.,0.,-1.));
#10877=DIRECTION('',(1.,0.,0.));
#10878=DIRECTION('',(0.,0.,-1.));
#10879=DIRECTION('',(-1.,0.,0.));
#10880=DIRECTION('',(0.,0.,-1.));
#10881=DIRECTION('',(1.,0.,0.));
#10882=DIRECTION('',(0.,-1.,0.));
#10883=DIRECTION('',(0.,0.,-1.));
#10884=DIRECTION('',(1.,0.,0.));
#10885=DIRECTION('',(0.,-1.,0.));
#10886=DIRECTION('',(0.,0.,-1.));
#10887=DIRECTION('',(0.,-1.,0.));
#10888=DIRECTION('',(0.,0.,-1.));
#10889=DIRECTION('',(0.,-1.,0.));
#10890=DIRECTION('',(0.,0.,-1.));
#10891=DIRECTION('',(0.,-1.,0.));
#10892=DIRECTION('',(0.,0.,-1.));
#10893=DIRECTION('',(0.,1.,0.));
#10894=DIRECTION('',(1.,0.,0.));
#10895=DIRECTION('',(0.,0.,1.));
#10896=DIRECTION('',(0.,-1.,0.));
#10897=DIRECTION('',(0.,0.,-1.));
#10898=DIRECTION('',(-1.,0.,-1.13134139737618E-16));
#10899=DIRECTION('',(0.,0.,-1.));
#10900=DIRECTION('',(1.,0.,0.));
#10901=DIRECTION('',(1.92747052886312E-16,0.,1.));
#10902=DIRECTION('',(-1.,0.,0.));
#10903=DIRECTION('',(-1.92747052886312E-16,0.,1.));
#10904=DIRECTION('',(1.,0.,0.));
#10905=DIRECTION('',(0.,0.,-1.));
#10906=DIRECTION('',(-1.,0.,0.));
#10907=DIRECTION('',(0.,0.,1.));
#10908=DIRECTION('',(-1.,0.,0.));
#10909=DIRECTION('',(0.,0.,1.));
#10910=DIRECTION('',(-1.,0.,0.));
#10911=DIRECTION('',(0.,0.,1.));
#10912=DIRECTION('',(-1.,0.,0.));
#10913=DIRECTION('',(0.,0.,1.));
#10914=DIRECTION('',(-1.,0.,0.));
#10915=DIRECTION('',(0.,0.,1.));
#10916=DIRECTION('',(-1.,0.,0.));
#10917=DIRECTION('',(0.,-1.,0.));
#10918=DIRECTION('',(-1.,0.,-2.47817639425258E-16));
#10919=DIRECTION('',(0.,-1.,0.));
#10920=DIRECTION('',(1.,0.,0.));
#10921=DIRECTION('',(0.,-1.,0.));
#10922=DIRECTION('',(1.,0.,0.));
#10923=DIRECTION('',(0.,-1.,0.));
#10924=DIRECTION('',(-1.,0.,0.));
#10925=DIRECTION('',(1.,0.,0.));
#10926=DIRECTION('',(0.,0.,-1.));
#10927=DIRECTION('',(0.,-1.,0.));
#10928=DIRECTION('',(0.,0.,-1.));
#10929=DIRECTION('',(-1.,0.,0.));
#10930=DIRECTION('',(0.,0.,-1.));
#10931=DIRECTION('',(0.,0.,-1.));
#10932=DIRECTION('',(-1.,0.,0.));
#10933=DIRECTION('',(0.,-1.,0.));
#10934=DIRECTION('',(1.,0.,0.));
#10935=DIRECTION('',(0.,-1.,0.));
#10936=DIRECTION('',(-1.,0.,-2.47817639425258E-16));
#10937=DIRECTION('',(0.,-1.,0.));
#10938=DIRECTION('',(-1.,0.,0.));
#10939=DIRECTION('',(0.,0.,1.));
#10940=DIRECTION('',(0.,-1.,0.));
#10941=DIRECTION('',(0.,-1.,0.));
#10942=DIRECTION('',(0.,-1.,0.));
#10943=DIRECTION('',(0.,0.,1.));
#10944=DIRECTION('',(0.,-1.,0.));
#10945=DIRECTION('',(1.13134139737618E-16,0.,-1.));
#10946=DIRECTION('',(-1.,0.,-1.13134139737618E-16));
#10947=DIRECTION('',(0.,-1.,0.));
#10948=DIRECTION('',(1.,0.,0.));
#10949=DIRECTION('',(0.,0.,-1.));
#10950=DIRECTION('',(0.,-1.,0.));
#10951=DIRECTION('',(0.,0.,1.));
#10952=DIRECTION('',(1.,0.,0.));
#10953=DIRECTION('',(0.,-1.,0.));
#10954=DIRECTION('',(1.,0.,0.));
#10955=DIRECTION('',(0.,-1.,0.));
#10956=DIRECTION('',(1.,0.,0.));
#10957=DIRECTION('',(0.,0.,-1.));
#10958=DIRECTION('',(1.,0.,0.));
#10959=DIRECTION('',(0.,0.,-1.));
#10960=DIRECTION('',(1.,0.,0.));
#10961=DIRECTION('',(0.,0.,-1.));
#10962=DIRECTION('',(1.,0.,0.));
#10963=DIRECTION('',(0.,0.,-1.));
#10964=DIRECTION('',(1.,0.,0.));
#10965=DIRECTION('',(0.,0.,-1.));
#10966=DIRECTION('',(1.,0.,0.));
#10967=DIRECTION('',(0.,0.,-1.));
#10968=DIRECTION('',(1.,0.,0.));
#10969=DIRECTION('',(0.,0.,-1.));
#10970=DIRECTION('',(1.,0.,0.));
#10971=DIRECTION('',(0.,0.,-1.));
#10972=DIRECTION('',(1.,0.,0.));
#10973=DIRECTION('',(0.,0.,-1.));
#10974=DIRECTION('',(1.,0.,0.));
#10975=DIRECTION('',(1.,0.,0.));
#10976=DIRECTION('',(0.,0.,-1.));
#10977=DIRECTION('',(0.,0.,-1.));
#10978=DIRECTION('',(-1.,0.,0.));
#10979=DIRECTION('',(0.,0.,-1.));
#10980=DIRECTION('',(-1.,0.,-1.92747052886312E-16));
#10981=DIRECTION('',(-1.92747052886312E-16,0.,1.));
#10982=DIRECTION('',(-1.92747052886312E-16,0.,1.));
#10983=DIRECTION('',(1.,0.,1.92747052886312E-16));
#10984=DIRECTION('',(-1.92747052886312E-16,0.,1.));
#10985=DIRECTION('',(0.,-1.,0.));
#10986=DIRECTION('',(-1.,0.,0.));
#10987=DIRECTION('',(0.,-1.,0.));
#10988=DIRECTION('',(0.,0.,1.));
#10989=DIRECTION('',(0.,-1.,0.));
#10990=DIRECTION('',(0.,0.,1.));
#10991=DIRECTION('',(0.,-1.,0.));
#10992=DIRECTION('',(0.,0.,1.));
#10993=DIRECTION('',(-1.,0.,1.92747052886312E-16));
#10994=DIRECTION('',(1.92747052886312E-16,0.,1.));
#10995=DIRECTION('',(1.92747052886312E-16,0.,1.));
#10996=DIRECTION('',(1.,0.,-1.92747052886312E-16));
#10997=DIRECTION('',(1.92747052886312E-16,0.,1.));
#10998=DIRECTION('',(0.,-1.,0.));
#10999=DIRECTION('',(-1.,0.,0.));
#11000=DIRECTION('',(0.,1.,0.));
#11001=DIRECTION('',(0.,0.,1.));
#11002=DIRECTION('',(0.,1.,0.));
#11003=DIRECTION('',(0.,0.,1.));
#11004=DIRECTION('',(0.,1.,0.));
#11005=DIRECTION('',(0.,0.,1.));
#11006=DIRECTION('',(0.,-1.,0.));
#11007=DIRECTION('',(0.,0.,1.));
#11008=DIRECTION('',(0.,-1.,0.));
#11009=DIRECTION('',(0.,0.,1.));
#11010=DIRECTION('',(0.,-1.,0.));
#11011=DIRECTION('',(0.,0.,1.));
#11012=DIRECTION('',(0.,-1.,0.));
#11013=DIRECTION('',(0.,0.,1.));
#11014=DIRECTION('',(0.,-1.,0.));
#11015=DIRECTION('',(0.,0.,1.));
#11016=DIRECTION('',(0.,-1.,0.));
#11017=DIRECTION('',(0.,0.,1.));
#11018=DIRECTION('',(1.,0.,0.));
#11019=DIRECTION('',(0.,0.,-1.));
#11020=DIRECTION('',(0.,-1.,0.));
#11021=DIRECTION('',(0.,0.,-1.));
#11022=DIRECTION('',(0.,0.,-1.));
#11023=DIRECTION('',(0.,0.,1.));
#11024=DIRECTION('',(1.,0.,0.));
#11025=DIRECTION('',(0.,0.,-1.));
#11026=DIRECTION('',(1.,0.,0.));
#11027=DIRECTION('',(0.,0.,-1.));
#11028=DIRECTION('',(1.,0.,0.));
#11029=DIRECTION('',(0.,0.,-1.));
#11030=DIRECTION('',(1.,0.,0.));
#11031=DIRECTION('',(1.,0.,0.));
#11032=DIRECTION('',(1.,0.,0.));
#11033=DIRECTION('',(0.,0.,-1.));
#11034=DIRECTION('',(1.,0.,0.));
#11035=DIRECTION('',(0.,0.,-1.));
#11036=DIRECTION('',(1.,0.,0.));
#11037=DIRECTION('',(0.,0.,1.));
#11038=DIRECTION('',(1.,0.,0.));
#11039=DIRECTION('',(0.,0.,1.));
#11040=DIRECTION('',(1.,0.,0.));
#11041=DIRECTION('',(0.,0.,1.));
#11042=DIRECTION('',(1.,0.,0.));
#11043=DIRECTION('',(0.,0.,1.));
#11044=DIRECTION('',(1.,0.,0.));
#11045=DIRECTION('',(0.,0.,-1.));
#11046=DIRECTION('',(1.,0.,0.));
#11047=DIRECTION('',(0.,0.,1.));
#11048=DIRECTION('',(1.,0.,0.));
#11049=DIRECTION('',(0.,0.,1.));
#11050=DIRECTION('',(1.,0.,0.));
#11051=DIRECTION('',(0.,0.,1.));
#11052=DIRECTION('',(1.,0.,0.));
#11053=DIRECTION('',(0.,0.,1.));
#11054=DIRECTION('',(1.,0.,0.));
#11055=DIRECTION('',(0.,0.,1.));
#11056=DIRECTION('',(1.,0.,0.));
#11057=DIRECTION('',(0.,0.,1.));
#11058=DIRECTION('',(1.,0.,0.));
#11059=DIRECTION('',(0.,0.,1.));
#11060=DIRECTION('',(1.,0.,0.));
#11061=DIRECTION('',(0.,0.,-1.));
#11062=DIRECTION('',(1.,0.,0.));
#11063=DIRECTION('',(0.,0.,1.));
#11064=DIRECTION('',(1.,0.,0.));
#11065=DIRECTION('',(0.,0.,-1.));
#11066=DIRECTION('',(-1.,0.,0.));
#11067=DIRECTION('',(-0.707106781186548,0.,0.707106781186548));
#11068=DIRECTION('',(0.707106781186548,0.,0.707106781186548));
#11069=DIRECTION('',(1.,0.,0.));
#11070=DIRECTION('',(0.,0.,-1.));
#11071=DIRECTION('',(0.707106781186548,0.707106781186548,0.));
#11072=DIRECTION('',(0.707106781186548,-0.707106781186548,0.));
#11073=DIRECTION('',(0.,-1.,0.));
#11074=DIRECTION('',(0.,0.,1.));
#11075=DIRECTION('',(-0.707106781186548,0.707106781186548,0.));
#11076=DIRECTION('',(-0.707106781186548,-0.707106781186548,0.));
#11077=DIRECTION('',(-1.,0.,0.));
#11078=DIRECTION('',(0.,0.,1.));
#11079=DIRECTION('',(0.707106781186548,0.,-0.707106781186548));
#11080=DIRECTION('',(-0.707106781186548,0.,-0.707106781186548));
#11081=DIRECTION('',(0.,0.,1.));
#11082=DIRECTION('',(1.,0.,0.));
#11083=DIRECTION('',(0.970142500145332,0.242535625036335,9.71445146547012E-17));
#11084=DIRECTION('',(0.0277722085325606,-0.111088834130241,-0.993422354975369));
#11085=DIRECTION('',(0.,0.,1.));
#11086=DIRECTION('',(1.,0.,0.));
#11087=DIRECTION('',(0.998730393355365,-0.000624656861062618,0.0503707374578229));
#11088=DIRECTION('',(-0.0503746105517352,-0.0123844886487109,0.998653605136772));
#11089=DIRECTION('',(-0.050374610551733,-0.0123844886487103,0.998653605136772));
#11090=DIRECTION('',(-0.998730393355365,0.000624656861062335,-0.0503707374578207));
#11091=DIRECTION('',(-0.0573385387390074,-0.0123798311125992,0.998278033293781));
#11092=DIRECTION('',(1.58293517182882E-16,0.999923114166642,0.0124002320657339));
#11093=DIRECTION('',(-0.998730393355365,0.000624656861062593,-0.0503707374578225));
#11094=DIRECTION('',(-0.0503746105517349,-0.0123844886487107,0.998653605136772));
#11095=DIRECTION('',(1.,0.,0.));
#11096=DIRECTION('',(0.,0.0124002320657361,-0.999923114166642));
#11097=DIRECTION('',(0.,-0.999923114166642,-0.012400232065736));
#11098=DIRECTION('',(0.,0.012400232065736,-0.999923114166642));
#11099=DIRECTION('',(0.,0.,1.));
#11100=DIRECTION('',(1.,0.,0.));
#11101=DIRECTION('',(0.106647937857121,-0.97082142149446,-0.214783576928731));
#11102=DIRECTION('',(-0.236547721079469,-0.234586417825442,0.942875595306155));
#11103=DIRECTION('',(-0.29530627084926,-1.67518037135709E-16,-0.955402640982902));
#11104=DIRECTION('',(3.70335000261546E-16,1.,-2.8980481437968E-16));
#11105=DIRECTION('',(0.965749135647001,0.0497491722473996,0.254663752540029));
#11106=DIRECTION('',(0.163424726327739,0.64571059270736,-0.745888858537392));
#11107=DIRECTION('',(-3.06161699786839E-16,0.,1.));
#11108=DIRECTION('',(1.,0.,3.06161699786839E-16));
#11109=DIRECTION('',(0.,1.,0.));
#11110=DIRECTION('',(-0.832934513816194,0.55337157109286,-2.87459215088516E-16));
#11111=DIRECTION('',(1.,0.,3.06161699786839E-16));
#11112=DIRECTION('',(0.,1.,0.));
#11113=DIRECTION('',(-1.,1.3055027878035E-17,-3.06161699786839E-16));
#11114=DIRECTION('',(0.,-1.,0.));
#11115=DIRECTION('',(-1.,-1.3055027878035E-17,-3.06161699786839E-16));
#11116=DIRECTION('',(0.,1.,0.));
#11117=DIRECTION('',(1.,0.,3.06161699786839E-16));
#11118=DIRECTION('',(-0.832934513816194,-0.55337157109286,-2.87459215088516E-16));
#11119=DIRECTION('',(0.,-1.,0.));
#11120=DIRECTION('',(1.,0.,3.06161699786839E-16));
#11121=DIRECTION('',(0.,-1.,0.));
#11122=DIRECTION('',(1.,0.,3.06161699786839E-16));
#11123=DIRECTION('',(0.528498197563233,-0.707106781186548,-0.469776175611763));
#11124=DIRECTION('',(0.800994956509704,0.598671094713965,0.));
#11125=DIRECTION('',(0.815087612525153,0.577350269189626,0.0479463301485378));
#11126=DIRECTION('',(0.66436383882992,-2.05785765160868E-16,0.74740931868366));
#11127=DIRECTION('',(-0.528498197563233,-0.707106781186548,0.469776175611763));
#11128=DIRECTION('',(0.66436383882992,0.,0.74740931868366));
#11129=DIRECTION('',(-0.0479463301485385,-0.577350269189626,0.815087612525153));
#11130=DIRECTION('',(-0.66436383882992,0.,-0.74740931868366));
#11131=DIRECTION('',(2.5501264656109E-16,0.55337157109286,-0.832934513816194));
#11132=DIRECTION('',(-0.66436383882992,0.,-0.74740931868366));
#11133=DIRECTION('',(-0.0479463301485385,-0.577350269189626,0.815087612525153));
#11134=DIRECTION('',(-0.528498197563233,-0.707106781186548,0.469776175611763));
#11135=DIRECTION('',(0.469776175611763,0.707106781186547,0.528498197563233));
#11136=DIRECTION('',(-0.74740931868366,0.,0.66436383882992));
#11137=DIRECTION('',(0.74740931868366,0.,-0.66436383882992));
#11138=DIRECTION('',(-2.45233977405695E-16,-0.598671094713965,0.800994956509704));
#11139=DIRECTION('',(0.74740931868366,0.,-0.66436383882992));
#11140=DIRECTION('',(0.74740931868366,0.,-0.66436383882992));
#11141=DIRECTION('',(-0.74740931868366,0.,0.66436383882992));
#11142=DIRECTION('',(0.,-1.,0.));
#11143=DIRECTION('',(1.,0.,0.));
#11144=DIRECTION('',(0.74740931868366,0.,-0.66436383882992));
#11145=DIRECTION('',(0.66436383882992,0.,0.74740931868366));
#11146=DIRECTION('',(1.,0.,0.));
#11147=DIRECTION('',(8.67361737988403E-17,0.,-1.));
#11148=DIRECTION('',(-1.,0.,-1.22464679914735E-16));
#11149=DIRECTION('',(1.22464679914735E-16,0.,-1.));
#11150=DIRECTION('',(0.74740931868366,0.,-0.66436383882992));
#11151=DIRECTION('',(-0.66436383882992,0.,-0.74740931868366));
#11152=DIRECTION('',(0.,1.,0.));
#11153=DIRECTION('',(0.66436383882992,0.,0.74740931868366));
#11154=DIRECTION('',(0.,1.,0.));
#11155=DIRECTION('',(-0.66436383882992,1.57009245868377E-16,-0.74740931868366));
#11156=DIRECTION('',(0.,0.,1.));
#11157=DIRECTION('',(1.,0.,0.));
#11158=DIRECTION('',(-0.800994956509704,0.598671094713965,0.));
#11159=DIRECTION('',(0.,1.,0.));
#11160=DIRECTION('',(0.800994956509704,0.598671094713965,0.));
#11161=DIRECTION('',(-0.66436383882992,0.,-0.74740931868366));
#11162=DIRECTION('',(0.74740931868366,0.,-0.66436383882992));
#11163=DIRECTION('',(0.528498197563233,-0.707106781186548,-0.469776175611763));
#11164=DIRECTION('',(-0.528498197563233,-0.707106781186547,0.469776175611763));
#11165=DIRECTION('',(-0.66436383882992,0.,-0.74740931868366));
#11166=DIRECTION('',(-0.74740931868366,0.,0.66436383882992));
#11167=DIRECTION('',(0.74740931868366,0.,-0.66436383882992));
#11168=DIRECTION('',(0.,-1.,0.));
#11169=DIRECTION('',(1.,0.,0.));
#11170=DIRECTION('',(8.67361737988403E-17,0.,-1.));
#11171=DIRECTION('',(-0.66436383882992,0.,-0.74740931868366));
#11172=DIRECTION('',(-0.74740931868366,0.,0.66436383882992));
#11173=DIRECTION('',(1.22464679914735E-16,0.,-1.));
#11174=DIRECTION('',(-1.,0.,-1.22464679914735E-16));
#11175=DIRECTION('',(1.,0.,8.67361737988403E-17));
#11176=DIRECTION('',(8.67361737988403E-17,0.,-1.));
#11177=DIRECTION('',(1.,0.,8.67361737988403E-17));
#11178=DIRECTION('',(8.67361737988403E-17,0.,-1.));
#11179=DIRECTION('',(1.,0.,8.67361737988403E-17));
#11180=DIRECTION('',(8.67361737988403E-17,0.,-1.));
#11181=DIRECTION('',(1.,0.,8.67361737988403E-17));
#11182=DIRECTION('',(8.67361737988403E-17,0.,-1.));
#11183=DIRECTION('',(-3.76874731621476E-17,0.55337157109286,0.832934513816194));
#11184=DIRECTION('',(1.,0.,8.67361737988403E-17));
#11185=DIRECTION('',(8.67361737988403E-17,0.,-1.));
#11186=DIRECTION('',(1.,0.,1.22464679914735E-16));
#11187=DIRECTION('',(1.22464679914735E-16,0.,-1.));
#11188=DIRECTION('',(-1.22156580466838E-16,0.0708894665184105,0.9974841770859));
#11189=DIRECTION('',(1.,0.,1.22464679914735E-16));
#11190=DIRECTION('',(1.22464679914735E-16,0.,-1.));
#11191=DIRECTION('',(-1.22156580466838E-16,-0.0708894665184105,0.9974841770859));
#11192=DIRECTION('',(-1.,0.,-1.22464679914735E-16));
#11193=DIRECTION('',(-1.22464679914735E-16,0.,1.));
#11194=DIRECTION('',(-1.,0.,-1.22464679914735E-16));
#11195=DIRECTION('',(-1.22464679914735E-16,0.,1.));
#11196=DIRECTION('',(-1.,0.,-1.22464679914735E-16));
#11197=DIRECTION('',(-1.22464679914735E-16,0.,1.));
#11198=DIRECTION('',(-1.,0.,-1.22464679914735E-16));
#11199=DIRECTION('',(-1.,0.,-1.22464679914735E-16));
#11200=DIRECTION('',(-1.22464679914735E-16,0.,1.));
#11201=DIRECTION('',(-1.,0.,-1.22464679914735E-16));
#11202=DIRECTION('',(8.68145582650349E-18,0.9974841770859,-0.0708894665184105));
#11203=DIRECTION('',(0.,0.0708894665184105,0.9974841770859));
#11204=DIRECTION('',(1.22156580466838E-16,-0.0708894665184105,-0.9974841770859));
#11205=DIRECTION('',(-1.,0.,-1.22464679914735E-16));
#11206=DIRECTION('',(1.22156580466838E-16,-0.0708894665184105,-0.9974841770859));
#11207=DIRECTION('',(-8.68145582650348E-18,0.9974841770859,0.0708894665184105));
#11208=DIRECTION('',(0.,-0.0708894665184105,0.9974841770859));
#11209=DIRECTION('',(-8.68145582650348E-18,0.9974841770859,0.0708894665184105));
#11210=DIRECTION('',(0.783992779356568,0.0440060500776318,-0.619208195579911));
#11211=DIRECTION('',(-1.,0.,-1.22464679914735E-16));
#11212=DIRECTION('',(1.22156580466838E-16,0.0708894665184105,-0.9974841770859));
#11213=DIRECTION('',(1.22156580466838E-16,0.0708894665184105,-0.9974841770859));
#11214=DIRECTION('',(-1.,0.,-1.22464679914735E-16));
#11215=DIRECTION('',(-1.,0.,-1.22464679914735E-16));
#11216=DIRECTION('',(-1.22464679914735E-16,0.,1.));
#11217=DIRECTION('',(-1.,0.,-1.22464679914735E-16));
#11218=DIRECTION('',(-1.22464679914735E-16,0.,1.));
#11219=DIRECTION('',(-1.,0.,-1.22464679914735E-16));
#11220=DIRECTION('',(-1.22464679914735E-16,0.,1.));
#11221=DIRECTION('',(-1.,0.,-1.22464679914735E-16));
#11222=DIRECTION('',(-1.22464679914735E-16,0.,1.));
#11223=DIRECTION('',(-1.,0.,-1.22464679914735E-16));
#11224=DIRECTION('',(0.,-1.,0.));
#11225=DIRECTION('',(-1.,0.,-1.22464679914735E-16));
#11226=DIRECTION('',(-1.22464679914735E-16,0.,1.));
#11227=DIRECTION('',(-1.,0.,-1.22464679914735E-16));
#11228=DIRECTION('',(-1.22464679914735E-16,0.,1.));
#11229=DIRECTION('',(-1.,0.,-1.22464679914735E-16));
#11230=DIRECTION('',(-1.22464679914735E-16,0.,1.));
#11231=DIRECTION('',(-1.,0.,-1.22464679914735E-16));
#11232=DIRECTION('',(0.,-1.,0.));
#11233=DIRECTION('',(-1.,0.,-1.22464679914735E-16));
#11234=DIRECTION('',(6.77684723278012E-17,-0.832934513816195,-0.553371571092859));
#11235=DIRECTION('',(-1.,0.,-1.22464679914735E-16));
#11236=DIRECTION('',(-1.22464679914735E-16,0.,1.));
#11237=DIRECTION('',(-1.,0.,-1.22464679914735E-16));
#11238=DIRECTION('',(-1.22464679914735E-16,0.,1.));
#11239=DIRECTION('',(-1.,0.,-1.22464679914735E-16));
#11240=DIRECTION('',(-1.22464679914735E-16,0.,1.));
#11241=DIRECTION('',(0.528498197563233,-0.707106781186548,-0.469776175611763));
#11242=DIRECTION('',(0.800994956509704,0.598671094713965,0.));
#11243=DIRECTION('',(0.528498197563233,-0.707106781186548,-0.469776175611763));
#11244=DIRECTION('',(0.800994956509704,0.598671094713965,0.));
#11245=DIRECTION('',(0.528498197563233,-0.707106781186548,-0.469776175611763));
#11246=DIRECTION('',(0.800994956509704,0.598671094713965,0.));
#11247=DIRECTION('',(0.528498197563233,-0.707106781186548,-0.469776175611763));
#11248=DIRECTION('',(0.800994956509704,0.598671094713965,0.));
#11249=DIRECTION('',(-0.469776175611763,0.707106781186547,-0.528498197563233));
#11250=DIRECTION('',(0.74740931868366,0.,-0.66436383882992));
#11251=DIRECTION('',(0.0479463301485385,-0.577350269189626,-0.815087612525153));
#11252=DIRECTION('',(0.528498197563233,-0.707106781186548,-0.469776175611763));
#11253=DIRECTION('',(0.800994956509704,0.598671094713965,0.));
#11254=DIRECTION('',(0.528498197563233,-0.707106781186548,-0.469776175611763));
#11255=DIRECTION('',(0.800994956509704,0.598671094713965,0.));
#11256=DIRECTION('',(0.528498197563233,-0.707106781186548,-0.469776175611763));
#11257=DIRECTION('',(0.848934423364028,0.440204389240066,0.29245587790531));
#11258=DIRECTION('',(0.528498197563233,-0.707106781186548,-0.469776175611763));
#11259=DIRECTION('',(0.800994956509704,0.598671094713965,0.));
#11260=DIRECTION('',(0.528498197563233,-0.707106781186548,-0.469776175611763));
#11261=DIRECTION('',(0.800994956509704,0.598671094713965,0.));
#11262=DIRECTION('',(0.528498197563233,-0.707106781186548,-0.469776175611763));
#11263=DIRECTION('',(0.800994956509704,0.598671094713965,0.));
#11264=DIRECTION('',(0.528498197563233,-0.707106781186548,-0.469776175611763));
#11265=DIRECTION('',(0.848934423364028,0.440204389240066,0.29245587790531));
#11266=DIRECTION('',(0.,-1.,0.));
#11267=DIRECTION('',(0.,0.,-1.));
#11268=DIRECTION('',(-3.06161699786839E-16,0.,1.));
#11269=DIRECTION('',(-3.06161699786839E-16,0.,1.));
#11270=DIRECTION('',(-1.,0.,-3.06161699786839E-16));
#11271=DIRECTION('',(-3.06161699786839E-16,0.,1.));
#11272=DIRECTION('',(-3.06161699786839E-16,0.,1.));
#11273=DIRECTION('',(0.,-1.,0.));
#11274=DIRECTION('',(0.,0.,-1.));
#11275=DIRECTION('',(-3.06161699786839E-16,0.,1.));
#11276=DIRECTION('',(-1.,0.,-3.06161699786839E-16));
#11277=DIRECTION('',(-3.06161699786839E-16,0.,1.));
#11278=DIRECTION('',(0.528498197563233,0.707106781186548,-0.469776175611763));
#11279=DIRECTION('',(0.66436383882992,0.,0.74740931868366));
#11280=DIRECTION('',(0.481149385042609,0.863931685845949,-0.148718900831389));
#11281=DIRECTION('',(-0.29530627084934,7.4306880093466E-15,-0.955402640982877));
#11282=DIRECTION('',(0.283012065594497,0.,0.959116348900349));
#11283=DIRECTION('',(0.959116348900349,0.,-0.283012065594497));
#11284=DIRECTION('',(0.283012065594497,0.,0.959116348900349));
#11285=DIRECTION('',(0.959116348900349,0.,-0.283012065594497));
#11286=DIRECTION('',(2.50752534925639E-16,-1.,-7.39910157341451E-17));
#11287=DIRECTION('',(0.283012065594497,0.,0.959116348900349));
#11288=DIRECTION('',(0.959116348900349,0.,-0.283012065594497));
#11289=DIRECTION('',(0.283012065594497,0.,0.959116348900349));
#11290=DIRECTION('',(0.959116348900349,0.,-0.283012065594497));
#11291=DIRECTION('',(-0.959116348900349,-1.36292748149633E-16,0.283012065594497));
#11292=DIRECTION('',(0.283012065594497,0.,0.959116348900349));
#11293=DIRECTION('',(0.959116348900349,0.,-0.283012065594497));
#11294=DIRECTION('',(0.,-1.,0.));
#11295=DIRECTION('',(0.283012065594497,0.,0.959116348900349));
#11296=DIRECTION('',(0.959116348900349,0.,-0.283012065594497));
#11297=DIRECTION('',(0.283012065594497,0.,0.959116348900349));
#11298=DIRECTION('',(0.959116348900349,0.,-0.283012065594497));
#11299=DIRECTION('',(0.,0.,1.));
#11300=DIRECTION('',(1.,0.,0.));
#11301=DIRECTION('',(0.,0.,1.));
#11302=DIRECTION('',(1.,0.,0.));
#11303=DIRECTION('',(0.,0.,1.));
#11304=DIRECTION('',(1.,0.,0.));
#11305=DIRECTION('',(0.283012065594497,0.,0.959116348900349));
#11306=DIRECTION('',(0.959116348900349,0.,-0.283012065594497));
#11307=DIRECTION('',(-0.959116348900349,-1.36292748149633E-16,0.283012065594497));
#11308=DIRECTION('',(0.,0.,1.));
#11309=DIRECTION('',(1.,0.,0.));
#11310=DIRECTION('',(0.,1.,0.));
#11311=DIRECTION('',(0.,0.,-1.));
#11312=DIRECTION('',(1.,0.,0.));
#11313=DIRECTION('',(-1.,0.,0.));
#11314=DIRECTION('',(0.,1.,0.));
#11315=DIRECTION('',(1.,0.,0.));
#11316=DIRECTION('',(0.,0.,-1.));
#11317=DIRECTION('',(0.,1.,0.));
#11318=DIRECTION('',(0.,0.,1.));
#11319=DIRECTION('',(0.,1.,0.));
#11320=DIRECTION('',(0.,0.,1.));
#11321=DIRECTION('',(0.,1.,0.));
#11322=DIRECTION('',(0.,0.,1.));
#11323=DIRECTION('',(0.,0.,1.));
#11324=DIRECTION('',(-1.,0.,0.));
#11325=DIRECTION('',(1.,0.,0.));
#11326=DIRECTION('',(0.,0.,-1.));
#11327=DIRECTION('',(0.,0.,1.));
#11328=DIRECTION('',(0.,1.,0.));
#11329=DIRECTION('',(0.,1.,0.));
#11330=DIRECTION('',(0.,0.,1.));
#11331=DIRECTION('',(-1.,0.,0.));
#11332=DIRECTION('',(-1.,0.,0.));
#11333=DIRECTION('',(0.,0.,-1.));
#11334=DIRECTION('',(1.,0.,0.));
#11335=DIRECTION('',(0.,0.,-1.));
#11336=DIRECTION('',(1.,0.,0.));
#11337=DIRECTION('',(0.959116348900349,2.61441205973742E-16,-0.283012065594497));
#11338=DIRECTION('',(-0.283012065594497,0.,-0.959116348900349));
#11339=DIRECTION('',(-0.283012065594497,0.,-0.959116348900349));
#11340=DIRECTION('',(2.50752534925639E-16,-1.,-7.39910157341451E-17));
#11341=DIRECTION('',(-0.283012065594497,0.,-0.959116348900349));
#11342=DIRECTION('',(1.30720602986871E-16,-1.,-3.85724921793782E-17));
#11343=DIRECTION('',(1.,1.30720602986871E-16,0.));
#11344=DIRECTION('',(-0.283012065594497,0.,-0.959116348900349));
#11345=DIRECTION('',(-0.959116348900349,-1.36292748149633E-16,0.283012065594497));
#11346=DIRECTION('',(0.959116348900349,0.,-0.283012065594497));
#11347=DIRECTION('',(-0.283012065594497,0.,-0.959116348900349));
#11348=DIRECTION('',(-0.283012065594497,0.,-0.959116348900349));
#11349=DIRECTION('',(0.,-1.,0.));
#11350=DIRECTION('',(1.30720602986871E-16,-1.,-3.85724921793782E-17));
#11351=DIRECTION('',(1.,1.30720602986871E-16,0.));
#11352=DIRECTION('',(-0.959116348900349,-1.36292748149633E-16,0.283012065594497));
#11353=DIRECTION('',(0.283012065594497,0.,0.959116348900349));
#11354=DIRECTION('',(0.959116348900349,0.,-0.283012065594497));
#11355=DIRECTION('',(-0.236547721079467,-0.234586417825433,0.942875595306158));
#11356=DIRECTION('',(-0.106647937857117,0.970821421494462,0.214783576928722));
#11357=DIRECTION('',(0.,-1.,0.));
#11358=DIRECTION('',(1.,0.,0.));
#11359=DIRECTION('',(0.,0.,-1.));
#11360=DIRECTION('',(1.,0.,0.));
#11361=DIRECTION('',(0.,-1.,0.));
#11362=DIRECTION('',(0.,0.,-1.));
#11363=DIRECTION('',(1.,0.,0.));
#11364=DIRECTION('',(0.,0.,-1.));
#11365=DIRECTION('',(-1.,0.,0.));
#11366=DIRECTION('',(0.,0.,-1.));
#11367=DIRECTION('',(1.,0.,0.));
#11368=DIRECTION('',(0.,-1.,0.));
#11369=DIRECTION('',(0.,0.,-1.));
#11370=DIRECTION('',(1.,0.,0.));
#11371=DIRECTION('',(0.,0.,1.));
#11372=DIRECTION('',(0.,-1.,0.));
#11373=DIRECTION('',(0.,0.,-1.));
#11374=DIRECTION('',(-1.,0.,-1.13134139737618E-16));
#11375=DIRECTION('',(0.,-1.,0.));
#11376=DIRECTION('',(0.,0.,-1.));
#11377=DIRECTION('',(0.,-1.,0.));
#11378=DIRECTION('',(0.,0.,-1.));
#11379=DIRECTION('',(0.,-1.,0.));
#11380=DIRECTION('',(0.,0.,-1.));
#11381=DIRECTION('',(0.,-1.,0.));
#11382=DIRECTION('',(0.,0.,-1.));
#11383=DIRECTION('',(0.,-1.,0.));
#11384=DIRECTION('',(1.,0.,0.));
#11385=DIRECTION('',(0.,0.,1.));
#11386=DIRECTION('',(1.,0.,0.));
#11387=DIRECTION('',(-1.92747052886312E-16,0.,1.));
#11388=DIRECTION('',(-1.,0.,0.));
#11389=DIRECTION('',(1.92747052886312E-16,0.,1.));
#11390=DIRECTION('',(1.,0.,0.));
#11391=DIRECTION('',(0.,0.,-1.));
#11392=DIRECTION('',(-1.,0.,-1.13134139737618E-16));
#11393=DIRECTION('',(0.,-1.,0.));
#11394=DIRECTION('',(0.,0.,-1.));
#11395=DIRECTION('',(0.,0.,-1.));
#11396=DIRECTION('',(-1.,0.,0.));
#11397=DIRECTION('',(0.,0.,-1.));
#11398=DIRECTION('',(-1.,0.,0.));
#11399=DIRECTION('',(0.,0.,-1.));
#11400=DIRECTION('',(-1.,0.,0.));
#11401=DIRECTION('',(0.,0.,-1.));
#11402=DIRECTION('',(-1.,0.,0.));
#11403=DIRECTION('',(0.,0.,-1.));
#11404=DIRECTION('',(-1.,0.,0.));
#11405=DIRECTION('',(0.,0.,-1.));
#11406=DIRECTION('',(-1.,0.,0.));
#11407=DIRECTION('',(0.,1.,0.));
#11408=DIRECTION('',(-1.,0.,0.));
#11409=DIRECTION('',(0.,1.,0.));
#11410=DIRECTION('',(1.,0.,0.));
#11411=DIRECTION('',(0.,1.,0.));
#11412=DIRECTION('',(1.,0.,0.));
#11413=DIRECTION('',(0.,1.,0.));
#11414=DIRECTION('',(-1.,0.,-2.47817639425258E-16));
#11415=DIRECTION('',(1.,0.,0.));
#11416=DIRECTION('',(0.,0.,-1.));
#11417=DIRECTION('',(1.,0.,0.));
#11418=DIRECTION('',(0.,0.,-1.));
#11419=DIRECTION('',(0.,0.,-1.));
#11420=DIRECTION('',(0.,1.,0.));
#11421=DIRECTION('',(0.,0.,-1.));
#11422=DIRECTION('',(-1.,0.,0.));
#11423=DIRECTION('',(0.,1.,0.));
#11424=DIRECTION('',(-1.,0.,-2.47817639425258E-16));
#11425=DIRECTION('',(0.,1.,0.));
#11426=DIRECTION('',(1.,0.,0.));
#11427=DIRECTION('',(0.,1.,0.));
#11428=DIRECTION('',(-1.,0.,0.));
#11429=DIRECTION('',(0.,0.,1.));
#11430=DIRECTION('',(0.,1.,0.));
#11431=DIRECTION('',(0.,1.,0.));
#11432=DIRECTION('',(0.,1.,0.));
#11433=DIRECTION('',(0.,0.,1.));
#11434=DIRECTION('',(0.,1.,0.));
#11435=DIRECTION('',(1.13134139737618E-16,0.,-1.));
#11436=DIRECTION('',(-1.,0.,-1.13134139737618E-16));
#11437=DIRECTION('',(0.,1.,0.));
#11438=DIRECTION('',(1.,0.,0.));
#11439=DIRECTION('',(0.,0.,-1.));
#11440=DIRECTION('',(0.,1.,0.));
#11441=DIRECTION('',(0.,0.,1.));
#11442=DIRECTION('',(1.,0.,0.));
#11443=DIRECTION('',(0.,1.,0.));
#11444=DIRECTION('',(1.,0.,0.));
#11445=DIRECTION('',(0.,1.,0.));
#11446=DIRECTION('',(1.,0.,0.));
#11447=DIRECTION('',(0.,0.,1.));
#11448=DIRECTION('',(1.,0.,0.));
#11449=DIRECTION('',(0.,0.,1.));
#11450=DIRECTION('',(1.,0.,0.));
#11451=DIRECTION('',(0.,0.,1.));
#11452=DIRECTION('',(1.,0.,0.));
#11453=DIRECTION('',(0.,0.,1.));
#11454=DIRECTION('',(1.,0.,0.));
#11455=DIRECTION('',(0.,0.,1.));
#11456=DIRECTION('',(1.,0.,0.));
#11457=DIRECTION('',(0.,0.,1.));
#11458=DIRECTION('',(1.,0.,0.));
#11459=DIRECTION('',(0.,0.,1.));
#11460=DIRECTION('',(1.,0.,0.));
#11461=DIRECTION('',(0.,0.,1.));
#11462=DIRECTION('',(1.,0.,0.));
#11463=DIRECTION('',(0.,0.,1.));
#11464=DIRECTION('',(1.,0.,0.));
#11465=DIRECTION('',(1.,0.,0.));
#11466=DIRECTION('',(0.,0.,-1.));
#11467=DIRECTION('',(1.,0.,0.));
#11468=DIRECTION('',(0.,0.,-1.));
#11469=DIRECTION('',(0.,0.,-1.));
#11470=DIRECTION('',(-1.,0.,-1.92747052886312E-16));
#11471=DIRECTION('',(-1.92747052886312E-16,0.,1.));
#11472=DIRECTION('',(-1.,0.,-1.92747052886312E-16));
#11473=DIRECTION('',(-1.92747052886312E-16,0.,1.));
#11474=DIRECTION('',(-1.92747052886312E-16,0.,1.));
#11475=DIRECTION('',(0.,1.,0.));
#11476=DIRECTION('',(-1.,0.,0.));
#11477=DIRECTION('',(0.,-1.,0.));
#11478=DIRECTION('',(0.,0.,1.));
#11479=DIRECTION('',(0.,-1.,0.));
#11480=DIRECTION('',(0.,0.,1.));
#11481=DIRECTION('',(0.,-1.,0.));
#11482=DIRECTION('',(0.,0.,1.));
#11483=DIRECTION('',(-1.,0.,1.92747052886312E-16));
#11484=DIRECTION('',(1.92747052886312E-16,0.,1.));
#11485=DIRECTION('',(-1.,0.,1.92747052886312E-16));
#11486=DIRECTION('',(1.92747052886312E-16,0.,1.));
#11487=DIRECTION('',(1.92747052886312E-16,0.,1.));
#11488=DIRECTION('',(0.,1.,0.));
#11489=DIRECTION('',(-1.,0.,0.));
#11490=DIRECTION('',(0.,1.,0.));
#11491=DIRECTION('',(0.,0.,1.));
#11492=DIRECTION('',(0.,1.,0.));
#11493=DIRECTION('',(0.,0.,1.));
#11494=DIRECTION('',(0.,1.,0.));
#11495=DIRECTION('',(0.,0.,1.));
#11496=DIRECTION('',(0.,1.,0.));
#11497=DIRECTION('',(0.,0.,1.));
#11498=DIRECTION('',(0.,1.,0.));
#11499=DIRECTION('',(0.,0.,1.));
#11500=DIRECTION('',(0.,1.,0.));
#11501=DIRECTION('',(0.,0.,1.));
#11502=DIRECTION('',(0.,1.,0.));
#11503=DIRECTION('',(0.,0.,1.));
#11504=DIRECTION('',(0.,1.,0.));
#11505=DIRECTION('',(0.,0.,1.));
#11506=DIRECTION('',(0.,1.,0.));
#11507=DIRECTION('',(0.,0.,1.));
#11508=DIRECTION('',(1.,0.,0.));
#11509=DIRECTION('',(0.,0.,-1.));
#11510=DIRECTION('',(0.,1.,0.));
#11511=DIRECTION('',(0.,0.,-1.));
#11512=DIRECTION('',(0.,0.,-1.));
#11513=DIRECTION('',(0.,0.,1.));
#11514=DIRECTION('',(1.,0.,0.));
#11515=DIRECTION('',(0.,0.,1.));
#11516=DIRECTION('',(1.,0.,0.));
#11517=DIRECTION('',(0.,0.,1.));
#11518=DIRECTION('',(1.,0.,0.));
#11519=DIRECTION('',(0.,0.,1.));
#11520=DIRECTION('',(1.,0.,0.));
#11521=DIRECTION('',(1.,0.,0.));
#11522=DIRECTION('',(0.,0.,1.));
#11523=DIRECTION('',(1.,0.,0.));
#11524=DIRECTION('',(0.,0.,1.));
#11525=DIRECTION('',(1.,0.,0.));
#11526=DIRECTION('',(1.,0.,0.));
#11527=DIRECTION('',(0.,0.,1.));
#11528=DIRECTION('',(1.,0.,0.));
#11529=DIRECTION('',(0.,0.,1.));
#11530=DIRECTION('',(1.,0.,0.));
#11531=DIRECTION('',(0.,0.,1.));
#11532=DIRECTION('',(1.,0.,0.));
#11533=DIRECTION('',(0.,0.,1.));
#11534=DIRECTION('',(1.,0.,0.));
#11535=DIRECTION('',(0.,0.,1.));
#11536=DIRECTION('',(1.,0.,0.));
#11537=DIRECTION('',(0.,0.,1.));
#11538=DIRECTION('',(1.,0.,0.));
#11539=DIRECTION('',(0.,0.,1.));
#11540=DIRECTION('',(1.,0.,0.));
#11541=DIRECTION('',(0.,0.,1.));
#11542=DIRECTION('',(1.,0.,0.));
#11543=DIRECTION('',(0.,0.,1.));
#11544=DIRECTION('',(1.,0.,0.));
#11545=DIRECTION('',(0.,0.,1.));
#11546=DIRECTION('',(1.,0.,0.));
#11547=DIRECTION('',(0.,0.,1.));
#11548=DIRECTION('',(1.,0.,0.));
#11549=DIRECTION('',(0.,0.,1.));
#11550=DIRECTION('',(1.,0.,0.));
#11551=DIRECTION('',(0.,0.,1.));
#11552=DIRECTION('',(1.,0.,0.));
#11553=DIRECTION('',(0.,0.,1.));
#11554=DIRECTION('',(1.,0.,0.));
#11555=DIRECTION('',(0.,0.,-1.));
#11556=DIRECTION('',(-1.,0.,0.));
#11557=DIRECTION('',(0.707106781186548,0.,-0.707106781186548));
#11558=DIRECTION('',(0.707106781186548,0.,0.707106781186548));
#11559=DIRECTION('',(1.,0.,0.));
#11560=DIRECTION('',(0.,0.,-1.));
#11561=DIRECTION('',(-0.707106781186548,0.707106781186548,0.));
#11562=DIRECTION('',(0.707106781186548,0.707106781186548,0.));
#11563=DIRECTION('',(0.,1.,0.));
#11564=DIRECTION('',(0.,0.,1.));
#11565=DIRECTION('',(0.707106781186548,0.707106781186548,0.));
#11566=DIRECTION('',(-0.707106781186548,0.707106781186548,0.));
#11567=DIRECTION('',(-1.,0.,0.));
#11568=DIRECTION('',(0.,0.,1.));
#11569=DIRECTION('',(-0.707106781186548,0.,0.707106781186548));
#11570=DIRECTION('',(-0.707106781186548,0.,-0.707106781186548));
#11571=DIRECTION('',(0.,0.,1.));
#11572=DIRECTION('',(1.,0.,0.));
#11573=DIRECTION('',(0.201546435894486,-0.761959874485661,-0.615464201925689));
#11574=DIRECTION('',(0.163424726327739,0.645710592707364,-0.745888858537389));
#11575=DIRECTION('',(0.,0.,1.));
#11576=DIRECTION('',(1.,0.,0.));
#11577=DIRECTION('',(-0.98058067569092,-0.196116135138184,0.));
#11578=DIRECTION('',(-1.,-1.15648231731787E-16,0.));
#11579=DIRECTION('',(0.,-1.,0.));
#11580=DIRECTION('',(1.,0.,0.));
#11581=DIRECTION('',(0.,-1.,0.));
#11582=DIRECTION('',(1.,0.,0.));
#11583=DIRECTION('',(0.,-1.,0.));
#11584=DIRECTION('',(-0.228191322789329,0.973616310567801,1.05559691908493E-16));
#11585=DIRECTION('',(-0.973616310567801,-0.228191322789329,0.));
#11586=DIRECTION('',(-4.62592926927148E-16,-5.34980540107565E-32,-1.));
#11587=DIRECTION('',(0.973616310567801,0.228191322789329,0.));
#11588=DIRECTION('',(-0.853940796185373,-0.200142374105947,0.480341697854273));
#11589=DIRECTION('',(-0.228191322789329,0.973616310567801,1.05559691908493E-16));
#11590=DIRECTION('',(0.973616310567801,0.228191322789329,4.99869124391676E-16));
#11591=DIRECTION('',(0.,1.0842021724855E-16,-1.));
#11592=DIRECTION('',(-0.97181872526237,-0.227770013733368,0.0607386703288983));
#11593=DIRECTION('',(0.,-3.46944695195362E-16,-1.));
#11594=DIRECTION('',(-0.228191322789329,0.973616310567801,1.05559691908493E-16));
#11595=DIRECTION('',(0.973616310567801,0.228191322789329,4.99869124391676E-16));
#11596=DIRECTION('',(-0.853940796185373,-0.200142374105947,0.480341697854273));
#11597=DIRECTION('',(-0.490261239632559,1.88992818167131E-16,-0.871575537124549));
#11598=DIRECTION('',(-0.871575537124549,0.,0.490261239632559));
#11599=DIRECTION('',(0.871575537124549,1.00796169689137E-16,-0.490261239632559));
#11600=DIRECTION('',(1.34287474059485E-33,1.,2.16840434497101E-16));
#11601=DIRECTION('',(-0.98058067569092,-0.196116135138184,0.));
#11602=DIRECTION('',(0.196116135138184,-0.98058067569092,0.));
#11603=DIRECTION('',(0.,-1.,0.));
#11604=DIRECTION('',(-1.,0.,0.));
#11605=DIRECTION('',(-1.15648231731787E-16,1.,0.));
#11606=DIRECTION('',(-1.,-1.15648231731787E-16,0.));
#11607=DIRECTION('',(-1.,0.,0.));
#11608=DIRECTION('',(0.,-1.,0.));
#11609=DIRECTION('',(0.,-1.,0.));
#11610=DIRECTION('',(-1.,0.,0.));
#11611=DIRECTION('',(-0.98058067569092,-0.196116135138184,0.));
#11612=DIRECTION('',(-0.998823833424237,-0.0484865938555455,0.));
#11613=DIRECTION('',(0.0484865938555455,-0.998823833424237,0.));
#11614=DIRECTION('',(0.,0.,1.));
#11615=DIRECTION('',(1.,0.,0.));
#11616=DIRECTION('',(-0.490261239632559,1.88992818167131E-16,-0.871575537124549));
#11617=DIRECTION('',(-0.871575537124549,3.35987232297122E-16,0.490261239632559));
#11618=DIRECTION('',(0.,0.,1.));
#11619=DIRECTION('',(1.,0.,0.));
#11620=DIRECTION('',(0.,0.,1.));
#11621=DIRECTION('',(1.,0.,0.));
#11622=DIRECTION('',(-0.490261239632559,1.88992818167131E-16,-0.871575537124549));
#11623=DIRECTION('',(-0.871575537124549,3.35987232297122E-16,0.490261239632559));
#11624=DIRECTION('',(0.,0.,1.));
#11625=DIRECTION('',(1.,0.,0.));
#11626=DIRECTION('',(0.,0.,1.));
#11627=DIRECTION('',(1.,0.,0.));
#11628=DIRECTION('',(-0.490261239632559,1.88992818167131E-16,-0.871575537124549));
#11629=DIRECTION('',(-0.871575537124549,3.35987232297122E-16,0.490261239632559));
#11630=DIRECTION('',(0.,0.,1.));
#11631=DIRECTION('',(1.,0.,0.));
#11632=DIRECTION('',(-1.,0.,0.));
#11633=DIRECTION('',(0.,0.,1.));
#11634=DIRECTION('',(0.,-1.,-2.16840434497101E-16));
#11635=DIRECTION('',(0.,0.,1.));
#11636=DIRECTION('',(-1.,0.,0.));
#11637=DIRECTION('',(0.,0.,1.));
#11638=DIRECTION('',(0.,-8.67361737988404E-17,-1.));
#11639=DIRECTION('',(0.,1.,2.16840434497101E-16));
#11640=DIRECTION('',(0.,-2.16840434497101E-16,1.));
#11641=DIRECTION('',(0.,-1.,-2.16840434497101E-16));
#11642=DIRECTION('',(-1.15648231731787E-16,1.,0.));
#11643=DIRECTION('',(-1.,-1.15648231731787E-16,0.));
#11644=DIRECTION('',(1.,0.,0.));
#11645=DIRECTION('',(0.,0.,-1.));
#11646=DIRECTION('',(0.,1.0842021724855E-16,-1.));
#11647=DIRECTION('',(0.,-1.,0.));
#11648=DIRECTION('',(1.92747052886312E-16,0.,-1.));
#11649=DIRECTION('',(1.,0.,0.));
#11650=DIRECTION('',(0.,-1.,0.));
#11651=DIRECTION('',(0.,0.,-1.));
#11652=DIRECTION('',(1.,0.,0.));
#11653=DIRECTION('',(0.,1.,0.));
#11654=DIRECTION('',(0.,-1.,0.));
#11655=DIRECTION('',(1.,6.93889390390723E-17,0.));
#11656=DIRECTION('',(-6.93889390390723E-17,1.,0.));
#11657=DIRECTION('',(1.,6.93889390390723E-17,0.));
#11658=DIRECTION('',(1.,0.,0.));
#11659=DIRECTION('',(0.,0.,-1.));
#11660=DIRECTION('',(-1.,-6.93889390390723E-17,0.));
#11661=DIRECTION('',(1.,0.,0.));
#11662=DIRECTION('',(0.,0.,-1.));
#11663=DIRECTION('',(1.,6.93889390390723E-17,0.));
#11664=DIRECTION('',(1.,0.,0.));
#11665=DIRECTION('',(0.,0.,-1.));
#11666=DIRECTION('',(1.92747052886312E-16,0.,-1.));
#11667=DIRECTION('',(0.,-1.,0.));
#11668=DIRECTION('',(0.,1.0842021724855E-16,-1.));
#11669=DIRECTION('',(0.,-1.,0.));
#11670=DIRECTION('',(1.,0.,0.));
#11671=DIRECTION('',(0.,0.,-1.));
#11672=DIRECTION('',(0.,0.,-1.));
#11673=DIRECTION('',(1.,0.,0.));
#11674=DIRECTION('',(0.,0.,-1.));
#11675=DIRECTION('',(1.,0.,0.));
#11676=DIRECTION('',(0.,0.,-1.));
#11677=DIRECTION('',(0.,-3.46944695195362E-16,-1.));
#11678=DIRECTION('',(0.,1.,-1.7347234759768E-16));
#11679=DIRECTION('',(0.,-2.60208521396521E-16,-1.));
#11680=DIRECTION('',(0.,0.,-1.));
#11681=DIRECTION('',(1.,0.,0.));
#11682=DIRECTION('',(0.,0.,-1.));
#11683=DIRECTION('',(0.,-1.,0.));
#11684=DIRECTION('',(0.,-3.09772049281573E-16,-1.));
#11685=DIRECTION('',(0.,-1.,0.));
#11686=DIRECTION('',(0.,0.,-1.));
#11687=DIRECTION('',(0.,-1.,0.));
#11688=DIRECTION('',(0.,0.,-1.));
#11689=DIRECTION('',(0.,1.,-3.46944695195362E-16));
#11690=DIRECTION('',(0.,3.46944695195362E-16,1.));
#11691=DIRECTION('',(-1.,0.,0.));
#11692=DIRECTION('',(0.,-1.,0.));
#11693=DIRECTION('',(0.,0.,-1.));
#11694=DIRECTION('',(0.,-3.09772049281573E-16,-1.));
#11695=DIRECTION('',(0.,-1.,0.));
#11696=DIRECTION('',(0.,-1.,0.));
#11697=DIRECTION('',(0.,-1.,3.09772049281573E-16));
#11698=DIRECTION('',(0.,-3.09772049281573E-16,-1.));
#11699=DIRECTION('',(0.,-1.,3.09772049281573E-16));
#11700=DIRECTION('',(0.,-3.09772049281573E-16,-1.));
#11701=DIRECTION('',(0.,-1.,3.09772049281573E-16));
#11702=DIRECTION('',(0.,-3.09772049281573E-16,-1.));
#11703=DIRECTION('',(0.,-1.,3.09772049281573E-16));
#11704=DIRECTION('',(0.,-3.09772049281573E-16,-1.));
#11705=DIRECTION('',(0.,-1.,3.09772049281573E-16));
#11706=DIRECTION('',(0.,-3.09772049281573E-16,-1.));
#11707=DIRECTION('',(0.997412521776332,-2.22697050257941E-17,-0.0718906211113697));
#11708=DIRECTION('',(1.,0.,0.));
#11709=DIRECTION('',(0.,-3.09772049281573E-16,-1.));
#11710=DIRECTION('',(0.997412521776332,2.2269705025794E-17,0.0718906211113696));
#11711=DIRECTION('',(0.,-1.,3.09772049281573E-16));
#11712=DIRECTION('',(0.,-3.09772049281573E-16,-1.));
#11713=DIRECTION('',(0.,-1.,0.));
#11714=DIRECTION('',(0.,0.,-1.));
#11715=DIRECTION('',(0.,0.,-1.));
#11716=DIRECTION('',(0.,-1.,0.));
#11717=DIRECTION('',(1.,0.,0.));
#11718=DIRECTION('',(0.,0.,-1.));
#11719=DIRECTION('',(0.997412521776332,0.,0.0718906211113694));
#11720=DIRECTION('',(0.,-1.,0.));
#11721=DIRECTION('',(0.,0.,-1.));
#11722=DIRECTION('',(-1.,0.,0.));
#11723=DIRECTION('',(0.,-1.,0.));
#11724=DIRECTION('',(0.,-1.,0.));
#11725=DIRECTION('',(-1.,0.,0.));
#11726=DIRECTION('',(0.,1.,0.));
#11727=DIRECTION('',(0.,-1.,0.));
#11728=DIRECTION('',(0.,-1.,0.));
#11729=DIRECTION('',(6.93889390390723E-17,-1.,0.));
#11730=DIRECTION('',(1.,6.93889390390723E-17,0.));
#11731=DIRECTION('',(0.,0.,-1.));
#11732=DIRECTION('',(-1.,-6.93889390390723E-17,0.));
#11733=DIRECTION('',(0.196116135138184,-0.98058067569092,0.));
#11734=DIRECTION('',(0.98058067569092,0.196116135138184,0.));
#11735=DIRECTION('',(-0.98058067569092,-0.196116135138184,0.));
#11736=DIRECTION('',(0.,0.,-1.));
#11737=DIRECTION('',(0.,0.,-1.));
#11738=DIRECTION('',(0.978140666428718,0.195628133285743,-0.0705015612984437));
#11739=DIRECTION('',(0.196116135138184,-0.98058067569092,0.));
#11740=DIRECTION('',(-0.98058067569092,-0.196116135138184,0.));
#11741=DIRECTION('',(0.978140666428718,0.195628133285743,0.0705015612984437));
#11742=DIRECTION('',(0.,0.,1.));
#11743=DIRECTION('',(1.,0.,0.));
#11744=DIRECTION('',(-1.,-6.93889390390723E-17,0.));
#11745=DIRECTION('',(0.,-1.,0.));
#11746=DIRECTION('',(-0.98058067569092,-0.196116135138184,0.));
#11747=DIRECTION('',(0.,-1.,0.));
#11748=DIRECTION('',(0.,0.,-1.));
#11749=DIRECTION('',(0.,-1.,0.));
#11750=DIRECTION('',(0.,0.,-1.));
#11751=DIRECTION('',(0.997412521776332,0.,-0.0718906211113694));
#11752=DIRECTION('',(0.,-1.,0.));
#11753=DIRECTION('',(0.,0.,-1.));
#11754=DIRECTION('',(0.,-1.,0.));
#11755=DIRECTION('',(0.,0.,-1.));
#11756=DIRECTION('',(0.,-1.,0.));
#11757=DIRECTION('',(0.,-1.,0.));
#11758=DIRECTION('',(0.,0.,-1.));
#11759=DIRECTION('',(0.,-1.,0.));
#11760=DIRECTION('',(0.,-1.,0.));
#11761=DIRECTION('',(0.,0.,-1.));
#11762=DIRECTION('',(0.0718906211113694,0.,-0.997412521776332));
#11763=DIRECTION('',(-0.997412521776332,0.,-0.0718906211113694));
#11764=DIRECTION('',(0.,-1.,0.));
#11765=DIRECTION('',(0.997412521776332,0.,0.0718906211113694));
#11766=DIRECTION('',(0.,-1.,0.));
#11767=DIRECTION('',(0.,0.,-1.));
#11768=DIRECTION('',(0.,-1.,0.));
#11769=DIRECTION('',(0.,-1.,0.));
#11770=DIRECTION('',(0.,0.,-1.));
#11771=DIRECTION('',(-0.0718906211113694,0.,-0.997412521776332));
#11772=DIRECTION('',(-0.997412521776332,0.,0.0718906211113694));
#11773=DIRECTION('',(0.997412521776332,0.,-0.0718906211113694));
#11774=DIRECTION('',(0.,-1.,0.));
#11775=DIRECTION('',(1.,0.,0.));
#11776=DIRECTION('',(0.,-1.,0.));
#11777=DIRECTION('',(0.,0.,-1.));
#11778=DIRECTION('',(0.,-1.,0.));
#11779=DIRECTION('',(0.,0.,-1.));
#11780=DIRECTION('',(0.,-1.,0.));
#11781=DIRECTION('',(0.,0.,-1.));
#11782=DIRECTION('',(0.,-1.,0.));
#11783=DIRECTION('',(0.,0.,-1.));
#11784=DIRECTION('',(0.,-1.,0.));
#11785=DIRECTION('',(0.,0.,-1.));
#11786=DIRECTION('',(0.,-1.,0.));
#11787=DIRECTION('',(0.,0.,-1.));
#11788=DIRECTION('',(0.,-1.,0.));
#11789=DIRECTION('',(0.,0.,-1.));
#11790=DIRECTION('',(0.,-1.,0.));
#11791=DIRECTION('',(0.,0.,-1.));
#11792=DIRECTION('',(0.,-1.,0.));
#11793=DIRECTION('',(0.,0.,-1.));
#11794=DIRECTION('',(-0.0718906211113697,0.,-0.997412521776332));
#11795=DIRECTION('',(-0.997412521776332,0.,0.0718906211113697));
#11796=DIRECTION('',(0.,-1.,0.));
#11797=DIRECTION('',(0.0718906211113696,0.,-0.997412521776332));
#11798=DIRECTION('',(-0.997412521776332,0.,-0.0718906211113696));
#11799=DIRECTION('',(0.,-1.,0.));
#11800=DIRECTION('',(0.,-1.,0.));
#11801=DIRECTION('',(0.,0.,-1.));
#11802=DIRECTION('',(0.,1.,-3.46944695195362E-16));
#11803=DIRECTION('',(0.,3.46944695195362E-16,1.));
#11804=DIRECTION('',(0.,-8.67361737988404E-17,-1.));
#11805=DIRECTION('',(-1.,0.,0.));
#11806=DIRECTION('',(0.,1.,-2.60208521396521E-16));
#11807=DIRECTION('',(0.,2.60208521396521E-16,1.));
#11808=DIRECTION('',(-1.,0.,0.));
#11809=DIRECTION('',(0.,-2.60208521396521E-16,-1.));
#11810=DIRECTION('',(0.,1.73472347597681E-16,1.));
#11811=DIRECTION('',(0.,-1.,1.73472347597681E-16));
#11812=DIRECTION('',(0.,1.,-1.7347234759768E-16));
#11813=DIRECTION('',(0.,-1.,-1.0842021724855E-16));
#11814=DIRECTION('',(0.,1.0842021724855E-16,-1.));
#11815=DIRECTION('',(1.,0.,0.));
#11816=DIRECTION('',(0.,-1.,-1.0842021724855E-16));
#11817=DIRECTION('',(0.,1.0842021724855E-16,-1.));
#11818=DIRECTION('',(0.,1.0842021724855E-16,-1.));
#11819=DIRECTION('',(1.,0.,0.));
#11820=DIRECTION('',(0.,-1.,-1.0842021724855E-16));
#11821=DIRECTION('',(0.,1.0842021724855E-16,-1.));
#11822=DIRECTION('',(0.,-2.16840434497101E-16,1.));
#11823=DIRECTION('',(0.,-1.,-2.16840434497101E-16));
#11824=DIRECTION('',(1.,0.,0.));
#11825=DIRECTION('',(0.,1.,2.16840434497101E-16));
#11826=DIRECTION('',(0.,-1.,-2.16840434497101E-16));
#11827=DIRECTION('',(0.,-1.,-1.0842021724855E-16));
#11828=DIRECTION('',(0.,1.0842021724855E-16,-1.));
#11829=DIRECTION('',(0.,-1.,-1.0842021724855E-16));
#11830=DIRECTION('',(0.,1.0842021724855E-16,-1.));
#11831=DIRECTION('',(1.,0.,0.));
#11832=DIRECTION('',(0.,-1.,-1.0842021724855E-16));
#11833=DIRECTION('',(0.,1.0842021724855E-16,-1.));
#11834=DIRECTION('',(0.,0.,1.));
#11835=DIRECTION('',(1.,0.,0.));
#11836=DIRECTION('',(0.,-1.,0.));
#11837=DIRECTION('',(0.,-1.,0.));
#11838=DIRECTION('',(-0.490261239632559,1.88992818167131E-16,-0.871575537124549));
#11839=DIRECTION('',(-0.871575537124549,0.,0.490261239632559));
#11840=DIRECTION('',(3.85494105772624E-16,1.,0.));
#11841=DIRECTION('',(0.871575537124549,1.00796169689137E-16,-0.490261239632559));
#11842=DIRECTION('',(1.34287474059485E-33,1.,2.16840434497101E-16));
#11843=DIRECTION('',(-0.84911708496217,0.225546725693076,0.477628360291221));
#11844=DIRECTION('',(-1.34287474059485E-33,-1.,-2.16840434497101E-16));
#11845=DIRECTION('',(-0.0623782861551806,0.,-0.998052578482889));
#11846=DIRECTION('',(-0.998052578482889,0.,0.0623782861551807));
#11847=DIRECTION('',(-0.964726680845087,0.256255524599476,0.0602954175528179));
#11848=DIRECTION('',(0.25672261183985,0.966485126926496,1.04786527428864E-16));
#11849=DIRECTION('',(-0.966485126926496,0.25672261183985,0.));
#11850=DIRECTION('',(0.25672261183985,0.966485126926496,1.04786527428864E-16));
#11851=DIRECTION('',(-0.966485126926496,0.25672261183985,4.50158298899365E-16));
#11852=DIRECTION('',(0.25672261183985,0.966485126926496,1.04786527428864E-16));
#11853=DIRECTION('',(-0.966485126926496,0.25672261183985,4.50158298899365E-16));
#11854=DIRECTION('',(0.98058067569092,0.196116135138184,0.));
#11855=DIRECTION('',(-0.196116135138184,0.98058067569092,0.));
#11856=DIRECTION('',(-0.998823833424237,-0.0484865938555455,0.));
#11857=DIRECTION('',(-0.0484865938555455,0.998823833424237,0.));
#11858=DIRECTION('',(-1.,-6.93889390390723E-17,0.));
#11859=DIRECTION('',(6.93889390390723E-17,-1.,0.));
#11860=DIRECTION('',(1.,0.,0.));
#11861=DIRECTION('',(0.,0.,-1.));
#11862=DIRECTION('',(-1.,0.,-2.89120579329468E-16));
#11863=DIRECTION('',(-2.89120579329468E-16,0.,1.));
#11864=DIRECTION('',(2.89120579329468E-16,0.,-1.));
#11865=DIRECTION('',(3.85494105772624E-16,-1.,0.));
#11866=DIRECTION('',(2.89120579329468E-16,0.,-1.));
#11867=DIRECTION('',(0.,-1.,0.));
#11868=DIRECTION('',(-8.67361737988404E-17,0.,1.));
#11869=DIRECTION('',(1.,0.,8.67361737988404E-17));
#11870=DIRECTION('',(-1.,0.,-8.67361737988404E-17));
#11871=DIRECTION('',(0.,-1.,0.));
#11872=DIRECTION('',(-1.,0.,-8.67361737988404E-17));
#11873=DIRECTION('',(0.,-1.,0.));
#11874=DIRECTION('',(1.,0.,0.));
#11875=DIRECTION('',(-1.15648231731787E-16,1.,0.));
#11876=DIRECTION('',(-1.,-1.15648231731787E-16,0.));
#11877=DIRECTION('',(-1.,-1.15648231731787E-16,0.));
#11878=DIRECTION('',(0.,-1.,0.));
#11879=DIRECTION('',(0.,0.,-1.));
#11880=DIRECTION('',(0.,-1.,0.));
#11881=DIRECTION('',(1.,0.,0.));
#11882=DIRECTION('',(0.,-1.,0.));
#11883=DIRECTION('',(0.,0.,-1.));
#11884=DIRECTION('',(-1.,-1.15648231731787E-16,0.));
#11885=DIRECTION('',(0.,0.,1.));
#11886=DIRECTION('',(-1.,0.,0.));
#11887=DIRECTION('',(0.,0.,1.));
#11888=DIRECTION('',(0.,-1.,0.));
#11889=DIRECTION('',(0.,0.,-1.));
#11890=DIRECTION('',(0.,1.,2.16840434497101E-16));
#11891=DIRECTION('',(0.,-2.16840434497101E-16,1.));
#11892=DIRECTION('',(0.,1.,2.16840434497101E-16));
#11893=DIRECTION('',(0.,-2.16840434497101E-16,1.));
#11894=DIRECTION('',(0.,0.,-1.));
#11895=DIRECTION('',(-1.,0.,0.));
#11896=DIRECTION('',(0.,0.,-1.));
#11897=DIRECTION('',(-1.,0.,0.));
#11898=DIRECTION('',(0.,0.,-1.));
#11899=DIRECTION('',(-1.,0.,0.));
#11900=DIRECTION('',(0.,1.,0.));
#11901=DIRECTION('',(0.,0.,1.));
#11902=DIRECTION('',(0.,-1.,0.));
#11903=DIRECTION('',(0.,0.,-1.));
#11904=DIRECTION('',(0.,1.,0.));
#11905=DIRECTION('',(0.,0.,1.));
#11906=DIRECTION('',(1.,0.,0.));
#11907=DIRECTION('',(0.,0.,-1.));
#11908=DIRECTION('',(0.,0.,1.));
#11909=DIRECTION('',(1.,0.,0.));
#11910=DIRECTION('',(0.,0.,1.));
#11911=DIRECTION('',(1.,0.,0.));
#11912=DIRECTION('',(0.,0.,1.));
#11913=DIRECTION('',(1.,0.,0.));
#11914=DIRECTION('',(1.,0.,0.));
#11915=DIRECTION('',(0.,0.,-1.));
#11916=DIRECTION('',(0.,0.,1.));
#11917=DIRECTION('',(1.,0.,0.));
#11918=DIRECTION('',(0.106647937857121,-0.97082142149446,-0.214783576928731));
#11919=DIRECTION('',(-0.236547721079471,-0.234586417825442,0.942875595306155));
#11920=DIRECTION('',(-0.825402614286008,0.503609017186325,0.255124444415754));
#11921=DIRECTION('',(-0.481149385042608,-0.863931685845949,0.14871890083139));
#11922=DIRECTION('',(-0.257059439766772,0.0497585072541932,0.965113742199658));
#11923=DIRECTION('',(0.965749135647004,0.049749172247422,0.254663752540013));
#11924=DIRECTION('',(0.,-1.,0.));
#11925=DIRECTION('',(1.,0.,0.));
#11926=DIRECTION('',(0.,-1.,0.));
#11927=DIRECTION('',(0.,0.,-1.));
#11928=DIRECTION('',(0.,-1.,0.));
#11929=DIRECTION('',(0.,0.,-1.));
#11930=DIRECTION('',(0.,1.,0.));
#11931=DIRECTION('',(0.,0.,-1.));
#11932=DIRECTION('',(1.,0.,0.));
#11933=DIRECTION('',(0.,-1.,0.));
#11934=DIRECTION('',(0.,0.,-1.));
#11935=DIRECTION('',(2.89120579329468E-16,0.,1.));
#11936=DIRECTION('',(1.,0.,0.));
#11937=DIRECTION('',(2.89120579329468E-16,0.,1.));
#11938=DIRECTION('',(0.,-1.,0.));
#11939=DIRECTION('',(0.,0.,-1.));
#11940=DIRECTION('',(1.,0.,0.));
#11941=DIRECTION('',(-3.85494105772624E-16,0.,-1.));
#11942=DIRECTION('',(-1.,0.,1.0842021724855E-16));
#11943=DIRECTION('',(-3.85494105772624E-16,0.,-1.));
#11944=DIRECTION('',(0.,-1.,0.));
#11945=DIRECTION('',(0.,0.,-1.));
#11946=DIRECTION('',(0.,1.,0.));
#11947=DIRECTION('',(0.,0.,-1.));
#11948=DIRECTION('',(0.,1.,0.));
#11949=DIRECTION('',(0.,0.,-1.));
#11950=DIRECTION('',(0.,-1.,0.));
#11951=DIRECTION('',(1.,0.,0.));
#11952=DIRECTION('',(0.,-1.,0.));
#11953=DIRECTION('',(0.,0.,-1.));
#11954=DIRECTION('',(0.,-1.,0.));
#11955=DIRECTION('',(0.,0.,-1.));
#11956=DIRECTION('',(0.,-1.,0.));
#11957=DIRECTION('',(0.,0.,-1.));
#11958=DIRECTION('',(2.89120579329468E-16,0.,1.));
#11959=DIRECTION('',(0.,-1.,0.));
#11960=DIRECTION('',(0.,0.,-1.));
#11961=DIRECTION('',(1.,0.,0.));
#11962=DIRECTION('',(-3.85494105772624E-16,0.,-1.));
#11963=DIRECTION('',(-1.,0.,1.0842021724855E-16));
#11964=DIRECTION('',(-3.85494105772624E-16,0.,-1.));
#11965=DIRECTION('',(1.,0.,0.));
#11966=DIRECTION('',(0.,-1.,0.));
#11967=DIRECTION('',(0.,0.,-1.));
#11968=DIRECTION('',(2.89120579329468E-16,0.,1.));
#11969=DIRECTION('',(1.,0.,0.));
#11970=DIRECTION('',(0.,-1.,0.));
#11971=DIRECTION('',(0.,0.,-1.));
#11972=DIRECTION('',(0.,-1.,0.));
#11973=DIRECTION('',(0.,0.,-1.));
#11974=DIRECTION('',(0.,-1.,0.));
#11975=DIRECTION('',(0.,0.,-1.));
#11976=DIRECTION('',(1.,0.,-3.85494105772624E-16));
#11977=DIRECTION('',(-3.85494105772624E-16,0.,-1.));
#11978=DIRECTION('',(0.,1.,0.));
#11979=DIRECTION('',(0.,1.,0.));
#11980=DIRECTION('',(-1.0842021724855E-16,0.,-1.));
#11981=DIRECTION('',(-1.,0.,1.0842021724855E-16));
#11982=DIRECTION('',(-1.0842021724855E-16,0.,-1.));
#11983=DIRECTION('',(-1.,0.,1.0842021724855E-16));
#11984=DIRECTION('',(0.,1.,0.));
#11985=DIRECTION('',(1.,0.,-3.85494105772624E-16));
#11986=DIRECTION('',(-3.85494105772624E-16,0.,-1.));
#11987=DIRECTION('',(0.,1.,0.));
#11988=DIRECTION('',(0.,0.,1.));
#11989=DIRECTION('',(1.,0.,0.));
#11990=DIRECTION('',(0.,1.,0.));
#11991=DIRECTION('',(-1.,0.,2.89120579329468E-16));
#11992=DIRECTION('',(2.89120579329468E-16,0.,1.));
#11993=DIRECTION('',(0.,1.,0.));
#11994=DIRECTION('',(0.,1.,0.));
#11995=DIRECTION('',(0.,0.,1.));
#11996=DIRECTION('',(1.,0.,0.));
#11997=DIRECTION('',(0.,0.,1.));
#11998=DIRECTION('',(1.,0.,0.));
#11999=DIRECTION('',(0.,1.,0.));
#12000=DIRECTION('',(-1.,0.,2.89120579329468E-16));
#12001=DIRECTION('',(2.89120579329468E-16,0.,1.));
#12002=DIRECTION('',(0.,1.,0.));
#12003=DIRECTION('',(0.,0.,1.));
#12004=DIRECTION('',(1.,0.,0.));
#12005=DIRECTION('',(0.,1.,0.));
#12006=DIRECTION('',(0.,-1.,0.));
#12007=DIRECTION('',(0.,0.,-1.));
#12008=DIRECTION('',(0.,-1.,0.));
#12009=DIRECTION('',(0.,0.,-1.));
#12010=DIRECTION('',(0.,-1.,0.));
#12011=DIRECTION('',(0.,0.,-1.));
#12012=DIRECTION('',(0.,-1.,0.));
#12013=DIRECTION('',(0.,0.,-1.));
#12014=DIRECTION('',(0.,-1.,0.));
#12015=DIRECTION('',(0.,0.,-1.));
#12016=DIRECTION('',(0.,-1.,0.));
#12017=DIRECTION('',(0.,0.,-1.));
#12018=DIRECTION('',(0.,1.,0.));
#12019=DIRECTION('',(0.,0.,1.));
#12020=DIRECTION('',(0.,-1.,0.));
#12021=DIRECTION('',(0.,0.,-1.));
#12022=DIRECTION('',(0.,0.,1.));
#12023=DIRECTION('',(1.,0.,0.));
#12024=DIRECTION('',(0.955402640982902,-5.39061105342883E-17,-0.29530627084926));
#12025=DIRECTION('',(-2.03291352304144E-18,-1.,1.75965987569596E-16));
#12026=DIRECTION('',(0.,0.,1.));
#12027=DIRECTION('',(1.,0.,0.));
#12028=DIRECTION('',(0.,0.,1.));
#12029=DIRECTION('',(1.,0.,0.));
#12030=DIRECTION('',(0.,0.,1.));
#12031=DIRECTION('',(-6.30808536718839E-17,-1.,0.));
#12032=DIRECTION('',(-1.,0.,0.));
#12033=DIRECTION('',(0.,-1.,0.));
#12034=DIRECTION('',(0.286651870708476,0.958034814095673,0.));
#12035=DIRECTION('',(1.,0.,0.));
#12036=DIRECTION('',(6.30808536718839E-17,1.,0.));
#12037=DIRECTION('',(0.,-1.,0.));
#12038=DIRECTION('',(1.,0.,0.));
#12039=DIRECTION('',(0.970142500145332,0.,0.242535625036333));
#12040=DIRECTION('',(0.0372344361319113,0.,0.999306557952032));
#12041=DIRECTION('',(0.970142500145332,0.,0.242535625036333));
#12042=DIRECTION('',(0.970142500145332,0.,0.242535625036333));
#12043=DIRECTION('',(-0.242535625036333,0.,0.970142500145332));
#12044=DIRECTION('',(0.,0.,1.));
#12045=DIRECTION('',(1.,0.,0.));
#12046=DIRECTION('',(0.,-1.,0.));
#12047=DIRECTION('',(-1.,0.,0.));
#12048=DIRECTION('',(3.15404268359419E-17,1.,0.));
#12049=DIRECTION('',(0.20178920258881,0.979428975331327,0.));
#12050=DIRECTION('',(0.242535625036333,-7.64967713656791E-18,-0.970142500145332));
#12051=DIRECTION('',(-0.970142500145332,0.,-0.242535625036333));
#12052=DIRECTION('',(-0.970142500145332,0.,-0.242535625036333));
#12053=DIRECTION('',(-0.203344985749886,-0.977786527222853,-0.0508362464374713));
#12054=DIRECTION('',(-0.970142500145332,0.,-0.242535625036333));
#12055=DIRECTION('',(3.85185988877447E-34,-1.,7.88510670898548E-18));
#12056=DIRECTION('',(0.242535625036333,0.,-0.970142500145332));
#12057=DIRECTION('',(-0.970142500145332,0.,-0.242535625036333));
#12058=DIRECTION('',(-0.242535625036333,0.,0.970142500145332));
#12059=DIRECTION('',(0.970142500145332,0.,0.242535625036333));
#12060=DIRECTION('',(-0.242535625036333,0.,0.970142500145332));
#12061=DIRECTION('',(0.970142500145332,0.,0.242535625036333));
#12062=DIRECTION('',(-0.203344985749886,-0.977786527222853,-0.0508362464374714));
#12063=DIRECTION('',(0.970142500145332,0.,0.242535625036333));
#12064=DIRECTION('',(0.,-1.,0.));
#12065=DIRECTION('',(1.,0.,0.));
#12066=DIRECTION('',(0.0372344361319113,0.,0.999306557952032));
#12067=DIRECTION('',(0.,-1.,0.));
#12068=DIRECTION('',(1.,0.,0.));
#12069=DIRECTION('',(0.0540330711054615,0.,0.99853914656708));
#12070=DIRECTION('',(1.,0.,0.));
#12071=DIRECTION('',(0.,0.,-1.));
#12072=DIRECTION('',(-1.,0.,2.16840434497101E-17));
#12073=DIRECTION('',(0.,0.,-1.));
#12074=DIRECTION('',(1.,0.,0.));
#12075=DIRECTION('',(0.,0.,1.));
#12076=DIRECTION('',(1.,0.,0.));
#12077=DIRECTION('',(0.,0.,1.));
#12078=DIRECTION('',(1.,0.,0.));
#12079=DIRECTION('',(0.,0.,-1.));
#12080=DIRECTION('',(-1.,0.,0.));
#12081=DIRECTION('',(-1.86281716598319E-17,-0.29530627084926,-0.955402640982901));
#12082=DIRECTION('',(0.,0.955402640982902,-0.29530627084926));
#12083=DIRECTION('',(1.,-6.30808536718839E-17,0.));
#12084=DIRECTION('',(0.,0.955402640982902,-0.29530627084926));
#12085=DIRECTION('',(1.,-6.30808536718839E-17,0.));
#12086=DIRECTION('',(6.02676141935739E-17,0.955402640982902,-0.29530627084926));
#12087=DIRECTION('',(3.86836590547043E-17,0.61323930801441,-0.789897177552881));
#12088=DIRECTION('',(0.,0.789897177552881,0.61323930801441));
#12089=DIRECTION('',(1.,-6.30808536718839E-17,0.));
#12090=DIRECTION('',(0.,0.789897177552881,0.61323930801441));
#12091=DIRECTION('',(4.98273882730474E-17,0.789897177552881,0.61323930801441));
#12092=DIRECTION('',(-1.86281716598319E-17,-0.29530627084926,-0.955402640982902));
#12093=DIRECTION('',(0.,0.955402640982902,-0.29530627084926));
#12094=DIRECTION('',(-1.86281716598319E-17,-0.29530627084926,-0.955402640982902));
#12095=DIRECTION('',(0.,0.955402640982902,-0.29530627084926));
#12096=DIRECTION('',(1.,-6.30808536718839E-17,0.));
#12097=DIRECTION('',(0.,0.955402640982902,-0.29530627084926));
#12098=DIRECTION('',(6.02676141935739E-17,0.955402640982902,-0.29530627084926));
#12099=DIRECTION('',(-6.02676141935738E-17,-0.955402640982901,0.29530627084926));
#12100=DIRECTION('',(0.,-0.295306270849261,-0.955402640982902));
#12101=DIRECTION('',(-1.,6.97831943745216E-17,2.16840434497101E-17));
#12102=DIRECTION('',(0.,-0.295306270849261,-0.955402640982902));
#12103=DIRECTION('',(-1.86281716598319E-17,-0.295306270849261,-0.955402640982902));
#12104=DIRECTION('',(-6.02676141935738E-17,-0.955402640982901,0.29530627084926));
#12105=DIRECTION('',(0.,-0.295306270849261,-0.955402640982902));
#12106=DIRECTION('',(1.,-6.30808536718839E-17,0.));
#12107=DIRECTION('',(-1.86281716598319E-17,-0.295306270849261,-0.955402640982902));
#12108=DIRECTION('',(1.,-6.30808536718839E-17,0.));
#12109=DIRECTION('',(6.30808536718839E-17,1.,0.));
#12110=DIRECTION('',(-6.30808536718839E-17,-1.,1.36784797186593E-33));
#12111=DIRECTION('',(6.02676141935739E-17,0.955402640982902,-0.29530627084926));
#12112=DIRECTION('',(1.86281716598319E-17,0.29530627084926,0.955402640982902));
#12113=DIRECTION('',(-0.390804848691558,-0.918391394425161,-0.0618774343761635));
#12114=DIRECTION('',(-0.289494981497615,-0.936893841953825,-0.196016796720835));
#12115=DIRECTION('',(1.3010426069826E-16,0.,-1.));
#12116=DIRECTION('',(-0.955428643481612,0.295222131986895,-1.24305337310117E-16));
#12117=DIRECTION('',(-0.295222131986895,-0.955428643481612,0.));
#12118=DIRECTION('',(-0.295222131986895,-0.955428643481612,0.));
#12119=DIRECTION('',(-0.29091127823206,-0.941477409109346,-0.170267191009137));
#12120=DIRECTION('',(1.3010426069826E-16,0.,-1.));
#12121=DIRECTION('',(-2.0716992379041E-17,-0.29530627084926,-0.955402640982902));
#12122=DIRECTION('',(0.,0.955402640982902,-0.29530627084926));
#12123=DIRECTION('',(-6.02676141935739E-17,-0.955402640982902,0.295306270849261));
#12124=DIRECTION('',(1.,-6.30808536718839E-17,0.));
#12125=DIRECTION('',(6.02676141935739E-17,0.955402640982902,-0.29530627084926));
#12126=DIRECTION('',(-1.,0.,2.16840434497101E-17));
#12127=DIRECTION('',(0.25214535831143,0.924532980475244,-0.28576473941962));
#12128=DIRECTION('',(-1.,-6.85231234004385E-16,2.31296463463574E-16));
#12129=DIRECTION('',(1.,-6.30808536718839E-17,0.));
#12130=DIRECTION('',(6.30808536718839E-17,1.,0.));
#12131=DIRECTION('',(0.,-1.,0.));
#12132=DIRECTION('',(6.02676141935739E-17,0.955402640982902,-0.29530627084926));
#12133=DIRECTION('',(1.86281716598319E-17,0.29530627084926,0.955402640982902));
#12134=DIRECTION('',(-6.30808536718839E-17,-1.,1.459037836657E-32));
#12135=DIRECTION('',(0.,0.,-1.));
#12136=DIRECTION('',(6.30808536718839E-17,1.,0.));
#12137=DIRECTION('',(0.,-1.,0.));
#12138=DIRECTION('',(0.,0.,-1.));
#12139=DIRECTION('',(0.,-1.,0.));
#12140=DIRECTION('',(1.,0.,0.));
#12141=DIRECTION('',(0.,1.,0.));
#12142=DIRECTION('',(0.,0.,1.));
#12143=DIRECTION('',(0.,1.,0.));
#12144=DIRECTION('',(0.,0.,1.));
#12145=DIRECTION('',(0.,0.,-1.));
#12146=DIRECTION('',(1.3010426069826E-16,0.,-1.));
#12147=DIRECTION('',(-1.,0.,0.));
#12148=DIRECTION('',(1.3010426069826E-16,0.,-1.));
#12149=DIRECTION('',(0.,0.,-1.));
#12150=DIRECTION('',(0.,-1.,0.));
#12151=DIRECTION('',(0.,0.,-1.));
#12152=DIRECTION('',(0.,-1.,0.));
#12153=DIRECTION('',(0.,0.,-1.));
#12154=DIRECTION('',(-1.,0.,2.31296463463574E-16));
#12155=DIRECTION('',(0.,0.,-1.));
#12156=DIRECTION('',(0.,-1.,0.));
#12157=DIRECTION('',(0.,0.,-1.));
#12158=DIRECTION('',(0.,-1.,0.));
#12159=DIRECTION('',(0.,0.,1.));
#12160=DIRECTION('',(0.,-1.,0.));
#12161=DIRECTION('',(0.,0.,1.));
#12162=DIRECTION('',(0.970142500145332,0.,0.242535625036333));
#12163=DIRECTION('',(-1.,0.,2.31296463463574E-16));
#12164=DIRECTION('',(2.31296463463574E-16,0.,1.));
#12165=DIRECTION('',(1.,0.,-2.31296463463574E-16));
#12166=DIRECTION('',(-6.30808536718839E-17,-1.,1.459037836657E-32));
#12167=DIRECTION('',(-1.,0.,2.31296463463574E-16));
#12168=DIRECTION('',(0.,-1.,0.));
#12169=DIRECTION('',(-1.,0.,0.));
#12170=DIRECTION('',(0.,0.,1.));
#12171=DIRECTION('',(0.,1.,-7.88510670898549E-18));
#12172=DIRECTION('',(0.,1.,0.));
#12173=DIRECTION('',(0.,0.,1.));
#12174=DIRECTION('',(0.,1.,0.));
#12175=DIRECTION('',(0.,0.,1.));
#12176=DIRECTION('',(0.,1.,0.));
#12177=DIRECTION('',(-1.,0.,0.));
#12178=DIRECTION('',(0.,1.,0.));
#12179=DIRECTION('',(0.,0.,1.));
#12180=DIRECTION('',(0.,-1.,0.));
#12181=DIRECTION('',(0.,0.,1.));
#12182=DIRECTION('',(0.,1.,0.));
#12183=DIRECTION('',(-1.,0.,0.));
#12184=DIRECTION('',(0.,1.,0.));
#12185=DIRECTION('',(0.,0.,1.));
#12186=DIRECTION('',(0.,1.,0.));
#12187=DIRECTION('',(0.,0.,1.));
#12188=DIRECTION('',(0.,1.,0.));
#12189=DIRECTION('',(-1.,0.,0.));
#12190=DIRECTION('',(0.,1.,0.));
#12191=DIRECTION('',(0.,0.,1.));
#12192=DIRECTION('',(6.02676141935739E-17,0.955402640982902,-0.29530627084926));
#12193=DIRECTION('',(-1.94983457685092E-16,0.29530627084926,0.955402640982902));
#12194=DIRECTION('',(2.16840434497101E-17,0.,1.));
#12195=DIRECTION('',(1.,0.,-2.16840434497101E-17));
#12196=DIRECTION('',(2.16840434497101E-17,0.,1.));
#12197=DIRECTION('',(6.97831943745216E-17,1.,-1.51318181887669E-33));
#12198=DIRECTION('',(0.,-1.,0.));
#12199=DIRECTION('',(0.,-1.,0.));
#12200=DIRECTION('',(-1.,0.,2.16840434497101E-17));
#12201=DIRECTION('',(0.,-1.,0.));
#12202=DIRECTION('',(-0.242535625036333,0.,0.970142500145332));
#12203=DIRECTION('',(0.970142500145332,0.,0.242535625036333));
#12204=DIRECTION('',(0.970142500145332,0.,0.242535625036333));
#12205=DIRECTION('',(0.,0.,-1.));
#12206=DIRECTION('',(-1.,0.,0.));
#12207=DIRECTION('',(0.,0.,1.));
#12208=DIRECTION('',(1.,0.,0.));
#12209=DIRECTION('',(1.,0.,0.));
#12210=DIRECTION('',(-0.286651870708476,-0.958034814095673,0.));
#12211=DIRECTION('',(0.,-1.,0.));
#12212=DIRECTION('',(1.,0.,0.));
#12213=DIRECTION('',(0.0540330711054615,0.,0.99853914656708));
#12214=DIRECTION('',(0.,-1.,0.));
#12215=DIRECTION('',(0.,0.,-1.));
#12216=DIRECTION('',(-0.242535625036333,0.,0.970142500145332));
#12217=DIRECTION('',(0.970142500145332,0.,0.242535625036333));
#12218=DIRECTION('',(-0.242535625036333,0.,0.970142500145332));
#12219=DIRECTION('',(0.970142500145332,0.,0.242535625036333));
#12220=DIRECTION('',(-0.242535625036333,0.,0.970142500145332));
#12221=DIRECTION('',(0.970142500145332,0.,0.242535625036333));
#12222=DIRECTION('',(-0.242535625036333,0.,0.970142500145332));
#12223=DIRECTION('',(0.970142500145332,0.,0.242535625036333));
#12224=DIRECTION('',(2.16840434497101E-17,0.,1.));
#12225=DIRECTION('',(1.,0.,-2.16840434497101E-17));
#12226=DIRECTION('',(2.16840434497101E-17,0.,1.));
#12227=DIRECTION('',(1.,0.,-2.16840434497101E-17));
#12228=DIRECTION('',(0.,0.,1.));
#12229=DIRECTION('',(1.,0.,0.));
#12230=DIRECTION('',(-1.86281716598319E-17,-0.29530627084926,-0.955402640982902));
#12231=DIRECTION('',(0.,0.955402640982902,-0.29530627084926));
#12232=DIRECTION('',(6.02676141935739E-17,0.955402640982902,-0.29530627084926));
#12233=DIRECTION('',(1.,-6.30808536718839E-17,0.));
#12234=DIRECTION('',(-6.02676141935739E-17,-0.955402640982902,0.295306270849261));
#12235=DIRECTION('',(1.,-6.30808536718839E-17,-3.88522015874973E-33));
#12236=DIRECTION('',(-6.02676141935738E-17,-0.955402640982901,0.295306270849261));
#12237=DIRECTION('',(0.,-0.295306270849261,-0.955402640982902));
#12238=DIRECTION('',(6.69104929169316E-33,0.295306270849261,0.955402640982902));
#12239=DIRECTION('',(-6.02676141935738E-17,-0.955402640982901,0.295306270849261));
#12240=DIRECTION('',(0.,-0.295306270849261,-0.955402640982902));
#12241=DIRECTION('',(6.02676141935739E-17,0.955402640982902,-0.29530627084926));
#12242=DIRECTION('',(0.,0.29530627084926,0.955402640982902));
#12243=DIRECTION('',(0.,-0.29530627084926,-0.955402640982902));
#12244=DIRECTION('',(1.,-6.30808536718839E-17,0.));
#12245=DIRECTION('',(-4.31408307542741E-32,0.29530627084926,0.955402640982902));
#12246=DIRECTION('',(6.02676141935739E-17,0.955402640982902,-0.29530627084926));
#12247=DIRECTION('',(1.86281716598319E-17,0.29530627084926,0.955402640982902));
#12248=DIRECTION('',(-1.86281716598319E-17,-0.29530627084926,-0.955402640982902));
#12249=DIRECTION('',(0.,0.955402640982902,-0.29530627084926));
#12250=DIRECTION('',(6.02676141935739E-17,0.955402640982902,-0.29530627084926));
#12251=DIRECTION('',(0.,0.29530627084926,0.955402640982902));
#12252=DIRECTION('',(0.,1.,-7.88510670898549E-18));
#12253=DIRECTION('',(0.,7.88510670898549E-18,1.));
#12254=DIRECTION('',(6.30808536718839E-17,1.,0.));
#12255=DIRECTION('',(-1.,6.30808536718839E-17,0.));
#12256=DIRECTION('',(6.30808536718839E-17,1.,-1.459037836657E-32));
#12257=DIRECTION('',(-1.,6.30808536718839E-17,0.));
#12258=DIRECTION('',(-0.52514383655484,-0.842554906925714,0.119687842924269));
#12259=DIRECTION('',(-0.204926207831424,-0.963153176807693,-0.17418727665671));
#12260=DIRECTION('',(-0.622718026836034,-0.782317529551268,-0.0141965492369709));
#12261=DIRECTION('',(-0.622718026836034,-0.782317529551268,-0.0141965492369709));
#12262=DIRECTION('',(-0.390804848691558,-0.918391394425161,-0.0618774343761635));
#12263=DIRECTION('',(1.,-5.75798377662791E-17,1.77974044004862E-17));
#12264=DIRECTION('',(5.75798377662791E-17,1.,0.));
#12265=DIRECTION('',(-1.,0.,0.));
#12266=DIRECTION('',(0.,0.,1.));
#12267=DIRECTION('',(0.,0.,-1.));
#12268=DIRECTION('',(-1.,0.,0.));
#12269=DIRECTION('',(0.,-1.,0.));
#12270=DIRECTION('',(-1.,0.,0.));
#12271=DIRECTION('',(0.,0.,1.));
#12272=DIRECTION('',(6.02676141935739E-17,0.955402640982902,-0.29530627084926));
#12273=DIRECTION('',(0.,0.29530627084926,0.955402640982902));
#12274=DIRECTION('',(1.,-6.30808536718839E-17,0.));
#12275=DIRECTION('',(0.,-0.29530627084926,-0.955402640982902));
#12276=DIRECTION('',(-1.,6.97831943745216E-17,2.16840434497101E-17));
#12277=DIRECTION('',(-1.,0.,0.));
#12278=DIRECTION('',(0.,0.,1.));
#12279=DIRECTION('',(0.,-1.,0.));
#12280=DIRECTION('',(0.,-1.,0.));
#12281=DIRECTION('',(0.,0.,-1.));
#12282=DIRECTION('',(-1.,0.,0.));
#12283=DIRECTION('',(2.16840434497101E-17,0.,1.));
#12284=DIRECTION('',(1.,0.,-2.16840434497101E-17));
#12285=DIRECTION('',(0.978777425845035,-0.201654965543963,-0.0364695150451848));
#12286=DIRECTION('',(0.20178920258881,0.979428975331327,0.));
#12287=DIRECTION('',(0.,0.177964133680673,-0.984036974469602));
#12288=DIRECTION('',(0.956750034333623,-0.286267454070561,-0.0517717736085057));
#12289=DIRECTION('',(0.286651870708476,0.958034814095673,0.));
#12290=DIRECTION('',(0.,0.177964133680673,-0.984036974469602));
#12291=DIRECTION('',(-1.,0.,0.));
#12292=DIRECTION('',(0.,0.,1.));
#12293=DIRECTION('',(-1.,0.,0.));
#12294=DIRECTION('',(0.,0.,1.));
#12295=DIRECTION('',(1.,0.,0.));
#12296=DIRECTION('',(0.,-1.,0.));
#12297=DIRECTION('',(0.970481164305957,0.241152664114106,-0.0034208650986977));
#12298=DIRECTION('',(-0.089600953400654,0.373681322195667,0.923219333956884));
#12299=DIRECTION('',(0.970142500145332,0.242535625036333,0.));
#12300=DIRECTION('',(0.0931963010785133,-0.372785204314053,-0.923225671712942));
#12301=DIRECTION('',(0.223915115338487,-0.895660461353947,0.384258193263576));
#12302=DIRECTION('',(0.0931963010785134,-0.372785204314054,-0.923225671712942));
#12303=DIRECTION('',(-0.0963669173201867,0.371990434274158,0.923220739614707));
#12304=DIRECTION('',(-0.223915115338485,0.895660461353946,-0.384258193263578));
#12305=DIRECTION('',(-0.970481164305957,-0.241152664114105,0.00342086509869871));
#12306=DIRECTION('',(-0.0896009534006529,0.373681322195667,0.923219333956884));
#12307=DIRECTION('',(-0.089600953400655,0.373681322195669,0.923219333956883));
#12308=DIRECTION('',(-0.970481164305957,-0.241152664114104,0.0034208650986965));
#12309=DIRECTION('',(0.,0.,1.));
#12310=DIRECTION('',(1.,0.,0.));
#12311=DIRECTION('',(0.,-0.974317463293974,-0.225178775021972));
#12312=DIRECTION('',(0.,0.225178775021972,-0.974317463293974));
#12313=DIRECTION('',(-0.998342038311015,0.0129613312515479,-0.0560818904210169));
#12314=DIRECTION('',(-0.0575601819056134,-0.224805437239813,0.972702082266924));
#12315=DIRECTION('',(-0.0645212269582594,-0.224709577845933,0.972287311907393));
#12316=DIRECTION('',(3.19189119579728E-16,0.974317463293975,0.225178775021968));
#12317=DIRECTION('',(-0.0575601819056157,-0.224805437239812,0.972702082266924));
#12318=DIRECTION('',(-0.998342038311015,0.0129613312515479,-0.0560818904210193));
#12319=DIRECTION('',(0.998342038311015,-0.0129613312515481,0.056081890421017));
#12320=DIRECTION('',(-0.0575601819056135,-0.224805437239813,0.972702082266924));
#12321=DIRECTION('',(1.,0.,0.));
#12322=DIRECTION('',(0.,0.225178775021972,-0.974317463293974));
#12323=DIRECTION('',(0.,0.,1.));
#12324=DIRECTION('',(1.,0.,0.));
#12325=CARTESIAN_POINT('',(0.,0.,0.));
#12326=CARTESIAN_POINT('',(-0.01275,-0.01,0.024));
#12327=CARTESIAN_POINT('',(-1.83697019872103E-19,0.,0.024));
#12328=CARTESIAN_POINT('',(-0.003,0.,0.024));
#12329=CARTESIAN_POINT('',(-0.005,-0.005,0.024));
#12330=CARTESIAN_POINT('',(-0.0065,-0.005,0.024));
#12331=CARTESIAN_POINT('',(-0.015,-0.005,0.024));
#12332=CARTESIAN_POINT('',(-0.0165,-0.005,0.024));
#12333=CARTESIAN_POINT('',(-0.01275,0.01,0.024));
#12334=CARTESIAN_POINT('',(0.0255,0.01,0.024));
#12335=CARTESIAN_POINT('',(-0.0255,0.01,0.024));
#12336=CARTESIAN_POINT('',(0.0255,-0.01,0.024));
#12337=CARTESIAN_POINT('',(0.0255,-0.01,0.024));
#12338=CARTESIAN_POINT('',(-0.01275,-0.01,0.024));
#12339=CARTESIAN_POINT('',(-0.0255,-0.01,0.024));
#12340=CARTESIAN_POINT('',(-0.0255,-0.01,0.024));
#12341=CARTESIAN_POINT('',(-0.015,0.005,0.024));
#12342=CARTESIAN_POINT('',(-0.0165,0.005,0.024));
#12343=CARTESIAN_POINT('',(-0.005,0.005,0.024));
#12344=CARTESIAN_POINT('',(-0.0065,0.005,0.024));
#12345=CARTESIAN_POINT('',(0.005,-0.005,0.024));
#12346=CARTESIAN_POINT('',(0.0065,-0.005,0.024));
#12347=CARTESIAN_POINT('',(0.015,-0.005,0.024));
#12348=CARTESIAN_POINT('',(0.0165,-0.005,0.024));
#12349=CARTESIAN_POINT('',(0.015,0.005,0.024));
#12350=CARTESIAN_POINT('',(0.0165,0.005,0.024));
#12351=CARTESIAN_POINT('',(0.005,0.005,0.024));
#12352=CARTESIAN_POINT('',(0.0065,0.005,0.024));
#12353=CARTESIAN_POINT('',(-0.01375,-0.01,0.026));
#12354=CARTESIAN_POINT('',(-1.83697019872103E-19,0.,0.026));
#12355=CARTESIAN_POINT('',(0.003,0.,0.026));
#12356=CARTESIAN_POINT('',(-0.005,0.005,0.026));
#12357=CARTESIAN_POINT('',(-0.0035,0.005,0.026));
#12358=CARTESIAN_POINT('',(-0.015,0.005,0.026));
#12359=CARTESIAN_POINT('',(-0.0135,0.005,0.026));
#12360=CARTESIAN_POINT('',(-0.015,-0.005,0.026));
#12361=CARTESIAN_POINT('',(-0.0135,-0.005,0.026));
#12362=CARTESIAN_POINT('',(-0.005,-0.005,0.026));
#12363=CARTESIAN_POINT('',(-0.0035,-0.005,0.026));
#12364=CARTESIAN_POINT('',(-0.01375,-0.01,0.026));
#12365=CARTESIAN_POINT('',(-0.026,-0.01,0.026));
#12366=CARTESIAN_POINT('',(0.026,-0.01,0.026));
#12367=CARTESIAN_POINT('',(0.026,-0.01,0.026));
#12368=CARTESIAN_POINT('',(0.026,0.01,0.026));
#12369=CARTESIAN_POINT('',(-0.01375,0.01,0.026));
#12370=CARTESIAN_POINT('',(-0.026,0.01,0.026));
#12371=CARTESIAN_POINT('',(-0.026,-0.01,0.026));
#12372=CARTESIAN_POINT('',(0.005,0.005,0.026));
#12373=CARTESIAN_POINT('',(0.0035,0.005,0.026));
#12374=CARTESIAN_POINT('',(0.015,0.005,0.026));
#12375=CARTESIAN_POINT('',(0.0135,0.005,0.026));
#12376=CARTESIAN_POINT('',(0.015,-0.005,0.026));
#12377=CARTESIAN_POINT('',(0.0135,-0.005,0.026));
#12378=CARTESIAN_POINT('',(0.005,-0.005,0.026));
#12379=CARTESIAN_POINT('',(0.0035,-0.005,0.026));
#12380=CARTESIAN_POINT('',(-0.0275,-0.01,0.008));
#12381=CARTESIAN_POINT('',(-0.0275,-4.33680868994202E-19,-0.007));
#12382=CARTESIAN_POINT('',(-0.0275,-4.33680868994202E-19,-0.0055));
#12383=CARTESIAN_POINT('',(-0.0275,-0.007,-9.18485099360523E-20));
#12384=CARTESIAN_POINT('',(-0.0275,-0.007,0.0015));
#12385=CARTESIAN_POINT('',(-0.0275,-0.00494974746830583,0.00494974746830583));
#12386=CARTESIAN_POINT('',(-0.0275,-0.00494974746830583,0.00644974746830583));
#12387=CARTESIAN_POINT('',(-0.0275,3.41832359058151E-19,0.007));
#12388=CARTESIAN_POINT('',(-0.0275,3.41832359058151E-19,0.0085));
#12389=CARTESIAN_POINT('',(-0.0275,0.00494974746830583,0.00494974746830583));
#12390=CARTESIAN_POINT('',(-0.0275,0.00494974746830583,0.00644974746830583));
#12391=CARTESIAN_POINT('',(-0.0275,0.007,9.18485099360515E-20));
#12392=CARTESIAN_POINT('',(-0.0275,0.007,0.0015));
#12393=CARTESIAN_POINT('',(-0.0275,0.,2.4492935982947E-19));
#12394=CARTESIAN_POINT('',(-0.0275,0.,0.004));
#12395=CARTESIAN_POINT('',(-0.0275,-2.16840434497098E-19,0.000197593951667926));
#12396=CARTESIAN_POINT('',(-0.0275,0.01,-0.00180013536009937));
#12397=CARTESIAN_POINT('',(-0.0275,-0.01,-0.00180013536009938));
#12398=CARTESIAN_POINT('',(-0.0275,-0.01,0.008));
#12399=CARTESIAN_POINT('',(-0.0275,-0.01,0.0245));
#12400=CARTESIAN_POINT('',(-0.0275,-0.01,0.0245));
#12401=CARTESIAN_POINT('',(-0.0275,0.01,0.0245));
#12402=CARTESIAN_POINT('',(-0.0275,0.01,0.008));
#12403=CARTESIAN_POINT('',(-0.0255,-0.01,0.007));
#12404=CARTESIAN_POINT('',(-0.0255,-4.33680868994202E-19,-0.007));
#12405=CARTESIAN_POINT('',(-0.0255,-4.33680868994202E-19,-0.0085));
#12406=CARTESIAN_POINT('',(-0.0255,-0.007,-9.18485099360523E-20));
#12407=CARTESIAN_POINT('',(-0.0255,-0.007,-0.0015));
#12408=CARTESIAN_POINT('',(-0.0255,-0.00494974746830583,0.00494974746830583));
#12409=CARTESIAN_POINT('',(-0.0255,-0.00494974746830583,0.00344974746830583));
#12410=CARTESIAN_POINT('',(-0.0255,3.41832359058151E-19,0.007));
#12411=CARTESIAN_POINT('',(-0.0255,3.41832359058151E-19,0.0055));
#12412=CARTESIAN_POINT('',(-0.0255,0.00494974746830583,0.00494974746830583));
#12413=CARTESIAN_POINT('',(-0.0255,0.00494974746830583,0.00344974746830583));
#12414=CARTESIAN_POINT('',(-0.0255,0.007,9.18485099360515E-20));
#12415=CARTESIAN_POINT('',(-0.0255,0.007,-0.0015));
#12416=CARTESIAN_POINT('',(-0.0255,-0.01,0.007));
#12417=CARTESIAN_POINT('',(-0.0255,-0.01,-0.00180013536009939));
#12418=CARTESIAN_POINT('',(-0.0255,-2.16840434497098E-19,0.000197593951667926));
#12419=CARTESIAN_POINT('',(-0.0255,0.01,-0.00180013536009938));
#12420=CARTESIAN_POINT('',(-0.0255,0.01,0.007));
#12421=CARTESIAN_POINT('',(-0.0255,0.,2.4492935982947E-19));
#12422=CARTESIAN_POINT('',(-0.0255,0.,-0.004));
#12423=CARTESIAN_POINT('',(-0.01375,-0.01,0.008));
#12424=CARTESIAN_POINT('',(1.99999999999853E-6,-0.01,-0.00180013536009938));
#12425=CARTESIAN_POINT('',(0.0255,-0.01,0.007));
#12426=CARTESIAN_POINT('',(0.0255,-0.01,-0.00180013536009939));
#12427=CARTESIAN_POINT('',(-1.99999999999853E-6,-0.01,-0.00180013536009938));
#12428=CARTESIAN_POINT('',(0.0275,-0.01,-0.00180013536009938));
#12429=CARTESIAN_POINT('',(0.0275,-0.01,0.008));
#12430=CARTESIAN_POINT('',(0.0275,-0.01,0.0245));
#12431=CARTESIAN_POINT('',(0.026,-0.01,0.0245));
#12432=CARTESIAN_POINT('',(-0.026,-0.01,0.0245));
#12433=CARTESIAN_POINT('',(-0.01375,0.01,0.008));
#12434=CARTESIAN_POINT('',(1.99999999999853E-6,0.01,-0.00180013536009938));
#12435=CARTESIAN_POINT('',(-0.026,0.01,0.0245));
#12436=CARTESIAN_POINT('',(0.026,0.01,0.0245));
#12437=CARTESIAN_POINT('',(0.0275,0.01,0.0245));
#12438=CARTESIAN_POINT('',(0.0275,0.01,0.008));
#12439=CARTESIAN_POINT('',(0.0275,0.01,-0.00180013536009937));
#12440=CARTESIAN_POINT('',(-1.99999999999853E-6,0.01,-0.00180013536009938));
#12441=CARTESIAN_POINT('',(0.0255,0.01,-0.00180013536009938));
#12442=CARTESIAN_POINT('',(0.0255,0.01,0.007));
#12443=CARTESIAN_POINT('',(-0.026,-0.01,0.0245));
#12444=CARTESIAN_POINT('',(1.99999999999853E-6,0.,2.4492935982947E-19));
#12445=CARTESIAN_POINT('',(1.99999999999853E-6,-2.16840434497098E-19,0.000197593951667926));
#12446=CARTESIAN_POINT('',(-0.015,-0.005,-0.010002));
#12447=CARTESIAN_POINT('',(-0.005,-0.005,-0.010002));
#12448=CARTESIAN_POINT('',(-0.015,0.005,-0.010002));
#12449=CARTESIAN_POINT('',(-0.005,0.005,-0.010002));
#12450=CARTESIAN_POINT('',(-1.83697019872103E-19,0.,-0.010002));
#12451=CARTESIAN_POINT('',(1.99999999999853E-6,0.007,9.18485099360515E-20));
#12452=CARTESIAN_POINT('',(1.99999999999853E-6,0.00494974746830583,0.00494974746830583));
#12453=CARTESIAN_POINT('',(1.99999999999853E-6,3.41832359058151E-19,0.007));
#12454=CARTESIAN_POINT('',(1.99999999999853E-6,-0.00494974746830583,0.00494974746830583));
#12455=CARTESIAN_POINT('',(1.99999999999853E-6,-0.007,-9.18485099360523E-20));
#12456=CARTESIAN_POINT('',(1.99999999999853E-6,-4.33680868994202E-19,-0.007));
#12457=CARTESIAN_POINT('',(0.0275,-0.01,0.008));
#12458=CARTESIAN_POINT('',(0.0275,-4.33680868994202E-19,-0.007));
#12459=CARTESIAN_POINT('',(0.0275,-4.33680868994202E-19,-0.0055));
#12460=CARTESIAN_POINT('',(0.0275,-0.007,-9.18485099360523E-20));
#12461=CARTESIAN_POINT('',(0.0275,-0.007,0.0015));
#12462=CARTESIAN_POINT('',(0.0275,-0.00494974746830583,0.00494974746830583));
#12463=CARTESIAN_POINT('',(0.0275,-0.00494974746830583,0.00644974746830583));
#12464=CARTESIAN_POINT('',(0.0275,3.41832359058151E-19,0.007));
#12465=CARTESIAN_POINT('',(0.0275,3.41832359058151E-19,0.0085));
#12466=CARTESIAN_POINT('',(0.0275,0.00494974746830583,0.00494974746830583));
#12467=CARTESIAN_POINT('',(0.0275,0.00494974746830583,0.00644974746830583));
#12468=CARTESIAN_POINT('',(0.0275,0.007,9.18485099360515E-20));
#12469=CARTESIAN_POINT('',(0.0275,0.007,0.0015));
#12470=CARTESIAN_POINT('',(0.0275,0.,2.4492935982947E-19));
#12471=CARTESIAN_POINT('',(0.0275,0.,0.004));
#12472=CARTESIAN_POINT('',(0.0275,-2.16840434497098E-19,0.000197593951667926));
#12473=CARTESIAN_POINT('',(0.0275,-0.01,0.0245));
#12474=CARTESIAN_POINT('',(0.0255,-0.01,0.007));
#12475=CARTESIAN_POINT('',(0.0255,-4.33680868994202E-19,-0.007));
#12476=CARTESIAN_POINT('',(0.0255,-4.33680868994202E-19,-0.0085));
#12477=CARTESIAN_POINT('',(0.0255,-0.007,-9.18485099360523E-20));
#12478=CARTESIAN_POINT('',(0.0255,-0.007,-0.0015));
#12479=CARTESIAN_POINT('',(0.0255,-0.00494974746830583,0.00494974746830583));
#12480=CARTESIAN_POINT('',(0.0255,-0.00494974746830583,0.00344974746830583));
#12481=CARTESIAN_POINT('',(0.0255,3.41832359058151E-19,0.007));
#12482=CARTESIAN_POINT('',(0.0255,3.41832359058151E-19,0.0055));
#12483=CARTESIAN_POINT('',(0.0255,0.00494974746830583,0.00494974746830583));
#12484=CARTESIAN_POINT('',(0.0255,0.00494974746830583,0.00344974746830583));
#12485=CARTESIAN_POINT('',(0.0255,0.007,9.18485099360515E-20));
#12486=CARTESIAN_POINT('',(0.0255,0.007,-0.0015));
#12487=CARTESIAN_POINT('',(0.0255,-2.16840434497098E-19,0.000197593951667926));
#12488=CARTESIAN_POINT('',(0.0255,0.,2.4492935982947E-19));
#12489=CARTESIAN_POINT('',(0.0255,0.,-0.004));
#12490=CARTESIAN_POINT('',(0.026,-0.01,0.0245));
#12491=CARTESIAN_POINT('',(-1.99999999999853E-6,0.,2.4492935982947E-19));
#12492=CARTESIAN_POINT('',(-1.99999999999853E-6,-2.16840434497098E-19,0.000197593951667926));
#12493=CARTESIAN_POINT('',(0.015,-0.005,-0.010002));
#12494=CARTESIAN_POINT('',(0.005,-0.005,-0.010002));
#12495=CARTESIAN_POINT('',(0.015,0.005,-0.010002));
#12496=CARTESIAN_POINT('',(0.005,0.005,-0.010002));
#12497=CARTESIAN_POINT('',(-1.99999999999853E-6,0.007,9.18485099360515E-20));
#12498=CARTESIAN_POINT('',(-1.99999999999853E-6,0.00494974746830583,0.00494974746830583));
#12499=CARTESIAN_POINT('',(-1.99999999999853E-6,3.41832359058151E-19,0.007));
#12500=CARTESIAN_POINT('',(-1.99999999999853E-6,-0.00494974746830583,0.00494974746830583));
#12501=CARTESIAN_POINT('',(-1.99999999999853E-6,-0.007,-9.18485099360523E-20));
#12502=CARTESIAN_POINT('',(-1.99999999999853E-6,-4.33680868994202E-19,-0.007));
#12503=CARTESIAN_POINT('',(0.,-1.83697019872103E-19,-0.026));
#12504=CARTESIAN_POINT('',(-0.0005,0.0055,0.02));
#12505=CARTESIAN_POINT('',(-0.001,0.0055,0.02));
#12506=CARTESIAN_POINT('',(-0.001,0.0055,-0.0015));
#12507=CARTESIAN_POINT('',(-0.001,0.0055,-0.003));
#12508=CARTESIAN_POINT('',(3.59360358930567E-18,0.0055,-0.003));
#12509=CARTESIAN_POINT('',(0.001,0.0055,-0.003));
#12510=CARTESIAN_POINT('',(0.001,0.0055,0.02));
#12511=CARTESIAN_POINT('',(0.001,0.0055,-0.0015));
#12512=CARTESIAN_POINT('',(3.37676315480857E-18,0.0055,-0.0015));
#12513=CARTESIAN_POINT('',(-0.0005,0.0055,0.02));
#12514=CARTESIAN_POINT('',(-0.001,0.0055,0.02));
#12515=CARTESIAN_POINT('',(-0.001,0.0055,0.002));
#12516=CARTESIAN_POINT('',(-0.001,0.0055,0.0005));
#12517=CARTESIAN_POINT('',(3.15992272031146E-18,0.0055,0.0005));
#12518=CARTESIAN_POINT('',(0.001,0.0055,0.0005));
#12519=CARTESIAN_POINT('',(0.001,0.0055,0.02));
#12520=CARTESIAN_POINT('',(0.001,0.0055,0.002));
#12521=CARTESIAN_POINT('',(2.72624185131726E-18,0.0055,0.002));
#12522=CARTESIAN_POINT('',(-0.0005,0.0055,0.02));
#12523=CARTESIAN_POINT('',(-0.001,0.0055,0.02));
#12524=CARTESIAN_POINT('',(-0.001,0.0055,0.005));
#12525=CARTESIAN_POINT('',(-0.001,0.0055,0.004));
#12526=CARTESIAN_POINT('',(2.29256098232307E-18,0.0055,0.004));
#12527=CARTESIAN_POINT('',(0.001,0.0055,0.004));
#12528=CARTESIAN_POINT('',(0.001,0.0055,0.02));
#12529=CARTESIAN_POINT('',(0.001,0.0055,0.005));
#12530=CARTESIAN_POINT('',(-0.0005,0.0055,0.005));
#12531=CARTESIAN_POINT('',(-0.0045,-0.0045,0.0015));
#12532=CARTESIAN_POINT('',(-1.51788304147971E-18,-0.0045,0.0005));
#12533=CARTESIAN_POINT('',(-1.51788304147971E-18,-0.0045,0.));
#12534=CARTESIAN_POINT('',(-1.51788304147971E-18,-0.0045,0.0035));
#12535=CARTESIAN_POINT('',(-1.51788304147971E-18,-0.0045,0.003));
#12536=CARTESIAN_POINT('',(-1.51788304147971E-18,-0.0045,0.0065));
#12537=CARTESIAN_POINT('',(-1.51788304147971E-18,-0.0045,0.006));
#12538=CARTESIAN_POINT('',(-0.0045,-0.0045,0.0015));
#12539=CARTESIAN_POINT('',(-0.0045,-0.0045,0.009));
#12540=CARTESIAN_POINT('',(-0.0045,-0.0045,-0.001));
#12541=CARTESIAN_POINT('',(-0.0045,-0.0045,-0.001));
#12542=CARTESIAN_POINT('',(0.0045,-0.0045,-0.001));
#12543=CARTESIAN_POINT('',(0.0045,-0.0045,0.0015));
#12544=CARTESIAN_POINT('',(0.0045,-0.0045,0.009));
#12545=CARTESIAN_POINT('',(-0.0045,-0.0045,0.009));
#12546=CARTESIAN_POINT('',(0.001,-0.0045,0.009));
#12547=CARTESIAN_POINT('',(0.001,-0.0045,0.02));
#12548=CARTESIAN_POINT('',(0.001,-0.0045,0.008));
#12549=CARTESIAN_POINT('',(-0.001,-0.0045,0.008));
#12550=CARTESIAN_POINT('',(-0.001,-0.0045,0.008));
#12551=CARTESIAN_POINT('',(-0.001,-0.0045,0.02));
#12552=CARTESIAN_POINT('',(-0.001,-0.0045,0.009));
#12553=CARTESIAN_POINT('',(-0.0045,-0.0045,0.009));
#12554=CARTESIAN_POINT('',(-0.004,-0.0075,0.02));
#12555=CARTESIAN_POINT('',(-0.004,-0.0075,0.02));
#12556=CARTESIAN_POINT('',(-0.001,-0.0075,0.02));
#12557=CARTESIAN_POINT('',(-0.003,-0.0075,0.02));
#12558=CARTESIAN_POINT('',(-0.003,-0.0075,0.02));
#12559=CARTESIAN_POINT('',(-0.003,-0.0075,0.009));
#12560=CARTESIAN_POINT('',(-0.0045,-0.0075,0.009));
#12561=CARTESIAN_POINT('',(-0.001,-0.0075,0.009));
#12562=CARTESIAN_POINT('',(-0.001,-0.0075,0.02));
#12563=CARTESIAN_POINT('',(-0.001,-0.0065,0.02));
#12564=CARTESIAN_POINT('',(-0.001,-0.001,0.014));
#12565=CARTESIAN_POINT('',(-0.001,-0.001,0.0115));
#12566=CARTESIAN_POINT('',(-0.001,0.0035,0.02));
#12567=CARTESIAN_POINT('',(-0.001,0.0035,0.008));
#12568=CARTESIAN_POINT('',(-0.001,0.0035,-0.006));
#12569=CARTESIAN_POINT('',(-0.001,-0.0065,-0.006));
#12570=CARTESIAN_POINT('',(-0.001,0.0055,-0.006));
#12571=CARTESIAN_POINT('',(-0.001,0.0055,0.02));
#12572=CARTESIAN_POINT('',(-0.001,0.0055,-0.005));
#12573=CARTESIAN_POINT('',(-0.001,-0.007502,-0.005));
#12574=CARTESIAN_POINT('',(-0.001,0.0075,-0.005));
#12575=CARTESIAN_POINT('',(-0.001,0.0075,-0.004));
#12576=CARTESIAN_POINT('',(-0.001,0.0075,-0.003));
#12577=CARTESIAN_POINT('',(-0.001,-0.007502,-0.003));
#12578=CARTESIAN_POINT('',(-0.001,-0.007502,-0.0015));
#12579=CARTESIAN_POINT('',(-0.001,0.0075,-0.0015));
#12580=CARTESIAN_POINT('',(-0.001,0.0075,-0.0005));
#12581=CARTESIAN_POINT('',(-0.001,0.0075,0.0005));
#12582=CARTESIAN_POINT('',(-0.001,-0.007502,0.0005));
#12583=CARTESIAN_POINT('',(-0.001,-0.007502,0.002));
#12584=CARTESIAN_POINT('',(-0.001,0.0075,0.002));
#12585=CARTESIAN_POINT('',(-0.001,0.0075,0.003));
#12586=CARTESIAN_POINT('',(-0.001,0.0075,0.004));
#12587=CARTESIAN_POINT('',(-0.001,-0.007502,0.004));
#12588=CARTESIAN_POINT('',(-0.001,0.00550474603049468,0.005));
#12589=CARTESIAN_POINT('',(-0.001,0.0075,0.005));
#12590=CARTESIAN_POINT('',(-0.001,0.0075,0.02));
#12591=CARTESIAN_POINT('',(-0.001,0.0075,0.006));
#12592=CARTESIAN_POINT('',(-0.001,-0.00749932430149589,0.0058576254989315));
#12593=CARTESIAN_POINT('',(-0.001,-0.0025,0.02));
#12594=CARTESIAN_POINT('',(-0.001,-0.0065,0.02));
#12595=CARTESIAN_POINT('',(-0.001,-0.0065,0.009));
#12596=CARTESIAN_POINT('',(-0.001,-0.000999999999999988,0.008));
#12597=CARTESIAN_POINT('',(0.001,-0.0065,0.02));
#12598=CARTESIAN_POINT('',(0.001,-0.001,0.014));
#12599=CARTESIAN_POINT('',(0.001,-0.001,0.0115));
#12600=CARTESIAN_POINT('',(0.001,-0.0065,-0.006));
#12601=CARTESIAN_POINT('',(0.001,0.0035,-0.006));
#12602=CARTESIAN_POINT('',(0.001,0.0055,-0.006));
#12603=CARTESIAN_POINT('',(0.001,0.0035,0.02));
#12604=CARTESIAN_POINT('',(0.001,0.0035,0.008));
#12605=CARTESIAN_POINT('',(0.001,-0.000999999999999988,0.008));
#12606=CARTESIAN_POINT('',(0.001,-0.0065,0.009));
#12607=CARTESIAN_POINT('',(0.001,-0.0075,0.009));
#12608=CARTESIAN_POINT('',(0.001,-0.0075,0.02));
#12609=CARTESIAN_POINT('',(0.001,-0.0075,0.02));
#12610=CARTESIAN_POINT('',(0.001,-0.0065,0.02));
#12611=CARTESIAN_POINT('',(0.001,-0.0025,0.02));
#12612=CARTESIAN_POINT('',(0.001,-0.00749932430149589,0.0058576254989315));
#12613=CARTESIAN_POINT('',(0.001,0.0075,0.006));
#12614=CARTESIAN_POINT('',(0.001,0.0075,0.02));
#12615=CARTESIAN_POINT('',(0.001,0.0075,0.005));
#12616=CARTESIAN_POINT('',(0.001,0.00550474603049468,0.005));
#12617=CARTESIAN_POINT('',(0.001,-0.007502,0.004));
#12618=CARTESIAN_POINT('',(0.001,0.0075,0.004));
#12619=CARTESIAN_POINT('',(0.001,0.0075,0.003));
#12620=CARTESIAN_POINT('',(0.001,0.0075,0.002));
#12621=CARTESIAN_POINT('',(0.001,-0.007502,0.002));
#12622=CARTESIAN_POINT('',(0.001,-0.007502,0.0005));
#12623=CARTESIAN_POINT('',(0.001,0.0075,0.0005));
#12624=CARTESIAN_POINT('',(0.001,0.0075,-0.0005));
#12625=CARTESIAN_POINT('',(0.001,0.0075,-0.0015));
#12626=CARTESIAN_POINT('',(0.001,-0.007502,-0.0015));
#12627=CARTESIAN_POINT('',(0.001,-0.007502,-0.003));
#12628=CARTESIAN_POINT('',(0.001,0.0075,-0.003));
#12629=CARTESIAN_POINT('',(0.001,0.0075,-0.004));
#12630=CARTESIAN_POINT('',(0.001,0.0075,-0.005));
#12631=CARTESIAN_POINT('',(0.001,-0.007502,-0.005));
#12632=CARTESIAN_POINT('',(0.001,0.0055,-0.005));
#12633=CARTESIAN_POINT('',(0.001,0.0055,0.02));
#12634=CARTESIAN_POINT('',(-0.007,8.67361737988404E-19,0.02));
#12635=CARTESIAN_POINT('',(-0.007,-0.00749932430149589,0.0058576254989315));
#12636=CARTESIAN_POINT('',(-0.007,-0.00324112756108153,0.016));
#12637=CARTESIAN_POINT('',(-0.007,0.0035,0.00597954723826396));
#12638=CARTESIAN_POINT('',(-0.007,0.0035,0.02));
#12639=CARTESIAN_POINT('',(-0.007,0.0035,-0.006));
#12640=CARTESIAN_POINT('',(-0.007,8.67361737988404E-19,-0.006));
#12641=CARTESIAN_POINT('',(-0.007,-0.0035,-0.006));
#12642=CARTESIAN_POINT('',(-0.007,-0.0035,0.02));
#12643=CARTESIAN_POINT('',(-0.007,-0.0035,0.016));
#12644=CARTESIAN_POINT('',(-0.007,8.67361737988404E-19,0.016));
#12645=CARTESIAN_POINT('',(-0.0005,0.0055,0.02));
#12646=CARTESIAN_POINT('',(4.02728445829987E-18,0.0055,-0.005));
#12647=CARTESIAN_POINT('',(-0.0005,0.0055,-0.006));
#12648=CARTESIAN_POINT('',(0.0005,0.0035,0.02));
#12649=CARTESIAN_POINT('',(-1.51788304147971E-18,0.0035,0.0005));
#12650=CARTESIAN_POINT('',(0.000499999999999998,0.0035,0.0005));
#12651=CARTESIAN_POINT('',(-1.51788304147971E-18,0.0035,0.0035));
#12652=CARTESIAN_POINT('',(0.000499999999999998,0.0035,0.0035));
#12653=CARTESIAN_POINT('',(-1.51788304147971E-18,0.0035,0.0065));
#12654=CARTESIAN_POINT('',(0.000499999999999998,0.0035,0.0065));
#12655=CARTESIAN_POINT('',(0.0005,0.0035,-0.006));
#12656=CARTESIAN_POINT('',(-0.001,0.0035,0.008));
#12657=CARTESIAN_POINT('',(0.007,8.67361737988404E-19,0.02));
#12658=CARTESIAN_POINT('',(0.007,8.67361737988404E-19,-0.006));
#12659=CARTESIAN_POINT('',(0.007,0.0035,-0.006));
#12660=CARTESIAN_POINT('',(0.007,-0.0035,-0.006));
#12661=CARTESIAN_POINT('',(0.007,0.0035,0.006));
#12662=CARTESIAN_POINT('',(0.007,0.0035,0.00597954723826373));
#12663=CARTESIAN_POINT('',(0.007,-0.00749932430149589,0.0058576254989315));
#12664=CARTESIAN_POINT('',(0.007,-0.00324112756108153,0.016));
#12665=CARTESIAN_POINT('',(0.007,-0.0075,0.016));
#12666=CARTESIAN_POINT('',(0.007,-0.0035,0.016));
#12667=CARTESIAN_POINT('',(0.007,-0.0035,0.02));
#12668=CARTESIAN_POINT('',(-0.001,-0.000999999999999988,0.008));
#12669=CARTESIAN_POINT('',(0.,0.,0.02));
#12670=CARTESIAN_POINT('',(-0.0449655335859781,-0.0025,0.02));
#12671=CARTESIAN_POINT('',(-0.003,-0.0025,0.02));
#12672=CARTESIAN_POINT('',(-0.003,0.,0.02));
#12673=CARTESIAN_POINT('',(-0.0035,0.0075,0.02));
#12674=CARTESIAN_POINT('',(2.16840434497101E-18,0.0075,-0.005));
#12675=CARTESIAN_POINT('',(1.7347234759768E-18,0.0075,-0.003));
#12676=CARTESIAN_POINT('',(1.51788304147971E-18,0.0075,-0.0015));
#12677=CARTESIAN_POINT('',(1.3010426069826E-18,0.0075,0.0005));
#12678=CARTESIAN_POINT('',(8.67361737988404E-19,0.0075,0.002));
#12679=CARTESIAN_POINT('',(4.33680868994202E-19,0.0075,0.004));
#12680=CARTESIAN_POINT('',(-0.0449655335859781,0.0075,0.006));
#12681=CARTESIAN_POINT('',(0.003,0.0075,0.006));
#12682=CARTESIAN_POINT('',(0.003,0.0075,-0.006));
#12683=CARTESIAN_POINT('',(0.003,0.0075,-0.006));
#12684=CARTESIAN_POINT('',(-0.0449655335859781,0.0075,-0.006));
#12685=CARTESIAN_POINT('',(-0.003,0.0075,-0.006));
#12686=CARTESIAN_POINT('',(-0.003,0.0075,0.02));
#12687=CARTESIAN_POINT('',(-0.003,0.0075,0.006));
#12688=CARTESIAN_POINT('',(-0.0449655335859781,0.0075,0.006));
#12689=CARTESIAN_POINT('',(-0.0035,0.0075,0.005));
#12690=CARTESIAN_POINT('',(-0.0449655335859781,-0.00749932430149589,0.0058576254989315));
#12691=CARTESIAN_POINT('',(-0.0449655335859781,-0.0025,0.02));
#12692=CARTESIAN_POINT('',(0.003,-0.0025,0.02));
#12693=CARTESIAN_POINT('',(0.003,-0.00749932430149589,0.0058576254989315));
#12694=CARTESIAN_POINT('',(0.004,-0.0075,0.02));
#12695=CARTESIAN_POINT('',(-0.0045,-0.0075,0.009));
#12696=CARTESIAN_POINT('',(0.003,-0.0075,0.009));
#12697=CARTESIAN_POINT('',(0.003,-0.0075,0.02));
#12698=CARTESIAN_POINT('',(0.003,-0.0075,0.02));
#12699=CARTESIAN_POINT('',(0.004,-0.0075,0.02));
#12700=CARTESIAN_POINT('',(0.,0.,0.02));
#12701=CARTESIAN_POINT('',(0.003,-0.0025,0.02));
#12702=CARTESIAN_POINT('',(-0.0449655335859781,-0.00749932430149589,0.0058576254989315));
#12703=CARTESIAN_POINT('',(-0.003,-0.00749932430149589,0.0058576254989315));
#12704=CARTESIAN_POINT('',(-0.001,-0.001,0.014));
#12705=CARTESIAN_POINT('',(-0.001,0.00550474603049468,0.005));
#12706=CARTESIAN_POINT('',(-0.0045,-0.006,0.009));
#12707=CARTESIAN_POINT('',(0.0045,-0.006,0.009));
#12708=CARTESIAN_POINT('',(0.0045,-0.00720809924354783,0.009));
#12709=CARTESIAN_POINT('',(0.003,-0.0035,0.009));
#12710=CARTESIAN_POINT('',(-0.0045,-0.006,0.009));
#12711=CARTESIAN_POINT('',(-0.003,-0.0035,0.009));
#12712=CARTESIAN_POINT('',(-0.0045,-0.00720809924354783,0.009));
#12713=CARTESIAN_POINT('',(-0.0045,-0.006,0.009));
#12714=CARTESIAN_POINT('',(-0.0045,0.,-0.0055));
#12715=CARTESIAN_POINT('',(-0.0045,-0.006,-0.006));
#12716=CARTESIAN_POINT('',(-0.0045,0.0015,-0.006));
#12717=CARTESIAN_POINT('',(-0.0045,-0.00720809924354783,-0.006));
#12718=CARTESIAN_POINT('',(-0.0045,0.0015,-0.001));
#12719=CARTESIAN_POINT('',(-0.0045,0.0015,-0.001));
#12720=CARTESIAN_POINT('',(-0.0045,-0.003,-0.001));
#12721=CARTESIAN_POINT('',(-0.0045,-0.00720809924354783,0.009));
#12722=CARTESIAN_POINT('',(0.0045,0.,-0.0055));
#12723=CARTESIAN_POINT('',(0.0045,-0.006,-0.001));
#12724=CARTESIAN_POINT('',(0.0045,0.0015,-0.001));
#12725=CARTESIAN_POINT('',(0.0045,0.0015,-0.001));
#12726=CARTESIAN_POINT('',(0.0045,0.0015,-0.006));
#12727=CARTESIAN_POINT('',(0.0045,-0.006,-0.006));
#12728=CARTESIAN_POINT('',(0.0045,-0.00720809924354783,-0.006));
#12729=CARTESIAN_POINT('',(0.0045,-0.00720809924354783,-0.006));
#12730=CARTESIAN_POINT('',(-0.0449655335859781,0.0015,-0.006));
#12731=CARTESIAN_POINT('',(0.,0.0015,-0.006));
#12732=CARTESIAN_POINT('',(-0.003,-0.0035,-0.006));
#12733=CARTESIAN_POINT('',(-0.003,0.0035,-0.006));
#12734=CARTESIAN_POINT('',(0.003,0.0035,-0.006));
#12735=CARTESIAN_POINT('',(0.003,-0.0035,-0.006));
#12736=CARTESIAN_POINT('',(0.003,-0.0035,0.02));
#12737=CARTESIAN_POINT('',(0.003,-0.0035,0.016));
#12738=CARTESIAN_POINT('',(0.003,0.,0.016));
#12739=CARTESIAN_POINT('',(0.003,-0.0025,0.02));
#12740=CARTESIAN_POINT('',(0.00406575856809828,-0.0025,0.02));
#12741=CARTESIAN_POINT('',(0.00614809749955541,-0.00264781989294296,0.0191176818890466));
#12742=CARTESIAN_POINT('',(0.007,-0.00303379881089487,0.0170298930381797));
#12743=CARTESIAN_POINT('',(0.007,-0.00324112756108153,0.016));
#12744=CARTESIAN_POINT('',(0.003,0.0035,0.02));
#12745=CARTESIAN_POINT('',(0.003,0.0075,0.00600000000000064));
#12746=CARTESIAN_POINT('',(0.00405651376075989,0.0075,0.00600000000000064));
#12747=CARTESIAN_POINT('',(0.0061268989929125,0.00663774230107241,0.00599600979592671));
#12748=CARTESIAN_POINT('',(0.007,0.00454161962972756,0.00598530428671332));
#12749=CARTESIAN_POINT('',(0.007,0.0035,0.00597954723826373));
#12750=CARTESIAN_POINT('',(0.003,-0.00749932430149589,0.0058576254989315));
#12751=CARTESIAN_POINT('',(-0.003,-0.0035,0.02));
#12752=CARTESIAN_POINT('',(-0.003,-0.0035,0.016));
#12753=CARTESIAN_POINT('',(-0.003,8.67361737988404E-19,0.016));
#12754=CARTESIAN_POINT('',(-0.003,-0.0025,0.02));
#12755=CARTESIAN_POINT('',(-0.00406575856809828,-0.0025,0.02));
#12756=CARTESIAN_POINT('',(-0.00614809749955541,-0.00264781989294296,0.0191176818890466));
#12757=CARTESIAN_POINT('',(-0.007,-0.00303379881089487,0.0170298930381797));
#12758=CARTESIAN_POINT('',(-0.007,-0.00324112756108153,0.016));
#12759=CARTESIAN_POINT('',(-0.003,0.0035,0.02));
#12760=CARTESIAN_POINT('',(-0.003,0.0075,0.00600000000000074));
#12761=CARTESIAN_POINT('',(-0.00405651376075989,0.0075,0.00600000000000074));
#12762=CARTESIAN_POINT('',(-0.0061268989929125,0.00663774230107234,0.00599600979594062));
#12763=CARTESIAN_POINT('',(-0.007,0.00454161962972771,0.00598530428668504));
#12764=CARTESIAN_POINT('',(-0.007,0.0035,0.00597954723826396));
#12765=CARTESIAN_POINT('',(-0.003,-0.00749932430149589,0.0058576254989315));
#12766=CARTESIAN_POINT('',(0.,0.0015,-0.001));
#12767=CARTESIAN_POINT('',(0.,0.0015,-0.001));
#12768=CARTESIAN_POINT('',(-6.93889390390723E-18,-3.46944695195361E-18,
-0.001));
#12769=CARTESIAN_POINT('',(-1.51788304147971E-18,0.007502,0.0065));
#12770=CARTESIAN_POINT('',(-1.51788304147971E-18,0.007502,0.0035));
#12771=CARTESIAN_POINT('',(-1.51788304147971E-18,0.007502,0.0005));
#12772=CARTESIAN_POINT('',(2.72624185131726E-18,-0.007502,0.002));
#12773=CARTESIAN_POINT('',(2.29256098232307E-18,-0.007502,0.004));
#12774=CARTESIAN_POINT('',(3.15992272031146E-18,-0.007502,0.0005));
#12775=CARTESIAN_POINT('',(3.37676315480857E-18,-0.007502,-0.0015));
#12776=CARTESIAN_POINT('',(3.59360358930567E-18,-0.007502,-0.003));
#12777=CARTESIAN_POINT('',(4.02728445829987E-18,-0.007502,-0.005));
#12778=CARTESIAN_POINT('',(0.00383924106736921,0.0315094333692131,0.14631879899332));
#12779=CARTESIAN_POINT('',(-3.46944695195361E-18,0.0025,0.007));
#12780=CARTESIAN_POINT('',(0.000657843151754953,0.00578921575877478,0.007));
#12781=CARTESIAN_POINT('',(-0.0255,0.0110207843891258,0.007));
#12782=CARTESIAN_POINT('',(0.00710392194562887,0.0045,0.007));
#12783=CARTESIAN_POINT('',(-0.0255,0.0025,0.007));
#12784=CARTESIAN_POINT('',(-0.0255,0.007,0.007));
#12785=CARTESIAN_POINT('',(-0.0255,0.007,0.007));
#12786=CARTESIAN_POINT('',(-0.0125,0.007,0.007));
#12787=CARTESIAN_POINT('',(-0.0125,0.0025,0.007));
#12788=CARTESIAN_POINT('',(-0.0125,0.00475,0.007));
#12789=CARTESIAN_POINT('',(-3.46944695195361E-18,0.00475,0.007));
#12790=CARTESIAN_POINT('',(-0.0075,0.00475,0.007));
#12791=CARTESIAN_POINT('',(-0.0075,0.0025,0.007));
#12792=CARTESIAN_POINT('',(-0.0075,0.0045,0.007));
#12793=CARTESIAN_POINT('',(2.16840434497101E-18,0.0045,0.007));
#12794=CARTESIAN_POINT('',(0.000664776672066653,0.00283638046748438,-3.07520986484202E-19));
#12795=CARTESIAN_POINT('',(-0.00643333333333332,0.0045,2.97601449656464E-18));
#12796=CARTESIAN_POINT('',(-0.00643333333333333,0.0045,0.005));
#12797=CARTESIAN_POINT('',(-0.00643333333333327,0.0045,0.0054));
#12798=CARTESIAN_POINT('',(0.0085,0.001,-0.003));
#12799=CARTESIAN_POINT('',(-0.00699026123963256,0.00463052997803888,0.00571327194729332));
#12800=CARTESIAN_POINT('',(-0.0065,0.004515625,0.00658484748441787));
#12801=CARTESIAN_POINT('',(-0.0075,0.00475,0.00658484748441787));
#12802=CARTESIAN_POINT('',(-0.0075,0.00475,0.001));
#12803=CARTESIAN_POINT('',(-0.0075,0.00475,-0.004));
#12804=CARTESIAN_POINT('',(0.0085,0.001,-0.005));
#12805=CARTESIAN_POINT('',(0.0085,0.001,-0.005));
#12806=CARTESIAN_POINT('',(0.0085,0.001,-0.004));
#12807=CARTESIAN_POINT('',(0.0085,0.001,-0.00296508115197665));
#12808=CARTESIAN_POINT('',(0.00876195108340954,0.000938605214825887,-0.002));
#12809=CARTESIAN_POINT('',(0.00827168984377698,0.00105351019286477,-0.00287157553712455));
#12810=CARTESIAN_POINT('',(0.0085,0.001,-0.003));
#12811=CARTESIAN_POINT('',(-0.00572222222222222,0.00433333333333334,0.005));
#12812=CARTESIAN_POINT('',(0.000664776672066653,0.00283638046748438,0.005));
#12813=CARTESIAN_POINT('',(0.00076112759643917,2.93410202168184E-19,0.00135311572700297));
#12814=CARTESIAN_POINT('',(0.00076112759643917,0.0045,0.00135311572700297));
#12815=CARTESIAN_POINT('',(-0.00699026123963256,0.0045,0.00571327194729332));
#12816=CARTESIAN_POINT('',(-0.00699026123963256,-0.00525,0.00571327194729332));
#12817=CARTESIAN_POINT('',(-0.000784464540552739,0.00607767729723632,0.003));
#12818=CARTESIAN_POINT('',(0.00710392194562887,0.0045,0.003));
#12819=CARTESIAN_POINT('',(0.00749999776532152,0.0045,0.00699924571586339));
#12820=CARTESIAN_POINT('',(0.0115426803694599,0.0045,0.00690412712422512));
#12821=CARTESIAN_POINT('',(0.0115,0.00362078438912577,0.003));
#12822=CARTESIAN_POINT('',(0.0116961161351382,0.00766077677297236,0.003));
#12823=CARTESIAN_POINT('',(-3.46944695195361E-18,0.01,0.003));
#12824=CARTESIAN_POINT('',(-0.0125,0.0125,0.003));
#12825=CARTESIAN_POINT('',(-0.0328960780543712,0.0125,0.003));
#12826=CARTESIAN_POINT('',(-0.0255,0.0125,0.00672774436548044));
#12827=CARTESIAN_POINT('',(-0.0255,0.0110207843891258,0.003));
#12828=CARTESIAN_POINT('',(0.00710392194562887,0.0045,0.003));
#12829=CARTESIAN_POINT('',(-0.0045,8.21437483020378E-19,-0.003002));
#12830=CARTESIAN_POINT('',(-0.0045,8.21437483020378E-19,0.0043125));
#12831=CARTESIAN_POINT('',(-0.00525,5.3231690369091E-19,0.004734375));
#12832=CARTESIAN_POINT('',(-0.0045,8.21437483020378E-19,0.005));
#12833=CARTESIAN_POINT('',(-0.00375,8.21437483020378E-19,0.005));
#12834=CARTESIAN_POINT('',(0.0005,8.21437483020378E-19,-0.003002));
#12835=CARTESIAN_POINT('',(0.0005,8.21437483020378E-19,0.0015));
#12836=CARTESIAN_POINT('',(-0.00025,5.3231690369091E-19,0.001921875));
#12837=CARTESIAN_POINT('',(0.0005,8.21437483020378E-19,0.005));
#12838=CARTESIAN_POINT('',(0.00125,8.21437483020378E-19,0.005));
#12839=CARTESIAN_POINT('',(0.0055,8.21437483020378E-19,-0.003002));
#12840=CARTESIAN_POINT('',(0.0055,8.21437483020378E-19,-0.0013125));
#12841=CARTESIAN_POINT('',(0.00475,5.3231690369091E-19,-0.000890625));
#12842=CARTESIAN_POINT('',(0.0055,8.21437483020378E-19,0.005));
#12843=CARTESIAN_POINT('',(0.00625,8.21437483020378E-19,0.005));
#12844=CARTESIAN_POINT('',(-0.0075,-0.00025,0.031));
#12845=CARTESIAN_POINT('',(-0.0075,0.00475,0.00658484748441787));
#12846=CARTESIAN_POINT('',(-0.0075,-0.00525,0.00658484748441787));
#12847=CARTESIAN_POINT('',(-0.0075,-0.0045,0.00658484748441787));
#12848=CARTESIAN_POINT('',(-0.0075,-0.00525,0.031));
#12849=CARTESIAN_POINT('',(-0.0075,-0.00525,0.00659687364248454));
#12850=CARTESIAN_POINT('',(-0.0075,-0.0035,0.003));
#12851=CARTESIAN_POINT('',(-0.0075,-0.0045,0.00687298334620742));
#12852=CARTESIAN_POINT('',(-0.0075,-0.0045,0.005));
#12853=CARTESIAN_POINT('',(-0.0065,1.42786118961831E-18,0.00658484748441787));
#12854=CARTESIAN_POINT('',(-0.0075,0.00475,0.00658484748441787));
#12855=CARTESIAN_POINT('',(-0.0075,0.0045,0.00658484748441787));
#12856=CARTESIAN_POINT('',(-0.0065,0.0045,0.00658484748441787));
#12857=CARTESIAN_POINT('',(0.0125,0.,0.007));
#12858=CARTESIAN_POINT('',(0.0125,0.001,-0.004));
#12859=CARTESIAN_POINT('',(0.0125,0.001,-0.003));
#12860=CARTESIAN_POINT('',(0.0125,0.001,-0.006));
#12861=CARTESIAN_POINT('',(0.0125,-0.0035,-0.006));
#12862=CARTESIAN_POINT('',(0.0125,0.00362078438912577,-0.006));
#12863=CARTESIAN_POINT('',(0.0125,0.00362078438912577,-0.003));
#12864=CARTESIAN_POINT('',(0.0125,0.00668019609728144,-0.003));
#12865=CARTESIAN_POINT('',(0.0125,0.00668019609728145,0.007));
#12866=CARTESIAN_POINT('',(0.0125,0.00668019609728145,0.003));
#12867=CARTESIAN_POINT('',(0.0125,0.00362078438912577,0.003));
#12868=CARTESIAN_POINT('',(0.0125,0.0045,0.00587344939950814));
#12869=CARTESIAN_POINT('',(0.0125,0.0045,0.0025));
#12870=CARTESIAN_POINT('',(0.0125,0.0045,-0.003));
#12871=CARTESIAN_POINT('',(0.0125,0.,-0.003));
#12872=CARTESIAN_POINT('',(-3.88578058618805E-18,-0.0035,0.003));
#12873=CARTESIAN_POINT('',(-3.88578058618805E-18,-0.00525,0.00659687364248454));
#12874=CARTESIAN_POINT('',(-0.0125,-0.00525,0.00659687364248454));
#12875=CARTESIAN_POINT('',(-0.0125,-0.0035,0.003));
#12876=CARTESIAN_POINT('',(-0.0125,-0.0075,0.003));
#12877=CARTESIAN_POINT('',(0.0125,-0.0075,0.003));
#12878=CARTESIAN_POINT('',(0.0115,-0.0075,0.003));
#12879=CARTESIAN_POINT('',(0.0115,-0.0035,0.003));
#12880=CARTESIAN_POINT('',(0.0115,-0.0045,0.00687298334620742));
#12881=CARTESIAN_POINT('',(-3.88578058618805E-18,-0.0045,0.00687298334620742));
#12882=CARTESIAN_POINT('',(0.0125,0.,0.007));
#12883=CARTESIAN_POINT('',(0.0125,-0.0045,0.0025));
#12884=CARTESIAN_POINT('',(0.0125,-0.0045,0.00582842712474619));
#12885=CARTESIAN_POINT('',(0.0125,-0.0045,-0.003));
#12886=CARTESIAN_POINT('',(0.0125,-0.0035,0.003));
#12887=CARTESIAN_POINT('',(0.0125,-0.0065,0.003));
#12888=CARTESIAN_POINT('',(0.0125,-0.0065,0.003));
#12889=CARTESIAN_POINT('',(0.0125,-0.0065,-0.003));
#12890=CARTESIAN_POINT('',(0.0125,-0.0035,-0.003));
#12891=CARTESIAN_POINT('',(0.0125,-0.0035,-0.006));
#12892=CARTESIAN_POINT('',(0.0125,-0.0035,-0.006));
#12893=CARTESIAN_POINT('',(0.0125,-0.001,-0.006));
#12894=CARTESIAN_POINT('',(0.0125,-0.001,-0.004));
#12895=CARTESIAN_POINT('',(0.0125,-0.001,-0.003));
#12896=CARTESIAN_POINT('',(0.0125,0.,-0.003));
#12897=CARTESIAN_POINT('',(-0.0125,0.0025,0.007));
#12898=CARTESIAN_POINT('',(-0.0125,0.007,0.));
#12899=CARTESIAN_POINT('',(-0.0125,0.007,-0.007));
#12900=CARTESIAN_POINT('',(-0.0125,0.0025,-0.007));
#12901=CARTESIAN_POINT('',(-0.0125,-0.0035,-0.007));
#12902=CARTESIAN_POINT('',(-0.0125,-0.0035,-0.003));
#12903=CARTESIAN_POINT('',(-0.0125,-0.0075,-0.003));
#12904=CARTESIAN_POINT('',(-0.0125,-0.0075,0.007));
#12905=CARTESIAN_POINT('',(-0.0125,-0.00525,0.001));
#12906=CARTESIAN_POINT('',(-0.0125,-0.00525,-0.004));
#12907=CARTESIAN_POINT('',(-0.0125,-0.000249999999999995,-0.004));
#12908=CARTESIAN_POINT('',(-0.0125,0.00475,-0.004));
#12909=CARTESIAN_POINT('',(-0.0125,0.00475,0.001));
#12910=CARTESIAN_POINT('',(-0.0117159512479098,-0.0015,-5.80826202752444E-17));
#12911=CARTESIAN_POINT('',(-0.0117159512479098,0.0085,-5.80826202752444E-17));
#12912=CARTESIAN_POINT('',(-0.0117159512479098,0.0085,-0.000500000000000058));
#12913=CARTESIAN_POINT('',(-0.0117159512479098,0.00475,-5.80826202752444E-17));
#12914=CARTESIAN_POINT('',(-0.0117159512479098,0.00475,0.000499999999999942));
#12915=CARTESIAN_POINT('',(-0.0255,0.0025,0.));
#12916=CARTESIAN_POINT('',(-0.0255,0.0125,0.007));
#12917=CARTESIAN_POINT('',(-0.0255,0.0125,0.0035));
#12918=CARTESIAN_POINT('',(-0.0255,0.0085,0.0035));
#12919=CARTESIAN_POINT('',(-0.0255,0.0085,0.0035));
#12920=CARTESIAN_POINT('',(-0.0255,-0.0326763591625449,0.0035));
#12921=CARTESIAN_POINT('',(-0.0255,0.007,0.0035));
#12922=CARTESIAN_POINT('',(-0.0255,0.007,0.));
#12923=CARTESIAN_POINT('',(-0.0255,0.007,0.));
#12924=CARTESIAN_POINT('',(-0.0197159512479098,0.007,-5.80826202752444E-17));
#12925=CARTESIAN_POINT('',(-0.0197159512479098,0.007,-0.000500000000000058));
#12926=CARTESIAN_POINT('',(-0.0177159512479098,0.007,-5.80826202752444E-17));
#12927=CARTESIAN_POINT('',(-0.0177159512479098,0.007,-0.000500000000000058));
#12928=CARTESIAN_POINT('',(-0.0157159512479098,0.007,-5.80826202752444E-17));
#12929=CARTESIAN_POINT('',(-0.0157159512479098,0.007,-0.000500000000000058));
#12930=CARTESIAN_POINT('',(-0.0137159512479098,0.007,-5.80826202752444E-17));
#12931=CARTESIAN_POINT('',(-0.0137159512479098,0.007,-0.000500000000000058));
#12932=CARTESIAN_POINT('',(-0.0252490338800684,0.007,0.00348191108508678));
#12933=CARTESIAN_POINT('',(-0.0249980677601367,0.007,0.00346382217017355));
#12934=CARTESIAN_POINT('',(-0.0255,0.007,-1.56125112837912E-17));
#12935=CARTESIAN_POINT('',(-0.0249980677601367,0.007,-0.00346382217017356));
#12936=CARTESIAN_POINT('',(-0.0252490338800684,0.007,-0.00348191108508678));
#12937=CARTESIAN_POINT('',(-0.0255,0.007,-0.0035));
#12938=CARTESIAN_POINT('',(-0.0255,0.007,0.));
#12939=CARTESIAN_POINT('',(-0.0255,0.007,-0.007));
#12940=CARTESIAN_POINT('',(-0.0255,0.007,-0.007));
#12941=CARTESIAN_POINT('',(-0.0255,0.0125,0.007));
#12942=CARTESIAN_POINT('',(-0.0255,0.0125,0.007));
#12943=CARTESIAN_POINT('',(-0.0255,0.0125,-0.0035));
#12944=CARTESIAN_POINT('',(-0.0255,0.0125,-0.00672774436548043));
#12945=CARTESIAN_POINT('',(-0.0255,0.0125,-1.75640751942651E-17));
#12946=CARTESIAN_POINT('',(-0.0249980677601367,0.0125,-0.00346382217017356));
#12947=CARTESIAN_POINT('',(-0.018267146227634,0.0125,-0.00297867673730719));
#12948=CARTESIAN_POINT('',(-0.0125,0.0125,-0.00256299745186337));
#12949=CARTESIAN_POINT('',(-0.0125,0.0125,0.007));
#12950=CARTESIAN_POINT('',(-0.0125,0.0125,-0.003));
#12951=CARTESIAN_POINT('',(-0.0328960780543712,0.0125,-0.003));
#12952=CARTESIAN_POINT('',(-0.0255,0.0025,0.));
#12953=CARTESIAN_POINT('',(-0.0255,0.0025,-0.007));
#12954=CARTESIAN_POINT('',(-0.0255,0.0110207843891258,-0.007));
#12955=CARTESIAN_POINT('',(-0.0255,-0.0326763591625449,-0.0035));
#12956=CARTESIAN_POINT('',(-0.0255,0.0085,-0.0035));
#12957=CARTESIAN_POINT('',(-0.0255,0.0085,-0.0035));
#12958=CARTESIAN_POINT('',(-0.0255,0.0110207843891258,-0.003));
#12959=CARTESIAN_POINT('',(0.,-0.0075,0.007));
#12960=CARTESIAN_POINT('',(0.,-0.0075,-0.003));
#12961=CARTESIAN_POINT('',(0.0115,-0.0075,-0.003));
#12962=CARTESIAN_POINT('',(0.0115,-0.0075,-0.003));
#12963=CARTESIAN_POINT('',(-3.46944695195361E-18,0.01,0.007));
#12964=CARTESIAN_POINT('',(0.0125,0.0075,-0.003));
#12965=CARTESIAN_POINT('',(0.0116961161351382,0.00766077677297236,-0.003));
#12966=CARTESIAN_POINT('',(0.000597337674892893,0.00988053246502142,-0.0016189790845418));
#12967=CARTESIAN_POINT('',(-0.0115362246951313,0.0123072449390263,-0.00249353130444083));
#12968=CARTESIAN_POINT('',(-0.0117159512479098,0.012343190249582,-5.8113236445223E-17));
#12969=CARTESIAN_POINT('',(-0.0115362246951313,0.0123072449390263,0.00249353130444083));
#12970=CARTESIAN_POINT('',(-0.000368108543245255,0.010073621708649,0.00168856566657905));
#12971=CARTESIAN_POINT('',(-0.0125,0.0125,0.00256299745186337));
#12972=CARTESIAN_POINT('',(-0.0125,0.0125,0.007));
#12973=CARTESIAN_POINT('',(0.0116961161351382,0.00766077677297237,0.007));
#12974=CARTESIAN_POINT('',(-3.46944695195361E-18,0.0025,-0.007));
#12975=CARTESIAN_POINT('',(-3.88578058618805E-18,-0.0035,-0.007));
#12976=CARTESIAN_POINT('',(0.0115,-0.0035,-0.007));
#12977=CARTESIAN_POINT('',(-0.0132844645405527,0.00857767729723632,-0.007));
#12978=CARTESIAN_POINT('',(0.0115,0.00362078438912577,-0.007));
#12979=CARTESIAN_POINT('',(0.0115,0.00342078438912577,-0.007));
#12980=CARTESIAN_POINT('',(-0.0255,0.0125,0.007));
#12981=CARTESIAN_POINT('',(-0.018267146227634,0.0125,0.00297867673730719));
#12982=CARTESIAN_POINT('',(-0.0249980677601367,0.0125,0.00346382217017355));
#12983=CARTESIAN_POINT('',(-0.0255,0.0125,2.03830008427275E-17));
#12984=CARTESIAN_POINT('',(-0.0255,0.0085,2.03830008427275E-17));
#12985=CARTESIAN_POINT('',(-0.0249980677601367,0.0085,0.00346382217017355));
#12986=CARTESIAN_POINT('',(-0.0249980677601368,0.0085,0.00346382217017356));
#12987=CARTESIAN_POINT('',(-0.0255,0.0085,2.03830008427275E-17));
#12988=CARTESIAN_POINT('',(-0.0255,0.0085,-1.75640751942651E-17));
#12989=CARTESIAN_POINT('',(-0.0255,0.0085,-1.75640751942651E-17));
#12990=CARTESIAN_POINT('',(-0.0249980677601367,0.0085,-0.00346382217017355));
#12991=CARTESIAN_POINT('',(-0.0249980677601367,0.0085,-0.00346382217017356));
#12992=CARTESIAN_POINT('',(-0.018267146227634,0.0085,-0.00297867673730719));
#12993=CARTESIAN_POINT('',(-0.018267146227634,0.0085,-0.00297867673730719));
#12994=CARTESIAN_POINT('',(-0.0115362246951313,0.0085,-0.00249353130444083));
#12995=CARTESIAN_POINT('',(-0.0115362246951313,0.0085,-0.00249353130444083));
#12996=CARTESIAN_POINT('',(-0.0117159512479098,0.0085,-5.8113236445223E-17));
#12997=CARTESIAN_POINT('',(-0.0117159512479098,0.0085,-5.8113236445223E-17));
#12998=CARTESIAN_POINT('',(-0.0115362246951313,0.0085,0.00249353130444083));
#12999=CARTESIAN_POINT('',(-0.0115362246951313,0.0085,0.00249353130444083));
#13000=CARTESIAN_POINT('',(-0.018267146227634,0.0085,0.00297867673730719));
#13001=CARTESIAN_POINT('',(-0.018267146227634,0.0085,0.00297867673730719));
#13002=CARTESIAN_POINT('',(-0.0173579756239549,0.0085,0.));
#13003=CARTESIAN_POINT('',(-0.0255,0.0085,-1.56125112837912E-17));
#13004=CARTESIAN_POINT('',(-0.0137159512479098,0.0085,-5.80826202752444E-17));
#13005=CARTESIAN_POINT('',(-0.0137159512479098,0.0085,-0.000500000000000058));
#13006=CARTESIAN_POINT('',(-0.0157159512479098,0.0085,-5.80826202752444E-17));
#13007=CARTESIAN_POINT('',(-0.0157159512479098,0.0085,-0.000500000000000058));
#13008=CARTESIAN_POINT('',(-0.0177159512479098,0.0085,-5.80826202752444E-17));
#13009=CARTESIAN_POINT('',(-0.0177159512479098,0.0085,-0.000500000000000058));
#13010=CARTESIAN_POINT('',(-0.0197159512479098,0.0085,-5.80826202752444E-17));
#13011=CARTESIAN_POINT('',(-0.0197159512479098,0.0085,-0.000500000000000058));
#13012=CARTESIAN_POINT('',(-0.0197159512479098,-0.0015,-5.80826202752444E-17));
#13013=CARTESIAN_POINT('',(-0.0177159512479098,-0.0015,-5.80826202752444E-17));
#13014=CARTESIAN_POINT('',(-0.0157159512479098,-0.0015,-5.80826202752444E-17));
#13015=CARTESIAN_POINT('',(-0.0137159512479098,-0.0015,-5.80826202752444E-17));
#13016=CARTESIAN_POINT('',(-0.0252490338800684,-0.0326763591625449,0.00348191108508678));
#13017=CARTESIAN_POINT('',(-0.0249980677601367,-0.0326763591625449,0.00346382217017355));
#13018=CARTESIAN_POINT('',(-0.0252490338800684,-0.0326763591625449,-0.00348191108508678));
#13019=CARTESIAN_POINT('',(-0.0249980677601367,-0.0326763591625449,-0.00346382217017356));
#13020=CARTESIAN_POINT('',(-0.0255,-0.0326763591625449,-1.56125112837912E-17));
#13021=CARTESIAN_POINT('',(-0.0075,0.00475,0.001));
#13022=CARTESIAN_POINT('',(-0.0075,0.00475,-0.004));
#13023=CARTESIAN_POINT('',(-0.0075,0.00475,0.031));
#13024=CARTESIAN_POINT('',(-0.0075,-0.00525,0.001));
#13025=CARTESIAN_POINT('',(-0.0075,-0.00525,0.001));
#13026=CARTESIAN_POINT('',(-0.0075,-0.00525,-0.004));
#13027=CARTESIAN_POINT('',(-0.0075,-0.00525,-0.004));
#13028=CARTESIAN_POINT('',(-0.0075,-0.000249999999999995,-0.004));
#13029=CARTESIAN_POINT('',(-0.0075,-0.000249999999999995,-0.004));
#13030=CARTESIAN_POINT('',(0.0085,-0.001,-0.004));
#13031=CARTESIAN_POINT('',(0.0115,-0.001,-0.006));
#13032=CARTESIAN_POINT('',(0.0115,-0.001,-0.005));
#13033=CARTESIAN_POINT('',(0.0085,-0.001,-0.005));
#13034=CARTESIAN_POINT('',(0.0085,-0.001,-0.005));
#13035=CARTESIAN_POINT('',(0.0085,-0.001,-0.004));
#13036=CARTESIAN_POINT('',(0.0085,-0.001,-0.00296508115197664));
#13037=CARTESIAN_POINT('',(0.00876195108340954,-0.001,-0.002));
#13038=CARTESIAN_POINT('',(0.00876195108340954,-0.001,-0.003));
#13039=CARTESIAN_POINT('',(0.0085,-0.001,-0.003));
#13040=CARTESIAN_POINT('',(0.0085,-3.68628738645072E-18,-0.003));
#13041=CARTESIAN_POINT('',(0.0085,0.001,-0.003));
#13042=CARTESIAN_POINT('',(0.00876195108340954,0.001,-0.003));
#13043=CARTESIAN_POINT('',(0.0125,-3.68628738645072E-18,-0.003));
#13044=CARTESIAN_POINT('',(0.00876195108340954,-3.68628738645072E-18,-0.003));
#13045=CARTESIAN_POINT('',(0.0085,0.001,-0.004));
#13046=CARTESIAN_POINT('',(0.00876195108340954,0.001,-0.002));
#13047=CARTESIAN_POINT('',(0.0085,0.001,-0.005));
#13048=CARTESIAN_POINT('',(0.0115,0.001,-0.005));
#13049=CARTESIAN_POINT('',(0.0115,0.001,-0.006));
#13050=CARTESIAN_POINT('',(0.0085,-4.01154803819636E-18,-0.005));
#13051=CARTESIAN_POINT('',(0.0085,-4.01154803819636E-18,-0.005));
#13052=CARTESIAN_POINT('',(0.0115,-4.01154803819636E-18,-0.005));
#13053=CARTESIAN_POINT('',(0.000808323831242871,-0.00304310148232611,3.29933723823183E-19));
#13054=CARTESIAN_POINT('',(0.0085,-0.001,-0.005));
#13055=CARTESIAN_POINT('',(-0.0065,-0.004984375,0.00658484748441787));
#13056=CARTESIAN_POINT('',(-0.00699026123963257,-0.0051146006417774,0.00571327194729332));
#13057=CARTESIAN_POINT('',(0.0085,-0.001,-0.003));
#13058=CARTESIAN_POINT('',(0.00827168984377698,-0.00106064488524674,-0.00287157553712455));
#13059=CARTESIAN_POINT('',(0.00876195108340954,-0.000930419243469346,-0.002));
#13060=CARTESIAN_POINT('',(-0.000278210116731518,0.,-0.00445136186770428));
#13061=CARTESIAN_POINT('',(0.00076112759643917,2.93410202168184E-19,0.00135311572700297));
#13062=CARTESIAN_POINT('',(-0.00572222222222222,-2.20588293858779E-18,0.005));
#13063=CARTESIAN_POINT('',(-0.00572222222222222,-0.0045,0.005));
#13064=CARTESIAN_POINT('',(0.00827168984377698,-6.22673687161333E-19,-0.00287157553712455));
#13065=CARTESIAN_POINT('',(-0.00699026123963256,-0.00525,0.00571327194729332));
#13066=CARTESIAN_POINT('',(-0.00699026123963256,-0.0045,0.00571327194729332));
#13067=CARTESIAN_POINT('',(0.00076112759643917,-0.0045,0.00135311572700297));
#13068=CARTESIAN_POINT('',(0.000657843151754953,0.00578921575877478,-0.003));
#13069=CARTESIAN_POINT('',(0.0115,0.00362078438912577,-0.003));
#13070=CARTESIAN_POINT('',(2.77555756156289E-19,-0.0035,-0.003));
#13071=CARTESIAN_POINT('',(0.0115,-0.0035,-0.003));
#13072=CARTESIAN_POINT('',(0.0075,-0.0045,0.0025));
#13073=CARTESIAN_POINT('',(0.0075,-0.0045,0.0025));
#13074=CARTESIAN_POINT('',(0.0075,-0.0045,0.005));
#13075=CARTESIAN_POINT('',(0.0075,-0.0045,-0.002));
#13076=CARTESIAN_POINT('',(0.0075,-0.0045,-0.002));
#13077=CARTESIAN_POINT('',(0.0075,0.0045,-0.002));
#13078=CARTESIAN_POINT('',(0.0075,0.0045,0.0025));
#13079=CARTESIAN_POINT('',(0.0075,0.0045,0.005));
#13080=CARTESIAN_POINT('',(0.0075,0.,0.005));
#13081=CARTESIAN_POINT('',(0.01,-0.0045,-0.002));
#13082=CARTESIAN_POINT('',(0.01,0.0045,-0.002));
#13083=CARTESIAN_POINT('',(0.0115,0.0045,-0.002));
#13084=CARTESIAN_POINT('',(0.01,-0.0045,-0.002));
#13085=CARTESIAN_POINT('',(0.0115,-0.0045,-0.002));
#13086=CARTESIAN_POINT('',(0.0115,-0.0045,-0.002));
#13087=CARTESIAN_POINT('',(0.01,-0.0045,0.0025));
#13088=CARTESIAN_POINT('',(0.0115,-0.0045,-0.003));
#13089=CARTESIAN_POINT('',(8.67361737988404E-19,-0.0045,0.005));
#13090=CARTESIAN_POINT('',(-0.0065,-0.0045,0.00658484748441787));
#13091=CARTESIAN_POINT('',(0.0125,-0.0045,0.00582842712474619));
#13092=CARTESIAN_POINT('',(0.0125,-0.0045,0.00609858057595119));
#13093=CARTESIAN_POINT('',(0.012297728330997,-0.0045,0.00663380275748509));
#13094=CARTESIAN_POINT('',(0.0117705584290635,-0.0045,0.00687298334620742));
#13095=CARTESIAN_POINT('',(0.0115,-0.0045,0.00687298334620742));
#13096=CARTESIAN_POINT('',(0.01,0.0045,0.0025));
#13097=CARTESIAN_POINT('',(-0.0075,0.0045,0.005));
#13098=CARTESIAN_POINT('',(2.16840434497101E-18,0.0045,0.005));
#13099=CARTESIAN_POINT('',(0.0115,0.0045,-0.003));
#13100=CARTESIAN_POINT('',(0.0115426803694599,0.0045,0.00690412712422512));
#13101=CARTESIAN_POINT('',(0.0118037319798451,0.0045,0.00689271173858339));
#13102=CARTESIAN_POINT('',(0.0123038704779034,0.0045,0.00665181614980092));
#13103=CARTESIAN_POINT('',(0.0125,0.0045,0.00613452447366003));
#13104=CARTESIAN_POINT('',(0.0125,0.0045,0.00587344939950814));
#13105=CARTESIAN_POINT('',(-0.0075,-0.00025,0.031));
#13106=CARTESIAN_POINT('',(0.0115,0.,-0.003));
#13107=CARTESIAN_POINT('',(-0.0065,1.42786118961831E-18,0.00658484748441787));
#13108=CARTESIAN_POINT('',(0.00876195108340954,-4.33680868994202E-19,-0.002));
#13109=CARTESIAN_POINT('',(0.0125,0.00426236394645701,0.00593329292375524));
#13110=CARTESIAN_POINT('',(0.0125,0.00445987538771385,0.00687243330414036));
#13111=CARTESIAN_POINT('',(0.0115411268947007,0.00446799841996061,0.00691105723167365));
#13112=CARTESIAN_POINT('',(0.0125,0.00494017220356317,0.00579074247170491));
#13113=CARTESIAN_POINT('',(0.0125000000000028,0.00532015446263329,0.00664969770969862));
#13114=CARTESIAN_POINT('',(0.011584576141952,0.00536305291332033,0.00672098996228106));
#13115=CARTESIAN_POINT('',(0.0125,0.00619013572647375,0.0050363895924449));
#13116=CARTESIAN_POINT('',(0.0124999999999984,0.00688461914747597,0.00563465320940053));
#13117=CARTESIAN_POINT('',(0.0116647020088031,0.00701364577049138,0.00571518612325584));
#13118=CARTESIAN_POINT('',(0.0125,0.00668019609727614,0.00367976062765686));
#13119=CARTESIAN_POINT('',(0.0125000000000005,0.00749999999998991,0.00386919614697818));
#13120=CARTESIAN_POINT('',(0.0116961161351395,0.00766077677297209,0.00390634750354268));
#13121=CARTESIAN_POINT('',(0.0125,0.00668019609728144,0.00300000000000001));
#13122=CARTESIAN_POINT('',(0.0125,0.0075,0.00300000000000001));
#13123=CARTESIAN_POINT('',(0.0116961161351382,0.00766077677297236,0.00300000000000001));
#13124=CARTESIAN_POINT('',(0.0115,0.00668019609728144,0.003));
#13125=CARTESIAN_POINT('',(0.0115,0.00668019609728145,0.007));
#13126=CARTESIAN_POINT('',(0.0115,0.00668019609728145,-0.003));
#13127=CARTESIAN_POINT('',(0.0125,0.00668019609728144,-0.003));
#13128=CARTESIAN_POINT('',(0.0125,0.0075,-0.003));
#13129=CARTESIAN_POINT('',(0.0116961161351382,0.00766077677297236,-0.003));
#13130=CARTESIAN_POINT('',(0.0125,0.00668019609727531,-0.00378539819248643));
#13131=CARTESIAN_POINT('',(0.0125000000000005,0.00749999999998834,-0.00400427276158266));
#13132=CARTESIAN_POINT('',(0.0116961161351398,0.00766077677297205,-0.00404719758998196));
#13133=CARTESIAN_POINT('',(0.0125,0.00601726399523544,-0.00534994159087955));
#13134=CARTESIAN_POINT('',(0.0124999999999995,0.00666066838047071,-0.00605045807816211));
#13135=CARTESIAN_POINT('',(0.0116536204875702,0.00678536643308699,-0.0061332554545014));
#13136=CARTESIAN_POINT('',(0.0125,0.00442173652987046,-0.00599999999999305));
#13137=CARTESIAN_POINT('',(0.0125000000000006,0.00465197958780288,-0.00694994198614175));
#13138=CARTESIAN_POINT('',(0.0115513430859451,0.00467845195959678,-0.007));
#13139=CARTESIAN_POINT('',(0.0125,0.00362078438912577,-0.006));
#13140=CARTESIAN_POINT('',(0.0125,0.00362078438912577,-0.007));
#13141=CARTESIAN_POINT('',(0.0115,0.00362078438912577,-0.007));
#13142=CARTESIAN_POINT('',(0.0115,0.00362078438912577,-0.006));
#13143=CARTESIAN_POINT('',(0.0115,0.,-0.006));
#13144=CARTESIAN_POINT('',(0.0115,-0.0035,-0.006));
#13145=CARTESIAN_POINT('',(0.0115,-0.0035,-0.003));
#13146=CARTESIAN_POINT('',(0.0115,-0.0065,-0.003));
#13147=CARTESIAN_POINT('',(0.0115,-0.0065,0.007));
#13148=CARTESIAN_POINT('',(0.0115,-0.0065,0.003));
#13149=CARTESIAN_POINT('',(0.0115,-0.0035,0.003));
#13150=CARTESIAN_POINT('',(-0.009,0.00326039219456289,0.005));
#13151=CARTESIAN_POINT('',(0.00498119068303117,0.0258829861809171,0.0965606516741308));
#13152=CARTESIAN_POINT('',(-0.005650000000004,-0.004,0.0117));
#13153=CARTESIAN_POINT('',(-0.005650000000004,-0.004,0.0117));
#13154=CARTESIAN_POINT('',(-0.007150000000004,-0.004,0.0117));
#13155=CARTESIAN_POINT('',(0.014749999999996,7.1E-19,0.0032));
#13156=CARTESIAN_POINT('',(0.014749999999996,7.1E-19,0.0032));
#13157=CARTESIAN_POINT('',(0.014749999999996,-4.73333333333333E-19,0.0032));
#13158=CARTESIAN_POINT('',(0.014749999999996,-0.008,0.0032));
#13159=CARTESIAN_POINT('',(0.014749999999996,-0.008,0.0032));
#13160=CARTESIAN_POINT('',(0.014749999999996,-0.008,0.0022));
#13161=CARTESIAN_POINT('',(0.014749999999996,4.9E-19,0.0022));
#13162=CARTESIAN_POINT('',(0.014749999999996,-3.26666666666666E-19,0.0022));
#13163=CARTESIAN_POINT('',(0.014749999999996,-7.1E-19,0.0032));
#13164=CARTESIAN_POINT('',(-0.01475,4.9E-19,0.0022));
#13165=CARTESIAN_POINT('',(0.014749999999996,-0.008,0.0022));
#13166=CARTESIAN_POINT('',(0.011749999999987,-0.008,0.0022));
#13167=CARTESIAN_POINT('',(0.011749999999987,4.9E-19,0.0022));
#13168=CARTESIAN_POINT('',(0.011749999999987,-3.26666666666666E-19,0.0022));
#13169=CARTESIAN_POINT('',(0.014749999999996,-4.9E-19,0.0022));
#13170=CARTESIAN_POINT('',(0.011749999999987,4.9E-19,0.0022));
#13171=CARTESIAN_POINT('',(0.011749999999987,-0.008,0.0022));
#13172=CARTESIAN_POINT('',(0.011749999999987,-0.008,-0.0083));
#13173=CARTESIAN_POINT('',(0.011749999999987,-1.84E-18,-0.0083));
#13174=CARTESIAN_POINT('',(0.011749999999987,1.22E-18,-0.0083));
#13175=CARTESIAN_POINT('',(0.011749999999987,-4.9E-19,0.0022));
#13176=CARTESIAN_POINT('',(-0.01174999999999,-1.84E-18,-0.0083));
#13177=CARTESIAN_POINT('',(-0.01174999999999,1.84E-18,-0.0083));
#13178=CARTESIAN_POINT('',(-0.01174999999999,1.22E-18,-0.0083));
#13179=CARTESIAN_POINT('',(-0.01174999999999,-0.008,-0.0083));
#13180=CARTESIAN_POINT('',(-0.01174999999999,-0.008,-0.0083));
#13181=CARTESIAN_POINT('',(-0.01174999999999,-1.84E-18,-0.0083));
#13182=CARTESIAN_POINT('',(-0.01174999999999,4.9E-19,0.0022));
#13183=CARTESIAN_POINT('',(-0.01174999999999,-4.9E-19,0.0022));
#13184=CARTESIAN_POINT('',(-0.01174999999999,-3.26666666666666E-19,0.0022));
#13185=CARTESIAN_POINT('',(-0.01174999999999,-0.008,0.0022));
#13186=CARTESIAN_POINT('',(-0.01174999999999,-0.008,0.0022));
#13187=CARTESIAN_POINT('',(-0.01174999999999,4.9E-19,0.0022));
#13188=CARTESIAN_POINT('',(-0.01475,4.9E-19,0.0022));
#13189=CARTESIAN_POINT('',(-0.01475,-4.9E-19,0.0022));
#13190=CARTESIAN_POINT('',(-0.01475,-3.26666666666666E-19,0.0022));
#13191=CARTESIAN_POINT('',(-0.01475,-0.008,0.0022));
#13192=CARTESIAN_POINT('',(-0.01475,-0.008,0.0022));
#13193=CARTESIAN_POINT('',(-0.01475,4.9E-19,0.0022));
#13194=CARTESIAN_POINT('',(-0.01475,7.1E-19,0.0032));
#13195=CARTESIAN_POINT('',(-0.01475,-7.1E-19,0.0032));
#13196=CARTESIAN_POINT('',(-0.01475,-4.73333333333333E-19,0.0032));
#13197=CARTESIAN_POINT('',(-0.01475,-0.008,0.0032));
#13198=CARTESIAN_POINT('',(-0.01475,-0.008,0.0032));
#13199=CARTESIAN_POINT('',(-0.01475,7.1E-19,0.0032));
#13200=CARTESIAN_POINT('',(-0.01175,7.1E-19,0.0032));
#13201=CARTESIAN_POINT('',(-0.01175,-7.1E-19,0.0032));
#13202=CARTESIAN_POINT('',(-0.01175,-4.76E-19,0.0032));
#13203=CARTESIAN_POINT('',(-0.01175,-0.008,0.0032));
#13204=CARTESIAN_POINT('',(-0.01175,-0.008,0.0032));
#13205=CARTESIAN_POINT('',(-0.01175,7.1E-19,0.0032));
#13206=CARTESIAN_POINT('',(-0.01175,7.1E-19,0.0032));
#13207=CARTESIAN_POINT('',(0.011749999999996,7.1E-19,0.0032));
#13208=CARTESIAN_POINT('',(0.011749999999996,-7.15333333333333E-19,0.0032));
#13209=CARTESIAN_POINT('',(0.011749999999996,-0.008,0.0032));
#13210=CARTESIAN_POINT('',(0.011749999999996,-0.008,0.0032));
#13211=CARTESIAN_POINT('',(0.011749999999996,-7.1E-19,0.0032));
#13212=CARTESIAN_POINT('',(-0.005650000000004,-0.004,0.0083));
#13213=CARTESIAN_POINT('',(-0.005650000000004,-0.004,0.0083));
#13214=CARTESIAN_POINT('',(-0.007150000000004,-0.004,0.0083));
#13215=CARTESIAN_POINT('',(-0.01174999999999,4.9E-19,0.0022));
#13216=CARTESIAN_POINT('',(-0.01175,-1.84E-18,0.0083));
#13217=CARTESIAN_POINT('',(-0.01175,-1.22666666666667E-18,0.0083));
#13218=CARTESIAN_POINT('',(-0.01175,-0.008,0.0083));
#13219=CARTESIAN_POINT('',(-0.01175,-0.008,0.0083));
#13220=CARTESIAN_POINT('',(-0.01175,1.84E-18,0.0083));
#13221=CARTESIAN_POINT('',(-4.23282E-15,-0.008,0.00035140997831));
#13222=CARTESIAN_POINT('',(0.011749999999996,-0.008,0.0083));
#13223=CARTESIAN_POINT('',(0.011749999999996,-0.008,0.0083));
#13224=CARTESIAN_POINT('',(0.011749999999996,-0.008,0.0083));
#13225=CARTESIAN_POINT('',(-4.23282E-15,0.,0.00035140997831));
#13226=CARTESIAN_POINT('',(0.011749999999996,-1.84E-18,0.0083));
#13227=CARTESIAN_POINT('',(0.011749999999996,-1.22666666666667E-18,0.0083));
#13228=CARTESIAN_POINT('',(0.011749999999996,-1.84E-18,0.0083));
#13229=CARTESIAN_POINT('',(0.011749999999987,4.9E-19,0.0022));
#13230=CARTESIAN_POINT('',(0.011749999999996,1.84E-18,0.0083));
#13231=CARTESIAN_POINT('',(0.011749999999996,1.84E-18,0.0083));
#13232=CARTESIAN_POINT('',(0.00927842474209625,0.0265321450093313,0.0650366472637958));
#13233=CARTESIAN_POINT('',(-0.019962128902202,0.,0.0300910172821579));
#13234=CARTESIAN_POINT('',(-0.019962128902202,2.75545529808154E-19,0.0300910172821579));
#13235=CARTESIAN_POINT('',(-0.016780225768447,-0.00318198051533946,0.0300688261262496));
#13236=CARTESIAN_POINT('',(-0.016780225768447,0.00318198051533947,0.0300688261262496));
#13237=CARTESIAN_POINT('',(-0.016780225768447,1.7347234759768E-18,0.0300688261262496));
#13238=CARTESIAN_POINT('',(-0.019962128902202,0.,0.0300910172821579));
#13239=CARTESIAN_POINT('',(-0.019962128902202,2.75545529808154E-19,0.0300910172821579));
#13240=CARTESIAN_POINT('',(-0.0231440320359569,-0.00318198051533946,0.0301132084380662));
#13241=CARTESIAN_POINT('',(-0.019962128902202,-0.00318198051533946,0.0300910172821579));
#13242=CARTESIAN_POINT('',(-0.019962128902202,0.,0.0300910172821579));
#13243=CARTESIAN_POINT('',(-0.0231440320359569,1.7347234759768E-18,0.0301132084380662));
#13244=CARTESIAN_POINT('',(-0.0231440320359569,0.00318198051533946,0.0301132084380662));
#13245=CARTESIAN_POINT('',(-0.019962128902202,2.75545529808154E-19,0.0300910172821579));
#13246=CARTESIAN_POINT('',(-0.0155,2.75545529808154E-19,0.));
#13247=CARTESIAN_POINT('',(-0.0154999999999676,2.75545529808154E-19,0.00623066798720448));
#13248=CARTESIAN_POINT('',(-0.0155000000000315,2.75545529808154E-19,0.0101163394005596));
#13249=CARTESIAN_POINT('',(-0.0154999999999677,2.75545529808154E-19,0.0193140287405711));
#13250=CARTESIAN_POINT('',(-0.0154999657679032,2.75545529808154E-19,0.0246500452440183));
#13251=CARTESIAN_POINT('',(-0.0154622383362883,2.75545529808154E-19,0.0300596342485075));
#13252=CARTESIAN_POINT('',(-0.0155,0.00899999999999999,0.));
#13253=CARTESIAN_POINT('',(-0.0154999999999676,0.00899999999999999,0.00623066798720448));
#13254=CARTESIAN_POINT('',(-0.0155000000000315,0.00899999999999999,0.0101163394005596));
#13255=CARTESIAN_POINT('',(-0.0154999999999677,0.00899999999999999,0.0193140287405711));
#13256=CARTESIAN_POINT('',(-0.0154999657679032,0.00899999999999999,0.0246500452440182));
#13257=CARTESIAN_POINT('',(-0.0154622383362883,0.00899999999999999,0.0300596342485076));
#13258=CARTESIAN_POINT('',(-0.0245,0.00899999999999999,0.));
#13259=CARTESIAN_POINT('',(-0.0244999999999676,0.00899999999999999,0.00623066798720448));
#13260=CARTESIAN_POINT('',(-0.0245000000000315,0.00899999999999999,0.0101163385503453));
#13261=CARTESIAN_POINT('',(-0.0244999999999677,0.00899999999999999,0.0193140296131146));
#13262=CARTESIAN_POINT('',(-0.0245000342320545,0.00899999999999999,0.0246716118534696));
#13263=CARTESIAN_POINT('',(-0.0244620194681157,0.00899999999999999,0.0301224003158081));
#13264=CARTESIAN_POINT('',(-0.0245,8.26636589424464E-19,0.));
#13265=CARTESIAN_POINT('',(-0.0244999999999676,8.26636589424464E-19,0.00623066798720448));
#13266=CARTESIAN_POINT('',(-0.0245000000000315,8.26636589424464E-19,0.0101163385503453));
#13267=CARTESIAN_POINT('',(-0.0244999999999677,8.26636589424464E-19,0.0193140296131145));
#13268=CARTESIAN_POINT('',(-0.0245000342320545,8.26636589424464E-19,0.0246716118534696));
#13269=CARTESIAN_POINT('',(-0.0244620194681156,8.26636589424464E-19,0.0301224003158082));
#13270=CARTESIAN_POINT('',(-0.0245,-0.00899999999999999,0.));
#13271=CARTESIAN_POINT('',(-0.0244999999999676,-0.00899999999999999,0.00623066798720448));
#13272=CARTESIAN_POINT('',(-0.0245000000000315,-0.00899999999999999,0.0101163385503453));
#13273=CARTESIAN_POINT('',(-0.0244999999999677,-0.00899999999999999,0.0193140296131146));
#13274=CARTESIAN_POINT('',(-0.0245000342320545,-0.00899999999999999,0.0246716118534696));
#13275=CARTESIAN_POINT('',(-0.0244620194681157,-0.00899999999999999,0.0301224003158081));
#13276=CARTESIAN_POINT('',(-0.0155,-0.00899999999999999,0.));
#13277=CARTESIAN_POINT('',(-0.0154999999999676,-0.00899999999999999,0.00623066798720448));
#13278=CARTESIAN_POINT('',(-0.0155000000000315,-0.00899999999999999,0.0101163394005596));
#13279=CARTESIAN_POINT('',(-0.0154999999999677,-0.00899999999999999,0.0193140287405711));
#13280=CARTESIAN_POINT('',(-0.0154999657679032,-0.00899999999999999,0.0246500452440182));
#13281=CARTESIAN_POINT('',(-0.0154622383362883,-0.00899999999999999,0.0300596342485076));
#13282=CARTESIAN_POINT('',(-0.0155,2.75545529808154E-19,0.));
#13283=CARTESIAN_POINT('',(-0.0154999999999676,2.75545529808154E-19,0.00623066798720448));
#13284=CARTESIAN_POINT('',(-0.0155000000000315,2.75545529808154E-19,0.0101163394005596));
#13285=CARTESIAN_POINT('',(-0.0154999999999677,2.75545529808154E-19,0.0193140287405711));
#13286=CARTESIAN_POINT('',(-0.0154999657679032,2.75545529808154E-19,0.0246500452440183));
#13287=CARTESIAN_POINT('',(-0.0154622383362883,2.75545529808154E-19,0.0300596342485075));
#13288=CARTESIAN_POINT('',(-0.019962128902202,2.75545529808154E-19,0.0300910172821579));
#13289=CARTESIAN_POINT('',(-0.02,2.75545529808154E-19,0.));
#13290=CARTESIAN_POINT('',(-0.0225,0.00374165738677395,0.));
#13291=CARTESIAN_POINT('',(-0.0245,2.75545529808154E-19,0.));
#13292=CARTESIAN_POINT('',(-0.02,2.75545529808154E-19,0.));
#13293=CARTESIAN_POINT('',(-0.0225,-0.00374165738677395,0.));
#13294=CARTESIAN_POINT('',(-0.02,2.75545529808154E-19,0.));
#13295=CARTESIAN_POINT('',(-0.019962128902202,0.,0.0300910172821579));
#13296=CARTESIAN_POINT('',(-0.019962128902202,0.00318198051533947,0.0300910172821579));
#13297=CARTESIAN_POINT('',(-0.02,0.,0.));
#13298=CARTESIAN_POINT('',(-0.0225,0.,0.));
#13299=CARTESIAN_POINT('',(-0.02,0.,0.));
#13300=CARTESIAN_POINT('',(-0.0235,0.00374165738677395,0.));
#13301=CARTESIAN_POINT('',(-0.0245,0.00374165738677395,0.));
#13302=CARTESIAN_POINT('',(-0.0245,0.,0.));
#13303=CARTESIAN_POINT('',(-0.0245,0.,-0.009));
#13304=CARTESIAN_POINT('',(-0.0245,0.,0.));
#13305=CARTESIAN_POINT('',(-0.0245,-0.00374165738677395,0.));
#13306=CARTESIAN_POINT('',(-0.0245,0.00374165738677395,-0.009));
#13307=CARTESIAN_POINT('',(-0.0245,0.00374165738677395,-0.009));
#13308=CARTESIAN_POINT('',(-0.0245,0.,-0.009));
#13309=CARTESIAN_POINT('',(-0.0245,-0.00374165738677395,-0.009));
#13310=CARTESIAN_POINT('',(-0.0245,-0.00374165738677395,-0.009));
#13311=CARTESIAN_POINT('',(-0.0235,0.00374165738677395,-0.009));
#13312=CARTESIAN_POINT('',(-0.0225,0.00374165738677395,-0.009));
#13313=CARTESIAN_POINT('',(-0.0225,0.00374165738677395,-0.009));
#13314=CARTESIAN_POINT('',(-0.0235,0.00374165738677395,-0.009));
#13315=CARTESIAN_POINT('',(-0.0225,0.,-0.009));
#13316=CARTESIAN_POINT('',(-0.0225,-0.00374165738677395,-0.009));
#13317=CARTESIAN_POINT('',(-0.0225,-0.00374165738677395,-0.009));
#13318=CARTESIAN_POINT('',(-0.0225,0.,-0.009));
#13319=CARTESIAN_POINT('',(-0.0235,-0.00374165738677395,-0.009));
#13320=CARTESIAN_POINT('',(-0.0235,-0.00374165738677395,0.));
#13321=CARTESIAN_POINT('',(-0.0235,-0.00374165738677395,-0.009));
#13322=CARTESIAN_POINT('',(-0.02,0.,-0.009));
#13323=CARTESIAN_POINT('',(-0.02,0.,0.));
#13324=CARTESIAN_POINT('',(-0.0167174597011465,1.7347234759768E-18,0.0390686072580769));
#13325=CARTESIAN_POINT('',(-0.0167174597011465,0.00318198051533948,0.0390686072580769));
#13326=CARTESIAN_POINT('',(-0.0167174597011465,0.00318198051533948,0.0390686072580769));
#13327=CARTESIAN_POINT('',(-0.0167174597011465,1.7347234759768E-18,0.0390686072580769));
#13328=CARTESIAN_POINT('',(-0.0167174597011465,-0.00318198051533947,0.0390686072580769));
#13329=CARTESIAN_POINT('',(-0.0167174597011465,-0.00318198051533947,0.0390686072580769));
#13330=CARTESIAN_POINT('',(-0.0198993628349015,0.00318198051533947,0.0390907984139853));
#13331=CARTESIAN_POINT('',(-0.0230812659686564,0.00318198051533946,0.0391129895698935));
#13332=CARTESIAN_POINT('',(-0.0230812659686564,0.00318198051533946,0.0391129895698935));
#13333=CARTESIAN_POINT('',(-0.0198993628349015,0.00318198051533947,0.0390907984139853));
#13334=CARTESIAN_POINT('',(-0.0230812659686564,1.7347234759768E-18,0.0391129895698935));
#13335=CARTESIAN_POINT('',(-0.0230812659686564,-0.00318198051533946,0.0391129895698935));
#13336=CARTESIAN_POINT('',(-0.0230812659686564,-0.00318198051533946,0.0391129895698935));
#13337=CARTESIAN_POINT('',(-0.0230812659686564,1.7347234759768E-18,0.0391129895698935));
#13338=CARTESIAN_POINT('',(-0.0198993628349015,-0.00318198051533946,0.0390907984139853));
#13339=CARTESIAN_POINT('',(-0.0198993628349015,-0.00318198051533946,0.0390907984139853));
#13340=CARTESIAN_POINT('',(-0.0198993628349015,0.,0.0390907984139853));
#13341=CARTESIAN_POINT('',(-0.0123895926465656,0.0226942991555617,0.10627343508418));
#13342=CARTESIAN_POINT('',(-0.007,-0.002,-7.80625564189563E-18));
#13343=CARTESIAN_POINT('',(-0.00657573327295496,-0.002,0.00296984810122041));
#13344=CARTESIAN_POINT('',(-0.00657573327295496,-0.002,0.00296984810122041));
#13345=CARTESIAN_POINT('',(-0.00657573327295496,0.,0.00296984810122041));
#13346=CARTESIAN_POINT('',(-0.007,0.,1.83697019872103E-19));
#13347=CARTESIAN_POINT('',(-0.00657573327295498,0.,-0.00296984810122041));
#13348=CARTESIAN_POINT('',(-0.00657573327295498,-0.002,-0.00296984810122041));
#13349=CARTESIAN_POINT('',(-0.00657573327295498,-0.002,-0.00296984810122041));
#13350=CARTESIAN_POINT('',(-0.007,-0.002,-7.80625564189563E-18));
#13351=CARTESIAN_POINT('',(-0.007,0.003,1.83697019872103E-19));
#13352=CARTESIAN_POINT('',(-0.007,0.003,-0.003));
#13353=CARTESIAN_POINT('',(0.000283022830040923,-0.002,-0.00248240822769611));
#13354=CARTESIAN_POINT('',(0.000283022830040923,0.,-0.00248240822769611));
#13355=CARTESIAN_POINT('',(0.00714177893303682,0.,-0.0019949683541718));
#13356=CARTESIAN_POINT('',(0.00714177893303682,-0.002,-0.0019949683541718));
#13357=CARTESIAN_POINT('',(0.00714177893303682,-0.002,-0.0019949683541718));
#13358=CARTESIAN_POINT('',(0.000283022830040923,-0.002,-0.00248240822769611));
#13359=CARTESIAN_POINT('',(0.007,-0.002,6.0064800355697E-17));
#13360=CARTESIAN_POINT('',(0.007,0.,6.0064800355697E-17));
#13361=CARTESIAN_POINT('',(0.00714177893303681,0.,0.0019949683541718));
#13362=CARTESIAN_POINT('',(0.00714177893303681,-0.002,0.0019949683541718));
#13363=CARTESIAN_POINT('',(0.00714177893303681,-0.002,0.0019949683541718));
#13364=CARTESIAN_POINT('',(0.007,-0.002,6.0064800355697E-17));
#13365=CARTESIAN_POINT('',(0.005,-0.002,3.06161699786839E-20));
#13366=CARTESIAN_POINT('',(0.005,-0.002,3.06161699786839E-20));
#13367=CARTESIAN_POINT('',(0.005,-0.002,-0.0005));
#13368=CARTESIAN_POINT('',(0.005,0.,3.06161699786839E-20));
#13369=CARTESIAN_POINT('',(0.005,0.,-0.0005));
#13370=CARTESIAN_POINT('',(0.003,-0.002,3.06161699786839E-20));
#13371=CARTESIAN_POINT('',(0.003,-0.002,3.06161699786839E-20));
#13372=CARTESIAN_POINT('',(0.003,-0.002,-0.0005));
#13373=CARTESIAN_POINT('',(0.003,0.,3.06161699786839E-20));
#13374=CARTESIAN_POINT('',(0.003,0.,-0.0005));
#13375=CARTESIAN_POINT('',(0.001,-0.002,3.06161699786839E-20));
#13376=CARTESIAN_POINT('',(0.001,-0.002,3.06161699786839E-20));
#13377=CARTESIAN_POINT('',(0.001,-0.002,-0.0005));
#13378=CARTESIAN_POINT('',(0.001,0.,3.06161699786839E-20));
#13379=CARTESIAN_POINT('',(0.001,0.,-0.0005));
#13380=CARTESIAN_POINT('',(-0.001,-0.002,3.06161699786839E-20));
#13381=CARTESIAN_POINT('',(-0.001,-0.002,3.06161699786839E-20));
#13382=CARTESIAN_POINT('',(-0.001,-0.002,-0.0005));
#13383=CARTESIAN_POINT('',(-0.001,0.,3.06161699786839E-20));
#13384=CARTESIAN_POINT('',(-0.001,0.,-0.0005));
#13385=CARTESIAN_POINT('',(-0.007,-0.002,1.53080849893419E-19));
#13386=CARTESIAN_POINT('',(-0.007,-0.002,1.53080849893419E-19));
#13387=CARTESIAN_POINT('',(-0.007,-0.002,-0.0025));
#13388=CARTESIAN_POINT('',(-0.007,0.,1.53080849893419E-19));
#13389=CARTESIAN_POINT('',(-0.007,0.,-0.0025));
#13390=CARTESIAN_POINT('',(0.000283022830040925,-0.002,0.00248240822769611));
#13391=CARTESIAN_POINT('',(0.000283022830040925,0.,0.00248240822769611));
#13392=CARTESIAN_POINT('',(0.000283022830040925,-0.002,0.00248240822769611));
#13393=CARTESIAN_POINT('',(0.007,-0.002,3.06161699786839E-20));
#13394=CARTESIAN_POINT('',(0.007,-0.002,3.06161699786839E-20));
#13395=CARTESIAN_POINT('',(0.007,-0.002,-0.0005));
#13396=CARTESIAN_POINT('',(0.007,0.,3.06161699786839E-20));
#13397=CARTESIAN_POINT('',(0.007,0.,-0.0005));
#13398=CARTESIAN_POINT('',(-0.0005,-0.002,0.));
#13399=CARTESIAN_POINT('',(-0.0005,0.,0.));
#13400=CARTESIAN_POINT('',(-0.007,0.003,6.12323399573677E-20));
#13401=CARTESIAN_POINT('',(-0.007,0.003,6.12323399573677E-20));
#13402=CARTESIAN_POINT('',(-0.007,0.003,-0.001));
#13403=CARTESIAN_POINT('',(-0.007,0.,6.12323399573677E-20));
#13404=CARTESIAN_POINT('',(-0.007,0.,-0.001));
#13405=CARTESIAN_POINT('',(-0.0005,0.003,0.));
#13406=CARTESIAN_POINT('',(-0.0005,0.,0.));
#13407=CARTESIAN_POINT('',(0.00777936578545018,0.0156696600835914,0.0789426206479342));
#13408=CARTESIAN_POINT('',(-0.0005,0.0075,-2.08333333333345E-5));
#13409=CARTESIAN_POINT('',(0.017,0.0075,0.0005));
#13410=CARTESIAN_POINT('',(0.017,0.0075,0.003));
#13411=CARTESIAN_POINT('',(0.017,0.0075,-0.007));
#13412=CARTESIAN_POINT('',(0.0055,0.0075,-0.007));
#13413=CARTESIAN_POINT('',(-0.006,0.0075,-0.007));
#13414=CARTESIAN_POINT('',(-0.00995833333333333,0.0075,-2.22713354313397E-18));
#13415=CARTESIAN_POINT('',(-0.018,0.0075,-9.8482013431433E-19));
#13416=CARTESIAN_POINT('',(-0.018,0.0075,0.004));
#13417=CARTESIAN_POINT('',(-0.018,0.0075,0.003));
#13418=CARTESIAN_POINT('',(-0.0005,0.0075,0.003));
#13419=CARTESIAN_POINT('',(-0.0140590169943749,0.0075,0.003));
#13420=CARTESIAN_POINT('',(-0.0135,0.0075,0.0025));
#13421=CARTESIAN_POINT('',(-0.012940983005625,0.0075,0.003));
#13422=CARTESIAN_POINT('',(-0.0005,0.0075,0.003));
#13423=CARTESIAN_POINT('',(-0.012,0.0075,0.003));
#13424=CARTESIAN_POINT('',(-0.012,0.0075,0.));
#13425=CARTESIAN_POINT('',(-0.012,0.0075,-0.0045));
#13426=CARTESIAN_POINT('',(0.,0.0075,-0.0045));
#13427=CARTESIAN_POINT('',(0.012,0.0075,-0.0045));
#13428=CARTESIAN_POINT('',(0.012,0.0075,0.));
#13429=CARTESIAN_POINT('',(0.012,0.0075,0.003));
#13430=CARTESIAN_POINT('',(-0.0005,0.0075,0.003));
#13431=CARTESIAN_POINT('',(0.012940983005625,0.0075,0.003));
#13432=CARTESIAN_POINT('',(0.0135,0.0075,0.0025));
#13433=CARTESIAN_POINT('',(0.0140590169943749,0.0075,0.003));
#13434=CARTESIAN_POINT('',(-0.0005,0.0075,0.003));
#13435=CARTESIAN_POINT('',(0.0135,0.0075,-0.0025));
#13436=CARTESIAN_POINT('',(0.0135,0.0075,-0.00325));
#13437=CARTESIAN_POINT('',(-0.0135,0.0075,3.35274088104881E-18));
#13438=CARTESIAN_POINT('',(-0.0135,0.0075,-0.000749999999999997));
#13439=CARTESIAN_POINT('',(0.0135,0.0075,4.59242549680257E-20));
#13440=CARTESIAN_POINT('',(0.0135,0.0075,-0.00075));
#13441=CARTESIAN_POINT('',(-0.0135,0.0075,-0.0025));
#13442=CARTESIAN_POINT('',(-0.0135,0.0075,-0.00325));
#13443=CARTESIAN_POINT('',(-0.0005,-0.0075,-2.08333333333345E-5));
#13444=CARTESIAN_POINT('',(-0.018,-0.0075,0.004));
#13445=CARTESIAN_POINT('',(-0.018,-0.0075,-9.8482013431433E-19));
#13446=CARTESIAN_POINT('',(-0.018,-0.0075,0.003));
#13447=CARTESIAN_POINT('',(-0.00995833333333333,-0.0075,-2.22713354313397E-18));
#13448=CARTESIAN_POINT('',(-0.006,-0.0075,-0.007));
#13449=CARTESIAN_POINT('',(0.0055,-0.0075,-0.007));
#13450=CARTESIAN_POINT('',(0.017,-0.0075,-0.007));
#13451=CARTESIAN_POINT('',(0.017,-0.0075,0.0005));
#13452=CARTESIAN_POINT('',(0.017,-0.0075,0.003));
#13453=CARTESIAN_POINT('',(0.032,-0.0075,0.003));
#13454=CARTESIAN_POINT('',(0.0155,-0.0075,0.003));
#13455=CARTESIAN_POINT('',(0.0155,-0.0075,0.));
#13456=CARTESIAN_POINT('',(0.0155,-0.0075,-0.0045));
#13457=CARTESIAN_POINT('',(0.,-0.0075,-0.0045));
#13458=CARTESIAN_POINT('',(-0.0155,-0.0075,-0.0045));
#13459=CARTESIAN_POINT('',(-0.0155,-0.0075,0.));
#13460=CARTESIAN_POINT('',(-0.0155,-0.0075,0.003));
#13461=CARTESIAN_POINT('',(0.032,-0.0075,0.003));
#13462=CARTESIAN_POINT('',(0.,0.0075,0.0045));
#13463=CARTESIAN_POINT('',(-0.01,-4.59242549680257E-20,0.0045));
#13464=CARTESIAN_POINT('',(-0.01075,-4.59242549680257E-20,0.0045));
#13465=CARTESIAN_POINT('',(-0.005,-4.59242549680257E-20,0.0045));
#13466=CARTESIAN_POINT('',(-0.00575,-4.59242549680257E-20,0.0045));
#13467=CARTESIAN_POINT('',(-3.46944695195361E-18,-4.59242549680257E-20,
0.0045));
#13468=CARTESIAN_POINT('',(-0.000750000000000003,-4.59242549680257E-20,
0.0045));
#13469=CARTESIAN_POINT('',(0.005,-4.59242549680257E-20,0.0045));
#13470=CARTESIAN_POINT('',(0.00425,-4.59242549680257E-20,0.0045));
#13471=CARTESIAN_POINT('',(0.01,-4.59242549680257E-20,0.0045));
#13472=CARTESIAN_POINT('',(0.00925,-4.59242549680257E-20,0.0045));
#13473=CARTESIAN_POINT('',(-0.0155,-0.0015,0.0045));
#13474=CARTESIAN_POINT('',(-0.0155,-0.0015,0.0045));
#13475=CARTESIAN_POINT('',(-0.0155,-0.00726969600708473,0.0045));
#13476=CARTESIAN_POINT('',(-0.01375,-0.0015,0.0045));
#13477=CARTESIAN_POINT('',(-0.012,-0.0015,0.0045));
#13478=CARTESIAN_POINT('',(-0.012,0.0075,0.0045));
#13479=CARTESIAN_POINT('',(-0.012,0.00726969600708473,0.0045));
#13480=CARTESIAN_POINT('',(0.012,0.00726969600708473,0.0045));
#13481=CARTESIAN_POINT('',(0.012,0.00726969600708473,0.0045));
#13482=CARTESIAN_POINT('',(0.012,0.0075,0.0045));
#13483=CARTESIAN_POINT('',(0.012,-0.0015,0.0045));
#13484=CARTESIAN_POINT('',(0.01375,-0.0015,0.0045));
#13485=CARTESIAN_POINT('',(0.0155,-0.0015,0.0045));
#13486=CARTESIAN_POINT('',(0.0155,-0.0015,0.0045));
#13487=CARTESIAN_POINT('',(0.0155,-0.00726969600708473,0.0045));
#13488=CARTESIAN_POINT('',(-0.0155,-0.00726969600708473,0.0045));
#13489=CARTESIAN_POINT('',(0.012,0.0075,0.));
#13490=CARTESIAN_POINT('',(0.012,0.0075,-0.0045));
#13491=CARTESIAN_POINT('',(0.012,-0.0015,-0.0045));
#13492=CARTESIAN_POINT('',(0.012,-0.0015,0.));
#13493=CARTESIAN_POINT('',(0.012,0.0025,0.003));
#13494=CARTESIAN_POINT('',(0.,0.0075,-0.0045));
#13495=CARTESIAN_POINT('',(0.0155,-0.0015,-0.0045));
#13496=CARTESIAN_POINT('',(0.0155,-0.0015,-0.0045));
#13497=CARTESIAN_POINT('',(0.01375,-0.0015,-0.0045));
#13498=CARTESIAN_POINT('',(-0.012,0.0075,-0.0045));
#13499=CARTESIAN_POINT('',(-0.012,-0.0015,-0.0045));
#13500=CARTESIAN_POINT('',(-0.01375,-0.0015,-0.0045));
#13501=CARTESIAN_POINT('',(-0.0155,-0.0015,-0.0045));
#13502=CARTESIAN_POINT('',(-0.0155,-0.0015,-0.0045));
#13503=CARTESIAN_POINT('',(-0.018,0.0075,0.004));
#13504=CARTESIAN_POINT('',(-0.018,0.0075,-9.8482013431433E-19));
#13505=CARTESIAN_POINT('',(-0.018,0.0075,0.003));
#13506=CARTESIAN_POINT('',(-0.00995833333333333,0.0075,-2.22713354313397E-18));
#13507=CARTESIAN_POINT('',(-0.006,0.0075,-0.007));
#13508=CARTESIAN_POINT('',(0.0055,0.0075,-0.007));
#13509=CARTESIAN_POINT('',(0.017,0.0075,-0.007));
#13510=CARTESIAN_POINT('',(0.017,0.0075,0.0005));
#13511=CARTESIAN_POINT('',(0.017,0.007502,0.003));
#13512=CARTESIAN_POINT('',(-0.0005,0.0075,0.008));
#13513=CARTESIAN_POINT('',(0.032,0.007502,0.008));
#13514=CARTESIAN_POINT('',(0.032,0.0025,0.008));
#13515=CARTESIAN_POINT('',(0.032,-0.0025,0.008));
#13516=CARTESIAN_POINT('',(-0.0005,0.0025,0.008));
#13517=CARTESIAN_POINT('',(-0.013,0.0025,0.008));
#13518=CARTESIAN_POINT('',(-0.013,0.0075,0.008));
#13519=CARTESIAN_POINT('',(-0.013,-0.0025,0.008));
#13520=CARTESIAN_POINT('',(-0.018,-0.0025,0.008));
#13521=CARTESIAN_POINT('',(-0.01,-4.59242549680257E-20,0.008));
#13522=CARTESIAN_POINT('',(-0.00925,-4.59242549680257E-20,0.008));
#13523=CARTESIAN_POINT('',(-0.005,-4.59242549680257E-20,0.008));
#13524=CARTESIAN_POINT('',(-0.00425,-4.59242549680257E-20,0.008));
#13525=CARTESIAN_POINT('',(-3.46944695195361E-18,-4.59242549680257E-20,
0.008));
#13526=CARTESIAN_POINT('',(0.000749999999999997,-4.59242549680257E-20,0.008));
#13527=CARTESIAN_POINT('',(0.005,-4.59242549680257E-20,0.008));
#13528=CARTESIAN_POINT('',(0.00575,-4.59242549680257E-20,0.008));
#13529=CARTESIAN_POINT('',(0.01,-4.59242549680257E-20,0.008));
#13530=CARTESIAN_POINT('',(0.01075,-4.59242549680257E-20,0.008));
#13531=CARTESIAN_POINT('',(0.015,-4.59242549680257E-20,0.008));
#13532=CARTESIAN_POINT('',(0.01575,-4.59242549680257E-20,0.008));
#13533=CARTESIAN_POINT('',(0.02,-4.59242549680257E-20,0.008));
#13534=CARTESIAN_POINT('',(0.02075,-4.59242549680257E-20,0.008));
#13535=CARTESIAN_POINT('',(0.025,-4.59242549680257E-20,0.008));
#13536=CARTESIAN_POINT('',(0.02575,-4.59242549680257E-20,0.008));
#13537=CARTESIAN_POINT('',(0.03,-4.59242549680257E-20,0.008));
#13538=CARTESIAN_POINT('',(0.03075,-4.59242549680257E-20,0.008));
#13539=CARTESIAN_POINT('',(-0.012,0.0075,0.));
#13540=CARTESIAN_POINT('',(-0.012,-0.0015,0.));
#13541=CARTESIAN_POINT('',(-0.012,0.0025,0.003));
#13542=CARTESIAN_POINT('',(-0.0155,-0.0015,0.));
#13543=CARTESIAN_POINT('',(-0.0155,-0.0015,0.));
#13544=CARTESIAN_POINT('',(-0.0155,-0.0025,0.003));
#13545=CARTESIAN_POINT('',(-0.0005,-0.0015,-2.08333333333345E-5));
#13546=CARTESIAN_POINT('',(-0.0135,-0.0015,-0.0025));
#13547=CARTESIAN_POINT('',(-0.0135,-0.0015,-0.00175));
#13548=CARTESIAN_POINT('',(-0.0135,-0.0015,3.35274088104881E-18));
#13549=CARTESIAN_POINT('',(-0.0135,-0.0015,0.000750000000000003));
#13550=CARTESIAN_POINT('',(-0.0135,-0.0015,0.0025));
#13551=CARTESIAN_POINT('',(-0.0135,-0.0015,0.00325));
#13552=CARTESIAN_POINT('',(0.0155,-0.0015,0.));
#13553=CARTESIAN_POINT('',(0.0155,-0.0015,0.));
#13554=CARTESIAN_POINT('',(0.0155,-0.0025,0.003));
#13555=CARTESIAN_POINT('',(-0.0005,-0.0015,-2.08333333333345E-5));
#13556=CARTESIAN_POINT('',(0.0135,-0.0015,0.0025));
#13557=CARTESIAN_POINT('',(0.0135,-0.0015,0.00325));
#13558=CARTESIAN_POINT('',(0.0135,-0.0015,-0.0025));
#13559=CARTESIAN_POINT('',(0.0135,-0.0015,-0.00175));
#13560=CARTESIAN_POINT('',(0.0135,-0.0015,4.59242549680257E-20));
#13561=CARTESIAN_POINT('',(0.0135,-0.0015,0.00075));
#13562=CARTESIAN_POINT('',(0.0135,0.0398299112952151,4.59242549680257E-20));
#13563=CARTESIAN_POINT('',(0.0135,0.0398299112952151,-0.0025));
#13564=CARTESIAN_POINT('',(0.0135,0.0398299112952151,0.0025));
#13565=CARTESIAN_POINT('',(0.0140590169943749,0.0075,0.003));
#13566=CARTESIAN_POINT('',(0.013917487730421,0.0075,0.00315823452750324));
#13567=CARTESIAN_POINT('',(0.0135000427106634,0.00748749217774945,0.00334176553405736));
#13568=CARTESIAN_POINT('',(0.0130825121583711,0.0075,0.00315823440316907));
#13569=CARTESIAN_POINT('',(0.012940983005625,0.0075,0.003));
#13570=CARTESIAN_POINT('',(-0.0135,0.0398299112952151,0.0025));
#13571=CARTESIAN_POINT('',(-0.012940983005625,0.0075,0.003));
#13572=CARTESIAN_POINT('',(-0.013082512269579,0.0075,0.00315823452750325));
#13573=CARTESIAN_POINT('',(-0.0134999572893366,0.00748749217774945,0.00334176553405736));
#13574=CARTESIAN_POINT('',(-0.0139174878416289,0.0075,0.00315823440316906));
#13575=CARTESIAN_POINT('',(-0.0140590169943749,0.0075,0.003));
#13576=CARTESIAN_POINT('',(-0.0135,0.0398299112952151,3.35274088104881E-18));
#13577=CARTESIAN_POINT('',(-0.0135,0.0398299112952151,-0.0025));
#13578=CARTESIAN_POINT('',(0.032,0.007502,0.0055));
#13579=CARTESIAN_POINT('',(0.032,0.007502,0.003));
#13580=CARTESIAN_POINT('',(0.032,0.0025,0.003));
#13581=CARTESIAN_POINT('',(0.032,-0.0025,0.003));
#13582=CARTESIAN_POINT('',(0.032,0.0025,0.0055));
#13583=CARTESIAN_POINT('',(0.032,-0.0025,0.008));
#13584=CARTESIAN_POINT('',(0.0245,0.007502,0.003));
#13585=CARTESIAN_POINT('',(0.02,-4.59242549680257E-20,0.003));
#13586=CARTESIAN_POINT('',(0.02075,-4.59242549680257E-20,0.003));
#13587=CARTESIAN_POINT('',(0.025,-4.59242549680257E-20,0.003));
#13588=CARTESIAN_POINT('',(0.02575,-4.59242549680257E-20,0.003));
#13589=CARTESIAN_POINT('',(0.03,-4.59242549680257E-20,0.003));
#13590=CARTESIAN_POINT('',(0.03075,-4.59242549680257E-20,0.003));
#13591=CARTESIAN_POINT('',(0.0245,-0.0075,0.003));
#13592=CARTESIAN_POINT('',(0.027,-0.0075,0.003));
#13593=CARTESIAN_POINT('',(0.0245,0.0075,0.003));
#13594=CARTESIAN_POINT('',(0.027,0.0075,0.003));
#13595=CARTESIAN_POINT('',(0.027,0.0025,0.003));
#13596=CARTESIAN_POINT('',(0.027,-0.0025,0.003));
#13597=CARTESIAN_POINT('',(0.03,-4.59242549680257E-20,0.002998));
#13598=CARTESIAN_POINT('',(0.025,-4.59242549680257E-20,0.002998));
#13599=CARTESIAN_POINT('',(0.02,-4.59242549680257E-20,0.002998));
#13600=CARTESIAN_POINT('',(0.0245,0.007502,0.003));
#13601=CARTESIAN_POINT('',(0.015,-4.59242549680257E-20,0.003));
#13602=CARTESIAN_POINT('',(0.01575,-4.59242549680257E-20,0.003));
#13603=CARTESIAN_POINT('',(0.015,-4.59242549680257E-20,0.002998));
#13604=CARTESIAN_POINT('',(0.01,-4.59242549680257E-20,0.002998));
#13605=CARTESIAN_POINT('',(0.005,-4.59242549680257E-20,0.002998));
#13606=CARTESIAN_POINT('',(-3.46944695195361E-18,-4.59242549680257E-20,
0.002998));
#13607=CARTESIAN_POINT('',(-0.005,-4.59242549680257E-20,0.002998));
#13608=CARTESIAN_POINT('',(-0.01,-4.59242549680257E-20,0.002998));
#13609=CARTESIAN_POINT('',(0.0245,0.007502,0.003));
#13610=CARTESIAN_POINT('',(-0.015,-4.59242549680257E-20,0.003));
#13611=CARTESIAN_POINT('',(-0.01425,-4.59242549680257E-20,0.003));
#13612=CARTESIAN_POINT('',(-0.015,-4.59242549680257E-20,0.002998));
#13613=CARTESIAN_POINT('',(-0.0155686223554688,-0.000599886673592708,0.00729910729292126));
#13614=CARTESIAN_POINT('',(-0.0158406189781882,2.02909097239663E-8,0.00711421354076251));
#13615=CARTESIAN_POINT('',(-0.0155689017317783,0.000599805509953809,0.00729897817676384));
#13616=CARTESIAN_POINT('',(-0.0150274540115288,0.000820583220536005,0.00758715080164442));
#13617=CARTESIAN_POINT('',(-0.0144354267862785,0.00061641371035363,0.00779777344180772));
#13618=CARTESIAN_POINT('',(-0.0141578905870614,1.16045574221623E-6,0.0078627705521924));
#13619=CARTESIAN_POINT('',(-0.0144330153153257,-0.000614727134749158,0.00779851829703166));
#13620=CARTESIAN_POINT('',(-0.0150278624976956,-0.000820991246830575,0.00758704892965882));
#13621=CARTESIAN_POINT('',(-0.0155686223554688,-0.000599886673592708,0.00729910729292126));
#13622=CARTESIAN_POINT('',(-0.0158406189781882,2.02909097239663E-8,0.00711421354076251));
#13623=CARTESIAN_POINT('',(-0.0155689017317783,0.000599805509953809,0.00729897817676384));
#13624=CARTESIAN_POINT('',(-0.01575,-7.10102211658468E-19,0.00717582327212252));
#13625=CARTESIAN_POINT('',(0.027,0.0025,0.0055));
#13626=CARTESIAN_POINT('',(0.027,0.0025,0.003));
#13627=CARTESIAN_POINT('',(-0.0005,0.0025,0.003));
#13628=CARTESIAN_POINT('',(-0.013,0.0025,0.003));
#13629=CARTESIAN_POINT('',(-0.013,0.0075,0.003));
#13630=CARTESIAN_POINT('',(-0.013,-0.0025,0.003));
#13631=CARTESIAN_POINT('',(-0.0005,-0.0025,0.003));
#13632=CARTESIAN_POINT('',(0.027,-0.0025,0.003));
#13633=CARTESIAN_POINT('',(0.027,-0.0025,-2.08333333333345E-5));
#13634=CARTESIAN_POINT('',(0.00557345601190064,0.0248595974276431,0.0648684470995075));
#13635=CARTESIAN_POINT('',(0.,0.,0.));
#13636=CARTESIAN_POINT('',(0.00820456897091917,-0.00261671435014112,0.0965483355000125));
#13637=CARTESIAN_POINT('',(-0.00977695901831678,-0.00272962774155964,0.105653383645868));
#13638=CARTESIAN_POINT('',(0.00657308497935428,-0.00323749087864487,0.146606172828571));
#13639=CARTESIAN_POINT('',(0.00914737772613785,-0.0108842733347781,0.0777521813401644));
#13640=CARTESIAN_POINT('',(0.0095,0.000274733710783984,0.0649984622833329));
#13641=CARTESIAN_POINT('',(0.0135,0.000971579832684075,0.0652571232243306));
#13642=CARTESIAN_POINT('',(0.,0.,0.));
#13643=CARTESIAN_POINT('',(-0.00741986296395943,-0.0569029720230478,0.0467165257814065));
#13644=CARTESIAN_POINT('',(-0.000547682957541337,-0.0152500000000104,0.025903111233088));
#13645=CARTESIAN_POINT('',(-0.0179118789789459,-0.0491965772390699,0.0351297517139685));
#13646=CARTESIAN_POINT('',(-0.0226039864469808,-0.01,6.92047491256628E-18));
#13647=CARTESIAN_POINT('',(-0.0452079728939615,-0.01,6.93889390390723E-18));
#13648=CARTESIAN_POINT('',(-0.0452079728939615,-0.002,6.93889390390723E-18));
#13649=CARTESIAN_POINT('',(-0.0452079728939615,0.002,6.93889390390723E-18));
#13650=CARTESIAN_POINT('',(-0.0258384030956126,-0.0148684417477151,5.93022041360229E-18));
#13651=CARTESIAN_POINT('',(-0.0331663783151692,-0.01,3.68667506438702E-18));
#13652=CARTESIAN_POINT('',(-0.0226039864469808,-0.01,6.92047491256628E-18));
#13653=CARTESIAN_POINT('',(0.,-0.01,1.38409498251325E-17));
#13654=CARTESIAN_POINT('',(0.,-0.01,1.38409498251325E-17));
#13655=CARTESIAN_POINT('',(0.,-0.00228931738320391,1.38409498251325E-17));
#13656=CARTESIAN_POINT('',(-0.0226039864469808,-0.00228931738320391,6.92047491256628E-18));
#13657=CARTESIAN_POINT('',(-0.002,-0.00228931738320391,1.33363666821896E-17));
#13658=CARTESIAN_POINT('',(-0.002,-0.01,1.32286264255589E-17));
#13659=CARTESIAN_POINT('',(-0.002,0.00228931738320391,1.33363666821896E-17));
#13660=CARTESIAN_POINT('',(-0.0226039864469808,0.00228931738320391,6.92047491256628E-18));
#13661=CARTESIAN_POINT('',(0.,0.00228931738320391,1.38409498251325E-17));
#13662=CARTESIAN_POINT('',(0.,-0.01,1.38409498251325E-17));
#13663=CARTESIAN_POINT('',(0.,0.01,1.38409498251325E-17));
#13664=CARTESIAN_POINT('',(-0.0226039864469808,0.01,6.92047491256628E-18));
#13665=CARTESIAN_POINT('',(-0.0331663783151692,0.01,3.68667506438702E-18));
#13666=CARTESIAN_POINT('',(-0.0350568487061713,0.00874403983383952,3.10788543608112E-18));
#13667=CARTESIAN_POINT('',(-0.0241422227034954,-0.0065,6.44952588559801E-18));
#13668=CARTESIAN_POINT('',(-0.0241422227034954,-0.005,6.44952588559801E-18));
#13669=CARTESIAN_POINT('',(-0.0241422227034954,-0.008,6.44952588559801E-18));
#13670=CARTESIAN_POINT('',(-0.0191422227034954,-0.005,7.9803343845322E-18));
#13671=CARTESIAN_POINT('',(-0.0141422227034954,-0.005,9.51114288346639E-18));
#13672=CARTESIAN_POINT('',(-0.0141422227034954,-0.0065,9.51114288346639E-18));
#13673=CARTESIAN_POINT('',(-0.0141422227034954,-0.008,9.51114288346639E-18));
#13674=CARTESIAN_POINT('',(-0.0191422227034954,-0.008,7.9803343845322E-18));
#13675=CARTESIAN_POINT('',(-0.00621474974004688,0.000606601717798222,-0.00790154373949677));
#13676=CARTESIAN_POINT('',(-0.010360208134158,0.00773773447853214,-0.0232989606319095));
#13677=CARTESIAN_POINT('',(-0.0184605876558898,0.002,-0.0237754535449526));
#13678=CARTESIAN_POINT('',(-0.0119571110033464,0.00660660171779821,-0.023392896094803));
#13679=CARTESIAN_POINT('',(-0.00173029382794493,0.00660660171779821,-0.0118877267724763));
#13680=CARTESIAN_POINT('',(-0.00173029382794493,0.00660660171779821,-0.0118877267724763));
#13681=CARTESIAN_POINT('',(-0.00621474974004688,0.000606601717798222,-0.00790154373949677));
#13682=CARTESIAN_POINT('',(-0.0141422227034954,-0.01,-0.000854901105320315));
#13683=CARTESIAN_POINT('',(-0.0165992531786986,-0.01,-0.00361906038992395));
#13684=CARTESIAN_POINT('',(-0.0221145887694544,-0.01,-0.00982381292952422));
#13685=CARTESIAN_POINT('',(-0.0218595504693547,-0.00692893218813451,-0.0141594640312199));
#13686=CARTESIAN_POINT('',(-0.021948497809747,-0.008,-0.0126473592445514));
#13687=CARTESIAN_POINT('',(-0.0126474040661281,-0.008,-0.00218362878298016));
#13688=CARTESIAN_POINT('',(-0.0141422227034954,-0.008,-0.00386529975001838));
#13689=CARTESIAN_POINT('',(-0.0141422227034954,-0.00350409081398003,-0.0106325392101584));
#13690=CARTESIAN_POINT('',(-0.0141422227034954,-0.005,-0.00838089771706549));
#13691=CARTESIAN_POINT('',(-0.0104051761100771,-0.005,-0.00417672029946992));
#13692=CARTESIAN_POINT('',(-0.0216993613701857,-0.005,-0.0168826787170921));
#13693=CARTESIAN_POINT('',(-0.0218595504693547,-0.00692893218813451,-0.0141594640312199));
#13694=CARTESIAN_POINT('',(-0.0214502249306245,-0.002,-0.0211179981896329));
#13695=CARTESIAN_POINT('',(-0.0195020265166453,0.000606601717798222,-0.02284973011317));
#13696=CARTESIAN_POINT('',(-0.0283912632235791,-0.002,-0.0149481863736732));
#13697=CARTESIAN_POINT('',(-0.0263981717070894,-0.005,-0.0127059584176222));
#13698=CARTESIAN_POINT('',(-0.0241422227034954,-0.005,-0.0147112464208169));
#13699=CARTESIAN_POINT('',(-0.0241422227034954,-0.00381115834660918,-0.0163018629995406));
#13700=CARTESIAN_POINT('',(-0.0241422227034954,-0.008,-0.0106973815612194));
#13701=CARTESIAN_POINT('',(-0.0244050801905996,-0.008,-0.0104637304615712));
#13702=CARTESIAN_POINT('',(-0.0206193220377366,-0.01,-0.0111529389132735));
#13703=CARTESIAN_POINT('',(-0.0283912632235791,-0.002,-0.0149481863736732));
#13704=CARTESIAN_POINT('',(-0.0151039864469807,-0.01,-0.00494818637367318));
#13705=CARTESIAN_POINT('',(-0.0126469559717775,-0.01,-0.00218402708906954));
#13706=CARTESIAN_POINT('',(-0.00357225875223072,-0.01,-0.0102504246175556));
#13707=CARTESIAN_POINT('',(-0.00602928922743395,-0.01,-0.0130145839021592));
#13708=CARTESIAN_POINT('',(0.00553922979670758,-0.01,-1.7347234759768E-18));
#13709=CARTESIAN_POINT('',(0.01,-0.01,0.));
#13710=CARTESIAN_POINT('',(0.005,-0.01,0.));
#13711=CARTESIAN_POINT('',(0.005,-0.01,0.01));
#13712=CARTESIAN_POINT('',(0.005,-0.01,0.01));
#13713=CARTESIAN_POINT('',(0.025,-0.01,0.01));
#13714=CARTESIAN_POINT('',(1.5421560767505E-18,-0.01,0.01));
#13715=CARTESIAN_POINT('',(1.5421560767505E-18,-0.01,0.01));
#13716=CARTESIAN_POINT('',(0.00171272322340161,-0.01,-0.0149481863736732));
#13717=CARTESIAN_POINT('',(0.00171272322340161,-0.01,-0.0149481863736732));
#13718=CARTESIAN_POINT('',(0.00171272322340161,-0.00292893218813453,-0.0149481863736732));
#13719=CARTESIAN_POINT('',(0.00171272322340161,0.002,-0.0149481863736732));
#13720=CARTESIAN_POINT('',(0.015,0.002,-7.80625564189563E-18));
#13721=CARTESIAN_POINT('',(0.015,0.002,0.));
#13722=CARTESIAN_POINT('',(0.015,-0.01,0.));
#13723=CARTESIAN_POINT('',(0.015,-0.00292893218813453,0.));
#13724=CARTESIAN_POINT('',(0.00171272322340161,-0.00292893218813453,-0.0149481863736732));
#13725=CARTESIAN_POINT('',(0.01,-0.01,0.));
#13726=CARTESIAN_POINT('',(0.0175464257279185,9.67776816179419E-5,0.));
#13727=CARTESIAN_POINT('',(0.005,0.0094740931868366,0.));
#13728=CARTESIAN_POINT('',(0.005,-0.01,0.));
#13729=CARTESIAN_POINT('',(0.00840122837846599,-0.00786091558993434,0.));
#13730=CARTESIAN_POINT('',(-0.00981900447134839,-0.00469669914110089,-0.00469776175611764));
#13731=CARTESIAN_POINT('',(-0.00155055295273355,0.00636611652351682,-0.0120474964393308));
#13732=CARTESIAN_POINT('',(-0.00471376337092743,-0.011527281758685,-0.00923575384538072));
#13733=CARTESIAN_POINT('',(-0.0283912632235791,-0.01,-0.0149481863736732));
#13734=CARTESIAN_POINT('',(-0.0124813131064206,0.002,-0.0290903642555919));
#13735=CARTESIAN_POINT('',(-0.0151039864469807,0.01,-0.00494818637367318));
#13736=CARTESIAN_POINT('',(0.005,0.01,0.01));
#13737=CARTESIAN_POINT('',(0.005,0.01,0.01));
#13738=CARTESIAN_POINT('',(0.005,0.01,0.000791594578792281));
#13739=CARTESIAN_POINT('',(-0.00426655132606766,0.01,-0.00963327566303384));
#13740=CARTESIAN_POINT('',(-0.0122389173920267,0.01,-0.0186021874872377));
#13741=CARTESIAN_POINT('',(-0.0398930621833221,0.01,0.00597927454946928));
#13742=CARTESIAN_POINT('',(1.5421560767505E-18,0.01,0.01));
#13743=CARTESIAN_POINT('',(1.5421560767505E-18,0.01,0.01));
#13744=CARTESIAN_POINT('',(0.025,0.01,0.01));
#13745=CARTESIAN_POINT('',(0.005,-0.01,0.01));
#13746=CARTESIAN_POINT('',(0.005,4.70072552955121E-17,0.002));
#13747=CARTESIAN_POINT('',(0.005,4.70072552955121E-17,0.0015));
#13748=CARTESIAN_POINT('',(0.005,4.72521846553416E-17,0.004));
#13749=CARTESIAN_POINT('',(0.005,4.72521846553416E-17,0.0035));
#13750=CARTESIAN_POINT('',(0.005,-1.37772764904077E-18,0.01));
#13751=CARTESIAN_POINT('',(0.005,-1.37772764904077E-18,0.0075));
#13752=CARTESIAN_POINT('',(0.005,0.00811995731289327,-0.00203824439982804));
#13753=CARTESIAN_POINT('',(0.005,-5.11233613721114E-20,0.01));
#13754=CARTESIAN_POINT('',(1.5421560767505E-18,-0.01,0.01));
#13755=CARTESIAN_POINT('',(1.6547310694236E-18,0.00293467088597755,0.00908075542473573));
#13756=CARTESIAN_POINT('',(2.16840434497101E-18,0.00296984810122041,0.00957573327295498));
#13757=CARTESIAN_POINT('',(1.7347234759768E-18,2.16840434497101E-17,0.01));
#13758=CARTESIAN_POINT('',(2.16840434497101E-18,-0.00296984810122041,0.00957573327295499));
#13759=CARTESIAN_POINT('',(1.48153877300345E-18,-0.00303517721524286,0.0104949778482192));
#13760=CARTESIAN_POINT('',(1.5421560767505E-18,-5.11233613721114E-20,0.01));
#13761=CARTESIAN_POINT('',(0.025,-5.11233613721114E-20,0.01));
#13762=CARTESIAN_POINT('',(0.002,2.16840434497101E-17,0.01));
#13763=CARTESIAN_POINT('',(0.002,0.00296984810122041,0.00957573327295498));
#13764=CARTESIAN_POINT('',(0.002,0.00296984810122041,0.00957573327295498));
#13765=CARTESIAN_POINT('',(0.002,2.16840434497101E-17,0.01));
#13766=CARTESIAN_POINT('',(0.002,-0.00296984810122041,0.00957573327295499));
#13767=CARTESIAN_POINT('',(0.002,-0.00296984810122041,0.00957573327295499));
#13768=CARTESIAN_POINT('',(0.002,0.00248240822769609,0.0027169771699591));
#13769=CARTESIAN_POINT('',(-0.002,0.00248240822769609,0.0027169771699591));
#13770=CARTESIAN_POINT('',(-0.002,0.00199496835417185,-0.00414177893303681));
#13771=CARTESIAN_POINT('',(0.002,0.00199496835417185,-0.00414177893303681));
#13772=CARTESIAN_POINT('',(0.002,0.00199496835417185,-0.00414177893303681));
#13773=CARTESIAN_POINT('',(0.002,0.00248240822769609,0.0027169771699591));
#13774=CARTESIAN_POINT('',(0.002,-0.00248240822769609,0.0027169771699591));
#13775=CARTESIAN_POINT('',(0.00106950941690836,-0.00202829779052517,-0.00367280114230829));
#13776=CARTESIAN_POINT('',(0.000473309674427058,-0.00199496835417177,-0.00414177893303681));
#13777=CARTESIAN_POINT('',(0.00195426748371011,-0.00199496835417176,-0.00414177893303681));
#13778=CARTESIAN_POINT('',(0.002,-0.00199496835417176,-0.00414177893303681));
#13779=CARTESIAN_POINT('',(-0.002,-0.00199496835417176,-0.00414177893303681));
#13780=CARTESIAN_POINT('',(-0.002,-0.00248240822769609,0.00271697716995909));
#13781=CARTESIAN_POINT('',(0.002,-0.00248240822769609,0.0027169771699591));
#13782=CARTESIAN_POINT('',(0.002,-0.00199496835417176,-0.00414177893303681));
#13783=CARTESIAN_POINT('',(0.002,-0.00199496835417176,-0.00414177893303681));
#13784=CARTESIAN_POINT('',(0.002,3.29597460435593E-17,-0.004));
#13785=CARTESIAN_POINT('',(-0.002,3.29597460435593E-17,-0.004));
#13786=CARTESIAN_POINT('',(-0.002,-0.000728921163973681,-0.00586243763297222));
#13787=CARTESIAN_POINT('',(-0.002,-0.000728921163973663,-0.00586243763297222));
#13788=CARTESIAN_POINT('',(-0.00186337999202674,-0.000651249315232445,-0.00589283685461063));
#13789=CARTESIAN_POINT('',(-0.00153490608207455,-0.000610945689482481,-0.00590407667211594));
#13790=CARTESIAN_POINT('',(-0.0010839300873066,-0.000773379016407907,-0.00584896853936972));
#13791=CARTESIAN_POINT('',(-0.000707863140266689,-0.00103510698044335,-0.00572440802708819));
#13792=CARTESIAN_POINT('',(-0.000463335623327902,-0.00139831338427245,-0.00545913974848904));
#13793=CARTESIAN_POINT('',(-0.000661936247694929,-0.00169718516875685,-0.00508109806928542));
#13794=CARTESIAN_POINT('',(-0.00123962887991686,-0.00183110651338919,-0.00480330767146503));
#13795=CARTESIAN_POINT('',(-0.00175375197307063,-0.00181001541178973,-0.00487462670829168));
#13796=CARTESIAN_POINT('',(-0.002,-0.00170381001321025,-0.00504739268609456));
#13797=CARTESIAN_POINT('',(-0.002,-0.00170381001321024,-0.00504739268609456));
#13798=CARTESIAN_POINT('',(-0.002,3.29597460435593E-17,-0.004));
#13799=CARTESIAN_POINT('',(0.000473309674427058,-0.00199496835417177,-0.00414177893303681));
#13800=CARTESIAN_POINT('',(0.000676308804926341,-0.00198019095816351,-0.00434971135827154));
#13801=CARTESIAN_POINT('',(0.00108125322962257,-0.00192028043572725,-0.00455361398899505));
#13802=CARTESIAN_POINT('',(0.00167526999609276,-0.00194291436440135,-0.00448390120281602));
#13803=CARTESIAN_POINT('',(0.00190449928888664,-0.00198517026236237,-0.00427964767469205));
#13804=CARTESIAN_POINT('',(0.00195426748371012,-0.00199496835417177,-0.00414177893303681));
#13805=CARTESIAN_POINT('',(0.002,3.29597460435593E-17,-0.004));
#13806=CARTESIAN_POINT('',(0.002,0.,0.007));
#13807=CARTESIAN_POINT('',(0.002,4.70072552955121E-17,0.002));
#13808=CARTESIAN_POINT('',(0.002,4.70072552955121E-17,0.0025));
#13809=CARTESIAN_POINT('',(0.002,4.72521846553416E-17,0.004));
#13810=CARTESIAN_POINT('',(0.002,4.72521846553416E-17,0.0045));
#13811=CARTESIAN_POINT('',(0.002,-1.37772764904077E-18,0.01));
#13812=CARTESIAN_POINT('',(0.002,-1.37772764904077E-18,0.0125));
#13813=CARTESIAN_POINT('',(-0.002,0.,0.007));
#13814=CARTESIAN_POINT('',(-0.002,-0.000588099128947885,-0.00495821318687606));
#13815=CARTESIAN_POINT('',(0.015002,-1.37772764904077E-18,0.01));
#13816=CARTESIAN_POINT('',(0.015002,4.72521846553416E-17,0.004));
#13817=CARTESIAN_POINT('',(0.015002,4.70072552955121E-17,0.002));
#13818=CARTESIAN_POINT('',(0.0463386798312156,-0.00646446609406725,0.0405776980494695));
#13819=CARTESIAN_POINT('',(0.00239205142973504,-0.00646446609406727,-0.0088622589021961));
#13820=CARTESIAN_POINT('',(0.00299279764711732,-0.0060154627730318,-0.0088622589021961));
#13821=CARTESIAN_POINT('',(0.0043851429462248,-0.00646446609406727,-0.00662003094614512));
#13822=CARTESIAN_POINT('',(0.00498588916360708,-0.0060154627730318,-0.00662003094614512));
#13823=CARTESIAN_POINT('',(0.000398959913245278,-0.00646446609406727,-0.0111044868582471));
#13824=CARTESIAN_POINT('',(0.000999706130627556,-0.0060154627730318,-0.0111044868582471));
#13825=CARTESIAN_POINT('',(-0.0206193220377366,0.01,-0.0111529389132735));
#13826=CARTESIAN_POINT('',(-0.0125493027492752,0.0137375346351802,-0.013325636414013));
#13827=CARTESIAN_POINT('',(-0.00488602206238705,0.000606601717798214,-0.00640672510212945));
#13828=CARTESIAN_POINT('',(-0.00488602206238705,0.000606601717798214,-0.00640672510212945));
#13829=CARTESIAN_POINT('',(-0.00428527584500477,0.00105560503883369,-0.00640672510212945));
#13830=CARTESIAN_POINT('',(-0.000154281776645039,0.00138685747634889,-0.0022579577196991));
#13831=CARTESIAN_POINT('',(-0.000899839029407528,0.000606601717798214,-0.00192226919002749));
#13832=CARTESIAN_POINT('',(-0.00289293054589729,0.000606601717798214,-0.00416449714607847));
#13833=CARTESIAN_POINT('',(-0.00289293054589729,0.000606601717798214,-0.00416449714607847));
#13834=CARTESIAN_POINT('',(-0.00229218432851501,0.00105560503883369,-0.00416449714607847));
#13835=CARTESIAN_POINT('',(-0.000154281776645039,0.00138685747634889,-0.0022579577196991));
#13836=CARTESIAN_POINT('',(-0.0191422227034953,-0.005,-0.025));
#13837=CARTESIAN_POINT('',(-0.0141422227034954,-0.005,-0.025));
#13838=CARTESIAN_POINT('',(-0.0241422227034954,-0.005,-0.025));
#13839=CARTESIAN_POINT('',(-0.0241422227034954,-0.0065,-0.025));
#13840=CARTESIAN_POINT('',(-0.0241422227034954,-0.008,-0.025));
#13841=CARTESIAN_POINT('',(-0.0191422227034953,-0.008,-0.025));
#13842=CARTESIAN_POINT('',(-0.0141422227034954,-0.008,-0.025));
#13843=CARTESIAN_POINT('',(-0.0141422227034954,-0.0065,-0.025));
#13844=CARTESIAN_POINT('',(-0.0067235818012709,0.01,-0.0123974349476375));
#13845=CARTESIAN_POINT('',(-0.0126358707408366,-0.029539316858474,0.0173933144252993));
#13846=CARTESIAN_POINT('',(-0.0181766955277574,0.,0.0179856127644697));
#13847=CARTESIAN_POINT('',(-0.0181766955277574,2.75545529808154E-19,0.0179856127644697));
#13848=CARTESIAN_POINT('',(-0.0151248059936129,-0.00318198051533946,0.017085073886142));
#13849=CARTESIAN_POINT('',(-0.0151248059936129,0.00318198051533947,0.017085073886142));
#13850=CARTESIAN_POINT('',(-0.0151248059936129,1.7347234759768E-18,0.017085073886142));
#13851=CARTESIAN_POINT('',(-0.0181766955277574,0.,0.0179856127644697));
#13852=CARTESIAN_POINT('',(-0.0181766955277574,2.75545529808154E-19,0.0179856127644697));
#13853=CARTESIAN_POINT('',(-0.0212285850619018,-0.00318198051533947,0.0188861516427974));
#13854=CARTESIAN_POINT('',(-0.0181766955277574,-0.00318198051533946,0.0179856127644697));
#13855=CARTESIAN_POINT('',(-0.0181766955277574,0.,0.0179856127644697));
#13856=CARTESIAN_POINT('',(-0.0212285850619018,1.7347234759768E-18,0.0188861516427974));
#13857=CARTESIAN_POINT('',(-0.0212285850619018,0.00318198051533947,0.0188861516427974));
#13858=CARTESIAN_POINT('',(-0.0181766955277574,2.75545529808154E-19,0.0179856127644697));
#13859=CARTESIAN_POINT('',(-0.0155,2.75545529808154E-19,0.));
#13860=CARTESIAN_POINT('',(-0.0154999999993578,2.75545529808154E-19,0.0029709668478626));
#13861=CARTESIAN_POINT('',(-0.0154255100044683,2.75545529808154E-19,0.00459990708230158));
#13862=CARTESIAN_POINT('',(-0.0153161403268109,2.75545529808154E-19,0.00618186921138567));
#13863=CARTESIAN_POINT('',(-0.0152794133216599,2.75545529808154E-19,0.00657133180661257));
#13864=CARTESIAN_POINT('',(-0.0152094931005702,2.75545529808154E-19,0.00738509513234661));
#13865=CARTESIAN_POINT('',(-0.0151747936291315,2.75545529808154E-19,0.00782807565927923));
#13866=CARTESIAN_POINT('',(-0.0151466019154781,2.75545529808154E-19,0.00942750117348585));
#13867=CARTESIAN_POINT('',(-0.0152105420780906,2.75545529808154E-19,0.00993914822988367));
#13868=CARTESIAN_POINT('',(-0.0149799511586932,2.75545529808154E-19,0.0122025794143046));
#13869=CARTESIAN_POINT('',(-0.0146823385737575,2.75545529808154E-19,0.013927463810202));
#13870=CARTESIAN_POINT('',(-0.0138606719577058,2.75545529808154E-19,0.0167120584692944));
#13871=CARTESIAN_POINT('',(-0.0155,0.00899999999999999,0.));
#13872=CARTESIAN_POINT('',(-0.0154999999993577,0.00899999999999999,0.0029709668478626));
#13873=CARTESIAN_POINT('',(-0.0154255100044683,0.00899999999999999,0.00459990708230158));
#13874=CARTESIAN_POINT('',(-0.0153161403268109,0.00899999999999999,0.00618186921138567));
#13875=CARTESIAN_POINT('',(-0.0152794133216599,0.00899999999999999,0.00657133180661257));
#13876=CARTESIAN_POINT('',(-0.0152094931005702,0.00899999999999999,0.00738509513234661));
#13877=CARTESIAN_POINT('',(-0.0151747936291315,0.00899999999999999,0.00782807565927922));
#13878=CARTESIAN_POINT('',(-0.0151466019154781,0.00899999999999999,0.00942750117348584));
#13879=CARTESIAN_POINT('',(-0.0152105420780906,0.00899999999999999,0.00993914822988367));
#13880=CARTESIAN_POINT('',(-0.0149799511586932,0.00899999999999999,0.0122025794143046));
#13881=CARTESIAN_POINT('',(-0.0146823385737575,0.00899999999999999,0.013927463810202));
#13882=CARTESIAN_POINT('',(-0.0138606719577058,0.00899999999999999,0.0167120584692945));
#13883=CARTESIAN_POINT('',(-0.0245,0.00899999999999999,0.));
#13884=CARTESIAN_POINT('',(-0.0244999999994291,0.00899999999999999,0.00312357586804547));
#13885=CARTESIAN_POINT('',(-0.0244194762921469,0.00899999999999999,0.00499791955324885));
#13886=CARTESIAN_POINT('',(-0.0242870093238372,0.00899999999999999,0.0069139691523406));
#13887=CARTESIAN_POINT('',(-0.0242415714210408,0.00899999999999999,0.0073976913409308));
#13888=CARTESIAN_POINT('',(-0.0241812572226691,0.00899999999999999,0.00809965537332892));
#13889=CARTESIAN_POINT('',(-0.0241678871677912,0.00899999999999999,0.0082992171806638));
#13890=CARTESIAN_POINT('',(-0.0241570182251289,0.00899999999999999,0.00891585579251618));
#13891=CARTESIAN_POINT('',(-0.0242303963412494,0.00899999999999999,0.0102015247893544));
#13892=CARTESIAN_POINT('',(-0.0238674080117987,0.00899999999999999,0.0137645407032916));
#13893=CARTESIAN_POINT('',(-0.0234341231193746,0.00899999999999999,0.0160687872178001));
#13894=CARTESIAN_POINT('',(-0.0224927190978089,0.00899999999999999,0.0192591670596449));
#13895=CARTESIAN_POINT('',(-0.0245,8.26636589424464E-19,0.));
#13896=CARTESIAN_POINT('',(-0.0244999999994291,8.26636589424464E-19,0.00312357586804547));
#13897=CARTESIAN_POINT('',(-0.0244194762921469,8.26636589424464E-19,0.00499791955324886));
#13898=CARTESIAN_POINT('',(-0.0242870093238372,8.26636589424464E-19,0.0069139691523406));
#13899=CARTESIAN_POINT('',(-0.0242415714210408,8.26636589424464E-19,0.0073976913409308));
#13900=CARTESIAN_POINT('',(-0.0241812572226691,8.26636589424464E-19,0.00809965537332892));
#13901=CARTESIAN_POINT('',(-0.0241678871677912,8.26636589424464E-19,0.0082992171806638));
#13902=CARTESIAN_POINT('',(-0.0241570182251289,8.26636589424464E-19,0.00891585579251618));
#13903=CARTESIAN_POINT('',(-0.0242303963412494,8.26636589424464E-19,0.0102015247893544));
#13904=CARTESIAN_POINT('',(-0.0238674080117987,8.26636589424464E-19,0.0137645407032916));
#13905=CARTESIAN_POINT('',(-0.0234341231193746,8.26636589424464E-19,0.0160687872178001));
#13906=CARTESIAN_POINT('',(-0.0224927190978089,8.26636589424464E-19,0.019259167059645));
#13907=CARTESIAN_POINT('',(-0.0245,-0.00899999999999999,0.));
#13908=CARTESIAN_POINT('',(-0.0244999999994291,-0.00899999999999999,0.00312357586804547));
#13909=CARTESIAN_POINT('',(-0.0244194762921469,-0.00899999999999999,0.00499791955324885));
#13910=CARTESIAN_POINT('',(-0.0242870093238372,-0.00899999999999999,0.0069139691523406));
#13911=CARTESIAN_POINT('',(-0.0242415714210408,-0.00899999999999999,0.0073976913409308));
#13912=CARTESIAN_POINT('',(-0.0241812572226691,-0.00899999999999999,0.00809965537332892));
#13913=CARTESIAN_POINT('',(-0.0241678871677912,-0.00899999999999999,0.0082992171806638));
#13914=CARTESIAN_POINT('',(-0.0241570182251289,-0.00899999999999999,0.00891585579251618));
#13915=CARTESIAN_POINT('',(-0.0242303963412494,-0.00899999999999999,0.0102015247893544));
#13916=CARTESIAN_POINT('',(-0.0238674080117987,-0.00899999999999999,0.0137645407032916));
#13917=CARTESIAN_POINT('',(-0.0234341231193746,-0.00899999999999999,0.0160687872178001));
#13918=CARTESIAN_POINT('',(-0.0224927190978089,-0.00899999999999999,0.0192591670596449));
#13919=CARTESIAN_POINT('',(-0.0155,-0.00899999999999999,0.));
#13920=CARTESIAN_POINT('',(-0.0154999999993577,-0.00899999999999999,0.0029709668478626));
#13921=CARTESIAN_POINT('',(-0.0154255100044683,-0.00899999999999999,0.00459990708230158));
#13922=CARTESIAN_POINT('',(-0.0153161403268109,-0.00899999999999999,0.00618186921138567));
#13923=CARTESIAN_POINT('',(-0.0152794133216599,-0.00899999999999999,0.00657133180661257));
#13924=CARTESIAN_POINT('',(-0.0152094931005702,-0.00899999999999999,0.00738509513234661));
#13925=CARTESIAN_POINT('',(-0.0151747936291315,-0.00899999999999999,0.00782807565927922));
#13926=CARTESIAN_POINT('',(-0.0151466019154781,-0.00899999999999999,0.00942750117348584));
#13927=CARTESIAN_POINT('',(-0.0152105420780906,-0.00899999999999999,0.00993914822988367));
#13928=CARTESIAN_POINT('',(-0.0149799511586932,-0.00899999999999999,0.0122025794143046));
#13929=CARTESIAN_POINT('',(-0.0146823385737575,-0.00899999999999999,0.013927463810202));
#13930=CARTESIAN_POINT('',(-0.0138606719577058,-0.00899999999999999,0.0167120584692945));
#13931=CARTESIAN_POINT('',(-0.0155,2.75545529808154E-19,0.));
#13932=CARTESIAN_POINT('',(-0.0154999999993578,2.75545529808154E-19,0.0029709668478626));
#13933=CARTESIAN_POINT('',(-0.0154255100044683,2.75545529808154E-19,0.00459990708230158));
#13934=CARTESIAN_POINT('',(-0.0153161403268109,2.75545529808154E-19,0.00618186921138567));
#13935=CARTESIAN_POINT('',(-0.0152794133216599,2.75545529808154E-19,0.00657133180661257));
#13936=CARTESIAN_POINT('',(-0.0152094931005702,2.75545529808154E-19,0.00738509513234661));
#13937=CARTESIAN_POINT('',(-0.0151747936291315,2.75545529808154E-19,0.00782807565927923));
#13938=CARTESIAN_POINT('',(-0.0151466019154781,2.75545529808154E-19,0.00942750117348585));
#13939=CARTESIAN_POINT('',(-0.0152105420780906,2.75545529808154E-19,0.00993914822988367));
#13940=CARTESIAN_POINT('',(-0.0149799511586932,2.75545529808154E-19,0.0122025794143046));
#13941=CARTESIAN_POINT('',(-0.0146823385737575,2.75545529808154E-19,0.013927463810202));
#13942=CARTESIAN_POINT('',(-0.0138606719577058,2.75545529808154E-19,0.0167120584692944));
#13943=CARTESIAN_POINT('',(-0.0181766955277574,2.75545529808154E-19,0.0179856127644697));
#13944=CARTESIAN_POINT('',(-0.02,2.75545529808154E-19,0.));
#13945=CARTESIAN_POINT('',(-0.0225,0.00374165738677395,0.));
#13946=CARTESIAN_POINT('',(-0.0245,2.75545529808154E-19,0.));
#13947=CARTESIAN_POINT('',(-0.02,2.75545529808154E-19,0.));
#13948=CARTESIAN_POINT('',(-0.0225,-0.00374165738677395,0.));
#13949=CARTESIAN_POINT('',(-0.02,2.75545529808154E-19,0.));
#13950=CARTESIAN_POINT('',(-0.0181766955277574,0.,0.0179856127644697));
#13951=CARTESIAN_POINT('',(-0.0181766955277574,0.00318198051533947,0.0179856127644697));
#13952=CARTESIAN_POINT('',(-0.02,0.,0.));
#13953=CARTESIAN_POINT('',(-0.0225,0.,0.));
#13954=CARTESIAN_POINT('',(-0.02,0.,0.));
#13955=CARTESIAN_POINT('',(-0.0235,0.00374165738677395,0.));
#13956=CARTESIAN_POINT('',(-0.0245,0.00374165738677395,0.));
#13957=CARTESIAN_POINT('',(-0.0245,0.,0.));
#13958=CARTESIAN_POINT('',(-0.0245,0.,-0.009));
#13959=CARTESIAN_POINT('',(-0.0245,0.,0.));
#13960=CARTESIAN_POINT('',(-0.0245,-0.00374165738677395,0.));
#13961=CARTESIAN_POINT('',(-0.0245,0.00374165738677395,-0.009));
#13962=CARTESIAN_POINT('',(-0.0245,0.00374165738677395,-0.009));
#13963=CARTESIAN_POINT('',(-0.0245,0.,-0.009));
#13964=CARTESIAN_POINT('',(-0.0245,-0.00374165738677395,-0.009));
#13965=CARTESIAN_POINT('',(-0.0245,-0.00374165738677395,-0.009));
#13966=CARTESIAN_POINT('',(-0.0235,0.00374165738677395,-0.009));
#13967=CARTESIAN_POINT('',(-0.0225,0.00374165738677395,-0.009));
#13968=CARTESIAN_POINT('',(-0.0225,0.00374165738677395,-0.009));
#13969=CARTESIAN_POINT('',(-0.0235,0.00374165738677395,-0.009));
#13970=CARTESIAN_POINT('',(-0.0225,0.,-0.009));
#13971=CARTESIAN_POINT('',(-0.0225,-0.00374165738677395,-0.009));
#13972=CARTESIAN_POINT('',(-0.0225,-0.00374165738677395,-0.009));
#13973=CARTESIAN_POINT('',(-0.0225,0.,-0.009));
#13974=CARTESIAN_POINT('',(-0.0235,-0.00374165738677395,-0.009));
#13975=CARTESIAN_POINT('',(-0.0235,-0.00374165738677395,0.));
#13976=CARTESIAN_POINT('',(-0.0235,-0.00374165738677395,-0.009));
#13977=CARTESIAN_POINT('',(-0.02,0.,-0.009));
#13978=CARTESIAN_POINT('',(-0.02,0.,0.));
#13979=CARTESIAN_POINT('',(-0.0125776974032624,1.7347234759768E-18,0.0257171210262452));
#13980=CARTESIAN_POINT('',(-0.0125776974032624,0.00318198051533947,0.0257171210262452));
#13981=CARTESIAN_POINT('',(-0.0125776974032624,0.00318198051533947,0.0257171210262452));
#13982=CARTESIAN_POINT('',(-0.0125776974032624,1.7347234759768E-18,0.0257171210262452));
#13983=CARTESIAN_POINT('',(-0.0125776974032624,-0.00318198051533947,0.0257171210262452));
#13984=CARTESIAN_POINT('',(-0.0125776974032624,-0.00318198051533947,0.0257171210262452));
#13985=CARTESIAN_POINT('',(-0.0156295869374069,0.00318198051533947,0.0266176599045728));
#13986=CARTESIAN_POINT('',(-0.0186814764715513,0.00318198051533947,0.0275181987829005));
#13987=CARTESIAN_POINT('',(-0.0186814764715513,0.00318198051533947,0.0275181987829005));
#13988=CARTESIAN_POINT('',(-0.0156295869374069,0.00318198051533947,0.0266176599045728));
#13989=CARTESIAN_POINT('',(-0.0186814764715513,1.7347234759768E-18,0.0275181987829005));
#13990=CARTESIAN_POINT('',(-0.0186814764715513,-0.00318198051533947,0.0275181987829005));
#13991=CARTESIAN_POINT('',(-0.0186814764715513,-0.00318198051533947,0.0275181987829005));
#13992=CARTESIAN_POINT('',(-0.0186814764715513,1.7347234759768E-18,0.0275181987829005));
#13993=CARTESIAN_POINT('',(-0.0156295869374069,-0.00318198051533946,0.0266176599045728));
#13994=CARTESIAN_POINT('',(-0.0156295869374069,-0.00318198051533946,0.0266176599045728));
#13995=CARTESIAN_POINT('',(-0.0156295869374069,0.,0.0266176599045728));
#13996=CARTESIAN_POINT('',(-0.0242877623557811,-0.0470728372486948,0.0753861661087254));
#13997=CARTESIAN_POINT('',(-0.0005,-0.0075,-2.08333333333345E-5));
#13998=CARTESIAN_POINT('',(0.017,-0.0075,0.0005));
#13999=CARTESIAN_POINT('',(0.017,-0.0075,0.003));
#14000=CARTESIAN_POINT('',(0.017,-0.0075,-0.007));
#14001=CARTESIAN_POINT('',(-0.0005,-0.0075,0.003));
#14002=CARTESIAN_POINT('',(0.0140590169943749,-0.0075,0.003));
#14003=CARTESIAN_POINT('',(0.0135,-0.0075,0.0025));
#14004=CARTESIAN_POINT('',(0.012940983005625,-0.0075,0.003));
#14005=CARTESIAN_POINT('',(-0.0005,-0.0075,0.003));
#14006=CARTESIAN_POINT('',(0.012,-0.0075,0.003));
#14007=CARTESIAN_POINT('',(0.012,-0.0075,0.));
#14008=CARTESIAN_POINT('',(0.012,-0.0075,-0.0045));
#14009=CARTESIAN_POINT('',(0.,-0.0075,-0.0045));
#14010=CARTESIAN_POINT('',(-0.012,-0.0075,-0.0045));
#14011=CARTESIAN_POINT('',(-0.012,-0.0075,0.));
#14012=CARTESIAN_POINT('',(-0.012,-0.0075,0.003));
#14013=CARTESIAN_POINT('',(-0.0005,-0.0075,0.003));
#14014=CARTESIAN_POINT('',(-0.012940983005625,-0.0075,0.003));
#14015=CARTESIAN_POINT('',(-0.0135,-0.0075,0.0025));
#14016=CARTESIAN_POINT('',(-0.0140590169943749,-0.0075,0.003));
#14017=CARTESIAN_POINT('',(-0.0005,-0.0075,0.003));
#14018=CARTESIAN_POINT('',(-0.018,-0.0075,0.003));
#14019=CARTESIAN_POINT('',(-0.018,-0.0075,0.004));
#14020=CARTESIAN_POINT('',(-0.018,-0.0075,-9.8482013431433E-19));
#14021=CARTESIAN_POINT('',(-0.00995833333333333,-0.0075,-2.22713354313397E-18));
#14022=CARTESIAN_POINT('',(-0.006,-0.0075,-0.007));
#14023=CARTESIAN_POINT('',(0.0055,-0.0075,-0.007));
#14024=CARTESIAN_POINT('',(0.0135,-0.0075,-0.0025));
#14025=CARTESIAN_POINT('',(0.0135,-0.0075,-0.00325));
#14026=CARTESIAN_POINT('',(-0.0135,-0.0075,3.35274088104881E-18));
#14027=CARTESIAN_POINT('',(-0.0135,-0.0075,-0.000749999999999997));
#14028=CARTESIAN_POINT('',(0.0135,-0.0075,4.59242549680257E-20));
#14029=CARTESIAN_POINT('',(0.0135,-0.0075,-0.00075));
#14030=CARTESIAN_POINT('',(-0.0135,-0.0075,-0.0025));
#14031=CARTESIAN_POINT('',(-0.0135,-0.0075,-0.00325));
#14032=CARTESIAN_POINT('',(-0.0005,0.0075,-2.08333333333345E-5));
#14033=CARTESIAN_POINT('',(-0.018,0.0075,0.004));
#14034=CARTESIAN_POINT('',(-0.018,0.0075,-9.8482013431433E-19));
#14035=CARTESIAN_POINT('',(-0.018,0.0075,0.003));
#14036=CARTESIAN_POINT('',(0.032,0.0075,0.003));
#14037=CARTESIAN_POINT('',(-0.0155,0.0075,0.003));
#14038=CARTESIAN_POINT('',(-0.0155,0.0075,0.));
#14039=CARTESIAN_POINT('',(-0.0155,0.0075,-0.0045));
#14040=CARTESIAN_POINT('',(0.,0.0075,-0.0045));
#14041=CARTESIAN_POINT('',(0.0155,0.0075,-0.0045));
#14042=CARTESIAN_POINT('',(0.0155,0.0075,0.));
#14043=CARTESIAN_POINT('',(0.0155,0.0075,0.003));
#14044=CARTESIAN_POINT('',(0.032,0.0075,0.003));
#14045=CARTESIAN_POINT('',(0.017,0.0075,0.003));
#14046=CARTESIAN_POINT('',(0.017,0.0075,0.0005));
#14047=CARTESIAN_POINT('',(0.017,0.0075,-0.007));
#14048=CARTESIAN_POINT('',(0.0055,0.0075,-0.007));
#14049=CARTESIAN_POINT('',(-0.006,0.0075,-0.007));
#14050=CARTESIAN_POINT('',(-0.00995833333333333,0.0075,-2.22713354313397E-18));
#14051=CARTESIAN_POINT('',(0.,-0.0075,0.0045));
#14052=CARTESIAN_POINT('',(-0.01,4.59242549680257E-20,0.0045));
#14053=CARTESIAN_POINT('',(-0.01075,4.59242549680257E-20,0.0045));
#14054=CARTESIAN_POINT('',(-0.005,4.59242549680257E-20,0.0045));
#14055=CARTESIAN_POINT('',(-0.00575,4.59242549680257E-20,0.0045));
#14056=CARTESIAN_POINT('',(-3.46944695195361E-18,4.59242549680257E-20,0.0045));
#14057=CARTESIAN_POINT('',(-0.000750000000000003,4.59242549680257E-20,0.0045));
#14058=CARTESIAN_POINT('',(0.005,4.59242549680257E-20,0.0045));
#14059=CARTESIAN_POINT('',(0.00425,4.59242549680257E-20,0.0045));
#14060=CARTESIAN_POINT('',(0.01,4.59242549680257E-20,0.0045));
#14061=CARTESIAN_POINT('',(0.00925,4.59242549680257E-20,0.0045));
#14062=CARTESIAN_POINT('',(-0.0155,0.0015,0.0045));
#14063=CARTESIAN_POINT('',(-0.0155,0.0015,0.0045));
#14064=CARTESIAN_POINT('',(-0.0155,0.00726969600708473,0.0045));
#14065=CARTESIAN_POINT('',(-0.0155,0.00726969600708473,0.0045));
#14066=CARTESIAN_POINT('',(0.0155,0.00726969600708473,0.0045));
#14067=CARTESIAN_POINT('',(0.0155,0.0015,0.0045));
#14068=CARTESIAN_POINT('',(0.0155,0.0015,0.0045));
#14069=CARTESIAN_POINT('',(0.01375,0.0015,0.0045));
#14070=CARTESIAN_POINT('',(0.012,0.0015,0.0045));
#14071=CARTESIAN_POINT('',(0.012,-0.0075,0.0045));
#14072=CARTESIAN_POINT('',(0.012,-0.00726969600708473,0.0045));
#14073=CARTESIAN_POINT('',(0.012,-0.00726969600708473,0.0045));
#14074=CARTESIAN_POINT('',(-0.012,-0.00726969600708473,0.0045));
#14075=CARTESIAN_POINT('',(-0.012,-0.0075,0.0045));
#14076=CARTESIAN_POINT('',(-0.012,0.0015,0.0045));
#14077=CARTESIAN_POINT('',(-0.01375,0.0015,0.0045));
#14078=CARTESIAN_POINT('',(0.012,-0.0075,0.));
#14079=CARTESIAN_POINT('',(0.012,-0.0025,0.003));
#14080=CARTESIAN_POINT('',(0.012,0.0015,0.));
#14081=CARTESIAN_POINT('',(0.012,0.0015,-0.0045));
#14082=CARTESIAN_POINT('',(0.012,-0.0075,-0.0045));
#14083=CARTESIAN_POINT('',(0.,-0.0075,-0.0045));
#14084=CARTESIAN_POINT('',(-0.0155,0.0015,-0.0045));
#14085=CARTESIAN_POINT('',(-0.0155,0.0015,-0.0045));
#14086=CARTESIAN_POINT('',(-0.01375,0.0015,-0.0045));
#14087=CARTESIAN_POINT('',(-0.012,0.0015,-0.0045));
#14088=CARTESIAN_POINT('',(-0.012,-0.0075,-0.0045));
#14089=CARTESIAN_POINT('',(0.01375,0.0015,-0.0045));
#14090=CARTESIAN_POINT('',(0.0155,0.0015,-0.0045));
#14091=CARTESIAN_POINT('',(0.0155,0.0015,-0.0045));
#14092=CARTESIAN_POINT('',(-0.018,-0.0075,0.004));
#14093=CARTESIAN_POINT('',(-0.018,-0.0075,0.003));
#14094=CARTESIAN_POINT('',(-0.018,-0.0075,-9.8482013431433E-19));
#14095=CARTESIAN_POINT('',(-0.00995833333333333,-0.0075,-2.22713354313397E-18));
#14096=CARTESIAN_POINT('',(-0.006,-0.0075,-0.007));
#14097=CARTESIAN_POINT('',(0.0055,-0.0075,-0.007));
#14098=CARTESIAN_POINT('',(0.017,-0.0075,-0.007));
#14099=CARTESIAN_POINT('',(0.017,-0.0075,0.0005));
#14100=CARTESIAN_POINT('',(0.017,-0.007502,0.003));
#14101=CARTESIAN_POINT('',(-0.0005,-0.0075,0.008));
#14102=CARTESIAN_POINT('',(0.032,-0.007502,0.008));
#14103=CARTESIAN_POINT('',(0.032,-0.0025,0.008));
#14104=CARTESIAN_POINT('',(0.032,0.0025,0.008));
#14105=CARTESIAN_POINT('',(-0.018,0.0025,0.008));
#14106=CARTESIAN_POINT('',(-0.013,0.0025,0.008));
#14107=CARTESIAN_POINT('',(-0.013,-0.0075,0.008));
#14108=CARTESIAN_POINT('',(-0.013,-0.0025,0.008));
#14109=CARTESIAN_POINT('',(-0.0005,-0.0025,0.008));
#14110=CARTESIAN_POINT('',(-0.01,4.59242549680257E-20,0.008));
#14111=CARTESIAN_POINT('',(-0.00925,4.59242549680257E-20,0.008));
#14112=CARTESIAN_POINT('',(-0.005,4.59242549680257E-20,0.008));
#14113=CARTESIAN_POINT('',(-0.00425,4.59242549680257E-20,0.008));
#14114=CARTESIAN_POINT('',(-3.46944695195361E-18,4.59242549680257E-20,0.008));
#14115=CARTESIAN_POINT('',(0.000749999999999997,4.59242549680257E-20,0.008));
#14116=CARTESIAN_POINT('',(0.005,4.59242549680257E-20,0.008));
#14117=CARTESIAN_POINT('',(0.00575,4.59242549680257E-20,0.008));
#14118=CARTESIAN_POINT('',(0.01,4.59242549680257E-20,0.008));
#14119=CARTESIAN_POINT('',(0.01075,4.59242549680257E-20,0.008));
#14120=CARTESIAN_POINT('',(0.015,4.59242549680257E-20,0.008));
#14121=CARTESIAN_POINT('',(0.01575,4.59242549680257E-20,0.008));
#14122=CARTESIAN_POINT('',(0.02,4.59242549680257E-20,0.008));
#14123=CARTESIAN_POINT('',(0.02075,4.59242549680257E-20,0.008));
#14124=CARTESIAN_POINT('',(0.025,4.59242549680257E-20,0.008));
#14125=CARTESIAN_POINT('',(0.02575,4.59242549680257E-20,0.008));
#14126=CARTESIAN_POINT('',(0.03,4.59242549680257E-20,0.008));
#14127=CARTESIAN_POINT('',(0.03075,4.59242549680257E-20,0.008));
#14128=CARTESIAN_POINT('',(-0.012,-0.0075,0.));
#14129=CARTESIAN_POINT('',(-0.012,-0.0025,0.003));
#14130=CARTESIAN_POINT('',(-0.012,0.0015,0.));
#14131=CARTESIAN_POINT('',(-0.0155,0.0015,0.));
#14132=CARTESIAN_POINT('',(-0.0155,0.0025,0.003));
#14133=CARTESIAN_POINT('',(-0.0155,0.0015,0.));
#14134=CARTESIAN_POINT('',(-0.0005,0.0015,-2.08333333333345E-5));
#14135=CARTESIAN_POINT('',(-0.0135,0.0015,-0.0025));
#14136=CARTESIAN_POINT('',(-0.0135,0.0015,-0.00175));
#14137=CARTESIAN_POINT('',(-0.0135,0.0015,3.35274088104881E-18));
#14138=CARTESIAN_POINT('',(-0.0135,0.0015,0.000750000000000003));
#14139=CARTESIAN_POINT('',(-0.0135,0.0015,0.0025));
#14140=CARTESIAN_POINT('',(-0.0135,0.0015,0.00325));
#14141=CARTESIAN_POINT('',(0.0155,0.0015,0.));
#14142=CARTESIAN_POINT('',(0.0155,0.0025,0.003));
#14143=CARTESIAN_POINT('',(0.0155,0.0015,0.));
#14144=CARTESIAN_POINT('',(-0.0005,0.0015,-2.08333333333345E-5));
#14145=CARTESIAN_POINT('',(0.0135,0.0015,0.0025));
#14146=CARTESIAN_POINT('',(0.0135,0.0015,0.00325));
#14147=CARTESIAN_POINT('',(0.0135,0.0015,-0.0025));
#14148=CARTESIAN_POINT('',(0.0135,0.0015,-0.00175));
#14149=CARTESIAN_POINT('',(0.0135,0.0015,4.59242549680257E-20));
#14150=CARTESIAN_POINT('',(0.0135,0.0015,0.00075));
#14151=CARTESIAN_POINT('',(0.0135,-0.0398299112952151,4.59242549680257E-20));
#14152=CARTESIAN_POINT('',(0.0135,-0.0398299112952151,-0.0025));
#14153=CARTESIAN_POINT('',(0.0135,-0.0398299112952151,0.0025));
#14154=CARTESIAN_POINT('',(0.0140590169943749,-0.0075,0.003));
#14155=CARTESIAN_POINT('',(0.013917487730421,-0.0075,0.00315823452750324));
#14156=CARTESIAN_POINT('',(0.0135000427106634,-0.00748749217774945,0.00334176553405736));
#14157=CARTESIAN_POINT('',(0.0130825121583711,-0.0075,0.00315823440316907));
#14158=CARTESIAN_POINT('',(0.012940983005625,-0.0075,0.003));
#14159=CARTESIAN_POINT('',(-0.0135,-0.0398299112952151,0.0025));
#14160=CARTESIAN_POINT('',(-0.012940983005625,-0.0075,0.003));
#14161=CARTESIAN_POINT('',(-0.013082512269579,-0.0075,0.00315823452750325));
#14162=CARTESIAN_POINT('',(-0.0134999572893366,-0.00748749217774945,0.00334176553405736));
#14163=CARTESIAN_POINT('',(-0.0139174878416289,-0.0075,0.00315823440316906));
#14164=CARTESIAN_POINT('',(-0.0140590169943749,-0.0075,0.003));
#14165=CARTESIAN_POINT('',(-0.0135,-0.0398299112952151,3.35274088104881E-18));
#14166=CARTESIAN_POINT('',(-0.0135,-0.0398299112952151,-0.0025));
#14167=CARTESIAN_POINT('',(0.032,-0.007502,0.0055));
#14168=CARTESIAN_POINT('',(0.032,-0.007502,0.003));
#14169=CARTESIAN_POINT('',(0.032,-0.0025,0.003));
#14170=CARTESIAN_POINT('',(0.032,0.0025,0.003));
#14171=CARTESIAN_POINT('',(0.032,0.0025,0.008));
#14172=CARTESIAN_POINT('',(0.032,-0.0025,0.0055));
#14173=CARTESIAN_POINT('',(0.0245,-0.007502,0.003));
#14174=CARTESIAN_POINT('',(0.02,4.59242549680257E-20,0.003));
#14175=CARTESIAN_POINT('',(0.02075,4.59242549680257E-20,0.003));
#14176=CARTESIAN_POINT('',(0.025,4.59242549680257E-20,0.003));
#14177=CARTESIAN_POINT('',(0.02575,4.59242549680257E-20,0.003));
#14178=CARTESIAN_POINT('',(0.03,4.59242549680257E-20,0.003));
#14179=CARTESIAN_POINT('',(0.03075,4.59242549680257E-20,0.003));
#14180=CARTESIAN_POINT('',(0.0245,0.0075,0.003));
#14181=CARTESIAN_POINT('',(0.027,0.0075,0.003));
#14182=CARTESIAN_POINT('',(0.027,0.0025,0.003));
#14183=CARTESIAN_POINT('',(0.027,-0.0025,0.003));
#14184=CARTESIAN_POINT('',(0.027,-0.0075,0.003));
#14185=CARTESIAN_POINT('',(0.0245,-0.0075,0.003));
#14186=CARTESIAN_POINT('',(0.03,4.59242549680257E-20,0.002998));
#14187=CARTESIAN_POINT('',(0.025,4.59242549680257E-20,0.002998));
#14188=CARTESIAN_POINT('',(0.02,4.59242549680257E-20,0.002998));
#14189=CARTESIAN_POINT('',(0.0245,-0.007502,0.003));
#14190=CARTESIAN_POINT('',(0.015,4.59242549680257E-20,0.003));
#14191=CARTESIAN_POINT('',(0.01575,4.59242549680257E-20,0.003));
#14192=CARTESIAN_POINT('',(0.015,4.59242549680257E-20,0.002998));
#14193=CARTESIAN_POINT('',(0.01,4.59242549680257E-20,0.002998));
#14194=CARTESIAN_POINT('',(0.005,4.59242549680257E-20,0.002998));
#14195=CARTESIAN_POINT('',(-3.46944695195361E-18,4.59242549680257E-20,0.002998));
#14196=CARTESIAN_POINT('',(-0.005,4.59242549680257E-20,0.002998));
#14197=CARTESIAN_POINT('',(-0.01,4.59242549680257E-20,0.002998));
#14198=CARTESIAN_POINT('',(0.0245,-0.007502,0.003));
#14199=CARTESIAN_POINT('',(-0.015,4.59242549680257E-20,0.003));
#14200=CARTESIAN_POINT('',(-0.01425,4.59242549680257E-20,0.003));
#14201=CARTESIAN_POINT('',(-0.015,4.59242549680257E-20,0.002998));
#14202=CARTESIAN_POINT('',(-0.0155686223554688,0.000599886673592708,0.00729910729292126));
#14203=CARTESIAN_POINT('',(-0.0158406189781882,-2.02909097239663E-8,0.00711421354076251));
#14204=CARTESIAN_POINT('',(-0.0155689017317783,-0.000599805509953809,0.00729897817676384));
#14205=CARTESIAN_POINT('',(-0.0150274540115288,-0.000820583220536005,0.00758715080164442));
#14206=CARTESIAN_POINT('',(-0.0144354267862785,-0.00061641371035363,0.00779777344180772));
#14207=CARTESIAN_POINT('',(-0.0141578905870614,-1.16045574221623E-6,0.0078627705521924));
#14208=CARTESIAN_POINT('',(-0.0144330153153257,0.000614727134749158,0.00779851829703166));
#14209=CARTESIAN_POINT('',(-0.0150278624976956,0.000820991246830575,0.00758704892965882));
#14210=CARTESIAN_POINT('',(-0.0155686223554688,0.000599886673592708,0.00729910729292126));
#14211=CARTESIAN_POINT('',(-0.0158406189781882,-2.02909097239663E-8,0.00711421354076251));
#14212=CARTESIAN_POINT('',(-0.0155689017317783,-0.000599805509953809,0.00729897817676384));
#14213=CARTESIAN_POINT('',(-0.01575,7.10102211658468E-19,0.00717582327212252));
#14214=CARTESIAN_POINT('',(0.027,-0.0025,0.0055));
#14215=CARTESIAN_POINT('',(0.027,-0.0025,0.003));
#14216=CARTESIAN_POINT('',(-0.0005,-0.0025,0.003));
#14217=CARTESIAN_POINT('',(-0.013,-0.0025,0.003));
#14218=CARTESIAN_POINT('',(-0.013,-0.0075,0.003));
#14219=CARTESIAN_POINT('',(-0.013,0.0025,0.003));
#14220=CARTESIAN_POINT('',(-0.0005,0.0025,0.003));
#14221=CARTESIAN_POINT('',(0.027,0.0025,0.003));
#14222=CARTESIAN_POINT('',(0.027,0.0025,-2.08333333333345E-5));
#14223=CARTESIAN_POINT('',(-0.016470525021999,-0.0523710199646246,0.0330326317476877));
#14224=CARTESIAN_POINT('',(-3.46944695195361E-18,-0.0025,0.007));
#14225=CARTESIAN_POINT('',(0.000657843151754953,-0.00578921575877478,0.007));
#14226=CARTESIAN_POINT('',(-0.0255,-0.0110207843891258,0.007));
#14227=CARTESIAN_POINT('',(0.00710392194562887,-0.0045,0.007));
#14228=CARTESIAN_POINT('',(2.16840434497101E-18,-0.0045,0.007));
#14229=CARTESIAN_POINT('',(-0.0075,-0.0045,0.007));
#14230=CARTESIAN_POINT('',(-0.0075,-0.0025,0.007));
#14231=CARTESIAN_POINT('',(-0.0075,-0.00475,0.007));
#14232=CARTESIAN_POINT('',(-3.46944695195361E-18,-0.00475,0.007));
#14233=CARTESIAN_POINT('',(-0.0125,-0.00475,0.007));
#14234=CARTESIAN_POINT('',(-0.0125,-0.0025,0.007));
#14235=CARTESIAN_POINT('',(-0.0125,-0.007,0.007));
#14236=CARTESIAN_POINT('',(-0.0255,-0.007,0.007));
#14237=CARTESIAN_POINT('',(-0.0255,-0.007,0.007));
#14238=CARTESIAN_POINT('',(-0.0255,-0.0025,0.007));
#14239=CARTESIAN_POINT('',(0.000664776672066653,-0.00283638046748438,-3.07520986484202E-19));
#14240=CARTESIAN_POINT('',(-0.00643333333333332,-0.0045,2.97601449656464E-18));
#14241=CARTESIAN_POINT('',(-0.00643333333333333,-0.0045,0.005));
#14242=CARTESIAN_POINT('',(-0.00643333333333327,-0.0045,0.0054));
#14243=CARTESIAN_POINT('',(0.000664776672066653,-0.00283638046748438,0.005));
#14244=CARTESIAN_POINT('',(-0.00572222222222222,-0.00433333333333334,0.005));
#14245=CARTESIAN_POINT('',(0.0085,-0.001,-0.003));
#14246=CARTESIAN_POINT('',(0.00827168984377698,-0.00105351019286477,-0.00287157553712455));
#14247=CARTESIAN_POINT('',(0.00876195108340954,-0.000938605214825887,-0.002));
#14248=CARTESIAN_POINT('',(0.0085,-0.001,-0.00296508115197665));
#14249=CARTESIAN_POINT('',(0.0085,-0.001,-0.004));
#14250=CARTESIAN_POINT('',(0.0085,-0.001,-0.005));
#14251=CARTESIAN_POINT('',(0.0085,-0.001,-0.005));
#14252=CARTESIAN_POINT('',(-0.0075,-0.00475,-0.004));
#14253=CARTESIAN_POINT('',(-0.0075,-0.00475,0.001));
#14254=CARTESIAN_POINT('',(-0.0075,-0.00475,0.00658484748441787));
#14255=CARTESIAN_POINT('',(-0.0065,-0.004515625,0.00658484748441787));
#14256=CARTESIAN_POINT('',(-0.00699026123963256,-0.00463052997803888,0.00571327194729332));
#14257=CARTESIAN_POINT('',(0.0085,-0.001,-0.003));
#14258=CARTESIAN_POINT('',(0.00076112759643917,-2.93410202168184E-19,0.00135311572700297));
#14259=CARTESIAN_POINT('',(0.00076112759643917,-0.0045,0.00135311572700297));
#14260=CARTESIAN_POINT('',(-0.00699026123963256,-0.0045,0.00571327194729332));
#14261=CARTESIAN_POINT('',(-0.00699026123963256,0.00525,0.00571327194729332));
#14262=CARTESIAN_POINT('',(-0.000784464540552739,-0.00607767729723632,0.003));
#14263=CARTESIAN_POINT('',(0.00710392194562887,-0.0045,0.003));
#14264=CARTESIAN_POINT('',(0.0075,-0.0045,0.007));
#14265=CARTESIAN_POINT('',(0.0115426803694599,-0.0045,0.00690412712422512));
#14266=CARTESIAN_POINT('',(0.00710392194562887,-0.0045,0.003));
#14267=CARTESIAN_POINT('',(-0.0255,-0.0110207843891258,0.003));
#14268=CARTESIAN_POINT('',(-0.0255,-0.0125,0.00672774436548044));
#14269=CARTESIAN_POINT('',(-0.0328960780543712,-0.0125,0.003));
#14270=CARTESIAN_POINT('',(-0.0125,-0.0125,0.003));
#14271=CARTESIAN_POINT('',(-3.46944695195361E-18,-0.01,0.003));
#14272=CARTESIAN_POINT('',(0.0116961161351382,-0.00766077677297236,0.003));
#14273=CARTESIAN_POINT('',(0.0115,-0.00362078438912577,0.003));
#14274=CARTESIAN_POINT('',(-0.0045,-8.21437483020378E-19,-0.003002));
#14275=CARTESIAN_POINT('',(-0.0045,-8.21437483020378E-19,0.0043125));
#14276=CARTESIAN_POINT('',(-0.00525,-5.3231690369091E-19,0.004734375));
#14277=CARTESIAN_POINT('',(-0.0045,-8.21437483020378E-19,0.005));
#14278=CARTESIAN_POINT('',(-0.00375,-8.21437483020378E-19,0.005));
#14279=CARTESIAN_POINT('',(0.0005,-8.21437483020378E-19,-0.003002));
#14280=CARTESIAN_POINT('',(0.0005,-8.21437483020378E-19,0.0015));
#14281=CARTESIAN_POINT('',(-0.00025,-5.3231690369091E-19,0.001921875));
#14282=CARTESIAN_POINT('',(0.0005,-8.21437483020378E-19,0.005));
#14283=CARTESIAN_POINT('',(0.00125,-8.21437483020378E-19,0.005));
#14284=CARTESIAN_POINT('',(0.0055,-8.21437483020378E-19,-0.003002));
#14285=CARTESIAN_POINT('',(0.0055,-8.21437483020378E-19,-0.0013125));
#14286=CARTESIAN_POINT('',(0.00475,-5.3231690369091E-19,-0.000890625));
#14287=CARTESIAN_POINT('',(0.0055,-8.21437483020378E-19,0.005));
#14288=CARTESIAN_POINT('',(0.00625,-8.21437483020378E-19,0.005));
#14289=CARTESIAN_POINT('',(-0.0075,0.00025,0.031));
#14290=CARTESIAN_POINT('',(-0.0075,-0.00475,0.00658484748441787));
#14291=CARTESIAN_POINT('',(-0.0075,0.00525,0.00658484748441787));
#14292=CARTESIAN_POINT('',(-0.0075,0.0045,0.00658484748441787));
#14293=CARTESIAN_POINT('',(-0.0075,0.0045,0.005));
#14294=CARTESIAN_POINT('',(-0.0075,0.0045,0.00687298334620742));
#14295=CARTESIAN_POINT('',(-0.0075,0.0035,0.003));
#14296=CARTESIAN_POINT('',(-0.0075,0.00525,0.00659687364248454));
#14297=CARTESIAN_POINT('',(-0.0075,0.00525,0.031));
#14298=CARTESIAN_POINT('',(-0.0065,-1.42786118961831E-18,0.00658484748441787));
#14299=CARTESIAN_POINT('',(-0.0075,-0.00475,0.00658484748441787));
#14300=CARTESIAN_POINT('',(-0.0075,-0.0045,0.00658484748441787));
#14301=CARTESIAN_POINT('',(-0.0065,-0.0045,0.00658484748441787));
#14302=CARTESIAN_POINT('',(0.0125,0.,0.007));
#14303=CARTESIAN_POINT('',(0.0125,-0.001,-0.004));
#14304=CARTESIAN_POINT('',(0.0125,-0.001,-0.003));
#14305=CARTESIAN_POINT('',(0.0125,-0.001,-0.006));
#14306=CARTESIAN_POINT('',(0.0125,0.,-0.003));
#14307=CARTESIAN_POINT('',(0.0125,-0.0045,-0.003));
#14308=CARTESIAN_POINT('',(0.0125,-0.0045,0.0025));
#14309=CARTESIAN_POINT('',(0.0125,-0.0045,0.00587344939950814));
#14310=CARTESIAN_POINT('',(0.0125,-0.00362078438912577,0.003));
#14311=CARTESIAN_POINT('',(0.0125,-0.00668019609728145,0.003));
#14312=CARTESIAN_POINT('',(0.0125,-0.00668019609728145,0.007));
#14313=CARTESIAN_POINT('',(0.0125,-0.00668019609728144,-0.003));
#14314=CARTESIAN_POINT('',(0.0125,-0.00362078438912577,-0.003));
#14315=CARTESIAN_POINT('',(0.0125,-0.00362078438912577,-0.006));
#14316=CARTESIAN_POINT('',(0.0125,0.0035,-0.006));
#14317=CARTESIAN_POINT('',(-3.88578058618805E-18,0.0035,0.003));
#14318=CARTESIAN_POINT('',(-3.88578058618805E-18,0.0045,0.00687298334620742));
#14319=CARTESIAN_POINT('',(0.0115,0.0045,0.00687298334620742));
#14320=CARTESIAN_POINT('',(0.0115,0.0035,0.003));
#14321=CARTESIAN_POINT('',(0.0115,0.0075,0.003));
#14322=CARTESIAN_POINT('',(0.0125,0.0075,0.003));
#14323=CARTESIAN_POINT('',(-0.0125,0.0075,0.003));
#14324=CARTESIAN_POINT('',(-0.0125,0.0035,0.003));
#14325=CARTESIAN_POINT('',(-0.0125,0.00525,0.00659687364248454));
#14326=CARTESIAN_POINT('',(-3.88578058618805E-18,0.00525,0.00659687364248454));
#14327=CARTESIAN_POINT('',(0.0125,0.,0.007));
#14328=CARTESIAN_POINT('',(0.0125,0.0045,0.0025));
#14329=CARTESIAN_POINT('',(0.0125,0.0045,0.00582842712474619));
#14330=CARTESIAN_POINT('',(0.0125,0.0045,-0.003));
#14331=CARTESIAN_POINT('',(0.0125,0.,-0.003));
#14332=CARTESIAN_POINT('',(0.0125,0.001,-0.003));
#14333=CARTESIAN_POINT('',(0.0125,0.001,-0.004));
#14334=CARTESIAN_POINT('',(0.0125,0.001,-0.006));
#14335=CARTESIAN_POINT('',(0.0125,0.0035,-0.006));
#14336=CARTESIAN_POINT('',(0.0125,0.0035,-0.006));
#14337=CARTESIAN_POINT('',(0.0125,0.0035,-0.003));
#14338=CARTESIAN_POINT('',(0.0125,0.0065,-0.003));
#14339=CARTESIAN_POINT('',(0.0125,0.0065,0.003));
#14340=CARTESIAN_POINT('',(0.0125,0.0065,0.003));
#14341=CARTESIAN_POINT('',(0.0125,0.0035,0.003));
#14342=CARTESIAN_POINT('',(-0.0125,-0.0025,0.007));
#14343=CARTESIAN_POINT('',(-0.0125,-0.00475,0.001));
#14344=CARTESIAN_POINT('',(-0.0125,-0.00475,-0.004));
#14345=CARTESIAN_POINT('',(-0.0125,0.000249999999999995,-0.004));
#14346=CARTESIAN_POINT('',(-0.0125,0.00525,-0.004));
#14347=CARTESIAN_POINT('',(-0.0125,0.00525,0.001));
#14348=CARTESIAN_POINT('',(-0.0125,0.0075,0.007));
#14349=CARTESIAN_POINT('',(-0.0125,0.0075,-0.003));
#14350=CARTESIAN_POINT('',(-0.0125,0.0035,-0.003));
#14351=CARTESIAN_POINT('',(-0.0125,0.0035,-0.007));
#14352=CARTESIAN_POINT('',(-0.0125,-0.0025,-0.007));
#14353=CARTESIAN_POINT('',(-0.0125,-0.007,-0.007));
#14354=CARTESIAN_POINT('',(-0.0125,-0.007,0.));
#14355=CARTESIAN_POINT('',(-0.0117159512479098,0.0015,-5.80826202752444E-17));
#14356=CARTESIAN_POINT('',(-0.0117159512479098,-0.0085,-5.80826202752444E-17));
#14357=CARTESIAN_POINT('',(-0.0117159512479098,-0.0085,-0.000500000000000058));
#14358=CARTESIAN_POINT('',(-0.0117159512479098,-0.00475,-5.80826202752444E-17));
#14359=CARTESIAN_POINT('',(-0.0117159512479098,-0.00475,0.000499999999999942));
#14360=CARTESIAN_POINT('',(-0.0255,-0.0025,0.));
#14361=CARTESIAN_POINT('',(-0.0255,-0.0125,0.007));
#14362=CARTESIAN_POINT('',(-0.0255,-0.0125,0.0035));
#14363=CARTESIAN_POINT('',(-0.0255,-0.007,0.));
#14364=CARTESIAN_POINT('',(-0.0255,-0.007,0.0035));
#14365=CARTESIAN_POINT('',(-0.0255,0.0326763591625449,0.0035));
#14366=CARTESIAN_POINT('',(-0.0255,-0.0085,0.0035));
#14367=CARTESIAN_POINT('',(-0.0255,-0.0085,0.0035));
#14368=CARTESIAN_POINT('',(-0.0255,-0.007,0.));
#14369=CARTESIAN_POINT('',(-0.0197159512479098,-0.007,-5.80826202752444E-17));
#14370=CARTESIAN_POINT('',(-0.0197159512479098,-0.007,-0.000500000000000058));
#14371=CARTESIAN_POINT('',(-0.0177159512479098,-0.007,-5.80826202752444E-17));
#14372=CARTESIAN_POINT('',(-0.0177159512479098,-0.007,-0.000500000000000058));
#14373=CARTESIAN_POINT('',(-0.0157159512479098,-0.007,-5.80826202752444E-17));
#14374=CARTESIAN_POINT('',(-0.0157159512479098,-0.007,-0.000500000000000058));
#14375=CARTESIAN_POINT('',(-0.0137159512479098,-0.007,-5.80826202752444E-17));
#14376=CARTESIAN_POINT('',(-0.0137159512479098,-0.007,-0.000500000000000058));
#14377=CARTESIAN_POINT('',(-0.0252490338800684,-0.007,0.00348191108508678));
#14378=CARTESIAN_POINT('',(-0.0249980677601367,-0.007,0.00346382217017355));
#14379=CARTESIAN_POINT('',(-0.0255,-0.007,-0.007));
#14380=CARTESIAN_POINT('',(-0.0255,-0.007,-0.007));
#14381=CARTESIAN_POINT('',(-0.0255,-0.007,0.));
#14382=CARTESIAN_POINT('',(-0.0255,-0.007,-0.0035));
#14383=CARTESIAN_POINT('',(-0.0252490338800684,-0.007,-0.00348191108508678));
#14384=CARTESIAN_POINT('',(-0.0249980677601367,-0.007,-0.00346382217017356));
#14385=CARTESIAN_POINT('',(-0.0255,-0.007,-1.56125112837912E-17));
#14386=CARTESIAN_POINT('',(-0.0255,-0.0125,0.007));
#14387=CARTESIAN_POINT('',(-0.0255,-0.0125,0.007));
#14388=CARTESIAN_POINT('',(-0.0255,-0.0125,-0.0035));
#14389=CARTESIAN_POINT('',(-0.0255,-0.0125,-0.00672774436548043));
#14390=CARTESIAN_POINT('',(-0.0328960780543712,-0.0125,-0.003));
#14391=CARTESIAN_POINT('',(-0.0125,-0.0125,-0.003));
#14392=CARTESIAN_POINT('',(-0.0125,-0.0125,0.007));
#14393=CARTESIAN_POINT('',(-0.0125,-0.0125,-0.00256299745186337));
#14394=CARTESIAN_POINT('',(-0.018267146227634,-0.0125,-0.00297867673730719));
#14395=CARTESIAN_POINT('',(-0.0249980677601367,-0.0125,-0.00346382217017356));
#14396=CARTESIAN_POINT('',(-0.0255,-0.0125,-1.75640751942651E-17));
#14397=CARTESIAN_POINT('',(-0.0255,-0.0025,0.));
#14398=CARTESIAN_POINT('',(-0.0255,-0.0025,-0.007));
#14399=CARTESIAN_POINT('',(-0.0255,-0.0110207843891258,-0.007));
#14400=CARTESIAN_POINT('',(-0.0255,-0.0110207843891258,-0.003));
#14401=CARTESIAN_POINT('',(-0.0255,-0.0085,-0.0035));
#14402=CARTESIAN_POINT('',(-0.0255,-0.0085,-0.0035));
#14403=CARTESIAN_POINT('',(-0.0255,0.0326763591625449,-0.0035));
#14404=CARTESIAN_POINT('',(0.,0.0075,0.007));
#14405=CARTESIAN_POINT('',(0.0115,0.0075,-0.003));
#14406=CARTESIAN_POINT('',(0.0115,0.0075,-0.003));
#14407=CARTESIAN_POINT('',(0.,0.0075,-0.003));
#14408=CARTESIAN_POINT('',(-3.46944695195361E-18,-0.01,0.007));
#14409=CARTESIAN_POINT('',(0.0125,-0.0075,-0.003));
#14410=CARTESIAN_POINT('',(0.0116961161351382,-0.00766077677297236,-0.003));
#14411=CARTESIAN_POINT('',(0.0116961161351382,-0.00766077677297237,0.007));
#14412=CARTESIAN_POINT('',(-0.0125,-0.0125,0.007));
#14413=CARTESIAN_POINT('',(-0.0125,-0.0125,0.00256299745186337));
#14414=CARTESIAN_POINT('',(-0.000368108543245255,-0.010073621708649,0.00168856566657905));
#14415=CARTESIAN_POINT('',(-0.0115362246951313,-0.0123072449390263,0.00249353130444083));
#14416=CARTESIAN_POINT('',(-0.0117159512479098,-0.012343190249582,-5.8113236445223E-17));
#14417=CARTESIAN_POINT('',(-0.0115362246951313,-0.0123072449390263,-0.00249353130444083));
#14418=CARTESIAN_POINT('',(0.000597337674892893,-0.00988053246502142,-0.0016189790845418));
#14419=CARTESIAN_POINT('',(-3.46944695195361E-18,-0.0025,-0.007));
#14420=CARTESIAN_POINT('',(-3.88578058618805E-18,0.0035,-0.007));
#14421=CARTESIAN_POINT('',(0.0115,0.0035,-0.007));
#14422=CARTESIAN_POINT('',(0.0115,-0.00342078438912577,-0.007));
#14423=CARTESIAN_POINT('',(0.0115,-0.00362078438912577,-0.007));
#14424=CARTESIAN_POINT('',(-0.0132844645405527,-0.00857767729723632,-0.007));
#14425=CARTESIAN_POINT('',(-0.0255,-0.0125,0.007));
#14426=CARTESIAN_POINT('',(-0.0255,-0.0125,2.03830008427275E-17));
#14427=CARTESIAN_POINT('',(-0.0249980677601367,-0.0125,0.00346382217017355));
#14428=CARTESIAN_POINT('',(-0.018267146227634,-0.0125,0.00297867673730719));
#14429=CARTESIAN_POINT('',(-0.0255,-0.0085,2.03830008427275E-17));
#14430=CARTESIAN_POINT('',(-0.0255,-0.0085,2.03830008427275E-17));
#14431=CARTESIAN_POINT('',(-0.0249980677601367,-0.0085,0.00346382217017355));
#14432=CARTESIAN_POINT('',(-0.0249980677601367,-0.0085,0.00346382217017355));
#14433=CARTESIAN_POINT('',(-0.0255,-0.0085,-1.75640751942651E-17));
#14434=CARTESIAN_POINT('',(-0.0249980677601367,-0.0085,-0.00346382217017356));
#14435=CARTESIAN_POINT('',(-0.0249980677601367,-0.0085,-0.00346382217017356));
#14436=CARTESIAN_POINT('',(-0.0255,-0.0085,-1.75640751942651E-17));
#14437=CARTESIAN_POINT('',(-0.018267146227634,-0.0085,-0.00297867673730719));
#14438=CARTESIAN_POINT('',(-0.0115362246951313,-0.0085,-0.00249353130444083));
#14439=CARTESIAN_POINT('',(-0.0115362246951313,-0.0085,-0.00249353130444083));
#14440=CARTESIAN_POINT('',(-0.018267146227634,-0.0085,-0.00297867673730719));
#14441=CARTESIAN_POINT('',(-0.0117159512479098,-0.0085,-5.8113236445223E-17));
#14442=CARTESIAN_POINT('',(-0.0115362246951313,-0.0085,0.00249353130444083));
#14443=CARTESIAN_POINT('',(-0.0115362246951313,-0.0085,0.00249353130444083));
#14444=CARTESIAN_POINT('',(-0.0117159512479098,-0.0085,-5.8113236445223E-17));
#14445=CARTESIAN_POINT('',(-0.018267146227634,-0.0085,0.00297867673730719));
#14446=CARTESIAN_POINT('',(-0.018267146227634,-0.0085,0.00297867673730719));
#14447=CARTESIAN_POINT('',(-0.0173579756239549,-0.0085,0.));
#14448=CARTESIAN_POINT('',(-0.0255,-0.0085,-1.56125112837912E-17));
#14449=CARTESIAN_POINT('',(-0.0137159512479098,-0.0085,-5.80826202752444E-17));
#14450=CARTESIAN_POINT('',(-0.0137159512479098,-0.0085,-0.000500000000000058));
#14451=CARTESIAN_POINT('',(-0.0157159512479098,-0.0085,-5.80826202752444E-17));
#14452=CARTESIAN_POINT('',(-0.0157159512479098,-0.0085,-0.000500000000000058));
#14453=CARTESIAN_POINT('',(-0.0177159512479098,-0.0085,-5.80826202752444E-17));
#14454=CARTESIAN_POINT('',(-0.0177159512479098,-0.0085,-0.000500000000000058));
#14455=CARTESIAN_POINT('',(-0.0197159512479098,-0.0085,-5.80826202752444E-17));
#14456=CARTESIAN_POINT('',(-0.0197159512479098,-0.0085,-0.000500000000000058));
#14457=CARTESIAN_POINT('',(-0.0197159512479098,0.0015,-5.80826202752444E-17));
#14458=CARTESIAN_POINT('',(-0.0177159512479098,0.0015,-5.80826202752444E-17));
#14459=CARTESIAN_POINT('',(-0.0157159512479098,0.0015,-5.80826202752444E-17));
#14460=CARTESIAN_POINT('',(-0.0137159512479098,0.0015,-5.80826202752444E-17));
#14461=CARTESIAN_POINT('',(-0.0252490338800684,0.0326763591625449,0.00348191108508678));
#14462=CARTESIAN_POINT('',(-0.0249980677601367,0.0326763591625449,0.00346382217017355));
#14463=CARTESIAN_POINT('',(-0.0252490338800684,0.0326763591625449,-0.00348191108508678));
#14464=CARTESIAN_POINT('',(-0.0249980677601367,0.0326763591625449,-0.00346382217017356));
#14465=CARTESIAN_POINT('',(-0.0255,0.0326763591625449,-1.56125112837912E-17));
#14466=CARTESIAN_POINT('',(-0.0075,-0.00475,0.001));
#14467=CARTESIAN_POINT('',(-0.0075,-0.00475,0.031));
#14468=CARTESIAN_POINT('',(-0.0075,-0.00475,-0.004));
#14469=CARTESIAN_POINT('',(-0.0075,0.00525,0.001));
#14470=CARTESIAN_POINT('',(-0.0075,0.00525,-0.004));
#14471=CARTESIAN_POINT('',(-0.0075,0.00525,-0.004));
#14472=CARTESIAN_POINT('',(-0.0075,0.00525,0.001));
#14473=CARTESIAN_POINT('',(-0.0075,0.000249999999999995,-0.004));
#14474=CARTESIAN_POINT('',(-0.0075,0.000249999999999995,-0.004));
#14475=CARTESIAN_POINT('',(0.0085,0.001,-0.004));
#14476=CARTESIAN_POINT('',(0.0085,0.001,-0.003));
#14477=CARTESIAN_POINT('',(0.00876195108340954,0.001,-0.003));
#14478=CARTESIAN_POINT('',(0.00876195108340954,0.001,-0.002));
#14479=CARTESIAN_POINT('',(0.0085,0.001,-0.00296508115197664));
#14480=CARTESIAN_POINT('',(0.0085,0.001,-0.004));
#14481=CARTESIAN_POINT('',(0.0085,0.001,-0.005));
#14482=CARTESIAN_POINT('',(0.0085,0.001,-0.005));
#14483=CARTESIAN_POINT('',(0.0115,0.001,-0.005));
#14484=CARTESIAN_POINT('',(0.0115,0.001,-0.006));
#14485=CARTESIAN_POINT('',(0.0085,3.68628738645072E-18,-0.003));
#14486=CARTESIAN_POINT('',(0.0085,-0.001,-0.003));
#14487=CARTESIAN_POINT('',(0.00876195108340954,-0.001,-0.003));
#14488=CARTESIAN_POINT('',(0.00876195108340954,3.68628738645072E-18,-0.003));
#14489=CARTESIAN_POINT('',(0.0125,3.68628738645072E-18,-0.003));
#14490=CARTESIAN_POINT('',(0.0085,-0.001,-0.004));
#14491=CARTESIAN_POINT('',(0.0115,-0.001,-0.006));
#14492=CARTESIAN_POINT('',(0.0115,-0.001,-0.005));
#14493=CARTESIAN_POINT('',(0.0085,-0.001,-0.005));
#14494=CARTESIAN_POINT('',(0.00876195108340954,-0.001,-0.002));
#14495=CARTESIAN_POINT('',(0.0085,4.01154803819636E-18,-0.005));
#14496=CARTESIAN_POINT('',(0.0115,4.01154803819636E-18,-0.005));
#14497=CARTESIAN_POINT('',(0.0085,4.01154803819636E-18,-0.005));
#14498=CARTESIAN_POINT('',(0.00076112759643917,-2.93410202168184E-19,0.00135311572700297));
#14499=CARTESIAN_POINT('',(-0.00572222222222222,2.20588293858779E-18,0.005));
#14500=CARTESIAN_POINT('',(-0.00572222222222222,0.0045,0.005));
#14501=CARTESIAN_POINT('',(0.00076112759643917,0.0045,0.00135311572700297));
#14502=CARTESIAN_POINT('',(-0.00699026123963256,0.0045,0.00571327194729332));
#14503=CARTESIAN_POINT('',(-0.00699026123963256,0.00525,0.00571327194729332));
#14504=CARTESIAN_POINT('',(-0.00699026123963257,0.0051146006417774,0.00571327194729332));
#14505=CARTESIAN_POINT('',(0.0085,0.001,-0.003));
#14506=CARTESIAN_POINT('',(0.00827168984377698,0.00106064488524674,-0.00287157553712455));
#14507=CARTESIAN_POINT('',(0.00827168984377698,6.22673687161333E-19,-0.00287157553712455));
#14508=CARTESIAN_POINT('',(-0.000278210116731518,0.,-0.00445136186770428));
#14509=CARTESIAN_POINT('',(0.0085,0.001,-0.005));
#14510=CARTESIAN_POINT('',(0.000808323831242871,0.00304310148232611,3.29933723823183E-19));
#14511=CARTESIAN_POINT('',(0.00876195108340954,0.000930419243469346,-0.002));
#14512=CARTESIAN_POINT('',(-0.0065,0.004984375,0.00658484748441787));
#14513=CARTESIAN_POINT('',(0.000657843151754953,-0.00578921575877478,-0.003));
#14514=CARTESIAN_POINT('',(0.0115,-0.00362078438912577,-0.003));
#14515=CARTESIAN_POINT('',(2.77555756156289E-19,0.0035,-0.003));
#14516=CARTESIAN_POINT('',(0.0115,0.0035,-0.003));
#14517=CARTESIAN_POINT('',(0.0075,0.0045,0.0025));
#14518=CARTESIAN_POINT('',(0.0075,0.0045,0.0025));
#14519=CARTESIAN_POINT('',(0.0075,0.0045,0.005));
#14520=CARTESIAN_POINT('',(0.0075,0.0045,-0.002));
#14521=CARTESIAN_POINT('',(0.0075,0.,0.005));
#14522=CARTESIAN_POINT('',(0.0075,-0.0045,0.005));
#14523=CARTESIAN_POINT('',(0.0075,-0.0045,0.0025));
#14524=CARTESIAN_POINT('',(0.0075,-0.0045,-0.002));
#14525=CARTESIAN_POINT('',(0.0075,0.0045,-0.002));
#14526=CARTESIAN_POINT('',(0.01,0.0045,-0.002));
#14527=CARTESIAN_POINT('',(0.01,-0.0045,-0.002));
#14528=CARTESIAN_POINT('',(0.0115,-0.0045,-0.002));
#14529=CARTESIAN_POINT('',(0.0115,0.0045,-0.002));
#14530=CARTESIAN_POINT('',(0.0115,0.0045,-0.002));
#14531=CARTESIAN_POINT('',(0.01,0.0045,-0.002));
#14532=CARTESIAN_POINT('',(0.01,0.0045,0.0025));
#14533=CARTESIAN_POINT('',(0.0125,0.0045,0.00582842712474619));
#14534=CARTESIAN_POINT('',(0.0125,0.0045,0.00609858057595119));
#14535=CARTESIAN_POINT('',(0.012297728330997,0.0045,0.00663380275748509));
#14536=CARTESIAN_POINT('',(0.0117705584290635,0.0045,0.00687298334620742));
#14537=CARTESIAN_POINT('',(0.0115,0.0045,0.00687298334620742));
#14538=CARTESIAN_POINT('',(-0.0065,0.0045,0.00658484748441787));
#14539=CARTESIAN_POINT('',(8.67361737988404E-19,0.0045,0.005));
#14540=CARTESIAN_POINT('',(0.0115,0.0045,-0.003));
#14541=CARTESIAN_POINT('',(0.01,-0.0045,0.0025));
#14542=CARTESIAN_POINT('',(0.0115426803694599,-0.0045,0.00690412712422512));
#14543=CARTESIAN_POINT('',(0.0118037319798451,-0.0045,0.00689271173858339));
#14544=CARTESIAN_POINT('',(0.0123038704779034,-0.0045,0.00665181614980092));
#14545=CARTESIAN_POINT('',(0.0125,-0.0045,0.00613452447366003));
#14546=CARTESIAN_POINT('',(0.0125,-0.0045,0.00587344939950814));
#14547=CARTESIAN_POINT('',(0.0115,-0.0045,-0.003));
#14548=CARTESIAN_POINT('',(2.16840434497101E-18,-0.0045,0.005));
#14549=CARTESIAN_POINT('',(-0.0075,-0.0045,0.005));
#14550=CARTESIAN_POINT('',(-0.0075,0.00025,0.031));
#14551=CARTESIAN_POINT('',(0.0115,0.,-0.003));
#14552=CARTESIAN_POINT('',(-0.0065,-1.42786118961831E-18,0.00658484748441787));
#14553=CARTESIAN_POINT('',(0.00876195108340954,4.33680868994202E-19,-0.002));
#14554=CARTESIAN_POINT('',(0.0115411268947007,-0.00446799841996061,0.00691105723167365));
#14555=CARTESIAN_POINT('',(0.0125,-0.00445987538771385,0.00687243330414036));
#14556=CARTESIAN_POINT('',(0.0125,-0.00426236394645701,0.00593329292375524));
#14557=CARTESIAN_POINT('',(0.011584576141952,-0.00536305291332033,0.00672098996228106));
#14558=CARTESIAN_POINT('',(0.0125000000000028,-0.00532015446263329,0.00664969770969862));
#14559=CARTESIAN_POINT('',(0.0125,-0.00494017220356317,0.00579074247170491));
#14560=CARTESIAN_POINT('',(0.0116647020088031,-0.00701364577049138,0.00571518612325584));
#14561=CARTESIAN_POINT('',(0.0124999999999984,-0.00688461914747675,0.00563465320940053));
#14562=CARTESIAN_POINT('',(0.0125,-0.00619013572647375,0.0050363895924449));
#14563=CARTESIAN_POINT('',(0.0116961161351395,-0.00766077677297209,0.00390634750354268));
#14564=CARTESIAN_POINT('',(0.0125000000000005,-0.00749999999998838,0.00386919614697818));
#14565=CARTESIAN_POINT('',(0.0125,-0.00668019609727614,0.00367976062765686));
#14566=CARTESIAN_POINT('',(0.0116961161351382,-0.00766077677297236,0.00300000000000001));
#14567=CARTESIAN_POINT('',(0.0125,-0.0075,0.00300000000000001));
#14568=CARTESIAN_POINT('',(0.0125,-0.00668019609728144,0.00300000000000001));
#14569=CARTESIAN_POINT('',(0.0115,-0.00668019609728144,0.003));
#14570=CARTESIAN_POINT('',(0.0115,-0.00668019609728145,0.007));
#14571=CARTESIAN_POINT('',(0.0115,-0.00668019609728145,-0.003));
#14572=CARTESIAN_POINT('',(0.0116961161351382,-0.00766077677297236,-0.003));
#14573=CARTESIAN_POINT('',(0.0125,-0.0075,-0.003));
#14574=CARTESIAN_POINT('',(0.0125,-0.00668019609728144,-0.003));
#14575=CARTESIAN_POINT('',(0.0116961161351398,-0.00766077677297205,-0.00404719758998196));
#14576=CARTESIAN_POINT('',(0.0125000000000005,-0.00749999999998658,-0.00400427276158266));
#14577=CARTESIAN_POINT('',(0.0125,-0.00668019609727531,-0.00378539819248643));
#14578=CARTESIAN_POINT('',(0.0116536204875702,-0.00678536643308699,-0.0061332554545014));
#14579=CARTESIAN_POINT('',(0.0124999999999995,-0.0066606683804716,-0.00605045807816211));
#14580=CARTESIAN_POINT('',(0.0125,-0.00601726399523544,-0.00534994159087955));
#14581=CARTESIAN_POINT('',(0.0115513430859451,-0.00467845195959678,-0.007));
#14582=CARTESIAN_POINT('',(0.0125000000000006,-0.00465197958780288,-0.00694994198614175));
#14583=CARTESIAN_POINT('',(0.0125,-0.00442173652987046,-0.00599999999999305));
#14584=CARTESIAN_POINT('',(0.0115,-0.00362078438912577,-0.007));
#14585=CARTESIAN_POINT('',(0.0125,-0.00362078438912577,-0.007));
#14586=CARTESIAN_POINT('',(0.0125,-0.00362078438912577,-0.006));
#14587=CARTESIAN_POINT('',(0.0115,-0.00362078438912577,-0.006));
#14588=CARTESIAN_POINT('',(0.0115,0.,-0.006));
#14589=CARTESIAN_POINT('',(0.0115,0.0035,-0.006));
#14590=CARTESIAN_POINT('',(0.0115,0.0035,-0.003));
#14591=CARTESIAN_POINT('',(0.0115,0.0065,-0.003));
#14592=CARTESIAN_POINT('',(0.0115,0.0065,0.007));
#14593=CARTESIAN_POINT('',(0.0115,0.0065,0.003));
#14594=CARTESIAN_POINT('',(0.0115,0.0035,0.003));
#14595=CARTESIAN_POINT('',(-0.009,-0.00326039219456289,0.005));
#14596=CARTESIAN_POINT('',(-0.0200559462324868,-0.0617163479465938,0.0621986975594107));
#14597=CARTESIAN_POINT('',(-0.0111924225857085,-0.0269475218009358,0.0169471577228052));
#14598=CARTESIAN_POINT('',(-0.0292273182524414,-0.0669444758114648,0.0980001790961941));
#14599=CARTESIAN_POINT('',(0.,-0.005,0.0015));
#14600=CARTESIAN_POINT('',(-0.0135,-0.005,0.0025));
#14601=CARTESIAN_POINT('',(-0.0135,-0.005,0.00175));
#14602=CARTESIAN_POINT('',(-0.0135,-0.005,-0.0025));
#14603=CARTESIAN_POINT('',(-0.0135,-0.005,-0.00325));
#14604=CARTESIAN_POINT('',(0.0135,-0.005,3.73221164141874E-18));
#14605=CARTESIAN_POINT('',(0.0135,-0.005,-0.000749999999999996));
#14606=CARTESIAN_POINT('',(0.0135,-0.005,-0.0045));
#14607=CARTESIAN_POINT('',(0.012,-0.005,-0.0045));
#14608=CARTESIAN_POINT('',(0.013,-0.005,-0.0045));
#14609=CARTESIAN_POINT('',(0.013,-0.005,-0.0025));
#14610=CARTESIAN_POINT('',(0.015,-0.005,-0.0025));
#14611=CARTESIAN_POINT('',(0.015,-0.005,0.0015));
#14612=CARTESIAN_POINT('',(0.015,-0.005,0.0075));
#14613=CARTESIAN_POINT('',(0.,-0.005,0.0075));
#14614=CARTESIAN_POINT('',(-0.015,-0.005,0.0075));
#14615=CARTESIAN_POINT('',(-0.015,-0.005,0.0015));
#14616=CARTESIAN_POINT('',(-0.015,-0.005,-0.0025));
#14617=CARTESIAN_POINT('',(-0.013,-0.005,-0.0025));
#14618=CARTESIAN_POINT('',(-0.013,-0.005,-0.0045));
#14619=CARTESIAN_POINT('',(-0.0135,-0.005,-0.0045));
#14620=CARTESIAN_POINT('',(-0.012,-0.005,-0.0045));
#14621=CARTESIAN_POINT('',(-0.012,-0.005,1.7347234759768E-18));
#14622=CARTESIAN_POINT('',(-0.012,-0.005,0.0045));
#14623=CARTESIAN_POINT('',(3.46944695195361E-18,-0.005,0.0045));
#14624=CARTESIAN_POINT('',(0.012,-0.005,0.0045));
#14625=CARTESIAN_POINT('',(0.012,-0.005,0.));
#14626=CARTESIAN_POINT('',(-0.0135,-0.005,4.79605123962228E-19));
#14627=CARTESIAN_POINT('',(-0.0135,-0.005,-0.00075));
#14628=CARTESIAN_POINT('',(0.0135,-0.005,0.0025));
#14629=CARTESIAN_POINT('',(0.0135,-0.005,0.00175));
#14630=CARTESIAN_POINT('',(0.0135,-0.005,-0.0025));
#14631=CARTESIAN_POINT('',(0.0135,-0.005,-0.00325));
#14632=CARTESIAN_POINT('',(0.,0.005,0.0015));
#14633=CARTESIAN_POINT('',(-0.0135,0.005,0.0025));
#14634=CARTESIAN_POINT('',(-0.0135,0.005,0.00175));
#14635=CARTESIAN_POINT('',(-0.0135,0.005,-0.0025));
#14636=CARTESIAN_POINT('',(-0.0135,0.005,-0.00325));
#14637=CARTESIAN_POINT('',(-0.0135,0.005,4.79605123962228E-19));
#14638=CARTESIAN_POINT('',(-0.0135,0.005,-0.00075));
#14639=CARTESIAN_POINT('',(0.015,0.005,0.0015));
#14640=CARTESIAN_POINT('',(0.015,0.005,-0.0025));
#14641=CARTESIAN_POINT('',(0.015,0.005,0.0075));
#14642=CARTESIAN_POINT('',(0.013,0.005,-0.0025));
#14643=CARTESIAN_POINT('',(0.013,0.005,-0.0045));
#14644=CARTESIAN_POINT('',(0.0135,0.005,-0.0045));
#14645=CARTESIAN_POINT('',(0.012,0.005,-0.0045));
#14646=CARTESIAN_POINT('',(0.012,0.005,0.));
#14647=CARTESIAN_POINT('',(0.012,0.005,0.0045));
#14648=CARTESIAN_POINT('',(3.46944695195361E-18,0.005,0.0045));
#14649=CARTESIAN_POINT('',(-0.012,0.005,0.0045));
#14650=CARTESIAN_POINT('',(-0.012,0.005,1.7347234759768E-18));
#14651=CARTESIAN_POINT('',(-0.012,0.005,-0.0045));
#14652=CARTESIAN_POINT('',(-0.0135,0.005,-0.0045));
#14653=CARTESIAN_POINT('',(-0.013,0.005,-0.0045));
#14654=CARTESIAN_POINT('',(-0.013,0.005,-0.0025));
#14655=CARTESIAN_POINT('',(-0.015,0.005,-0.0025));
#14656=CARTESIAN_POINT('',(-0.015,0.005,0.0015));
#14657=CARTESIAN_POINT('',(-0.015,0.005,0.0075));
#14658=CARTESIAN_POINT('',(0.,0.005,0.0075));
#14659=CARTESIAN_POINT('',(0.0135,0.005,0.0025));
#14660=CARTESIAN_POINT('',(0.0135,0.005,0.00175));
#14661=CARTESIAN_POINT('',(0.0135,0.005,3.73221164141874E-18));
#14662=CARTESIAN_POINT('',(0.0135,0.005,-0.000749999999999996));
#14663=CARTESIAN_POINT('',(0.0135,0.005,-0.0025));
#14664=CARTESIAN_POINT('',(0.0135,0.005,-0.00325));
#14665=CARTESIAN_POINT('',(-0.012,-0.005,1.7347234759768E-18));
#14666=CARTESIAN_POINT('',(-0.012,-0.005,0.0045));
#14667=CARTESIAN_POINT('',(-0.012,-0.005,-0.0045));
#14668=CARTESIAN_POINT('',(3.46944695195361E-18,-0.005,0.0045));
#14669=CARTESIAN_POINT('',(0.,6.12323399573677E-20,0.0045));
#14670=CARTESIAN_POINT('',(-0.001,6.12323399573677E-20,0.0045));
#14671=CARTESIAN_POINT('',(0.012,-0.005,0.0045));
#14672=CARTESIAN_POINT('',(0.012,-0.005,0.));
#14673=CARTESIAN_POINT('',(0.012,-0.005,-0.0045));
#14674=CARTESIAN_POINT('',(0.0135,-0.005,-0.0045));
#14675=CARTESIAN_POINT('',(0.013,-0.005,-0.0045));
#14676=CARTESIAN_POINT('',(0.015,-0.005,0.0015));
#14677=CARTESIAN_POINT('',(0.015,-0.005,-0.0025));
#14678=CARTESIAN_POINT('',(0.015,-0.005,0.0075));
#14679=CARTESIAN_POINT('',(0.,-0.005,0.0075));
#14680=CARTESIAN_POINT('',(0.,6.12323399573677E-20,0.0075));
#14681=CARTESIAN_POINT('',(0.001,6.12323399573677E-20,0.0075));
#14682=CARTESIAN_POINT('',(-0.015,-0.005,0.0075));
#14683=CARTESIAN_POINT('',(-0.015,-0.005,0.0015));
#14684=CARTESIAN_POINT('',(-0.015,-0.005,-0.0025));
#14685=CARTESIAN_POINT('',(-0.0135,-0.005,-0.0045));
#14686=CARTESIAN_POINT('',(-0.013,0.005,-0.0045));
#14687=CARTESIAN_POINT('',(-0.0135,0.0288330690505756,4.79605123962228E-19));
#14688=CARTESIAN_POINT('',(0.0135,0.0288330690505756,0.0025));
#14689=CARTESIAN_POINT('',(0.0135,0.0288330690505756,3.73221164141874E-18));
#14690=CARTESIAN_POINT('',(0.0135,0.0288330690505756,-0.0025));
#14691=CARTESIAN_POINT('',(-0.0135,0.0288330690505756,-0.0025));
#14692=CARTESIAN_POINT('',(-0.0135,0.0288330690505756,0.0025));
#14693=CARTESIAN_POINT('',(0.013,-0.005,-0.0025));
#14694=CARTESIAN_POINT('',(-0.013,-0.005,-0.0025));
#14695=CARTESIAN_POINT('',(0.,6.12323399573677E-20,0.004498));
#14696=CARTESIAN_POINT('',(-0.00354243596309525,-0.015,0.0297594637112373));
#14697=CARTESIAN_POINT('',(0.,0.,0.));
#14698=CARTESIAN_POINT('',(0.,0.,0.0175));
#14699=CARTESIAN_POINT('',(0.015,-0.0132554380499169,0.0175));
#14700=CARTESIAN_POINT('',(0.015,-0.0143021171746169,0.0175));
#14701=CARTESIAN_POINT('',(0.01,0.01,0.0175));
#14702=CARTESIAN_POINT('',(0.025,0.01,0.0175));
#14703=CARTESIAN_POINT('',(0.005,0.01,0.0175));
#14704=CARTESIAN_POINT('',(0.005,0.,0.0175));
#14705=CARTESIAN_POINT('',(0.005,0.00972872340425532,0.0175));
#14706=CARTESIAN_POINT('',(0.00191742745768104,-0.000573710015132267,0.0175));
#14707=CARTESIAN_POINT('',(-0.00449349416660479,-0.022,0.0175));
#14708=CARTESIAN_POINT('',(0.01,-0.022,0.0175));
#14709=CARTESIAN_POINT('',(0.025,-0.022,0.0175));
#14710=CARTESIAN_POINT('',(0.025,-1.5770213417971E-18,0.0175));
#14711=CARTESIAN_POINT('',(-0.0162987944885641,-0.037,0.0030429484366825));
#14712=CARTESIAN_POINT('',(-0.024646974407956,-0.037,0.00508825639801098));
#14713=CARTESIAN_POINT('',(-0.015,-0.037,0.0075));
#14714=CARTESIAN_POINT('',(-0.0342939488159121,-0.037,0.00267651279602196));
#14715=CARTESIAN_POINT('',(-0.0151676413739193,-0.037,0.00300080136172586));
#14716=CARTESIAN_POINT('',(-0.0148634477035477,-0.037,0.0111648226621377));
#14717=CARTESIAN_POINT('',(-0.0304041689637407,-0.037,0.00727964234708948));
#14718=CARTESIAN_POINT('',(-0.041049493620896,-0.037,0.00461831118280067));
#14719=CARTESIAN_POINT('',(-0.041049493620896,-0.037,0.00461831118280067));
#14720=CARTESIAN_POINT('',(-0.0407155332845776,-0.037,0.000825140578137882));
#14721=CARTESIAN_POINT('',(-0.0403801600085694,-0.037,-0.00296790547439986));
#14722=CARTESIAN_POINT('',(-0.0400432669438073,-0.037,-0.00676081673595185));
#14723=CARTESIAN_POINT('',(-0.0400432669438073,-0.037,-0.00676081673595185));
#14724=CARTESIAN_POINT('',(-0.0368282062532699,-0.037,-0.00595705156331751));
#14725=CARTESIAN_POINT('',(-0.0324115958747356,-0.037,-0.00485289896868392));
#14726=CARTESIAN_POINT('',(-0.0333527723453238,-0.037,-0.00108819308633098));
#14727=CARTESIAN_POINT('',(0.,0.,0.0175));
#14728=CARTESIAN_POINT('',(-0.005,0.,0.0175));
#14729=CARTESIAN_POINT('',(-0.005,0.01,0.0175));
#14730=CARTESIAN_POINT('',(-0.005,0.00972872340425532,0.0175));
#14731=CARTESIAN_POINT('',(0.01,0.01,0.0175));
#14732=CARTESIAN_POINT('',(-0.01,0.01,0.0175));
#14733=CARTESIAN_POINT('',(-0.01,-0.055,0.0175));
#14734=CARTESIAN_POINT('',(-0.01,-0.0145398936170213,0.0175));
#14735=CARTESIAN_POINT('',(-0.00671917289194329,0.00138433370266886,0.0175));
#14736=CARTESIAN_POINT('',(-0.00470588235294118,1.48425538051491E-19,0.0188235294117647));
#14737=CARTESIAN_POINT('',(-0.0362987944885641,-0.022,0.010925301377859));
#14738=CARTESIAN_POINT('',(-0.0382082434990592,-0.022,0.0104479391252352));
#14739=CARTESIAN_POINT('',(-0.0115514380530973,-0.022,0.0171121404867257));
#14740=CARTESIAN_POINT('',(-0.00687647305880302,0.000479618908734407,0.0182808817352993));
#14741=CARTESIAN_POINT('',(-0.02,0.01,0.015));
#14742=CARTESIAN_POINT('',(-0.0262126781251816,0.01,0.0134468304687046));
#14743=CARTESIAN_POINT('',(-0.0262126781251816,1.06029693143373E-19,0.0134468304687046));
#14744=CARTESIAN_POINT('',(-0.0262126781251816,-0.001351192234728,0.0134468304687046));
#14745=CARTESIAN_POINT('',(-0.0262126781251816,-0.001351192234728,0.0134468304687046));
#14746=CARTESIAN_POINT('',(-0.0302224719482767,-0.0082271646873491,0.0124443820129308));
#14747=CARTESIAN_POINT('',(-0.0342236265750747,-0.0151084925331369,0.0114440933562313));
#14748=CARTESIAN_POINT('',(-0.0382082434990592,-0.022,0.0104479391252352));
#14749=CARTESIAN_POINT('',(-0.0304041689637407,-0.022,0.00727964234708948));
#14750=CARTESIAN_POINT('',(-0.0233654276201472,-0.035,0.00903932768298786));
#14751=CARTESIAN_POINT('',(-0.0226378207450382,-0.035,0.00922122940176511));
#14752=CARTESIAN_POINT('',(-0.0415841745739294,-0.035,0.00448464094454231));
#14753=CARTESIAN_POINT('',(-0.0408565676988204,-0.035,0.00466654266331956));
#14754=CARTESIAN_POINT('',(-0.0125637862809693,-0.0259420535850482,0.0117397380177823));
#14755=CARTESIAN_POINT('',(-0.0117439786769991,-0.022,0.0119446899187749));
#14756=CARTESIAN_POINT('',(-0.0304041689637407,-0.022,0.00727964234708948));
#14757=CARTESIAN_POINT('',(-0.0427122967172175,-0.022,0.00420261040872029));
#14758=CARTESIAN_POINT('',(-0.0427122967172156,-0.0220000000000011,0.00420261040872041));
#14759=CARTESIAN_POINT('',(-0.0438570367476547,-0.023992082632127,0.00391642540111064));
#14760=CARTESIAN_POINT('',(-0.0450002316574635,-0.0259851068193706,0.00363062667365877));
#14761=CARTESIAN_POINT('',(-0.0461415695996337,-0.0279792625929444,0.00334529218811622));
#14762=CARTESIAN_POINT('',(-0.0461415695996337,-0.0279792625929444,0.00334529218811622));
#14763=CARTESIAN_POINT('',(-0.0461415695996335,-0.0279792625929443,0.0033452921881141));
#14764=CARTESIAN_POINT('',(-0.0466660862364715,-0.0288957027120707,0.0032141630289046));
#14765=CARTESIAN_POINT('',(-0.047220691945228,-0.0309861156736494,0.00307551160171865));
#14766=CARTESIAN_POINT('',(-0.0463861472292059,-0.0341581459197548,0.0032841477807229));
#14767=CARTESIAN_POINT('',(-0.044120659309695,-0.0364417615150604,0.00385051976060097));
#14768=CARTESIAN_POINT('',(-0.0420814945370776,-0.037,0.00436031095375526));
#14769=CARTESIAN_POINT('',(-0.041049493620896,-0.037,0.00461831118280067));
#14770=CARTESIAN_POINT('',(-0.010964646065034,-0.022,0.00414709853131608));
#14771=CARTESIAN_POINT('',(-0.0120330357930303,-0.022,0.00418690702529074));
#14772=CARTESIAN_POINT('',(-0.0382082434990593,-0.022,0.0104479391252352));
#14773=CARTESIAN_POINT('',(-0.0388388047527791,-0.022,0.0102902988118052));
#14774=CARTESIAN_POINT('',(-0.0400241362554768,-0.022,0.00980623417671469));
#14775=CARTESIAN_POINT('',(-0.0420605259244458,-0.022,0.0081721678489484));
#14776=CARTESIAN_POINT('',(-0.0428455112161441,-0.022,0.00625649962360794));
#14777=CARTESIAN_POINT('',(-0.0427609706299049,-0.022,0.00495306043575465));
#14778=CARTESIAN_POINT('',(-0.0427609706299049,-0.022,0.00495306043575466));
#14779=CARTESIAN_POINT('',(-0.0427122967172156,-0.0220000000000011,0.00420261040872041));
#14780=CARTESIAN_POINT('',(-0.0427285213547797,-0.0220000000000011,0.00445276041773176));
#14781=CARTESIAN_POINT('',(-0.0427447459923407,-0.022,0.00470291042674331));
#14782=CARTESIAN_POINT('',(-0.0427609706299048,-0.022,0.00495306043575466));
#14783=CARTESIAN_POINT('',(-0.0162987944885641,-0.037,0.0030429484366825));
#14784=CARTESIAN_POINT('',(-0.00978299791046568,-0.037,0.00269036486394676));
#14785=CARTESIAN_POINT('',(-0.0095227383520987,-0.037,0.0075));
#14786=CARTESIAN_POINT('',(-0.00925217774718289,-0.037,0.0125));
#14787=CARTESIAN_POINT('',(0.000357946235925973,-0.037,0.0075));
#14788=CARTESIAN_POINT('',(0.0102386308239506,-0.037,0.0075));
#14789=CARTESIAN_POINT('',(0.0102386308239506,-0.037,0.0035));
#14790=CARTESIAN_POINT('',(0.0102386308239506,-0.037,-0.0005));
#14791=CARTESIAN_POINT('',(0.0075,-0.037,-0.0005));
#14792=CARTESIAN_POINT('',(0.03,-0.037,-0.0005));
#14793=CARTESIAN_POINT('',(0.03,-0.037,0.0085));
#14794=CARTESIAN_POINT('',(0.03,-0.037,0.0125));
#14795=CARTESIAN_POINT('',(0.0102386308239507,-0.037,0.0125));
#14796=CARTESIAN_POINT('',(-0.000522738352098699,-0.035,-0.000502));
#14797=CARTESIAN_POINT('',(-0.000522738352098699,-0.035,0.0125));
#14798=CARTESIAN_POINT('',(0.000227261647901301,-0.035,0.0125));
#14799=CARTESIAN_POINT('',(-0.000522738352098699,-0.035,0.0075));
#14800=CARTESIAN_POINT('',(-0.0012727383520987,-0.035,0.0075));
#14801=CARTESIAN_POINT('',(3.46944695195361E-18,0.000356104620729982,0.00227683466834607));
#14802=CARTESIAN_POINT('',(3.46944695195361E-18,-0.00489860990467596,0.003901019158017));
#14803=CARTESIAN_POINT('',(0.0102386308239506,-0.00489860990467596,0.003901019158017));
#14804=CARTESIAN_POINT('',(0.03,-0.00489860990467597,0.003901019158017));
#14805=CARTESIAN_POINT('',(0.0102386308239506,0.000356104620729982,0.00227683466834607));
#14806=CARTESIAN_POINT('',(0.0102386308239506,0.00561081914613594,0.000652650178675131));
#14807=CARTESIAN_POINT('',(6.93889390390723E-18,0.00561081914613594,0.000652650178675131));
#14808=CARTESIAN_POINT('',(0.03,0.00561081914613594,0.000652650178675131));
#14809=CARTESIAN_POINT('',(0.03,0.00035610462072998,0.00227683466834607));
#14810=CARTESIAN_POINT('',(3.46944695195361E-18,-0.00682718270885787,0.00240376522990969));
#14811=CARTESIAN_POINT('',(3.46944695195361E-18,-0.00875575551303978,0.000906511301802395));
#14812=CARTESIAN_POINT('',(0.0102386308239506,-0.00875575551303978,0.000906511301802393));
#14813=CARTESIAN_POINT('',(0.03,-0.00875575551303978,0.000906511301802395));
#14814=CARTESIAN_POINT('',(0.0102386308239506,-0.00682718270885787,0.0024037652299097));
#14815=CARTESIAN_POINT('',(0.03,-0.00682718270885787,0.00240376522990969));
#14816=CARTESIAN_POINT('',(3.46944695195361E-18,-0.0188826269423513,0.00403663519813502));
#14817=CARTESIAN_POINT('',(0.015,-0.0175446666798678,0.00362308384427652));
#14818=CARTESIAN_POINT('',(0.015,-0.0165892640388849,0.00332777757342725));
#14819=CARTESIAN_POINT('',(3.46944695195361E-18,-0.0290094983716627,0.00716675909446765));
#14820=CARTESIAN_POINT('',(0.0102386308239506,-0.0290094983716627,0.00716675909446766));
#14821=CARTESIAN_POINT('',(0.03,-0.0290094983716627,0.00716675909446765));
#14822=CARTESIAN_POINT('',(0.0102386308239506,-0.0188826269423513,0.00403663519813502));
#14823=CARTESIAN_POINT('',(0.03,-0.0188826269423513,0.00403663519813502));
#14824=CARTESIAN_POINT('',(3.46944695195361E-18,-0.0307813359967583,0.0014343432485702));
#14825=CARTESIAN_POINT('',(3.38578004044434E-18,-0.0313792239099527,-0.0005));
#14826=CARTESIAN_POINT('',(0.0102386308239506,-0.0313792239099527,-0.0005));
#14827=CARTESIAN_POINT('',(3.1705347998796E-18,-0.0313792239099527,-0.0005));
#14828=CARTESIAN_POINT('',(0.0102386308239506,-0.0307813359967583,0.0014343432485702));
#14829=CARTESIAN_POINT('',(0.03,-0.0307813359967583,0.0014343432485702));
#14830=CARTESIAN_POINT('',(0.03,-0.0319625610801553,-0.00238726731536137));
#14831=CARTESIAN_POINT('',(0.025,-0.0319625610801553,-0.00238726731536137));
#14832=CARTESIAN_POINT('',(0.0295825756949558,-0.0325531736218538,-0.00429807259732724));
#14833=CARTESIAN_POINT('',(3.46944695195361E-18,-0.0325531736218538,-0.00429807259732724));
#14834=CARTESIAN_POINT('',(3.46944695195361E-18,-0.0325531736218538,-0.00429807259732724));
#14835=CARTESIAN_POINT('',(3.46944695195361E-18,-0.0307813359967583,0.0014343432485702));
#14836=CARTESIAN_POINT('',(3.46944695195361E-18,-0.0225,-1.04083408558608E-17));
#14837=CARTESIAN_POINT('',(5.22920922699125E-15,0.00136367188591498,-0.000499999999999999));
#14838=CARTESIAN_POINT('',(5.22927118176201E-15,0.00234582046430332,-0.00156312130975518));
#14839=CARTESIAN_POINT('',(6.1139957367833E-18,0.00311021122954824,-0.00280216197979903));
#14840=CARTESIAN_POINT('',(6.15236869580088E-18,0.00371852511219129,-0.0041139885841197));
#14841=CARTESIAN_POINT('',(1.04551783897122E-14,0.00136367188591498,-0.0005));
#14842=CARTESIAN_POINT('',(1.7347234759768E-18,0.00371852511219129,-0.0041139885841197));
#14843=CARTESIAN_POINT('',(3.46944695195361E-18,-0.0225,-0.0005));
#14844=CARTESIAN_POINT('',(3.46944695195361E-18,-0.0210883419300588,-0.00784174784751834));
#14845=CARTESIAN_POINT('',(3.3483638361647E-18,0.00088591881254778,-0.0146337920770513));
#14846=CARTESIAN_POINT('',(3.46944695195361E-18,0.00280540957306798,-0.00842367491066243));
#14847=CARTESIAN_POINT('',(5.23094790304003E-18,0.00415101101044403,-0.00407025849562224));
#14848=CARTESIAN_POINT('',(1.7347234759768E-18,0.00371852511219129,-0.0041139885841197));
#14849=CARTESIAN_POINT('',(1.74381245205878E-18,0.00386260965691303,-0.00409842823201703));
#14850=CARTESIAN_POINT('',(5.2218491947409E-18,0.00400677218408867,-0.00408385866464442));
#14851=CARTESIAN_POINT('',(5.23094790304003E-18,0.00415101101044403,-0.00407025849562224));
#14852=CARTESIAN_POINT('',(0.005,0.01,0.00266666666666666));
#14853=CARTESIAN_POINT('',(0.00124881355932198,0.00118471186440666,0.00207272881355931));
#14854=CARTESIAN_POINT('',(0.005,0.01,0.00488888888888888));
#14855=CARTESIAN_POINT('',(0.00159125071974954,0.00118471186440666,0.00387815254237286));
#14856=CARTESIAN_POINT('',(0.005,0.01,0.00711111111111111));
#14857=CARTESIAN_POINT('',(0.00193368788017709,0.00118471186440666,0.00568357627118642));
#14858=CARTESIAN_POINT('',(0.005,0.01,0.00933333333333333));
#14859=CARTESIAN_POINT('',(0.00227612504060464,0.00118471186440666,0.00748899999999997));
#14860=CARTESIAN_POINT('',(-0.005,-0.0135,0.00108333333333333));
#14861=CARTESIAN_POINT('',(0.005,0.01,0.00266666666666666));
#14862=CARTESIAN_POINT('',(0.00336307368143807,0.00615322315137946,0.00240748666622769));
#14863=CARTESIAN_POINT('',(0.00336307368143812,0.00615322315137959,0.0024074866662277));
#14864=CARTESIAN_POINT('',(0.00370638340470212,0.00667533148969676,0.00409666070195973));
#14865=CARTESIAN_POINT('',(0.00399783198280844,0.00720028740397019,0.005795047483433));
#14866=CARTESIAN_POINT('',(0.00424105387154269,0.00772727272727272,0.0075));
#14867=CARTESIAN_POINT('',(0.00424105387154269,0.00772727272727272,0.0075));
#14868=CARTESIAN_POINT('',(0.00229237081571037,0.0012372881355931,0.00749999999999999));
#14869=CARTESIAN_POINT('',(0.00288045009922758,0.00341857221352897,0.00749999999999998));
#14870=CARTESIAN_POINT('',(0.00353994447141023,0.0055797218024706,0.0075));
#14871=CARTESIAN_POINT('',(0.00424105387154269,0.00772727272727272,0.0075));
#14872=CARTESIAN_POINT('',(0.00229237081571037,0.0012372881355931,0.0075));
#14873=CARTESIAN_POINT('',(-0.00226136917604935,-0.0135,0.00441666666666666));
#14874=CARTESIAN_POINT('',(0.005,0.01,0.00933333333333333));
#14875=CARTESIAN_POINT('',(0.005,0.01,0.006));
#14876=CARTESIAN_POINT('',(0.00174358265302569,-0.000538757333301067,2.26847532038218E-19));
#14877=CARTESIAN_POINT('',(0.00174358265302568,-0.000538757333301067,0.0075));
#14878=CARTESIAN_POINT('',(0.005,0.01,0.016));
#14879=CARTESIAN_POINT('',(0.005,0.01,0.016));
#14880=CARTESIAN_POINT('',(0.005,0.01,0.006));
#14881=CARTESIAN_POINT('',(-3.46378711562773E-19,-0.00493738684369342,-0.0159738986119493));
#14882=CARTESIAN_POINT('',(0.01,0.00912985286925297,-0.0203219545232237));
#14883=CARTESIAN_POINT('',(0.01,0.,-0.0175));
#14884=CARTESIAN_POINT('',(0.01,-0.0105094290508118,-0.0142516310206582));
#14885=CARTESIAN_POINT('',(0.,-0.0105094290508118,-0.0142516310206582));
#14886=CARTESIAN_POINT('',(0.025,-0.0105094290508118,-0.0142516310206582));
#14887=CARTESIAN_POINT('',(0.025,-0.00493738684369342,-0.0159738986119493));
#14888=CARTESIAN_POINT('',(0.025,-0.055,-0.0005));
#14889=CARTESIAN_POINT('',(0.0075,-0.055,-0.0005));
#14890=CARTESIAN_POINT('',(-0.015,-0.055,-0.000500000000000007));
#14891=CARTESIAN_POINT('',(-0.015,-0.055,-0.000500000000000007));
#14892=CARTESIAN_POINT('',(0.,1.89242561015651E-18,-0.0175));
#14893=CARTESIAN_POINT('',(8.14763111817385E-18,5.20417042793042E-18,-0.0175));
#14894=CARTESIAN_POINT('',(0.03,-1.89242561015651E-18,0.));
#14895=CARTESIAN_POINT('',(0.03,-0.037,-0.0005));
#14896=CARTESIAN_POINT('',(0.03,-0.0380684259239715,-0.0005));
#14897=CARTESIAN_POINT('',(0.03,-0.00346085548944712,-0.0111968854070348));
#14898=CARTESIAN_POINT('',(0.03,0.00280540957306798,-0.00842367491066243));
#14899=CARTESIAN_POINT('',(0.03,0.00154545454545454,-0.0125));
#14900=CARTESIAN_POINT('',(0.03,0.01,-0.0125));
#14901=CARTESIAN_POINT('',(0.03,0.01,-0.0125));
#14902=CARTESIAN_POINT('',(0.03,0.01,0.));
#14903=CARTESIAN_POINT('',(0.03,0.01,0.0125));
#14904=CARTESIAN_POINT('',(0.03,-1.89242561015651E-18,0.0125));
#14905=CARTESIAN_POINT('',(0.03,-0.022,0.0125));
#14906=CARTESIAN_POINT('',(0.03,-0.022,0.0125));
#14907=CARTESIAN_POINT('',(-0.0451908235156407,-0.0283239040357817,-0.00952584390271196));
#14908=CARTESIAN_POINT('',(-0.03,0.,-0.0110947537260976));
#14909=CARTESIAN_POINT('',(-0.0456336701714552,-0.0283239040357817,-0.004579646109546));
#14910=CARTESIAN_POINT('',(-0.03,0.,-0.004549020250736));
#14911=CARTESIAN_POINT('',(-0.0460765168272697,-0.0283239040357817,0.000366551683619945));
#14912=CARTESIAN_POINT('',(-0.03,0.,0.00199671322462555));
#14913=CARTESIAN_POINT('',(-0.0465193634830842,-0.0283239040357817,0.0053127494767859));
#14914=CARTESIAN_POINT('',(-0.03,0.,0.00854244669998711));
#14915=CARTESIAN_POINT('',(-0.03,0.,-0.0025));
#14916=CARTESIAN_POINT('',(-0.03,0.,-0.0109783276366148));
#14917=CARTESIAN_POINT('',(-0.03,0.,0.00842602061050439));
#14918=CARTESIAN_POINT('',(-0.03,-1.36956118782519E-19,-0.0109783276366148));
#14919=CARTESIAN_POINT('',(-0.0350431211127775,-0.00939822986388875,-0.00962609890296074));
#14920=CARTESIAN_POINT('',(-0.0401363822921604,-0.0187863355592499,-0.00839079191463744));
#14921=CARTESIAN_POINT('',(-0.0452980649136446,-0.0281549741906379,-0.00730793039673887));
#14922=CARTESIAN_POINT('',(-0.0452980649136446,-0.0281549741906379,-0.00730793039673885));
#14923=CARTESIAN_POINT('',(-0.0452980649136446,-0.0281549741906379,-0.00730793039673885));
#14924=CARTESIAN_POINT('',(-0.045580790745924,-0.0280945081558569,-0.00375701139018112));
#14925=CARTESIAN_POINT('',(-0.0458618877478415,-0.028035966894911,-0.00020593014152658));
#14926=CARTESIAN_POINT('',(-0.0461415695996335,-0.0279792625929443,0.0033452921881141));
#14927=CARTESIAN_POINT('',(-0.0427609706299049,-0.022,0.00495306043575465));
#14928=CARTESIAN_POINT('',(-0.0385289467792052,-0.0146568093118577,0.00612756366972076));
#14929=CARTESIAN_POINT('',(-0.0342705412094693,-0.00732571216192647,0.00728222538941374));
#14930=CARTESIAN_POINT('',(-0.03,0.,0.00842602061050438));
#14931=CARTESIAN_POINT('',(0.,0.01,-3.46944695195361E-18));
#14932=CARTESIAN_POINT('',(-0.015,0.01,-0.005));
#14933=CARTESIAN_POINT('',(-0.015,0.01,-0.004));
#14934=CARTESIAN_POINT('',(0.015,0.01,0.005));
#14935=CARTESIAN_POINT('',(0.015,0.01,0.006));
#14936=CARTESIAN_POINT('',(-0.005,0.01,-3.46944695195361E-18));
#14937=CARTESIAN_POINT('',(-0.005,0.01,0.016));
#14938=CARTESIAN_POINT('',(-0.005,0.01,0.006));
#14939=CARTESIAN_POINT('',(-0.005,0.01,-0.004));
#14940=CARTESIAN_POINT('',(0.,0.01,-0.004));
#14941=CARTESIAN_POINT('',(0.005,0.01,-0.004));
#14942=CARTESIAN_POINT('',(0.005,0.01,0.006));
#14943=CARTESIAN_POINT('',(0.005,0.01,-3.46944695195361E-18));
#14944=CARTESIAN_POINT('',(0.025,0.01,0.0125));
#14945=CARTESIAN_POINT('',(0.025,0.01,-0.0125));
#14946=CARTESIAN_POINT('',(0.025,0.01,-0.0175));
#14947=CARTESIAN_POINT('',(0.,0.01,-0.0175));
#14948=CARTESIAN_POINT('',(-0.03,0.01,-0.0175));
#14949=CARTESIAN_POINT('',(-0.03,0.01,-0.0025));
#14950=CARTESIAN_POINT('',(-0.03,0.01,0.00859611796797793));
#14951=CARTESIAN_POINT('',(-0.025,0.01,0.00859611796797793));
#14952=CARTESIAN_POINT('',(-0.015,0.01,0.005));
#14953=CARTESIAN_POINT('',(-0.015,0.01,0.006));
#14954=CARTESIAN_POINT('',(0.015,0.01,-0.005));
#14955=CARTESIAN_POINT('',(0.015,0.01,-0.004));
#14956=CARTESIAN_POINT('',(-0.015,-0.055,-0.000500000000000007));
#14957=CARTESIAN_POINT('',(0.,0.,-0.0175));
#14958=CARTESIAN_POINT('',(-0.0295521375021799,-0.055,-0.00413803437554501));
#14959=CARTESIAN_POINT('',(-0.01,0.,-0.0175));
#14960=CARTESIAN_POINT('',(-0.0441042750043599,-0.055,-0.00777606875109001));
#14961=CARTESIAN_POINT('',(-0.02,0.,-0.0175));
#14962=CARTESIAN_POINT('',(-0.0586564125065399,-0.055,-0.011414103126635));
#14963=CARTESIAN_POINT('',(-0.03,0.,-0.0175));
#14964=CARTESIAN_POINT('',(-0.0368282062532699,-0.055,-0.00595705156331751));
#14965=CARTESIAN_POINT('',(-0.0512967739646858,-0.055,-0.00957419349117146));
#14966=CARTESIAN_POINT('',(-0.0512967739646858,-0.055,-0.00957419349117146));
#14967=CARTESIAN_POINT('',(-0.0439136667893756,-0.0417028653346141,-0.0112374959536653));
#14968=CARTESIAN_POINT('',(-0.0368336561346438,-0.028271378357059,-0.0131395047267665));
#14969=CARTESIAN_POINT('',(-0.03,-0.0147390712095063,-0.0152017923701383));
#14970=CARTESIAN_POINT('',(-0.03,-0.0147390712095063,-0.0152017923701383));
#14971=CARTESIAN_POINT('',(-0.03,0.,-0.0175));
#14972=CARTESIAN_POINT('',(-0.03,-0.00495127432552467,-0.0169521282738749));
#14973=CARTESIAN_POINT('',(-0.03,-0.00985964451985868,-0.0161595132977534));
#14974=CARTESIAN_POINT('',(-0.03,-0.0147390712095063,-0.0152017923701383));
#14975=CARTESIAN_POINT('',(-0.03,1.7347234759768E-18,-0.0175));
#14976=CARTESIAN_POINT('',(0.,0.,-0.0175));
#14977=CARTESIAN_POINT('',(0.,0.01,-0.0175));
#14978=CARTESIAN_POINT('',(0.025,0.,-0.0175));
#14979=CARTESIAN_POINT('',(0.025,0.,-0.0175));
#14980=CARTESIAN_POINT('',(0.,0.,-0.0175));
#14981=CARTESIAN_POINT('',(-0.03,0.01,-0.0175));
#14982=CARTESIAN_POINT('',(-0.03,0.01,-0.0025));
#14983=CARTESIAN_POINT('',(-0.03,-0.0147390712095063,-0.0152017923701383));
#14984=CARTESIAN_POINT('',(-0.03,-0.0133579340702438,-0.0154728783042675));
#14985=CARTESIAN_POINT('',(-0.03,-0.0105918747222855,-0.015794735347439));
#14986=CARTESIAN_POINT('',(-0.03,-0.00711515802473328,-0.0156594340346705));
#14987=CARTESIAN_POINT('',(-0.03,-0.00433668904930406,-0.0150742875421088));
#14988=CARTESIAN_POINT('',(-0.03,-0.00268520280504235,-0.0144389940235592));
#14989=CARTESIAN_POINT('',(-0.03,-0.00149998290041377,-0.0136934099584178));
#14990=CARTESIAN_POINT('',(-0.03,-0.000440358037958354,-0.0127226256314838));
#14991=CARTESIAN_POINT('',(-0.03,-6.91470072111696E-18,-0.0116968060396709));
#14992=CARTESIAN_POINT('',(-0.03,-9.55066169724419E-18,-0.0109783276366148));
#14993=CARTESIAN_POINT('',(-0.03,0.,0.00842602061050439));
#14994=CARTESIAN_POINT('',(-0.03,-3.91035351556061E-19,0.00848278336047016));
#14995=CARTESIAN_POINT('',(-0.03,-1.88873814647397E-6,0.00853948283759793));
#14996=CARTESIAN_POINT('',(-0.03,-5.69827139108292E-6,0.00859611796797793));
#14997=CARTESIAN_POINT('',(-0.03,-5.69827139108148E-6,0.00859611796797793));
#14998=CARTESIAN_POINT('',(-0.03,0.01,0.00859611796797793));
#14999=CARTESIAN_POINT('',(0.015,-0.01,0.005));
#15000=CARTESIAN_POINT('',(0.015,-0.01,0.005));
#15001=CARTESIAN_POINT('',(0.015,-0.01,0.006));
#15002=CARTESIAN_POINT('',(0.,-0.01,3.46944695195361E-18));
#15003=CARTESIAN_POINT('',(-0.015,-0.01,0.005));
#15004=CARTESIAN_POINT('',(-0.015,-0.01,0.005));
#15005=CARTESIAN_POINT('',(-0.015,-0.01,0.006));
#15006=CARTESIAN_POINT('',(0.,-0.01,3.46944695195361E-18));
#15007=CARTESIAN_POINT('',(-0.015,-0.01,-0.005));
#15008=CARTESIAN_POINT('',(-0.015,-0.01,-0.005));
#15009=CARTESIAN_POINT('',(-0.015,-0.01,-0.004));
#15010=CARTESIAN_POINT('',(0.,-0.01,3.46944695195361E-18));
#15011=CARTESIAN_POINT('',(0.015,-0.01,-0.005));
#15012=CARTESIAN_POINT('',(0.015,0.00386363636363636,-0.005));
#15013=CARTESIAN_POINT('',(0.015,0.00417272727272727,-0.004));
#15014=CARTESIAN_POINT('',(0.0075,-0.037,-0.0005));
#15015=CARTESIAN_POINT('',(0.025,-0.0380684259239715,-0.0005));
#15016=CARTESIAN_POINT('',(0.0102386308239506,0.00772927272727272,-0.0005));
#15017=CARTESIAN_POINT('',(1.04538773471052E-14,0.00136367188591498,-0.0005));
#15018=CARTESIAN_POINT('',(-0.00353103816106652,-0.00500012716553319,-0.0005));
#15019=CARTESIAN_POINT('',(-0.00679601777382858,-0.0114910117084312,-0.000499999999999999));
#15020=CARTESIAN_POINT('',(-0.00952273835209871,-0.0182390009914662,-0.000499999999999999));
#15021=CARTESIAN_POINT('',(-0.0095227383520987,-0.0182390009914663,-0.0005));
#15022=CARTESIAN_POINT('',(-0.0095227383520987,0.00772927272727272,-0.0005));
#15023=CARTESIAN_POINT('',(-0.0095227383520987,-0.037,-0.0005));
#15024=CARTESIAN_POINT('',(0.0075,-0.037,-0.0005));
#15025=CARTESIAN_POINT('',(-0.015,-0.037,-0.000500000000000007));
#15026=CARTESIAN_POINT('',(-0.015,-0.037,-0.000500000000000007));
#15027=CARTESIAN_POINT('',(-0.0368282062532699,-0.037,-0.00595705156331751));
#15028=CARTESIAN_POINT('',(-0.0368282062532699,-0.037,-0.00595705156331751));
#15029=CARTESIAN_POINT('',(-0.0400432669438073,-0.037,-0.00676081673595185));
#15030=CARTESIAN_POINT('',(-0.0409802539563628,-0.037,-0.00699506348909072));
#15031=CARTESIAN_POINT('',(-0.0428251959810658,-0.0365439366151776,-0.00745629899526647));
#15032=CARTESIAN_POINT('',(-0.0450106267730912,-0.034642266039646,-0.00800265669327282));
#15033=CARTESIAN_POINT('',(-0.046100561496584,-0.03189978546649,-0.00827514037414603));
#15034=CARTESIAN_POINT('',(-0.0459209906725808,-0.0299444418735958,-0.00823024766814522));
#15035=CARTESIAN_POINT('',(-0.0456103150949941,-0.0290329013989757,-0.00815257877374854));
#15036=CARTESIAN_POINT('',(-0.0456103150949941,-0.0290329013989757,-0.00815257877374854));
#15037=CARTESIAN_POINT('',(-0.0512967739646858,-0.055,-0.00957419349117146));
#15038=CARTESIAN_POINT('',(-0.0515896232640781,-0.055,-0.00964740581601955));
#15039=CARTESIAN_POINT('',(-0.0521755712893721,-0.0548337792258147,-0.00979389282234305));
#15040=CARTESIAN_POINT('',(-0.0527033278970712,-0.0540695121806589,-0.00992583197426783));
#15041=CARTESIAN_POINT('',(-0.052930398321437,-0.0532023609673126,-0.00998259958035926));
#15042=CARTESIAN_POINT('',(-0.0530441667691295,-0.0520223148032932,-0.0100110416922824));
#15043=CARTESIAN_POINT('',(-0.0529699517793441,-0.0505430451416581,-0.00999248794483604));
#15044=CARTESIAN_POINT('',(-0.0527181309787265,-0.0487887262937902,-0.00992953274468165));
#15045=CARTESIAN_POINT('',(-0.0523639732745547,-0.0470682403759932,-0.00984099331863871));
#15046=CARTESIAN_POINT('',(-0.051795296340101,-0.0447980557995765,-0.00969882408502527));
#15047=CARTESIAN_POINT('',(-0.0509468022115919,-0.0419988199565213,-0.009486700552898));
#15048=CARTESIAN_POINT('',(-0.049774673727505,-0.0386782595982933,-0.00919366843187628));
#15049=CARTESIAN_POINT('',(-0.0484883049037289,-0.0354148043862593,-0.00887207622593226));
#15050=CARTESIAN_POINT('',(-0.0471028912855371,-0.0321981162169237,-0.0085257228213843));
#15051=CARTESIAN_POINT('',(-0.0461179540257969,-0.0300831415514955,-0.00827948850644925));
#15052=CARTESIAN_POINT('',(-0.0456103150949928,-0.0290329013989731,-0.00815257877374823));
#15053=CARTESIAN_POINT('',(0.0102386308239507,-0.022,0.0125));
#15054=CARTESIAN_POINT('',(0.02,-0.035,0.0125));
#15055=CARTESIAN_POINT('',(0.02075,-0.035,0.0125));
#15056=CARTESIAN_POINT('',(0.0102386308239507,-0.022,0.0125));
#15057=CARTESIAN_POINT('',(-0.00476405477152061,-0.022,0.0125));
#15058=CARTESIAN_POINT('',(-0.0035312946733241,-0.0178799254001682,0.0125));
#15059=CARTESIAN_POINT('',(-0.010964646065034,-0.022,0.00414709853131608));
#15060=CARTESIAN_POINT('',(-0.0052328314367884,-0.022,0.0038369378846994));
#15061=CARTESIAN_POINT('',(0.025,-0.022,0.0125));
#15062=CARTESIAN_POINT('',(-0.0206283108811267,-0.035,-0.00190913927309448));
#15063=CARTESIAN_POINT('',(-0.0219136006192983,-0.034412308657522,0.00565351314422728));
#15064=CARTESIAN_POINT('',(-0.0216878448705348,-0.0349997951350731,0.00575683816626393));
#15065=CARTESIAN_POINT('',(-0.0219289984789058,-0.0355885108021857,0.00571472704176236));
#15066=CARTESIAN_POINT('',(-0.0224994262770414,-0.0358313453393521,0.00556943858964806));
#15067=CARTESIAN_POINT('',(-0.0230624570420815,-0.0355861013225745,0.00539828542125002));
#15068=CARTESIAN_POINT('',(-0.023282959209543,-0.0349994945384996,0.00528462390641049));
#15069=CARTESIAN_POINT('',(-0.0230372620636745,-0.0344125681664186,0.0053011757764547));
#15070=CARTESIAN_POINT('',(-0.0224688080303541,-0.034168781205564,0.00545781596562866));
#15071=CARTESIAN_POINT('',(-0.0219136006192983,-0.034412308657522,0.00565351314422728));
#15072=CARTESIAN_POINT('',(-0.0216878448705348,-0.0349997951350731,0.00575683816626393));
#15073=CARTESIAN_POINT('',(-0.0219289984789058,-0.0355885108021857,0.00571472704176236));
#15074=CARTESIAN_POINT('',(-0.0217656630967238,-0.035,0.00573259880850756));
#15075=CARTESIAN_POINT('',(-0.0368282062532699,-0.037,-0.00595705156331751));
#15076=CARTESIAN_POINT('',(-0.0388475429061589,-0.035,-0.00646188572653974));
#15077=CARTESIAN_POINT('',(-0.0381199360310499,-0.035,-0.00627998400776249));
#15078=CARTESIAN_POINT('',(-0.0388470578349088,-0.035,-0.00646382601154003));
#15079=CARTESIAN_POINT('',(0.0075,-0.037,-0.0005));
#15080=CARTESIAN_POINT('',(0.02,-0.035,-0.0005));
#15081=CARTESIAN_POINT('',(0.02075,-0.035,-0.0005));
#15082=CARTESIAN_POINT('',(0.02,-0.035,-0.000502));
#15083=CARTESIAN_POINT('',(3.46944695195361E-18,-0.0210883419300588,-0.00784174784751834));
#15084=CARTESIAN_POINT('',(0.0295825756949558,-0.0325531736218538,-0.00429807259732724));
#15085=CARTESIAN_POINT('',(0.0295825756949558,-0.00962351023826405,-0.0113854230977095));
#15086=CARTESIAN_POINT('',(3.46944695195361E-18,-0.00962351023826399,-0.0113854230977095));
#15087=CARTESIAN_POINT('',(0.01,-0.00962351023826399,-0.0113854230977095));
#15088=CARTESIAN_POINT('',(0.01,0.0100157716818007,-0.0174557466002749));
#15089=CARTESIAN_POINT('',(0.01,0.000885918812547782,-0.0146337920770513));
#15090=CARTESIAN_POINT('',(4.13239070808292E-18,0.00088591881254778,-0.0146337920770513));
#15091=CARTESIAN_POINT('',(3.46944695195361E-18,-0.0100664696445379,-0.0128185270591838));
#15092=CARTESIAN_POINT('',(0.01,-0.0100664696445379,-0.0128185270591838));
#15093=CARTESIAN_POINT('',(0.025,-0.00903289769656553,-0.00947461781574366));
#15094=CARTESIAN_POINT('',(3.46944695195361E-18,0.00280540957306798,-0.00842367491066243));
#15095=CARTESIAN_POINT('',(0.0102386308239506,0.00659890157458714,0.00384938744719372));
#15096=CARTESIAN_POINT('',(0.0102386308239506,0.00772727272727272,0.0075));
#15097=CARTESIAN_POINT('',(0.000357946235925973,0.00772727272727272,0.0075));
#15098=CARTESIAN_POINT('',(0.00336307368143807,0.00615322315137946,0.00240748666622769));
#15099=CARTESIAN_POINT('',(0.00257918441055489,0.00545488603077319,0.00014816068779563));
#15100=CARTESIAN_POINT('',(0.00154995525807802,0.00478214689106568,-0.00202834829361102));
#15101=CARTESIAN_POINT('',(0.00033537711307728,0.00413985769493943,-0.00410634275166654));
#15102=CARTESIAN_POINT('',(0.00033537711307728,0.00413985769493944,-0.00410634275166654));
#15103=CARTESIAN_POINT('',(0.00033537711307728,0.00413985769493944,-0.00410634275166654));
#15104=CARTESIAN_POINT('',(0.000223587791077274,0.00414358346209458,-0.00409428879910578));
#15105=CARTESIAN_POINT('',(0.000111795412770207,0.00414730121483601,-0.00408226077553054));
#15106=CARTESIAN_POINT('',(1.7347234759768E-18,0.00415101101044403,-0.00407025849562224));
#15107=CARTESIAN_POINT('',(0.01,0.00044295940627389,-0.0160668960385256));
#15108=CARTESIAN_POINT('',(0.025,0.00154545454545454,-0.0125));
#15109=CARTESIAN_POINT('',(0.015,0.0165319079606281,0.113870825328234));
#15110=CARTESIAN_POINT('',(0.025,-0.00346085548944712,-0.0111968854070348));
#15111=CARTESIAN_POINT('',(-0.0397482009685331,-0.0246654658453052,0.0100629497578667));
#15112=CARTESIAN_POINT('',(-0.0433164491106798,-0.022476835915331,0.00917088772233005));
#15113=CARTESIAN_POINT('',(-0.0428412163171646,-0.0221392454915601,0.00493078666842775));
#15114=CARTESIAN_POINT('',(-0.0352284173588627,-0.0168360511621092,0.0111928956602843));
#15115=CARTESIAN_POINT('',(-0.0387515953450358,-0.0147744266445858,0.0103121011638736));
#15116=CARTESIAN_POINT('',(-0.0383297988774551,-0.0143104447611711,0.00618320942700914));
#15117=CARTESIAN_POINT('',(-0.0306854731777916,-0.00902079413250771,0.0123286317055521));
#15118=CARTESIAN_POINT('',(-0.0341227501324924,-0.00696374252725496,0.0114693124667218));
#15119=CARTESIAN_POINT('',(-0.0337905464143478,-0.00649909494982204,0.00741248325464791));
#15120=CARTESIAN_POINT('',(-0.0261316830978117,-0.00121230530197126,0.0134670792255471));
#15121=CARTESIAN_POINT('',(-0.0294834159572268,0.00086454095960551,0.0126291460106933));
#15122=CARTESIAN_POINT('',(-0.0292390085069429,0.00130511244585906,0.00862968387292912));
#15123=CARTESIAN_POINT('',(-0.03,-5.69827139108148E-6,0.00859611796797793));
#15124=CARTESIAN_POINT('',(-0.03,-8.22358456087276E-5,0.00973397796721009));
#15125=CARTESIAN_POINT('',(-0.0292084542163494,-0.000443638736786834,0.0119406603746606));
#15126=CARTESIAN_POINT('',(-0.0272632520016989,-0.00105076983507667,0.0131841869995753));
#15127=CARTESIAN_POINT('',(-0.0262126781251817,-0.001351192234728,0.0134468304687046));
#15128=CARTESIAN_POINT('',(-0.025,6.77813074605334E-20,0.00859611796797793));
#15129=CARTESIAN_POINT('',(0.025,-1.5770213417971E-18,0.0125));
#15130=CARTESIAN_POINT('',(0.025,0.01,-0.0125));
#15131=CARTESIAN_POINT('',(-0.0399524899491208,-0.037,-0.00778241163905733));
#15132=CARTESIAN_POINT('',(-0.0499247249166886,-0.037,-0.00866888888768411));
#15133=CARTESIAN_POINT('',(-0.0452229443422917,-0.0281710771418715,-0.00825092626237558));
#15134=CARTESIAN_POINT('',(-0.0403221196759949,-0.037,-0.00362434159993568));
#15135=CARTESIAN_POINT('',(-0.0504529072492785,-0.0369999999999287,-0.00447427206373018));
#15136=CARTESIAN_POINT('',(-0.0455547475356742,-0.0280997877225562,-0.00408792735262829));
#15137=CARTESIAN_POINT('',(-0.0406899111087782,-0.037,0.000533891677549169));
#15138=CARTESIAN_POINT('',(-0.0509742254331088,-0.036999999999882,-0.000328139226580594));
#15139=CARTESIAN_POINT('',(-0.0458842758626643,-0.02803115638441,7.51776296548382E-5));
#15140=CARTESIAN_POINT('',(-0.0410560053577638,-0.037,0.0046922744977861));
#15141=CARTESIAN_POINT('',(-0.0514893232458959,-0.037,0.00377374971528973));
#15142=CARTESIAN_POINT('',(-0.0462118748131928,-0.0279650411368912,0.00423836387022681));
#15143=CARTESIAN_POINT('',(-0.0452980649136446,-0.0281549741906379,-0.00730793039673885));
#15144=CARTESIAN_POINT('',(-0.0454248106765968,-0.0284360549815386,-0.00759197305462057));
#15145=CARTESIAN_POINT('',(-0.0455292477905352,-0.0287291612365386,-0.00787407028811511));
#15146=CARTESIAN_POINT('',(-0.0456103150949941,-0.0290329013989757,-0.00815257877374854));
#15147=CARTESIAN_POINT('',(-0.0581405445664702,-0.0511429550927017,-0.00500837265020639));
#15148=CARTESIAN_POINT('',(-0.0573537356028854,-0.052407338578711,-0.0117829759269508));
#15149=CARTESIAN_POINT('',(-0.0515579050806608,-0.0554699968322422,-0.00951549792664449));
#15150=CARTESIAN_POINT('',(-0.0533065490026223,-0.0426172110592825,-0.00570574591961455));
#15151=CARTESIAN_POINT('',(-0.0527611116750422,-0.043625357402039,-0.0127606543472847));
#15152=CARTESIAN_POINT('',(-0.0467975523250448,-0.046907661173494,-0.0105830694086149));
#15153=CARTESIAN_POINT('',(-0.0437691151854673,-0.0254940183248966,-0.00749948010055505));
#15154=CARTESIAN_POINT('',(-0.0438847106374143,-0.026617938609521,-0.0146612881803787));
#15155=CARTESIAN_POINT('',(-0.0375399891963577,-0.0296650385951686,-0.0129185649790583));
#15156=CARTESIAN_POINT('',(-0.0344418019523613,-0.00827989882143573,-0.00978445184453451));
#15157=CARTESIAN_POINT('',(-0.0348752063914463,-0.00933237667815547,-0.016597789477731));
#15158=CARTESIAN_POINT('',(-0.0287004759610303,-0.0122523287574342,-0.015565460163471));
#15159=CARTESIAN_POINT('',(-0.0298185960851294,0.000338105119989062,-0.0110270257292686));
#15160=CARTESIAN_POINT('',(-0.0302511771160692,-0.000458234115817694,-0.0175905025072337));
#15161=CARTESIAN_POINT('',(-0.0243986475356848,-0.00349686323711265,-0.0169461885188351));
#15162=CARTESIAN_POINT('',(-0.005,0.01,0.016));
#15163=CARTESIAN_POINT('',(-0.015,-0.037,0.0075));
#15164=CARTESIAN_POINT('',(-0.005,0.01,0.00933333333333333));
#15165=CARTESIAN_POINT('',(-0.0214313162719707,-0.037,0.00589217093200731));
#15166=CARTESIAN_POINT('',(-0.005,0.01,0.00266666666666667));
#15167=CARTESIAN_POINT('',(-0.0278626325439414,-0.037,0.00428434186401463));
#15168=CARTESIAN_POINT('',(-0.005,0.01,-0.004));
#15169=CARTESIAN_POINT('',(-0.0342939488159121,-0.037,0.00267651279602196));
#15170=CARTESIAN_POINT('',(-0.00587527351865846,0.00772727272727272,0.0075));
#15171=CARTESIAN_POINT('',(-0.00712489220862714,0.00446394492906911,0.0075));
#15172=CARTESIAN_POINT('',(-0.00834772167849384,0.00119067445949922,0.0074999999999999));
#15173=CARTESIAN_POINT('',(-0.00952273835209871,-0.00210034146583717,0.0074999999999999));
#15174=CARTESIAN_POINT('',(-0.00587527351865846,0.00772727272727272,0.0075));
#15175=CARTESIAN_POINT('',(-0.0095227383520987,-0.00210034146583722,0.0075));
#15176=CARTESIAN_POINT('',(-0.00587527351865846,0.00772727272727272,0.0075));
#15177=CARTESIAN_POINT('',(-0.00632496119045273,0.00689389924563143,0.00480379167704287));
#15178=CARTESIAN_POINT('',(-0.00691682630263429,0.00606947288445041,0.00213652992028076));
#15179=CARTESIAN_POINT('',(-0.00765963760373107,0.00525454545454545,-0.0005));
#15180=CARTESIAN_POINT('',(-0.00765963760373107,0.00525454545454545,-0.0005));
#15181=CARTESIAN_POINT('',(-0.0095227383520987,0.00203036540792506,-0.0005));
#15182=CARTESIAN_POINT('',(-0.00889522117487664,0.00310134552838119,-0.0005));
#15183=CARTESIAN_POINT('',(-0.00827451136381982,0.00417625930291795,-0.000500000000000124));
#15184=CARTESIAN_POINT('',(-0.00765963760373105,0.00525454545454552,-0.000500000000000124));
#15185=CARTESIAN_POINT('',(-0.0095227383520987,0.00203036540792506,-0.0005));
#15186=CARTESIAN_POINT('',(-0.0095227383520987,0.00203036540792506,-0.0005));
#15187=CARTESIAN_POINT('',(-0.0095227383520987,0.00156809362718598,0.000942752402028325));
#15188=CARTESIAN_POINT('',(-0.00952273835209869,0.000498744173042709,0.00375053763176767));
#15189=CARTESIAN_POINT('',(-0.0095227383520987,-0.00110235421580092,0.00634562137480445));
#15190=CARTESIAN_POINT('',(-0.0095227383520987,-0.00210034146583723,0.0075));
#15191=CARTESIAN_POINT('',(-0.019646974407956,-0.0135,-0.000661743601989022));
#15192=CARTESIAN_POINT('',(-0.005,0.01,0.016));
#15193=CARTESIAN_POINT('',(-0.005,0.01,-0.004));
#15194=CARTESIAN_POINT('',(-0.0342939488159121,-0.037,0.00267651279602196));
#15195=CARTESIAN_POINT('',(-0.00166666666666667,0.01,-0.004));
#15196=CARTESIAN_POINT('',(-0.0336664978355199,-0.037,0.000166708874453329));
#15197=CARTESIAN_POINT('',(0.00166666666666667,0.01,-0.004));
#15198=CARTESIAN_POINT('',(-0.0330390468551278,-0.037,-0.0023430950471153));
#15199=CARTESIAN_POINT('',(0.005,0.01,-0.004));
#15200=CARTESIAN_POINT('',(-0.0324115958747356,-0.037,-0.00485289896868392));
#15201=CARTESIAN_POINT('',(-0.0137057979373678,-0.0135,-0.00442644948434196));
#15202=CARTESIAN_POINT('',(-0.0137057979373678,-0.0135,-0.00442644948434196));
#15203=CARTESIAN_POINT('',(0.005,0.01,-0.004));
#15204=CARTESIAN_POINT('',(0.000307389375755744,0.00410469684110907,-0.00410698080817653));
#15205=CARTESIAN_POINT('',(0.005,0.01,-0.00177777777777778));
#15206=CARTESIAN_POINT('',(0.00103537970314341,0.00410469684110907,-0.00198149874211642));
#15207=CARTESIAN_POINT('',(0.005,0.01,0.000444444444444444));
#15208=CARTESIAN_POINT('',(0.00176337003053108,0.00410469684110907,0.000143983323943689));
#15209=CARTESIAN_POINT('',(0.005,0.01,0.00266666666666666));
#15210=CARTESIAN_POINT('',(0.00249136035791875,0.00410469684110907,0.0022694653900038));
#15211=CARTESIAN_POINT('',(-0.00948987478221129,-0.0240512057381965,0.000372436492816544));
#15212=CARTESIAN_POINT('',(-0.015,-0.037,-0.0005));
#15213=CARTESIAN_POINT('',(-0.00816712752508632,-0.0240512057381965,0.000984672628126398));
#15214=CARTESIAN_POINT('',(-0.0131742461173662,-0.037,-0.0005));
#15215=CARTESIAN_POINT('',(-0.00684438026796135,-0.0240512057381965,0.00159690876343626));
#15216=CARTESIAN_POINT('',(-0.0113484922347325,-0.037,-0.0005));
#15217=CARTESIAN_POINT('',(-0.00552163301083639,-0.0240512057381965,0.00220914489874611));
#15218=CARTESIAN_POINT('',(-0.0095227383520987,-0.037,-0.0005));
#15219=CARTESIAN_POINT('',(-0.0095227383520987,-0.037,-0.0005));
#15220=CARTESIAN_POINT('',(-0.0095227383520987,-0.0348845948940893,-5.74152437988211E-5));
#15221=CARTESIAN_POINT('',(-0.00952273835209869,-0.0306125487907665,0.000627594697676413));
#15222=CARTESIAN_POINT('',(-0.0095227383520987,-0.0262743640171732,0.000641836123373061));
#15223=CARTESIAN_POINT('',(-0.0095227383520987,-0.024128435127432,0.000367233094251038));
#15224=CARTESIAN_POINT('',(-0.0095227383520987,-0.024128435127432,0.000367233094251037));
#15225=CARTESIAN_POINT('',(-0.005,-0.0135,0.00108333333333333));
#15226=CARTESIAN_POINT('',(0.00019446957524842,0.00396283626286444,-0.00410955512181232));
#15227=CARTESIAN_POINT('',(-0.0324115958747356,-0.037,-0.00485289896868392));
#15228=CARTESIAN_POINT('',(0.000939977768302413,0.00396283626286444,-0.00198640094528099));
#15229=CARTESIAN_POINT('',(-0.0266077305831571,-0.037,-0.00340193264578928));
#15230=CARTESIAN_POINT('',(0.00168548596135641,0.00396283626286444,0.000136753231250325));
#15231=CARTESIAN_POINT('',(-0.0208038652915786,-0.037,-0.00195096632289464));
#15232=CARTESIAN_POINT('',(0.0024309941544104,0.00396283626286444,0.00225990740778164));
#15233=CARTESIAN_POINT('',(-0.015,-0.037,-0.000500000000000007));
#15234=CARTESIAN_POINT('',(-0.0095227383520987,-0.024128435127432,0.000367233094251035));
#15235=CARTESIAN_POINT('',(-0.0095227383520987,-0.0221519599478172,0.000168683434829958));
#15236=CARTESIAN_POINT('',(-0.0095227383520987,-0.0201862731165611,-0.000103130572452292));
#15237=CARTESIAN_POINT('',(-0.0095227383520987,-0.0182390009914662,-0.000499999999999994));
#15238=CARTESIAN_POINT('',(0.01,0.00957281227552682,-0.0188888505617493));
#15239=CARTESIAN_POINT('',(-0.0095227383520987,0.00772927272727272,0.0035));
#15240=CARTESIAN_POINT('',(0.000357946235925973,0.00772927272727272,0.0075));
#15241=CARTESIAN_POINT('',(0.0102386308239506,0.00772927272727272,0.0075));
#15242=CARTESIAN_POINT('',(0.0102386308239506,0.00772927272727272,0.0035));
#15243=CARTESIAN_POINT('',(3.46944695195361E-18,0.00280540957306798,-0.00842367491066243));
#15244=CARTESIAN_POINT('',(0.000357946235925973,0.00772727272727272,0.0075));
#15245=CARTESIAN_POINT('',(-0.0095227383520987,0.00772727272727272,0.0075));
#15246=CARTESIAN_POINT('',(-0.0095227383520987,0.00659890157458714,0.00384938744719372));
#15247=CARTESIAN_POINT('',(-0.0095227383520987,0.00525454545454545,-0.0005));
#15248=CARTESIAN_POINT('',(0.0075,0.00525454545454545,-0.0005));
#15249=CARTESIAN_POINT('',(-0.0095227383520987,0.00772927272727272,0.0035));
#15250=CARTESIAN_POINT('',(-0.0095227383520987,0.00772927272727272,-0.0005));
#15251=CARTESIAN_POINT('',(-0.0095227383520987,0.00772927272727272,0.0075));
#15252=CARTESIAN_POINT('',(0.000357946235925973,0.00772927272727272,0.0075));
#15253=CARTESIAN_POINT('',(0.0075,0.00772927272727272,-0.0005));
#15254=CARTESIAN_POINT('',(-0.005,0.00555089665798318,0.0406009243617401));
#15255=CARTESIAN_POINT('',(-0.005,0.00555089665798318,0.0406009243617401));
#15256=CARTESIAN_POINT('',(0.005,0.00555089665798318,0.0406009243617401));
#15257=CARTESIAN_POINT('',(0.005,0.00555089665798318,0.0406009243617401));
#15258=CARTESIAN_POINT('',(0.005,0.0301518210197232,0.0450500277037569));
#15259=CARTESIAN_POINT('',(-0.005,0.0301518210197232,0.0450500277037569));
#15260=CARTESIAN_POINT('',(0.,0.,0.01));
#15261=CARTESIAN_POINT('',(-0.00258395671489975,0.0578821240010133,0.0936136537637006));
#15262=CARTESIAN_POINT('',(-0.000289712577463992,0.0483122717851015,0.063464513434259));
#15263=CARTESIAN_POINT('',(0.00341081776710984,0.0500025729092769,0.063426339116912));
#15264=CARTESIAN_POINT('',(-0.00620511856434529,0.0768114123501788,0.139845714186959));
#15265=CARTESIAN_POINT('',(0.000996288841090262,0.0432752086710359,0.0796009203609759));
#15266=CARTESIAN_POINT('',(-0.0204633866242603,0.0573987656009732,0.102905712242497));
#15267=CARTESIAN_POINT('',(0.,0.,0.));
#15268=CARTESIAN_POINT('',(0.0135,-0.0238778479698914,0.0648875537742281));
#15269=CARTESIAN_POINT('',(0.00909707872666069,-0.0381232604299847,0.0745667703499545));
#15270=CARTESIAN_POINT('',(0.0060280989357702,-0.0453189032956063,0.143449108403745));
#15271=CARTESIAN_POINT('',(-0.0100268023212041,-0.0360702406711273,0.103431422428391));
#15272=CARTESIAN_POINT('',(0.00801978516829445,-0.0340490095956313,0.0946858346880894));
#15273=CARTESIAN_POINT('',(0.0095,-0.0245035755004394,0.0644863492658795));
#15274=CARTESIAN_POINT('',(0.,0.,0.));
#15275=MECHANICAL_DESIGN_GEOMETRIC_PRESENTATION_REPRESENTATION('',(#8833,
#8834,#8835,#8836,#8837,#8838,#8839,#8840,#8841,#8842,#8843,#8844,#8845),
#15276);
#15276=(
GEOMETRIC_REPRESENTATION_CONTEXT(3)
GLOBAL_UNCERTAINTY_ASSIGNED_CONTEXT((#15295))
GLOBAL_UNIT_ASSIGNED_CONTEXT((#15316,#15315,#15314))
REPRESENTATION_CONTEXT('Hand','TOP_LEVEL_ASSEMBLY_PART')
);
#15277=(
GEOMETRIC_REPRESENTATION_CONTEXT(3)
GLOBAL_UNCERTAINTY_ASSIGNED_CONTEXT((#15296))
GLOBAL_UNIT_ASSIGNED_CONTEXT((#15316,#15315,#15314))
REPRESENTATION_CONTEXT('Part 1','COMPONENT_PART')
);
#15278=(
GEOMETRIC_REPRESENTATION_CONTEXT(3)
GLOBAL_UNCERTAINTY_ASSIGNED_CONTEXT((#15297))
GLOBAL_UNIT_ASSIGNED_CONTEXT((#15316,#15315,#15314))
REPRESENTATION_CONTEXT('Spring_finger_module2 <2>','COMPONENT_PART')
);
#15279=(
GEOMETRIC_REPRESENTATION_CONTEXT(3)
GLOBAL_UNCERTAINTY_ASSIGNED_CONTEXT((#15298))
GLOBAL_UNIT_ASSIGNED_CONTEXT((#15316,#15315,#15314))
REPRESENTATION_CONTEXT('Part 1','COMPONENT_PART')
);
#15280=(
GEOMETRIC_REPRESENTATION_CONTEXT(3)
GLOBAL_UNCERTAINTY_ASSIGNED_CONTEXT((#15299))
GLOBAL_UNIT_ASSIGNED_CONTEXT((#15316,#15315,#15314))
REPRESENTATION_CONTEXT('Part 2','COMPONENT_PART')
);
#15281=(
GEOMETRIC_REPRESENTATION_CONTEXT(3)
GLOBAL_UNCERTAINTY_ASSIGNED_CONTEXT((#15300))
GLOBAL_UNIT_ASSIGNED_CONTEXT((#15316,#15315,#15314))
REPRESENTATION_CONTEXT('PTK 7308MG-D 7308H Digital Servo',
'COMPONENT_PART')
);
#15282=(
GEOMETRIC_REPRESENTATION_CONTEXT(3)
GLOBAL_UNCERTAINTY_ASSIGNED_CONTEXT((#15301))
GLOBAL_UNIT_ASSIGNED_CONTEXT((#15316,#15315,#15314))
REPRESENTATION_CONTEXT('Part 1','COMPONENT_PART')
);
#15283=(
GEOMETRIC_REPRESENTATION_CONTEXT(3)
GLOBAL_UNCERTAINTY_ASSIGNED_CONTEXT((#15302))
GLOBAL_UNIT_ASSIGNED_CONTEXT((#15316,#15315,#15314))
REPRESENTATION_CONTEXT('Part 1','COMPONENT_PART')
);
#15284=(
GEOMETRIC_REPRESENTATION_CONTEXT(3)
GLOBAL_UNCERTAINTY_ASSIGNED_CONTEXT((#15303))
GLOBAL_UNIT_ASSIGNED_CONTEXT((#15316,#15315,#15314))
REPRESENTATION_CONTEXT('Part 2','COMPONENT_PART')
);
#15285=(
GEOMETRIC_REPRESENTATION_CONTEXT(3)
GLOBAL_UNCERTAINTY_ASSIGNED_CONTEXT((#15304))
GLOBAL_UNIT_ASSIGNED_CONTEXT((#15316,#15315,#15314))
REPRESENTATION_CONTEXT('Spring_finger_module2 <3>','COMPONENT_PART')
);
#15286=(
GEOMETRIC_REPRESENTATION_CONTEXT(3)
GLOBAL_UNCERTAINTY_ASSIGNED_CONTEXT((#15305))
GLOBAL_UNIT_ASSIGNED_CONTEXT((#15316,#15315,#15314))
REPRESENTATION_CONTEXT('Spring_thumb_module <1>','COMPONENT_PART')
);
#15287=(
GEOMETRIC_REPRESENTATION_CONTEXT(3)
GLOBAL_UNCERTAINTY_ASSIGNED_CONTEXT((#15306))
GLOBAL_UNIT_ASSIGNED_CONTEXT((#15316,#15315,#15314))
REPRESENTATION_CONTEXT('Part 1','COMPONENT_PART')
);
#15288=(
GEOMETRIC_REPRESENTATION_CONTEXT(3)
GLOBAL_UNCERTAINTY_ASSIGNED_CONTEXT((#15307))
GLOBAL_UNIT_ASSIGNED_CONTEXT((#15316,#15315,#15314))
REPRESENTATION_CONTEXT('Part 1','COMPONENT_PART')
);
#15289=(
GEOMETRIC_REPRESENTATION_CONTEXT(3)
GLOBAL_UNCERTAINTY_ASSIGNED_CONTEXT((#15308))
GLOBAL_UNIT_ASSIGNED_CONTEXT((#15316,#15315,#15314))
REPRESENTATION_CONTEXT('Part 1','COMPONENT_PART')
);
#15290=(
GEOMETRIC_REPRESENTATION_CONTEXT(3)
GLOBAL_UNCERTAINTY_ASSIGNED_CONTEXT((#15309))
GLOBAL_UNIT_ASSIGNED_CONTEXT((#15316,#15315,#15314))
REPRESENTATION_CONTEXT('Part 1','COMPONENT_PART')
);
#15291=(
GEOMETRIC_REPRESENTATION_CONTEXT(3)
GLOBAL_UNCERTAINTY_ASSIGNED_CONTEXT((#15310))
GLOBAL_UNIT_ASSIGNED_CONTEXT((#15316,#15315,#15314))
REPRESENTATION_CONTEXT('Part 1','COMPONENT_PART')
);
#15292=(
GEOMETRIC_REPRESENTATION_CONTEXT(3)
GLOBAL_UNCERTAINTY_ASSIGNED_CONTEXT((#15311))
GLOBAL_UNIT_ASSIGNED_CONTEXT((#15316,#15315,#15314))
REPRESENTATION_CONTEXT('Part 1','COMPONENT_PART')
);
#15293=(
GEOMETRIC_REPRESENTATION_CONTEXT(3)
GLOBAL_UNCERTAINTY_ASSIGNED_CONTEXT((#15312))
GLOBAL_UNIT_ASSIGNED_CONTEXT((#15316,#15315,#15314))
REPRESENTATION_CONTEXT('Spring_finger_module2 <4>','COMPONENT_PART')
);
#15294=(
GEOMETRIC_REPRESENTATION_CONTEXT(3)
GLOBAL_UNCERTAINTY_ASSIGNED_CONTEXT((#15313))
GLOBAL_UNIT_ASSIGNED_CONTEXT((#15316,#15315,#15314))
REPRESENTATION_CONTEXT('Spring_finger_module2 <1>','COMPONENT_PART')
);
#15295=UNCERTAINTY_MEASURE_WITH_UNIT(LENGTH_MEASURE(1.E-8),#15316,
'DISTANCE_ACCURACY_VALUE','Maximum Tolerance applied to model');
#15296=UNCERTAINTY_MEASURE_WITH_UNIT(LENGTH_MEASURE(1.E-8),#15316,
'DISTANCE_ACCURACY_VALUE','Maximum Tolerance applied to model');
#15297=UNCERTAINTY_MEASURE_WITH_UNIT(LENGTH_MEASURE(1.E-8),#15316,
'DISTANCE_ACCURACY_VALUE','Maximum Tolerance applied to model');
#15298=UNCERTAINTY_MEASURE_WITH_UNIT(LENGTH_MEASURE(2.E-5),#15316,
'DISTANCE_ACCURACY_VALUE','Maximum Tolerance applied to model');
#15299=UNCERTAINTY_MEASURE_WITH_UNIT(LENGTH_MEASURE(2.E-5),#15316,
'DISTANCE_ACCURACY_VALUE','Maximum Tolerance applied to model');
#15300=UNCERTAINTY_MEASURE_WITH_UNIT(LENGTH_MEASURE(1.E-8),#15316,
'DISTANCE_ACCURACY_VALUE','Maximum Tolerance applied to model');
#15301=UNCERTAINTY_MEASURE_WITH_UNIT(LENGTH_MEASURE(1.E-8),#15316,
'DISTANCE_ACCURACY_VALUE','Maximum Tolerance applied to model');
#15302=UNCERTAINTY_MEASURE_WITH_UNIT(LENGTH_MEASURE(1.E-8),#15316,
'DISTANCE_ACCURACY_VALUE','Maximum Tolerance applied to model');
#15303=UNCERTAINTY_MEASURE_WITH_UNIT(LENGTH_MEASURE(2.E-5),#15316,
'DISTANCE_ACCURACY_VALUE','Maximum Tolerance applied to model');
#15304=UNCERTAINTY_MEASURE_WITH_UNIT(LENGTH_MEASURE(1.E-8),#15316,
'DISTANCE_ACCURACY_VALUE','Maximum Tolerance applied to model');
#15305=UNCERTAINTY_MEASURE_WITH_UNIT(LENGTH_MEASURE(1.E-8),#15316,
'DISTANCE_ACCURACY_VALUE','Maximum Tolerance applied to model');
#15306=UNCERTAINTY_MEASURE_WITH_UNIT(LENGTH_MEASURE(2.E-5),#15316,
'DISTANCE_ACCURACY_VALUE','Maximum Tolerance applied to model');
#15307=UNCERTAINTY_MEASURE_WITH_UNIT(LENGTH_MEASURE(1.E-8),#15316,
'DISTANCE_ACCURACY_VALUE','Maximum Tolerance applied to model');
#15308=UNCERTAINTY_MEASURE_WITH_UNIT(LENGTH_MEASURE(2.E-5),#15316,
'DISTANCE_ACCURACY_VALUE','Maximum Tolerance applied to model');
#15309=UNCERTAINTY_MEASURE_WITH_UNIT(LENGTH_MEASURE(2.E-5),#15316,
'DISTANCE_ACCURACY_VALUE','Maximum Tolerance applied to model');
#15310=UNCERTAINTY_MEASURE_WITH_UNIT(LENGTH_MEASURE(1.E-8),#15316,
'DISTANCE_ACCURACY_VALUE','Maximum Tolerance applied to model');
#15311=UNCERTAINTY_MEASURE_WITH_UNIT(LENGTH_MEASURE(2.E-5),#15316,
'DISTANCE_ACCURACY_VALUE','Maximum Tolerance applied to model');
#15312=UNCERTAINTY_MEASURE_WITH_UNIT(LENGTH_MEASURE(1.E-8),#15316,
'DISTANCE_ACCURACY_VALUE','Maximum Tolerance applied to model');
#15313=UNCERTAINTY_MEASURE_WITH_UNIT(LENGTH_MEASURE(1.E-8),#15316,
'DISTANCE_ACCURACY_VALUE','Maximum Tolerance applied to model');
#15314=(
NAMED_UNIT(*)
SI_UNIT($,.STERADIAN.)
SOLID_ANGLE_UNIT()
);
#15315=(
NAMED_UNIT(*)
PLANE_ANGLE_UNIT()
SI_UNIT($,.RADIAN.)
);
#15316=(
LENGTH_UNIT()
NAMED_UNIT(*)
SI_UNIT($,.METRE.)
);
#15317=PRODUCT_DEFINITION_SHAPE('','',#15377);
#15318=PRODUCT_DEFINITION_SHAPE('','',#15378);
#15319=PRODUCT_DEFINITION_SHAPE(' ','NAUO PRDDFN',#173);
#15320=PRODUCT_DEFINITION_SHAPE('','',#15379);
#15321=PRODUCT_DEFINITION_SHAPE('','',#15380);
#15322=PRODUCT_DEFINITION_SHAPE(' ','NAUO PRDDFN',#174);
#15323=PRODUCT_DEFINITION_SHAPE('','',#15381);
#15324=PRODUCT_DEFINITION_SHAPE(' ','NAUO PRDDFN',#175);
#15325=PRODUCT_DEFINITION_SHAPE('','',#15382);
#15326=PRODUCT_DEFINITION_SHAPE(' ','NAUO PRDDFN',#176);
#15327=PRODUCT_DEFINITION_SHAPE('','',#15383);
#15328=PRODUCT_DEFINITION_SHAPE(' ','NAUO PRDDFN',#177);
#15329=PRODUCT_DEFINITION_SHAPE('','',#15384);
#15330=PRODUCT_DEFINITION_SHAPE(' ','NAUO PRDDFN',#178);
#15331=PRODUCT_DEFINITION_SHAPE('','',#15385);
#15332=PRODUCT_DEFINITION_SHAPE(' ','NAUO PRDDFN',#179);
#15333=PRODUCT_DEFINITION_SHAPE(' ','NAUO PRDDFN',#180);
#15334=PRODUCT_DEFINITION_SHAPE('','',#15386);
#15335=PRODUCT_DEFINITION_SHAPE(' ','NAUO PRDDFN',#181);
#15336=PRODUCT_DEFINITION_SHAPE(' ','NAUO PRDDFN',#182);
#15337=PRODUCT_DEFINITION_SHAPE(' ','NAUO PRDDFN',#183);
#15338=PRODUCT_DEFINITION_SHAPE(' ','NAUO PRDDFN',#184);
#15339=PRODUCT_DEFINITION_SHAPE(' ','NAUO PRDDFN',#185);
#15340=PRODUCT_DEFINITION_SHAPE(' ','NAUO PRDDFN',#186);
#15341=PRODUCT_DEFINITION_SHAPE(' ','NAUO PRDDFN',#187);
#15342=PRODUCT_DEFINITION_SHAPE('','',#15387);
#15343=PRODUCT_DEFINITION_SHAPE(' ','NAUO PRDDFN',#188);
#15344=PRODUCT_DEFINITION_SHAPE(' ','NAUO PRDDFN',#189);
#15345=PRODUCT_DEFINITION_SHAPE(' ','NAUO PRDDFN',#190);
#15346=PRODUCT_DEFINITION_SHAPE('','',#15388);
#15347=PRODUCT_DEFINITION_SHAPE(' ','NAUO PRDDFN',#191);
#15348=PRODUCT_DEFINITION_SHAPE('','',#15389);
#15349=PRODUCT_DEFINITION_SHAPE(' ','NAUO PRDDFN',#192);
#15350=PRODUCT_DEFINITION_SHAPE('','',#15390);
#15351=PRODUCT_DEFINITION_SHAPE(' ','NAUO PRDDFN',#193);
#15352=PRODUCT_DEFINITION_SHAPE('','',#15391);
#15353=PRODUCT_DEFINITION_SHAPE(' ','NAUO PRDDFN',#194);
#15354=PRODUCT_DEFINITION_SHAPE(' ','NAUO PRDDFN',#195);
#15355=PRODUCT_DEFINITION_SHAPE(' ','NAUO PRDDFN',#196);
#15356=PRODUCT_DEFINITION_SHAPE('','',#15392);
#15357=PRODUCT_DEFINITION_SHAPE(' ','NAUO PRDDFN',#197);
#15358=PRODUCT_DEFINITION_SHAPE(' ','NAUO PRDDFN',#198);
#15359=PRODUCT_DEFINITION_SHAPE('','',#15393);
#15360=PRODUCT_DEFINITION_SHAPE(' ','NAUO PRDDFN',#199);
#15361=PRODUCT_DEFINITION_SHAPE('','',#15394);
#15362=PRODUCT_DEFINITION_SHAPE(' ','NAUO PRDDFN',#200);
#15363=PRODUCT_DEFINITION_SHAPE(' ','NAUO PRDDFN',#201);
#15364=PRODUCT_DEFINITION_SHAPE(' ','NAUO PRDDFN',#202);
#15365=PRODUCT_DEFINITION_SHAPE(' ','NAUO PRDDFN',#203);
#15366=PRODUCT_DEFINITION_SHAPE(' ','NAUO PRDDFN',#204);
#15367=PRODUCT_DEFINITION_SHAPE(' ','NAUO PRDDFN',#205);
#15368=PRODUCT_DEFINITION_SHAPE(' ','NAUO PRDDFN',#206);
#15369=PRODUCT_DEFINITION_SHAPE('','',#15395);
#15370=PRODUCT_DEFINITION_SHAPE(' ','NAUO PRDDFN',#207);
#15371=PRODUCT_DEFINITION_SHAPE(' ','NAUO PRDDFN',#208);
#15372=PRODUCT_DEFINITION_SHAPE(' ','NAUO PRDDFN',#209);
#15373=PRODUCT_DEFINITION_SHAPE(' ','NAUO PRDDFN',#210);
#15374=PRODUCT_DEFINITION_SHAPE(' ','NAUO PRDDFN',#211);
#15375=PRODUCT_DEFINITION_SHAPE(' ','NAUO PRDDFN',#212);
#15376=PRODUCT_DEFINITION_SHAPE(' ','NAUO PRDDFN',#213);
#15377=PRODUCT_DEFINITION('','',#15415,#15396);
#15378=PRODUCT_DEFINITION('','',#15416,#15397);
#15379=PRODUCT_DEFINITION('','',#15417,#15398);
#15380=PRODUCT_DEFINITION('','',#15418,#15399);
#15381=PRODUCT_DEFINITION('','',#15419,#15400);
#15382=PRODUCT_DEFINITION('','',#15420,#15401);
#15383=PRODUCT_DEFINITION('','',#15421,#15402);
#15384=PRODUCT_DEFINITION('','',#15422,#15403);
#15385=PRODUCT_DEFINITION('','',#15423,#15404);
#15386=PRODUCT_DEFINITION('','',#15424,#15405);
#15387=PRODUCT_DEFINITION('','',#15425,#15406);
#15388=PRODUCT_DEFINITION('','',#15426,#15407);
#15389=PRODUCT_DEFINITION('','',#15427,#15408);
#15390=PRODUCT_DEFINITION('','',#15428,#15409);
#15391=PRODUCT_DEFINITION('','',#15429,#15410);
#15392=PRODUCT_DEFINITION('','',#15430,#15411);
#15393=PRODUCT_DEFINITION('','',#15431,#15412);
#15394=PRODUCT_DEFINITION('','',#15432,#15413);
#15395=PRODUCT_DEFINITION('','',#15433,#15414);
#15396=PRODUCT_DEFINITION_CONTEXT('',#15511,'design');
#15397=PRODUCT_DEFINITION_CONTEXT('',#15511,'design');
#15398=PRODUCT_DEFINITION_CONTEXT('',#15511,'design');
#15399=PRODUCT_DEFINITION_CONTEXT('',#15511,'design');
#15400=PRODUCT_DEFINITION_CONTEXT('',#15511,'design');
#15401=PRODUCT_DEFINITION_CONTEXT('',#15511,'design');
#15402=PRODUCT_DEFINITION_CONTEXT('',#15511,'design');
#15403=PRODUCT_DEFINITION_CONTEXT('',#15511,'design');
#15404=PRODUCT_DEFINITION_CONTEXT('',#15511,'design');
#15405=PRODUCT_DEFINITION_CONTEXT('',#15511,'design');
#15406=PRODUCT_DEFINITION_CONTEXT('',#15511,'design');
#15407=PRODUCT_DEFINITION_CONTEXT('',#15511,'design');
#15408=PRODUCT_DEFINITION_CONTEXT('',#15511,'design');
#15409=PRODUCT_DEFINITION_CONTEXT('',#15511,'design');
#15410=PRODUCT_DEFINITION_CONTEXT('',#15511,'design');
#15411=PRODUCT_DEFINITION_CONTEXT('',#15511,'design');
#15412=PRODUCT_DEFINITION_CONTEXT('',#15511,'design');
#15413=PRODUCT_DEFINITION_CONTEXT('',#15511,'design');
#15414=PRODUCT_DEFINITION_CONTEXT('',#15511,'design');
#15415=PRODUCT_DEFINITION_FORMATION_WITH_SPECIFIED_SOURCE('','',#15453,
 .NOT_KNOWN.);
#15416=PRODUCT_DEFINITION_FORMATION_WITH_SPECIFIED_SOURCE('','',#15454,
 .NOT_KNOWN.);
#15417=PRODUCT_DEFINITION_FORMATION_WITH_SPECIFIED_SOURCE('','',#15455,
 .NOT_KNOWN.);
#15418=PRODUCT_DEFINITION_FORMATION_WITH_SPECIFIED_SOURCE('','',#15456,
 .NOT_KNOWN.);
#15419=PRODUCT_DEFINITION_FORMATION_WITH_SPECIFIED_SOURCE('','',#15457,
 .NOT_KNOWN.);
#15420=PRODUCT_DEFINITION_FORMATION_WITH_SPECIFIED_SOURCE('','',#15458,
 .NOT_KNOWN.);
#15421=PRODUCT_DEFINITION_FORMATION_WITH_SPECIFIED_SOURCE('','',#15459,
 .NOT_KNOWN.);
#15422=PRODUCT_DEFINITION_FORMATION_WITH_SPECIFIED_SOURCE('','',#15460,
 .NOT_KNOWN.);
#15423=PRODUCT_DEFINITION_FORMATION_WITH_SPECIFIED_SOURCE('','',#15461,
 .NOT_KNOWN.);
#15424=PRODUCT_DEFINITION_FORMATION_WITH_SPECIFIED_SOURCE('','',#15462,
 .NOT_KNOWN.);
#15425=PRODUCT_DEFINITION_FORMATION_WITH_SPECIFIED_SOURCE('','',#15463,
 .NOT_KNOWN.);
#15426=PRODUCT_DEFINITION_FORMATION_WITH_SPECIFIED_SOURCE('','',#15464,
 .NOT_KNOWN.);
#15427=PRODUCT_DEFINITION_FORMATION_WITH_SPECIFIED_SOURCE('','',#15465,
 .NOT_KNOWN.);
#15428=PRODUCT_DEFINITION_FORMATION_WITH_SPECIFIED_SOURCE('','',#15466,
 .NOT_KNOWN.);
#15429=PRODUCT_DEFINITION_FORMATION_WITH_SPECIFIED_SOURCE('','',#15467,
 .NOT_KNOWN.);
#15430=PRODUCT_DEFINITION_FORMATION_WITH_SPECIFIED_SOURCE('','',#15468,
 .NOT_KNOWN.);
#15431=PRODUCT_DEFINITION_FORMATION_WITH_SPECIFIED_SOURCE('','',#15469,
 .NOT_KNOWN.);
#15432=PRODUCT_DEFINITION_FORMATION_WITH_SPECIFIED_SOURCE('','',#15470,
 .NOT_KNOWN.);
#15433=PRODUCT_DEFINITION_FORMATION_WITH_SPECIFIED_SOURCE('','',#15471,
 .NOT_KNOWN.);
#15434=PRODUCT_RELATED_PRODUCT_CATEGORY('','',(#15453));
#15435=PRODUCT_RELATED_PRODUCT_CATEGORY('','',(#15454));
#15436=PRODUCT_RELATED_PRODUCT_CATEGORY('','',(#15455));
#15437=PRODUCT_RELATED_PRODUCT_CATEGORY('','',(#15456));
#15438=PRODUCT_RELATED_PRODUCT_CATEGORY('','',(#15457));
#15439=PRODUCT_RELATED_PRODUCT_CATEGORY('','',(#15458));
#15440=PRODUCT_RELATED_PRODUCT_CATEGORY('','',(#15459));
#15441=PRODUCT_RELATED_PRODUCT_CATEGORY('','',(#15460));
#15442=PRODUCT_RELATED_PRODUCT_CATEGORY('','',(#15461));
#15443=PRODUCT_RELATED_PRODUCT_CATEGORY('','',(#15462));
#15444=PRODUCT_RELATED_PRODUCT_CATEGORY('','',(#15463));
#15445=PRODUCT_RELATED_PRODUCT_CATEGORY('','',(#15464));
#15446=PRODUCT_RELATED_PRODUCT_CATEGORY('','',(#15465));
#15447=PRODUCT_RELATED_PRODUCT_CATEGORY('','',(#15466));
#15448=PRODUCT_RELATED_PRODUCT_CATEGORY('','',(#15467));
#15449=PRODUCT_RELATED_PRODUCT_CATEGORY('','',(#15468));
#15450=PRODUCT_RELATED_PRODUCT_CATEGORY('','',(#15469));
#15451=PRODUCT_RELATED_PRODUCT_CATEGORY('','',(#15470));
#15452=PRODUCT_RELATED_PRODUCT_CATEGORY('','',(#15471));
#15453=PRODUCT('Hand','Hand','Hand',(#15491));
#15454=PRODUCT('Part 1','Part 1','Part 1',(#15492));
#15455=PRODUCT('Spring_finger_module2 <2>','Spring_finger_module2 <2>',
'Spring_finger_module2 <2>',(#15493));
#15456=PRODUCT('Part 1','Part 1','Part 1',(#15494));
#15457=PRODUCT('Part 2','Part 2','Part 2',(#15495));
#15458=PRODUCT('PTK 7308MG-D 7308H Digital Servo',
'PTK 7308MG-D 7308H Digital Servo','PTK 7308MG-D 7308H Digital Servo',(#15496));
#15459=PRODUCT('Part 1','Part 1','Part 1',(#15497));
#15460=PRODUCT('Part 1','Part 1','Part 1',(#15498));
#15461=PRODUCT('Part 2','Part 2','Part 2',(#15499));
#15462=PRODUCT('Spring_finger_module2 <3>','Spring_finger_module2 <3>',
'Spring_finger_module2 <3>',(#15500));
#15463=PRODUCT('Spring_thumb_module <1>','Spring_thumb_module <1>',
'Spring_thumb_module <1>',(#15501));
#15464=PRODUCT('Part 1','Part 1','Part 1',(#15502));
#15465=PRODUCT('Part 1','Part 1','Part 1',(#15503));
#15466=PRODUCT('Part 1','Part 1','Part 1',(#15504));
#15467=PRODUCT('Part 1','Part 1','Part 1',(#15505));
#15468=PRODUCT('Part 1','Part 1','Part 1',(#15506));
#15469=PRODUCT('Part 1','Part 1','Part 1',(#15507));
#15470=PRODUCT('Spring_finger_module2 <4>','Spring_finger_module2 <4>',
'Spring_finger_module2 <4>',(#15508));
#15471=PRODUCT('Spring_finger_module2 <1>','Spring_finger_module2 <1>',
'Spring_finger_module2 <1>',(#15509));
#15472=PRODUCT_CATEGORY('','');
#15473=PRODUCT_CATEGORY('','');
#15474=PRODUCT_CATEGORY('','');
#15475=PRODUCT_CATEGORY('','');
#15476=PRODUCT_CATEGORY('','');
#15477=PRODUCT_CATEGORY('','');
#15478=PRODUCT_CATEGORY('','');
#15479=PRODUCT_CATEGORY('','');
#15480=PRODUCT_CATEGORY('','');
#15481=PRODUCT_CATEGORY('','');
#15482=PRODUCT_CATEGORY('','');
#15483=PRODUCT_CATEGORY('','');
#15484=PRODUCT_CATEGORY('','');
#15485=PRODUCT_CATEGORY('','');
#15486=PRODUCT_CATEGORY('','');
#15487=PRODUCT_CATEGORY('','');
#15488=PRODUCT_CATEGORY('','');
#15489=PRODUCT_CATEGORY('','');
#15490=PRODUCT_CATEGORY('','');
#15491=PRODUCT_CONTEXT('',#15511,'mechanical');
#15492=PRODUCT_CONTEXT('',#15511,'mechanical');
#15493=PRODUCT_CONTEXT('',#15511,'mechanical');
#15494=PRODUCT_CONTEXT('',#15511,'mechanical');
#15495=PRODUCT_CONTEXT('',#15511,'mechanical');
#15496=PRODUCT_CONTEXT('',#15511,'mechanical');
#15497=PRODUCT_CONTEXT('',#15511,'mechanical');
#15498=PRODUCT_CONTEXT('',#15511,'mechanical');
#15499=PRODUCT_CONTEXT('',#15511,'mechanical');
#15500=PRODUCT_CONTEXT('',#15511,'mechanical');
#15501=PRODUCT_CONTEXT('',#15511,'mechanical');
#15502=PRODUCT_CONTEXT('',#15511,'mechanical');
#15503=PRODUCT_CONTEXT('',#15511,'mechanical');
#15504=PRODUCT_CONTEXT('',#15511,'mechanical');
#15505=PRODUCT_CONTEXT('',#15511,'mechanical');
#15506=PRODUCT_CONTEXT('',#15511,'mechanical');
#15507=PRODUCT_CONTEXT('',#15511,'mechanical');
#15508=PRODUCT_CONTEXT('',#15511,'mechanical');
#15509=PRODUCT_CONTEXT('',#15511,'mechanical');
#15510=APPLICATION_PROTOCOL_DEFINITION('international standard',
'ap242_managed_model_based_3d_engineering',2020,#15511);
#15511=APPLICATION_CONTEXT('managed model based 3d engineering');
ENDSEC;
END-ISO-10303-21;
