ISO-10303-21;
HEADER;
/* Generated by software containing ST-Developer
 * from STEP Tools, Inc. (www.steptools.com) 
 */
/* OPTION: using custom renumber hook */

FILE_DESCRIPTION(
/* description */ ('STEP AP242 Edition 2',
'CAx-IF Rec.Pracs.---Representation and Presentation of Product Manufa
cturing Information (PMI)---4.0---2014-10-13',
'CAx-IF Rec.Pracs.---3D Tessellated Geometry---0.4---2014-09-14','2;1',
'CAx-IF Rec.Pracs.---User Defined Attributes---1.5---2016-08-15'),
/* implementation_level */ '2;1');

FILE_NAME(
/* name */ 'Palm',
/* time_stamp */ '2026-05-19T16:25:37Z',
/* author */ (''),
/* organization */ (''),
/* preprocessor_version */ 'ST-DEVELOPER v20',
/* originating_system */ 'ONSHAPE BY PTC INC, 1.215',
/* authorisation */ '  ');

FILE_SCHEMA (('AP242_MANAGED_MODEL_BASED_3D_ENGINEERING_MIM_LF { 1 0 10303 442 3 1 4 }'));
ENDSEC;

DATA;
#10=SHAPE_REPRESENTATION_RELATIONSHIP('','',#1204,#11);
#11=ADVANCED_BREP_SHAPE_REPRESENTATION('',(#1202),#2119);
#12=(
BOUNDED_SURFACE()
B_SPLINE_SURFACE(3,2,((#1969,#1970,#1971),(#1972,#1973,#1974),(#1975,#1976,
#1977),(#1978,#1979,#1980)),.UNSPECIFIED.,.F.,.F.,.F.)
B_SPLINE_SURFACE_WITH_KNOTS((4,4),(3,3),(0.049049356696956,0.0763802817708134),
(0.,1.),.PIECEWISE_BEZIER_KNOTS.)
GEOMETRIC_REPRESENTATION_ITEM()
RATIONAL_B_SPLINE_SURFACE(((1.,0.759686572218136,1.),(1.,0.76764045096184,
1.),(1.,0.773561281811937,1.),(1.,0.778503326178811,1.)))
REPRESENTATION_ITEM('')
SURFACE()
);
#13=(
BOUNDED_SURFACE()
B_SPLINE_SURFACE(3,2,((#1989,#1990,#1991),(#1992,#1993,#1994),(#1995,#1996,
#1997),(#1998,#1999,#2000)),.UNSPECIFIED.,.F.,.F.,.F.)
B_SPLINE_SURFACE_WITH_KNOTS((4,4),(3,3),(0.042156870827026,0.0546802652251548),
(0.,1.),.PIECEWISE_BEZIER_KNOTS.)
GEOMETRIC_REPRESENTATION_ITEM()
RATIONAL_B_SPLINE_SURFACE(((1.,0.514058779216239,1.),(1.,0.508280466333724,
1.),(1.,0.502620213503772,1.),(1.,0.497078224636319,1.)))
REPRESENTATION_ITEM('')
SURFACE()
);
#14=(
BOUNDED_SURFACE()
B_SPLINE_SURFACE(3,2,((#2005,#2006,#2007),(#2008,#2009,#2010),(#2011,#2012,
#2013),(#2014,#2015,#2016),(#2017,#2018,#2019)),.UNSPECIFIED.,.F.,.F.,.F.)
B_SPLINE_SURFACE_WITH_KNOTS((4,1,4),(3,3),(0.0345457163438407,0.0641673555953064,
0.0937889948467722),(0.,1.),.UNSPECIFIED.)
GEOMETRIC_REPRESENTATION_ITEM()
RATIONAL_B_SPLINE_SURFACE(((1.,0.654213846104569,1.),(1.,0.643328939266756,
1.),(1.,0.638298931221273,1.),(1.,0.65622365805089,1.),(1.,0.671237907464083,
1.)))
REPRESENTATION_ITEM('')
SURFACE()
);
#15=B_SPLINE_SURFACE_WITH_KNOTS('',3,1,((#1710,#1711),(#1712,#1713),(#1714,
#1715),(#1716,#1717)),.RULED_SURF.,.F.,.F.,.F.,(4,4),(2,2),(0.,1.),(0.,
0.187559322033901),.PIECEWISE_BEZIER_KNOTS.);
#16=B_SPLINE_SURFACE_WITH_KNOTS('',3,1,((#1765,#1766),(#1767,#1768),(#1769,
#1770),(#1771,#1772)),.RULED_SURF.,.F.,.F.,.F.,(4,4),(2,2),(0.213508209130082,
0.868081556666237),(0.48501992662215,1.),.PIECEWISE_BEZIER_KNOTS.);
#17=B_SPLINE_SURFACE_WITH_KNOTS('',3,1,((#1814,#1815),(#1816,#1817),(#1818,
#1819),(#1820,#1821)),.RULED_SURF.,.F.,.F.,.F.,(4,4),(2,2),(0.,1.),(0.,
1.),.PIECEWISE_BEZIER_KNOTS.);
#18=B_SPLINE_SURFACE_WITH_KNOTS('',3,1,((#2020,#2021),(#2022,#2023),(#2024,
#2025),(#2026,#2027)),.RULED_SURF.,.F.,.F.,.F.,(4,4),(2,2),(0.,1.),(0.,
1.),.PIECEWISE_BEZIER_KNOTS.);
#19=B_SPLINE_SURFACE_WITH_KNOTS('',3,1,((#2051,#2052),(#2053,#2054),(#2055,
#2056),(#2057,#2058)),.RULED_SURF.,.F.,.F.,.F.,(4,4),(2,2),(0.,1.),(0.,
1.),.PIECEWISE_BEZIER_KNOTS.);
#20=B_SPLINE_SURFACE_WITH_KNOTS('',3,1,((#2061,#2062),(#2063,#2064),(#2065,
#2066),(#2067,#2068)),.RULED_SURF.,.F.,.F.,.F.,(4,4),(2,2),(0.,1.),(0.,
0.125431982104062),.PIECEWISE_BEZIER_KNOTS.);
#21=B_SPLINE_SURFACE_WITH_KNOTS('',3,1,((#2069,#2070),(#2071,#2072),(#2073,
#2074),(#2075,#2076)),.RULED_SURF.,.F.,.F.,.F.,(4,4),(2,2),(0.,1.),(0.724493739110565,
1.),.PIECEWISE_BEZIER_KNOTS.);
#22=B_SPLINE_SURFACE_WITH_KNOTS('',3,1,((#2084,#2085),(#2086,#2087),(#2088,
#2089),(#2090,#2091)),.RULED_SURF.,.F.,.F.,.F.,(4,4),(2,2),(0.,1.),(0.12845029227948,
1.),.PIECEWISE_BEZIER_KNOTS.);
#23=CYLINDRICAL_SURFACE('',#1216,0.00075);
#24=CYLINDRICAL_SURFACE('',#1239,0.001);
#25=CYLINDRICAL_SURFACE('',#1242,0.001);
#26=CYLINDRICAL_SURFACE('',#1245,0.001);
#27=CYLINDRICAL_SURFACE('',#1248,0.001);
#28=CYLINDRICAL_SURFACE('',#1257,0.00075);
#29=CYLINDRICAL_SURFACE('',#1260,0.00075);
#30=CYLINDRICAL_SURFACE('',#1263,0.00075);
#31=CYLINDRICAL_SURFACE('',#1269,0.001);
#32=CYLINDRICAL_SURFACE('',#1270,0.005);
#33=CYLINDRICAL_SURFACE('',#1271,0.005);
#34=CYLINDRICAL_SURFACE('',#1272,0.005);
#35=CYLINDRICAL_SURFACE('',#1273,0.005);
#36=CIRCLE('',#1212,0.00075);
#37=CIRCLE('',#1213,0.00075);
#38=CIRCLE('',#1217,0.00075);
#39=CIRCLE('',#1218,0.00075);
#40=CIRCLE('',#1222,0.001);
#41=CIRCLE('',#1224,0.005);
#42=CIRCLE('',#1230,0.001);
#43=CIRCLE('',#1231,0.001);
#44=CIRCLE('',#1232,0.005);
#45=CIRCLE('',#1233,0.005);
#46=CIRCLE('',#1234,0.005);
#47=CIRCLE('',#1235,0.001);
#48=CIRCLE('',#1236,0.001);
#49=CIRCLE('',#1240,0.001);
#50=CIRCLE('',#1243,0.001);
#51=CIRCLE('',#1246,0.001);
#52=CIRCLE('',#1254,0.00075);
#53=CIRCLE('',#1256,0.005);
#54=CIRCLE('',#1259,0.00075);
#55=CIRCLE('',#1262,0.00075);
#56=CIRCLE('',#1266,0.005);
#57=B_SPLINE_CURVE_WITH_KNOTS('',3,(#1577,#1578,#1579,#1580),
 .UNSPECIFIED.,.F.,.F.,(4,4),(0.,0.0114235304012701),.UNSPECIFIED.);
#58=B_SPLINE_CURVE_WITH_KNOTS('',3,(#1603,#1604,#1605,#1606),
 .UNSPECIFIED.,.F.,.F.,(4,4),(0.,0.0240678348075859),.UNSPECIFIED.);
#59=B_SPLINE_CURVE_WITH_KNOTS('',3,(#1616,#1617,#1618,#1619),
 .UNSPECIFIED.,.F.,.F.,(4,4),(3.46944695195361E-18,0.00694596920442634),
 .UNSPECIFIED.);
#60=B_SPLINE_CURVE_WITH_KNOTS('',3,(#1621,#1622,#1623,#1624,#1625,#1626,
#1627),.UNSPECIFIED.,.F.,.F.,(4,1,1,1,4),(1.87639033241565E-17,0.00314707203940512,
0.00629414407881022,0.00944121611821532,0.0125882881576204),
 .UNSPECIFIED.);
#61=B_SPLINE_CURVE_WITH_KNOTS('',3,(#1630,#1631,#1632,#1633,#1634,#1635),
 .UNSPECIFIED.,.F.,.F.,(4,1,1,4),(1.73472347597681E-18,0.00191424811975557,
0.00382849623951113,0.00765699247902226),.UNSPECIFIED.);
#62=B_SPLINE_CURVE_WITH_KNOTS('',3,(#1637,#1638,#1639,#1640),
 .UNSPECIFIED.,.F.,.F.,(4,4),(2.60208521396521E-18,0.000752026856470025),
 .UNSPECIFIED.);
#63=B_SPLINE_CURVE_WITH_KNOTS('',3,(#1695,#1696,#1697,#1698),
 .UNSPECIFIED.,.F.,.F.,(4,4),(6.94228120891928E-19,0.0043248952148138),
 .UNSPECIFIED.);
#64=B_SPLINE_CURVE_WITH_KNOTS('',3,(#1706,#1707,#1708,#1709),
 .UNSPECIFIED.,.F.,.F.,(4,4),(0.,0.000434583769955167),.UNSPECIFIED.);
#65=B_SPLINE_CURVE_WITH_KNOTS('',3,(#1721,#1722,#1723,#1724),
 .UNSPECIFIED.,.F.,.F.,(4,4),(5.31236937482151E-17,0.00540257468954889),
 .UNSPECIFIED.);
#66=B_SPLINE_CURVE_WITH_KNOTS('',3,(#1726,#1727,#1728,#1729),
 .UNSPECIFIED.,.F.,.F.,(4,4),(6.50521303491303E-19,0.00677669939022476),
 .UNSPECIFIED.);
#67=B_SPLINE_CURVE_WITH_KNOTS('',3,(#1776,#1777,#1778,#1779),
 .UNSPECIFIED.,.F.,.F.,(4,4),(0.,0.0322530752698962),.UNSPECIFIED.);
#68=B_SPLINE_CURVE_WITH_KNOTS('',3,(#1781,#1782,#1783,#1784),
 .UNSPECIFIED.,.F.,.F.,(4,4),(0.00708664930176797,0.0177746585871936),
 .UNSPECIFIED.);
#69=B_SPLINE_CURVE_WITH_KNOTS('',3,(#1785,#1786,#1787,#1788),
 .UNSPECIFIED.,.F.,.F.,(4,4),(0.,0.0256691426768552),.UNSPECIFIED.);
#70=B_SPLINE_CURVE_WITH_KNOTS('',3,(#1824,#1825,#1826,#1827),
 .UNSPECIFIED.,.F.,.F.,(4,4),(0.,0.0458945350274104),.UNSPECIFIED.);
#71=B_SPLINE_CURVE_WITH_KNOTS('',3,(#1829,#1830,#1831,#1832),
 .UNSPECIFIED.,.F.,.F.,(4,4),(1.6830030975922E-18,0.0149145180440807),
 .UNSPECIFIED.);
#72=B_SPLINE_CURVE_WITH_KNOTS('',3,(#1841,#1842,#1843,#1844,#1845,#1846,
#1847,#1848,#1849,#1850),.UNSPECIFIED.,.F.,.F.,(4,1,1,1,1,1,1,4),(1.73472347597681E-18,
0.00416117612481198,0.00832235224962397,0.01040294031203,0.0124835283744359,
0.0135238224056389,0.0145641164368419,0.0166447044992479),.UNSPECIFIED.);
#73=B_SPLINE_CURVE_WITH_KNOTS('',3,(#1851,#1852,#1853,#1854),
 .UNSPECIFIED.,.F.,.F.,(4,4),(3.86123832914061E-21,0.000170192776921725),
 .UNSPECIFIED.);
#74=B_SPLINE_CURVE_WITH_KNOTS('',3,(#1875,#1876,#1877,#1878),
 .UNSPECIFIED.,.F.,.F.,(4,4),(0.017955966686313,0.0397789837406793),
 .UNSPECIFIED.);
#75=B_SPLINE_CURVE_WITH_KNOTS('',3,(#1887,#1888,#1889,#1890,#1891,#1892,
#1893),.UNSPECIFIED.,.F.,.F.,(4,1,1,1,4),(0.,0.00285654045155612,0.00571308090311224,
0.00856962135466836,0.0114261618062245),.UNSPECIFIED.);
#76=B_SPLINE_CURVE_WITH_KNOTS('',3,(#1895,#1896,#1897,#1898,#1899,#1900,
#1901,#1902,#1903,#1904,#1905,#1906,#1907,#1908,#1909,#1910),
 .UNSPECIFIED.,.F.,.F.,(4,1,1,1,1,1,1,1,1,1,1,1,1,4),(0.,0.000893580538920645,
0.00178716107784129,0.00268074161676194,0.00357432215568258,0.00536148323352387,
0.00714864431136516,0.00893580538920645,0.0107229664670477,0.0142972886227303,
0.0178716107784129,0.0214459329340955,0.0250202550897781,0.0285945772454606),
 .UNSPECIFIED.);
#77=B_SPLINE_CURVE_WITH_KNOTS('',3,(#1921,#1922,#1923,#1924,#1925,#1926,
#1927,#1928,#1929,#1930,#1931),.UNSPECIFIED.,.T.,.F.,(1,1,1,1,1,1,1,1,1,
1,1,1,1,1,1),(-0.00176153384307748,-0.00117435589538498,-0.000587177947692488,
6.93889390390723E-18,0.000587177947692502,0.001174355895385,0.00176153384307749,
0.00234871179076999,0.00293588973846248,0.00352306768615498,0.00411024563384747,
0.00469742358153997,0.00528460152923246,0.00587177947692496,0.00645895742461745),
 .UNSPECIFIED.);
#78=B_SPLINE_CURVE_WITH_KNOTS('',3,(#1956,#1957,#1958,#1959),
 .UNSPECIFIED.,.F.,.F.,(4,4),(1.6226852269747E-18,0.00747155649342206),
 .UNSPECIFIED.);
#79=B_SPLINE_CURVE_WITH_KNOTS('',3,(#1961,#1962,#1963,#1964),
 .UNSPECIFIED.,.F.,.F.,(4,4),(0.,0.000337497078442262),.UNSPECIFIED.);
#80=B_SPLINE_CURVE_WITH_KNOTS('',3,(#1981,#1982,#1983,#1984,#1985),
 .UNSPECIFIED.,.F.,.F.,(4,1,4),(0.,0.00337141336490945,0.00674282672981889),
 .UNSPECIFIED.);
#81=B_SPLINE_CURVE_WITH_KNOTS('',3,(#2001,#2002,#2003,#2004),
 .UNSPECIFIED.,.F.,.F.,(4,4),(-1.55975151803282E-5,0.00124208260281664),
 .UNSPECIFIED.);
#82=B_SPLINE_CURVE_WITH_KNOTS('',3,(#2028,#2029,#2030,#2031),
 .UNSPECIFIED.,.F.,.F.,(4,4),(0.,0.0104826523570993),.UNSPECIFIED.);
#83=B_SPLINE_CURVE_WITH_KNOTS('',3,(#2034,#2035,#2036,#2037),
 .UNSPECIFIED.,.F.,.F.,(4,4),(0.,0.00856144470013013),.UNSPECIFIED.);
#84=B_SPLINE_CURVE_WITH_KNOTS('',3,(#2039,#2040,#2041,#2042),
 .UNSPECIFIED.,.F.,.F.,(4,4),(0.,0.00372377246506725),.UNSPECIFIED.);
#85=B_SPLINE_CURVE_WITH_KNOTS('',3,(#2044,#2045,#2046,#2047,#2048),
 .UNSPECIFIED.,.F.,.F.,(4,1,4),(0.,0.00450645591721893,0.00901291183443786),
 .UNSPECIFIED.);
#86=B_SPLINE_CURVE_WITH_KNOTS('',3,(#2077,#2078,#2079,#2080,#2081),
 .UNSPECIFIED.,.F.,.F.,(4,1,4),(0.,0.0064763595133256,0.0129527190266512),
 .UNSPECIFIED.);
#87=B_SPLINE_CURVE_WITH_KNOTS('',3,(#2092,#2093,#2094,#2095),
 .UNSPECIFIED.,.F.,.F.,(4,4),(5.42101086242752E-20,0.00595294277493428),
 .UNSPECIFIED.);
#88=LINE('',#1559,#195);
#89=LINE('',#1562,#196);
#90=LINE('',#1564,#197);
#91=LINE('',#1566,#198);
#92=LINE('',#1568,#199);
#93=LINE('',#1570,#200);
#94=LINE('',#1573,#201);
#95=LINE('',#1575,#202);
#96=LINE('',#1582,#203);
#97=LINE('',#1584,#204);
#98=LINE('',#1586,#205);
#99=LINE('',#1589,#206);
#100=LINE('',#1591,#207);
#101=LINE('',#1593,#208);
#102=LINE('',#1595,#209);
#103=LINE('',#1598,#210);
#104=LINE('',#1599,#211);
#105=LINE('',#1601,#212);
#106=LINE('',#1612,#213);
#107=LINE('',#1614,#214);
#108=LINE('',#1629,#215);
#109=LINE('',#1642,#216);
#110=LINE('',#1645,#217);
#111=LINE('',#1647,#218);
#112=LINE('',#1649,#219);
#113=LINE('',#1651,#220);
#114=LINE('',#1653,#221);
#115=LINE('',#1660,#222);
#116=LINE('',#1663,#223);
#117=LINE('',#1665,#224);
#118=LINE('',#1667,#225);
#119=LINE('',#1669,#226);
#120=LINE('',#1672,#227);
#121=LINE('',#1673,#228);
#122=LINE('',#1677,#229);
#123=LINE('',#1680,#230);
#124=LINE('',#1681,#231);
#125=LINE('',#1683,#232);
#126=LINE('',#1686,#233);
#127=LINE('',#1687,#234);
#128=LINE('',#1691,#235);
#129=LINE('',#1693,#236);
#130=LINE('',#1701,#237);
#131=LINE('',#1702,#238);
#132=LINE('',#1704,#239);
#133=LINE('',#1718,#240);
#134=LINE('',#1731,#241);
#135=LINE('',#1733,#242);
#136=LINE('',#1735,#243);
#137=LINE('',#1736,#244);
#138=LINE('',#1738,#245);
#139=LINE('',#1740,#246);
#140=LINE('',#1743,#247);
#141=LINE('',#1745,#248);
#142=LINE('',#1747,#249);
#143=LINE('',#1749,#250);
#144=LINE('',#1751,#251);
#145=LINE('',#1753,#252);
#146=LINE('',#1755,#253);
#147=LINE('',#1756,#254);
#148=LINE('',#1758,#255);
#149=LINE('',#1760,#256);
#150=LINE('',#1762,#257);
#151=LINE('',#1764,#258);
#152=LINE('',#1773,#259);
#153=LINE('',#1794,#260);
#154=LINE('',#1796,#261);
#155=LINE('',#1798,#262);
#156=LINE('',#1800,#263);
#157=LINE('',#1801,#264);
#158=LINE('',#1805,#265);
#159=LINE('',#1807,#266);
#160=LINE('',#1822,#267);
#161=LINE('',#1834,#268);
#162=LINE('',#1836,#269);
#163=LINE('',#1838,#270);
#164=LINE('',#1839,#271);
#165=LINE('',#1856,#272);
#166=LINE('',#1874,#273);
#167=LINE('',#1880,#274);
#168=LINE('',#1882,#275);
#169=LINE('',#1884,#276);
#170=LINE('',#1886,#277);
#171=LINE('',#1914,#278);
#172=LINE('',#1916,#279);
#173=LINE('',#1918,#280);
#174=LINE('',#1942,#281);
#175=LINE('',#1944,#282);
#176=LINE('',#1946,#283);
#177=LINE('',#1948,#284);
#178=LINE('',#1950,#285);
#179=LINE('',#1953,#286);
#180=LINE('',#1955,#287);
#181=LINE('',#1965,#288);
#182=LINE('',#2049,#289);
#183=LINE('',#2050,#290);
#184=LINE('',#2059,#291);
#185=LINE('',#2060,#292);
#186=LINE('',#2083,#293);
#187=LINE('',#2099,#294);
#188=LINE('',#2102,#295);
#189=LINE('',#2104,#296);
#190=LINE('',#2106,#297);
#191=LINE('',#2108,#298);
#192=LINE('',#2109,#299);
#193=LINE('',#2113,#300);
#194=LINE('',#2115,#301);
#195=VECTOR('',#1292,1.);
#196=VECTOR('',#1293,1.);
#197=VECTOR('',#1294,1.);
#198=VECTOR('',#1295,1.);
#199=VECTOR('',#1296,1.);
#200=VECTOR('',#1299,1.);
#201=VECTOR('',#1300,1.);
#202=VECTOR('',#1301,1.);
#203=VECTOR('',#1302,1.);
#204=VECTOR('',#1303,1.);
#205=VECTOR('',#1306,1.);
#206=VECTOR('',#1307,1.);
#207=VECTOR('',#1308,1.);
#208=VECTOR('',#1309,1.);
#209=VECTOR('',#1312,1.);
#210=VECTOR('',#1313,1.);
#211=VECTOR('',#1314,1.);
#212=VECTOR('',#1315,1.);
#213=VECTOR('',#1322,1.);
#214=VECTOR('',#1323,1.);
#215=VECTOR('',#1326,1.);
#216=VECTOR('',#1329,1.);
#217=VECTOR('',#1330,1.);
#218=VECTOR('',#1331,1.);
#219=VECTOR('',#1332,1.);
#220=VECTOR('',#1333,1.);
#221=VECTOR('',#1334,1.);
#222=VECTOR('',#1343,1.);
#223=VECTOR('',#1344,1.);
#224=VECTOR('',#1345,1.);
#225=VECTOR('',#1346,1.);
#226=VECTOR('',#1349,1.);
#227=VECTOR('',#1350,1.);
#228=VECTOR('',#1351,1.);
#229=VECTOR('',#1356,1.);
#230=VECTOR('',#1357,1.);
#231=VECTOR('',#1358,1.);
#232=VECTOR('',#1361,1.);
#233=VECTOR('',#1362,1.);
#234=VECTOR('',#1363,1.);
#235=VECTOR('',#1366,1.);
#236=VECTOR('',#1367,1.);
#237=VECTOR('',#1370,1.);
#238=VECTOR('',#1371,1.);
#239=VECTOR('',#1372,1.);
#240=VECTOR('',#1373,1.);
#241=VECTOR('',#1374,1.);
#242=VECTOR('',#1375,1.);
#243=VECTOR('',#1378,1.);
#244=VECTOR('',#1379,1.);
#245=VECTOR('',#1380,1.);
#246=VECTOR('',#1383,1.);
#247=VECTOR('',#1384,1.);
#248=VECTOR('',#1385,1.);
#249=VECTOR('',#1386,1.);
#250=VECTOR('',#1387,1.);
#251=VECTOR('',#1388,1.);
#252=VECTOR('',#1391,1.);
#253=VECTOR('',#1392,1.);
#254=VECTOR('',#1393,1.);
#255=VECTOR('',#1394,1.);
#256=VECTOR('',#1395,1.);
#257=VECTOR('',#1396,1.);
#258=VECTOR('',#1397,1.);
#259=VECTOR('',#1398,1.);
#260=VECTOR('',#1405,1.);
#261=VECTOR('',#1406,1.);
#262=VECTOR('',#1407,1.);
#263=VECTOR('',#1408,1.);
#264=VECTOR('',#1409,1.);
#265=VECTOR('',#1414,1.);
#266=VECTOR('',#1415,1.);
#267=VECTOR('',#1422,1.);
#268=VECTOR('',#1423,1.);
#269=VECTOR('',#1426,1.);
#270=VECTOR('',#1427,1.);
#271=VECTOR('',#1428,1.);
#272=VECTOR('',#1431,1.);
#273=VECTOR('',#1458,1.);
#274=VECTOR('',#1459,1.);
#275=VECTOR('',#1460,1.);
#276=VECTOR('',#1461,1.);
#277=VECTOR('',#1464,1.);
#278=VECTOR('',#1469,1.);
#279=VECTOR('',#1470,1.);
#280=VECTOR('',#1473,1.);
#281=VECTOR('',#1492,1.);
#282=VECTOR('',#1493,1.);
#283=VECTOR('',#1494,1.);
#284=VECTOR('',#1495,1.);
#285=VECTOR('',#1498,1.);
#286=VECTOR('',#1503,1.);
#287=VECTOR('',#1504,1.);
#288=VECTOR('',#1505,1.);
#289=VECTOR('',#1518,1.);
#290=VECTOR('',#1519,1.);
#291=VECTOR('',#1520,1.);
#292=VECTOR('',#1521,1.);
#293=VECTOR('',#1522,1.);
#294=VECTOR('',#1529,1.);
#295=VECTOR('',#1534,1.);
#296=VECTOR('',#1535,1.);
#297=VECTOR('',#1536,1.);
#298=VECTOR('',#1539,1.);
#299=VECTOR('',#1540,1.);
#300=VECTOR('',#1547,1.);
#301=VECTOR('',#1550,1.);
#302=ORIENTED_EDGE('',*,*,#628,.F.);
#303=ORIENTED_EDGE('',*,*,#629,.T.);
#304=ORIENTED_EDGE('',*,*,#630,.T.);
#305=ORIENTED_EDGE('',*,*,#631,.F.);
#306=ORIENTED_EDGE('',*,*,#632,.T.);
#307=ORIENTED_EDGE('',*,*,#633,.T.);
#308=ORIENTED_EDGE('',*,*,#634,.F.);
#309=ORIENTED_EDGE('',*,*,#635,.T.);
#310=ORIENTED_EDGE('',*,*,#636,.F.);
#311=ORIENTED_EDGE('',*,*,#637,.T.);
#312=ORIENTED_EDGE('',*,*,#638,.F.);
#313=ORIENTED_EDGE('',*,*,#639,.F.);
#314=ORIENTED_EDGE('',*,*,#640,.F.);
#315=ORIENTED_EDGE('',*,*,#641,.T.);
#316=ORIENTED_EDGE('',*,*,#642,.F.);
#317=ORIENTED_EDGE('',*,*,#643,.T.);
#318=ORIENTED_EDGE('',*,*,#644,.T.);
#319=ORIENTED_EDGE('',*,*,#645,.T.);
#320=ORIENTED_EDGE('',*,*,#642,.T.);
#321=ORIENTED_EDGE('',*,*,#646,.T.);
#322=ORIENTED_EDGE('',*,*,#647,.T.);
#323=ORIENTED_EDGE('',*,*,#648,.T.);
#324=ORIENTED_EDGE('',*,*,#649,.F.);
#325=ORIENTED_EDGE('',*,*,#650,.F.);
#326=ORIENTED_EDGE('',*,*,#651,.F.);
#327=ORIENTED_EDGE('',*,*,#652,.F.);
#328=ORIENTED_EDGE('',*,*,#653,.T.);
#329=ORIENTED_EDGE('',*,*,#654,.T.);
#330=ORIENTED_EDGE('',*,*,#636,.T.);
#331=ORIENTED_EDGE('',*,*,#652,.T.);
#332=ORIENTED_EDGE('',*,*,#655,.T.);
#333=ORIENTED_EDGE('',*,*,#644,.F.);
#334=ORIENTED_EDGE('',*,*,#656,.T.);
#335=ORIENTED_EDGE('',*,*,#657,.F.);
#336=ORIENTED_EDGE('',*,*,#658,.F.);
#337=ORIENTED_EDGE('',*,*,#659,.T.);
#338=ORIENTED_EDGE('',*,*,#660,.T.);
#339=ORIENTED_EDGE('',*,*,#661,.F.);
#340=ORIENTED_EDGE('',*,*,#662,.F.);
#341=ORIENTED_EDGE('',*,*,#663,.F.);
#342=ORIENTED_EDGE('',*,*,#664,.T.);
#343=ORIENTED_EDGE('',*,*,#665,.F.);
#344=ORIENTED_EDGE('',*,*,#666,.F.);
#345=ORIENTED_EDGE('',*,*,#667,.T.);
#346=ORIENTED_EDGE('',*,*,#668,.T.);
#347=ORIENTED_EDGE('',*,*,#669,.F.);
#348=ORIENTED_EDGE('',*,*,#670,.F.);
#349=ORIENTED_EDGE('',*,*,#671,.T.);
#350=ORIENTED_EDGE('',*,*,#666,.T.);
#351=ORIENTED_EDGE('',*,*,#672,.F.);
#352=ORIENTED_EDGE('',*,*,#673,.F.);
#353=ORIENTED_EDGE('',*,*,#674,.F.);
#354=ORIENTED_EDGE('',*,*,#675,.T.);
#355=ORIENTED_EDGE('',*,*,#670,.T.);
#356=ORIENTED_EDGE('',*,*,#676,.F.);
#357=ORIENTED_EDGE('',*,*,#677,.F.);
#358=ORIENTED_EDGE('',*,*,#678,.F.);
#359=ORIENTED_EDGE('',*,*,#674,.T.);
#360=ORIENTED_EDGE('',*,*,#679,.T.);
#361=ORIENTED_EDGE('',*,*,#680,.T.);
#362=ORIENTED_EDGE('',*,*,#681,.F.);
#363=ORIENTED_EDGE('',*,*,#682,.F.);
#364=ORIENTED_EDGE('',*,*,#683,.F.);
#365=ORIENTED_EDGE('',*,*,#684,.T.);
#366=ORIENTED_EDGE('',*,*,#682,.T.);
#367=ORIENTED_EDGE('',*,*,#685,.T.);
#368=ORIENTED_EDGE('',*,*,#686,.T.);
#369=ORIENTED_EDGE('',*,*,#687,.F.);
#370=ORIENTED_EDGE('',*,*,#688,.T.);
#371=ORIENTED_EDGE('',*,*,#689,.T.);
#372=ORIENTED_EDGE('',*,*,#690,.F.);
#373=ORIENTED_EDGE('',*,*,#691,.F.);
#374=ORIENTED_EDGE('',*,*,#692,.F.);
#375=ORIENTED_EDGE('',*,*,#693,.F.);
#376=ORIENTED_EDGE('',*,*,#694,.F.);
#377=ORIENTED_EDGE('',*,*,#695,.F.);
#378=ORIENTED_EDGE('',*,*,#691,.T.);
#379=ORIENTED_EDGE('',*,*,#696,.T.);
#380=ORIENTED_EDGE('',*,*,#697,.T.);
#381=ORIENTED_EDGE('',*,*,#698,.T.);
#382=ORIENTED_EDGE('',*,*,#699,.T.);
#383=ORIENTED_EDGE('',*,*,#700,.T.);
#384=ORIENTED_EDGE('',*,*,#701,.F.);
#385=ORIENTED_EDGE('',*,*,#702,.T.);
#386=ORIENTED_EDGE('',*,*,#703,.T.);
#387=ORIENTED_EDGE('',*,*,#679,.F.);
#388=ORIENTED_EDGE('',*,*,#676,.T.);
#389=ORIENTED_EDGE('',*,*,#672,.T.);
#390=ORIENTED_EDGE('',*,*,#669,.T.);
#391=ORIENTED_EDGE('',*,*,#704,.F.);
#392=ORIENTED_EDGE('',*,*,#705,.T.);
#393=ORIENTED_EDGE('',*,*,#706,.F.);
#394=ORIENTED_EDGE('',*,*,#707,.T.);
#395=ORIENTED_EDGE('',*,*,#708,.T.);
#396=ORIENTED_EDGE('',*,*,#662,.T.);
#397=ORIENTED_EDGE('',*,*,#709,.F.);
#398=ORIENTED_EDGE('',*,*,#710,.T.);
#399=ORIENTED_EDGE('',*,*,#711,.T.);
#400=ORIENTED_EDGE('',*,*,#653,.F.);
#401=ORIENTED_EDGE('',*,*,#657,.T.);
#402=ORIENTED_EDGE('',*,*,#712,.T.);
#403=ORIENTED_EDGE('',*,*,#713,.F.);
#404=ORIENTED_EDGE('',*,*,#714,.F.);
#405=ORIENTED_EDGE('',*,*,#641,.F.);
#406=ORIENTED_EDGE('',*,*,#715,.T.);
#407=ORIENTED_EDGE('',*,*,#716,.T.);
#408=ORIENTED_EDGE('',*,*,#717,.T.);
#409=ORIENTED_EDGE('',*,*,#718,.T.);
#410=ORIENTED_EDGE('',*,*,#692,.T.);
#411=ORIENTED_EDGE('',*,*,#695,.T.);
#412=ORIENTED_EDGE('',*,*,#719,.F.);
#413=ORIENTED_EDGE('',*,*,#629,.F.);
#414=ORIENTED_EDGE('',*,*,#720,.T.);
#415=ORIENTED_EDGE('',*,*,#706,.T.);
#416=ORIENTED_EDGE('',*,*,#721,.T.);
#417=ORIENTED_EDGE('',*,*,#722,.T.);
#418=ORIENTED_EDGE('',*,*,#723,.F.);
#419=ORIENTED_EDGE('',*,*,#724,.T.);
#420=ORIENTED_EDGE('',*,*,#646,.F.);
#421=ORIENTED_EDGE('',*,*,#725,.T.);
#422=ORIENTED_EDGE('',*,*,#726,.T.);
#423=ORIENTED_EDGE('',*,*,#727,.T.);
#424=ORIENTED_EDGE('',*,*,#728,.T.);
#425=ORIENTED_EDGE('',*,*,#729,.T.);
#426=ORIENTED_EDGE('',*,*,#730,.F.);
#427=ORIENTED_EDGE('',*,*,#700,.F.);
#428=ORIENTED_EDGE('',*,*,#722,.F.);
#429=ORIENTED_EDGE('',*,*,#731,.T.);
#430=ORIENTED_EDGE('',*,*,#732,.T.);
#431=ORIENTED_EDGE('',*,*,#701,.T.);
#432=ORIENTED_EDGE('',*,*,#730,.T.);
#433=ORIENTED_EDGE('',*,*,#733,.F.);
#434=ORIENTED_EDGE('',*,*,#733,.T.);
#435=ORIENTED_EDGE('',*,*,#729,.F.);
#436=ORIENTED_EDGE('',*,*,#734,.T.);
#437=ORIENTED_EDGE('',*,*,#709,.T.);
#438=ORIENTED_EDGE('',*,*,#735,.T.);
#439=ORIENTED_EDGE('',*,*,#736,.T.);
#440=ORIENTED_EDGE('',*,*,#723,.T.);
#441=ORIENTED_EDGE('',*,*,#737,.F.);
#442=ORIENTED_EDGE('',*,*,#714,.T.);
#443=ORIENTED_EDGE('',*,*,#737,.T.);
#444=ORIENTED_EDGE('',*,*,#738,.T.);
#445=ORIENTED_EDGE('',*,*,#725,.F.);
#446=ORIENTED_EDGE('',*,*,#738,.F.);
#447=ORIENTED_EDGE('',*,*,#739,.F.);
#448=ORIENTED_EDGE('',*,*,#713,.T.);
#449=ORIENTED_EDGE('',*,*,#739,.T.);
#450=ORIENTED_EDGE('',*,*,#740,.F.);
#451=ORIENTED_EDGE('',*,*,#726,.F.);
#452=ORIENTED_EDGE('',*,*,#699,.F.);
#453=ORIENTED_EDGE('',*,*,#741,.T.);
#454=ORIENTED_EDGE('',*,*,#702,.F.);
#455=ORIENTED_EDGE('',*,*,#661,.T.);
#456=ORIENTED_EDGE('',*,*,#742,.F.);
#457=ORIENTED_EDGE('',*,*,#677,.T.);
#458=ORIENTED_EDGE('',*,*,#684,.F.);
#459=ORIENTED_EDGE('',*,*,#743,.T.);
#460=ORIENTED_EDGE('',*,*,#744,.T.);
#461=ORIENTED_EDGE('',*,*,#745,.F.);
#462=ORIENTED_EDGE('',*,*,#746,.T.);
#463=ORIENTED_EDGE('',*,*,#747,.T.);
#464=ORIENTED_EDGE('',*,*,#638,.T.);
#465=ORIENTED_EDGE('',*,*,#748,.T.);
#466=ORIENTED_EDGE('',*,*,#749,.T.);
#467=ORIENTED_EDGE('',*,*,#727,.F.);
#468=ORIENTED_EDGE('',*,*,#746,.F.);
#469=ORIENTED_EDGE('',*,*,#664,.F.);
#470=ORIENTED_EDGE('',*,*,#750,.F.);
#471=ORIENTED_EDGE('',*,*,#751,.F.);
#472=ORIENTED_EDGE('',*,*,#752,.T.);
#473=ORIENTED_EDGE('',*,*,#663,.T.);
#474=ORIENTED_EDGE('',*,*,#708,.F.);
#475=ORIENTED_EDGE('',*,*,#753,.F.);
#476=ORIENTED_EDGE('',*,*,#751,.T.);
#477=ORIENTED_EDGE('',*,*,#754,.T.);
#478=ORIENTED_EDGE('',*,*,#632,.F.);
#479=ORIENTED_EDGE('',*,*,#755,.T.);
#480=ORIENTED_EDGE('',*,*,#649,.T.);
#481=ORIENTED_EDGE('',*,*,#756,.F.);
#482=ORIENTED_EDGE('',*,*,#756,.T.);
#483=ORIENTED_EDGE('',*,*,#650,.T.);
#484=ORIENTED_EDGE('',*,*,#757,.F.);
#485=ORIENTED_EDGE('',*,*,#757,.T.);
#486=ORIENTED_EDGE('',*,*,#750,.T.);
#487=ORIENTED_EDGE('',*,*,#681,.T.);
#488=ORIENTED_EDGE('',*,*,#758,.T.);
#489=ORIENTED_EDGE('',*,*,#759,.F.);
#490=ORIENTED_EDGE('',*,*,#760,.F.);
#491=ORIENTED_EDGE('',*,*,#761,.F.);
#492=ORIENTED_EDGE('',*,*,#685,.F.);
#493=ORIENTED_EDGE('',*,*,#697,.F.);
#494=ORIENTED_EDGE('',*,*,#762,.T.);
#495=ORIENTED_EDGE('',*,*,#759,.T.);
#496=ORIENTED_EDGE('',*,*,#763,.T.);
#497=ORIENTED_EDGE('',*,*,#740,.T.);
#498=ORIENTED_EDGE('',*,*,#668,.F.);
#499=ORIENTED_EDGE('',*,*,#764,.F.);
#500=ORIENTED_EDGE('',*,*,#765,.F.);
#501=ORIENTED_EDGE('',*,*,#689,.F.);
#502=ORIENTED_EDGE('',*,*,#766,.T.);
#503=ORIENTED_EDGE('',*,*,#767,.T.);
#504=ORIENTED_EDGE('',*,*,#686,.F.);
#505=ORIENTED_EDGE('',*,*,#761,.T.);
#506=ORIENTED_EDGE('',*,*,#768,.F.);
#507=ORIENTED_EDGE('',*,*,#732,.F.);
#508=ORIENTED_EDGE('',*,*,#769,.T.);
#509=ORIENTED_EDGE('',*,*,#704,.T.);
#510=ORIENTED_EDGE('',*,*,#628,.T.);
#511=ORIENTED_EDGE('',*,*,#673,.T.);
#512=ORIENTED_EDGE('',*,*,#741,.F.);
#513=ORIENTED_EDGE('',*,*,#698,.F.);
#514=ORIENTED_EDGE('',*,*,#763,.F.);
#515=ORIENTED_EDGE('',*,*,#758,.F.);
#516=ORIENTED_EDGE('',*,*,#680,.F.);
#517=ORIENTED_EDGE('',*,*,#703,.F.);
#518=ORIENTED_EDGE('',*,*,#656,.F.);
#519=ORIENTED_EDGE('',*,*,#648,.F.);
#520=ORIENTED_EDGE('',*,*,#770,.F.);
#521=ORIENTED_EDGE('',*,*,#735,.F.);
#522=ORIENTED_EDGE('',*,*,#712,.F.);
#523=ORIENTED_EDGE('',*,*,#724,.F.);
#524=ORIENTED_EDGE('',*,*,#736,.F.);
#525=ORIENTED_EDGE('',*,*,#770,.T.);
#526=ORIENTED_EDGE('',*,*,#647,.F.);
#527=ORIENTED_EDGE('',*,*,#754,.F.);
#528=ORIENTED_EDGE('',*,*,#707,.F.);
#529=ORIENTED_EDGE('',*,*,#720,.F.);
#530=ORIENTED_EDGE('',*,*,#633,.F.);
#531=ORIENTED_EDGE('',*,*,#721,.F.);
#532=ORIENTED_EDGE('',*,*,#705,.F.);
#533=ORIENTED_EDGE('',*,*,#769,.F.);
#534=ORIENTED_EDGE('',*,*,#731,.F.);
#535=ORIENTED_EDGE('',*,*,#654,.F.);
#536=ORIENTED_EDGE('',*,*,#711,.F.);
#537=ORIENTED_EDGE('',*,*,#771,.F.);
#538=ORIENTED_EDGE('',*,*,#748,.F.);
#539=ORIENTED_EDGE('',*,*,#637,.F.);
#540=ORIENTED_EDGE('',*,*,#771,.T.);
#541=ORIENTED_EDGE('',*,*,#710,.F.);
#542=ORIENTED_EDGE('',*,*,#734,.F.);
#543=ORIENTED_EDGE('',*,*,#728,.F.);
#544=ORIENTED_EDGE('',*,*,#749,.F.);
#545=ORIENTED_EDGE('',*,*,#772,.F.);
#546=ORIENTED_EDGE('',*,*,#773,.T.);
#547=ORIENTED_EDGE('',*,*,#774,.F.);
#548=ORIENTED_EDGE('',*,*,#775,.T.);
#549=ORIENTED_EDGE('',*,*,#776,.F.);
#550=ORIENTED_EDGE('',*,*,#716,.F.);
#551=ORIENTED_EDGE('',*,*,#777,.T.);
#552=ORIENTED_EDGE('',*,*,#634,.T.);
#553=ORIENTED_EDGE('',*,*,#755,.F.);
#554=ORIENTED_EDGE('',*,*,#778,.F.);
#555=ORIENTED_EDGE('',*,*,#717,.F.);
#556=ORIENTED_EDGE('',*,*,#776,.T.);
#557=ORIENTED_EDGE('',*,*,#639,.T.);
#558=ORIENTED_EDGE('',*,*,#779,.F.);
#559=ORIENTED_EDGE('',*,*,#687,.T.);
#560=ORIENTED_EDGE('',*,*,#767,.F.);
#561=ORIENTED_EDGE('',*,*,#766,.F.);
#562=ORIENTED_EDGE('',*,*,#688,.F.);
#563=ORIENTED_EDGE('',*,*,#718,.F.);
#564=ORIENTED_EDGE('',*,*,#778,.T.);
#565=ORIENTED_EDGE('',*,*,#745,.T.);
#566=ORIENTED_EDGE('',*,*,#780,.T.);
#567=ORIENTED_EDGE('',*,*,#781,.T.);
#568=ORIENTED_EDGE('',*,*,#781,.F.);
#569=ORIENTED_EDGE('',*,*,#782,.T.);
#570=ORIENTED_EDGE('',*,*,#743,.F.);
#571=ORIENTED_EDGE('',*,*,#683,.T.);
#572=ORIENTED_EDGE('',*,*,#779,.T.);
#573=ORIENTED_EDGE('',*,*,#747,.F.);
#574=ORIENTED_EDGE('',*,*,#696,.F.);
#575=ORIENTED_EDGE('',*,*,#768,.T.);
#576=ORIENTED_EDGE('',*,*,#760,.T.);
#577=ORIENTED_EDGE('',*,*,#762,.F.);
#578=ORIENTED_EDGE('',*,*,#780,.F.);
#579=ORIENTED_EDGE('',*,*,#744,.F.);
#580=ORIENTED_EDGE('',*,*,#782,.F.);
#581=ORIENTED_EDGE('',*,*,#690,.T.);
#582=ORIENTED_EDGE('',*,*,#765,.T.);
#583=ORIENTED_EDGE('',*,*,#783,.T.);
#584=ORIENTED_EDGE('',*,*,#659,.F.);
#585=ORIENTED_EDGE('',*,*,#693,.T.);
#586=ORIENTED_EDGE('',*,*,#665,.T.);
#587=ORIENTED_EDGE('',*,*,#671,.F.);
#588=ORIENTED_EDGE('',*,*,#675,.F.);
#589=ORIENTED_EDGE('',*,*,#678,.T.);
#590=ORIENTED_EDGE('',*,*,#742,.T.);
#591=ORIENTED_EDGE('',*,*,#660,.F.);
#592=ORIENTED_EDGE('',*,*,#783,.F.);
#593=ORIENTED_EDGE('',*,*,#764,.T.);
#594=ORIENTED_EDGE('',*,*,#667,.F.);
#595=ORIENTED_EDGE('',*,*,#784,.F.);
#596=ORIENTED_EDGE('',*,*,#785,.T.);
#597=ORIENTED_EDGE('',*,*,#786,.F.);
#598=ORIENTED_EDGE('',*,*,#773,.F.);
#599=ORIENTED_EDGE('',*,*,#787,.F.);
#600=ORIENTED_EDGE('',*,*,#785,.F.);
#601=ORIENTED_EDGE('',*,*,#788,.T.);
#602=ORIENTED_EDGE('',*,*,#775,.F.);
#603=ORIENTED_EDGE('',*,*,#772,.T.);
#604=ORIENTED_EDGE('',*,*,#788,.F.);
#605=ORIENTED_EDGE('',*,*,#784,.T.);
#606=ORIENTED_EDGE('',*,*,#774,.T.);
#607=ORIENTED_EDGE('',*,*,#786,.T.);
#608=ORIENTED_EDGE('',*,*,#787,.T.);
#609=ORIENTED_EDGE('',*,*,#777,.F.);
#610=ORIENTED_EDGE('',*,*,#789,.F.);
#611=ORIENTED_EDGE('',*,*,#643,.F.);
#612=ORIENTED_EDGE('',*,*,#645,.F.);
#613=ORIENTED_EDGE('',*,*,#655,.F.);
#614=ORIENTED_EDGE('',*,*,#651,.T.);
#615=ORIENTED_EDGE('',*,*,#635,.F.);
#616=ORIENTED_EDGE('',*,*,#658,.T.);
#617=ORIENTED_EDGE('',*,*,#752,.F.);
#618=ORIENTED_EDGE('',*,*,#753,.T.);
#619=ORIENTED_EDGE('',*,*,#631,.T.);
#620=ORIENTED_EDGE('',*,*,#790,.T.);
#621=ORIENTED_EDGE('',*,*,#694,.T.);
#622=ORIENTED_EDGE('',*,*,#719,.T.);
#623=ORIENTED_EDGE('',*,*,#790,.F.);
#624=ORIENTED_EDGE('',*,*,#630,.F.);
#625=ORIENTED_EDGE('',*,*,#640,.T.);
#626=ORIENTED_EDGE('',*,*,#789,.T.);
#627=ORIENTED_EDGE('',*,*,#715,.F.);
#628=EDGE_CURVE('',#791,#791,#903,.T.);
#629=EDGE_CURVE('',#792,#793,#88,.T.);
#630=EDGE_CURVE('',#793,#794,#89,.T.);
#631=EDGE_CURVE('',#795,#794,#90,.T.);
#632=EDGE_CURVE('',#795,#796,#91,.T.);
#633=EDGE_CURVE('',#796,#792,#92,.T.);
#634=EDGE_CURVE('',#797,#798,#93,.F.);
#635=EDGE_CURVE('',#797,#799,#94,.T.);
#636=EDGE_CURVE('',#800,#799,#95,.T.);
#637=EDGE_CURVE('',#800,#801,#57,.T.);
#638=EDGE_CURVE('',#802,#801,#96,.F.);
#639=EDGE_CURVE('',#798,#802,#97,.F.);
#640=EDGE_CURVE('',#803,#804,#98,.T.);
#641=EDGE_CURVE('',#803,#805,#99,.T.);
#642=EDGE_CURVE('',#806,#805,#100,.T.);
#643=EDGE_CURVE('',#806,#804,#101,.T.);
#644=EDGE_CURVE('',#807,#808,#102,.F.);
#645=EDGE_CURVE('',#808,#806,#103,.F.);
#646=EDGE_CURVE('',#805,#809,#104,.T.);
#647=EDGE_CURVE('',#809,#810,#105,.T.);
#648=EDGE_CURVE('',#810,#807,#58,.T.);
#649=EDGE_CURVE('',#811,#811,#36,.T.);
#650=EDGE_CURVE('',#812,#812,#37,.T.);
#651=EDGE_CURVE('',#813,#799,#106,.T.);
#652=EDGE_CURVE('',#814,#813,#107,.T.);
#653=EDGE_CURVE('',#814,#815,#59,.T.);
#654=EDGE_CURVE('',#815,#800,#60,.T.);
#655=EDGE_CURVE('',#813,#808,#108,.T.);
#656=EDGE_CURVE('',#807,#816,#61,.T.);
#657=EDGE_CURVE('',#814,#816,#62,.T.);
#658=EDGE_CURVE('',#817,#818,#109,.T.);
#659=EDGE_CURVE('',#817,#819,#110,.T.);
#660=EDGE_CURVE('',#819,#820,#111,.T.);
#661=EDGE_CURVE('',#821,#820,#112,.T.);
#662=EDGE_CURVE('',#822,#821,#113,.T.);
#663=EDGE_CURVE('',#818,#822,#114,.T.);
#664=EDGE_CURVE('',#823,#823,#38,.T.);
#665=EDGE_CURVE('',#824,#824,#39,.F.);
#666=EDGE_CURVE('',#825,#826,#115,.T.);
#667=EDGE_CURVE('',#825,#827,#116,.T.);
#668=EDGE_CURVE('',#827,#828,#117,.T.);
#669=EDGE_CURVE('',#826,#828,#118,.T.);
#670=EDGE_CURVE('',#829,#830,#119,.T.);
#671=EDGE_CURVE('',#829,#825,#120,.T.);
#672=EDGE_CURVE('',#830,#826,#121,.T.);
#673=EDGE_CURVE('',#831,#831,#40,.T.);
#674=EDGE_CURVE('',#832,#833,#122,.T.);
#675=EDGE_CURVE('',#832,#829,#123,.T.);
#676=EDGE_CURVE('',#833,#830,#124,.T.);
#677=EDGE_CURVE('',#834,#835,#125,.T.);
#678=EDGE_CURVE('',#832,#834,#126,.T.);
#679=EDGE_CURVE('',#833,#836,#127,.T.);
#680=EDGE_CURVE('',#836,#837,#41,.F.);
#681=EDGE_CURVE('',#838,#837,#128,.T.);
#682=EDGE_CURVE('',#835,#838,#129,.T.);
#683=EDGE_CURVE('',#839,#840,#63,.T.);
#684=EDGE_CURVE('',#839,#835,#130,.T.);
#685=EDGE_CURVE('',#838,#841,#131,.T.);
#686=EDGE_CURVE('',#841,#842,#132,.T.);
#687=EDGE_CURVE('',#840,#842,#64,.T.);
#688=EDGE_CURVE('',#843,#844,#133,.T.);
#689=EDGE_CURVE('',#844,#845,#65,.T.);
#690=EDGE_CURVE('',#846,#845,#66,.T.);
#691=EDGE_CURVE('',#847,#846,#134,.T.);
#692=EDGE_CURVE('',#843,#847,#135,.F.);
#693=EDGE_CURVE('',#817,#846,#136,.F.);
#694=EDGE_CURVE('',#848,#817,#137,.T.);
#695=EDGE_CURVE('',#847,#848,#138,.F.);
#696=EDGE_CURVE('',#849,#850,#139,.T.);
#697=EDGE_CURVE('',#850,#851,#140,.T.);
#698=EDGE_CURVE('',#851,#852,#141,.F.);
#699=EDGE_CURVE('',#852,#853,#142,.T.);
#700=EDGE_CURVE('',#853,#854,#143,.T.);
#701=EDGE_CURVE('',#849,#854,#144,.T.);
#702=EDGE_CURVE('',#821,#855,#145,.T.);
#703=EDGE_CURVE('',#855,#836,#146,.T.);
#704=EDGE_CURVE('',#856,#828,#147,.T.);
#705=EDGE_CURVE('',#856,#857,#148,.F.);
#706=EDGE_CURVE('',#858,#857,#149,.T.);
#707=EDGE_CURVE('',#858,#859,#150,.F.);
#708=EDGE_CURVE('',#859,#822,#151,.T.);
#709=EDGE_CURVE('',#860,#861,#152,.F.);
#710=EDGE_CURVE('',#860,#862,#67,.T.);
#711=EDGE_CURVE('',#862,#815,#68,.T.);
#712=EDGE_CURVE('',#816,#861,#69,.T.);
#713=EDGE_CURVE('',#863,#863,#42,.T.);
#714=EDGE_CURVE('',#864,#864,#43,.T.);
#715=EDGE_CURVE('',#803,#865,#153,.T.);
#716=EDGE_CURVE('',#865,#866,#154,.T.);
#717=EDGE_CURVE('',#866,#867,#155,.F.);
#718=EDGE_CURVE('',#867,#843,#156,.F.);
#719=EDGE_CURVE('',#793,#848,#157,.T.);
#720=EDGE_CURVE('',#792,#858,#44,.F.);
#721=EDGE_CURVE('',#857,#868,#45,.F.);
#722=EDGE_CURVE('',#868,#869,#158,.T.);
#723=EDGE_CURVE('',#870,#869,#159,.T.);
#724=EDGE_CURVE('',#870,#809,#46,.F.);
#725=EDGE_CURVE('',#871,#871,#47,.T.);
#726=EDGE_CURVE('',#872,#872,#48,.T.);
#727=EDGE_CURVE('',#853,#873,#160,.F.);
#728=EDGE_CURVE('',#873,#874,#70,.T.);
#729=EDGE_CURVE('',#874,#875,#71,.F.);
#730=EDGE_CURVE('',#854,#875,#161,.T.);
#731=EDGE_CURVE('',#868,#876,#162,.T.);
#732=EDGE_CURVE('',#876,#849,#163,.T.);
#733=EDGE_CURVE('',#869,#875,#164,.T.);
#734=EDGE_CURVE('',#874,#860,#72,.T.);
#735=EDGE_CURVE('',#861,#877,#73,.T.);
#736=EDGE_CURVE('',#877,#870,#165,.T.);
#737=EDGE_CURVE('',#878,#878,#49,.T.);
#738=EDGE_CURVE('',#879,#879,#50,.T.);
#739=EDGE_CURVE('',#880,#880,#51,.T.);
#740=EDGE_CURVE('',#881,#881,#904,.T.);
#741=EDGE_CURVE('',#852,#855,#905,.T.);
#742=EDGE_CURVE('',#834,#820,#166,.T.);
#743=EDGE_CURVE('',#839,#882,#74,.T.);
#744=EDGE_CURVE('',#882,#883,#167,.T.);
#745=EDGE_CURVE('',#884,#883,#168,.F.);
#746=EDGE_CURVE('',#884,#853,#169,.T.);
#747=EDGE_CURVE('',#884,#802,#170,.F.);
#748=EDGE_CURVE('',#801,#885,#75,.T.);
#749=EDGE_CURVE('',#885,#873,#76,.F.);
#750=EDGE_CURVE('',#886,#886,#52,.T.);
#751=EDGE_CURVE('',#887,#859,#171,.T.);
#752=EDGE_CURVE('',#887,#818,#172,.T.);
#753=EDGE_CURVE('',#887,#795,#173,.T.);
#754=EDGE_CURVE('',#859,#796,#53,.T.);
#755=EDGE_CURVE('',#888,#888,#77,.T.);
#756=EDGE_CURVE('',#889,#889,#54,.F.);
#757=EDGE_CURVE('',#890,#890,#55,.F.);
#758=EDGE_CURVE('',#837,#891,#174,.T.);
#759=EDGE_CURVE('',#892,#891,#175,.T.);
#760=EDGE_CURVE('',#893,#892,#176,.T.);
#761=EDGE_CURVE('',#841,#893,#177,.T.);
#762=EDGE_CURVE('',#850,#892,#178,.T.);
#763=EDGE_CURVE('',#891,#851,#56,.F.);
#764=EDGE_CURVE('',#894,#827,#179,.T.);
#765=EDGE_CURVE('',#845,#894,#180,.T.);
#766=EDGE_CURVE('',#844,#895,#78,.T.);
#767=EDGE_CURVE('',#895,#842,#79,.T.);
#768=EDGE_CURVE('',#849,#893,#181,.T.);
#769=EDGE_CURVE('',#876,#856,#906,.F.);
#770=EDGE_CURVE('',#877,#810,#80,.T.);
#771=EDGE_CURVE('',#885,#862,#81,.F.);
#772=EDGE_CURVE('',#896,#897,#82,.T.);
#773=EDGE_CURVE('',#896,#898,#83,.T.);
#774=EDGE_CURVE('',#899,#898,#84,.T.);
#775=EDGE_CURVE('',#899,#897,#85,.T.);
#776=EDGE_CURVE('',#866,#798,#182,.T.);
#777=EDGE_CURVE('',#865,#797,#183,.T.);
#778=EDGE_CURVE('',#867,#895,#184,.T.);
#779=EDGE_CURVE('',#840,#802,#185,.T.);
#780=EDGE_CURVE('',#883,#900,#86,.T.);
#781=EDGE_CURVE('',#900,#884,#186,.T.);
#782=EDGE_CURVE('',#900,#882,#87,.T.);
#783=EDGE_CURVE('',#894,#819,#187,.T.);
#784=EDGE_CURVE('',#901,#896,#188,.T.);
#785=EDGE_CURVE('',#901,#902,#189,.T.);
#786=EDGE_CURVE('',#898,#902,#190,.T.);
#787=EDGE_CURVE('',#902,#899,#191,.T.);
#788=EDGE_CURVE('',#901,#897,#192,.T.);
#789=EDGE_CURVE('',#804,#865,#193,.T.);
#790=EDGE_CURVE('',#794,#848,#194,.T.);
#791=VERTEX_POINT('',#1558);
#792=VERTEX_POINT('',#1560);
#793=VERTEX_POINT('',#1561);
#794=VERTEX_POINT('',#1563);
#795=VERTEX_POINT('',#1565);
#796=VERTEX_POINT('',#1567);
#797=VERTEX_POINT('',#1571);
#798=VERTEX_POINT('',#1572);
#799=VERTEX_POINT('',#1574);
#800=VERTEX_POINT('',#1576);
#801=VERTEX_POINT('',#1581);
#802=VERTEX_POINT('',#1583);
#803=VERTEX_POINT('',#1587);
#804=VERTEX_POINT('',#1588);
#805=VERTEX_POINT('',#1590);
#806=VERTEX_POINT('',#1592);
#807=VERTEX_POINT('',#1596);
#808=VERTEX_POINT('',#1597);
#809=VERTEX_POINT('',#1600);
#810=VERTEX_POINT('',#1602);
#811=VERTEX_POINT('',#1609);
#812=VERTEX_POINT('',#1611);
#813=VERTEX_POINT('',#1613);
#814=VERTEX_POINT('',#1615);
#815=VERTEX_POINT('',#1620);
#816=VERTEX_POINT('',#1636);
#817=VERTEX_POINT('',#1643);
#818=VERTEX_POINT('',#1644);
#819=VERTEX_POINT('',#1646);
#820=VERTEX_POINT('',#1648);
#821=VERTEX_POINT('',#1650);
#822=VERTEX_POINT('',#1652);
#823=VERTEX_POINT('',#1656);
#824=VERTEX_POINT('',#1658);
#825=VERTEX_POINT('',#1661);
#826=VERTEX_POINT('',#1662);
#827=VERTEX_POINT('',#1664);
#828=VERTEX_POINT('',#1666);
#829=VERTEX_POINT('',#1670);
#830=VERTEX_POINT('',#1671);
#831=VERTEX_POINT('',#1676);
#832=VERTEX_POINT('',#1678);
#833=VERTEX_POINT('',#1679);
#834=VERTEX_POINT('',#1684);
#835=VERTEX_POINT('',#1685);
#836=VERTEX_POINT('',#1688);
#837=VERTEX_POINT('',#1690);
#838=VERTEX_POINT('',#1692);
#839=VERTEX_POINT('',#1699);
#840=VERTEX_POINT('',#1700);
#841=VERTEX_POINT('',#1703);
#842=VERTEX_POINT('',#1705);
#843=VERTEX_POINT('',#1719);
#844=VERTEX_POINT('',#1720);
#845=VERTEX_POINT('',#1725);
#846=VERTEX_POINT('',#1730);
#847=VERTEX_POINT('',#1732);
#848=VERTEX_POINT('',#1737);
#849=VERTEX_POINT('',#1741);
#850=VERTEX_POINT('',#1742);
#851=VERTEX_POINT('',#1744);
#852=VERTEX_POINT('',#1746);
#853=VERTEX_POINT('',#1748);
#854=VERTEX_POINT('',#1750);
#855=VERTEX_POINT('',#1754);
#856=VERTEX_POINT('',#1757);
#857=VERTEX_POINT('',#1759);
#858=VERTEX_POINT('',#1761);
#859=VERTEX_POINT('',#1763);
#860=VERTEX_POINT('',#1774);
#861=VERTEX_POINT('',#1775);
#862=VERTEX_POINT('',#1780);
#863=VERTEX_POINT('',#1791);
#864=VERTEX_POINT('',#1793);
#865=VERTEX_POINT('',#1795);
#866=VERTEX_POINT('',#1797);
#867=VERTEX_POINT('',#1799);
#868=VERTEX_POINT('',#1804);
#869=VERTEX_POINT('',#1806);
#870=VERTEX_POINT('',#1808);
#871=VERTEX_POINT('',#1811);
#872=VERTEX_POINT('',#1813);
#873=VERTEX_POINT('',#1823);
#874=VERTEX_POINT('',#1828);
#875=VERTEX_POINT('',#1833);
#876=VERTEX_POINT('',#1837);
#877=VERTEX_POINT('',#1855);
#878=VERTEX_POINT('',#1859);
#879=VERTEX_POINT('',#1863);
#880=VERTEX_POINT('',#1867);
#881=VERTEX_POINT('',#1871);
#882=VERTEX_POINT('',#1879);
#883=VERTEX_POINT('',#1881);
#884=VERTEX_POINT('',#1883);
#885=VERTEX_POINT('',#1894);
#886=VERTEX_POINT('',#1913);
#887=VERTEX_POINT('',#1915);
#888=VERTEX_POINT('',#1932);
#889=VERTEX_POINT('',#1935);
#890=VERTEX_POINT('',#1939);
#891=VERTEX_POINT('',#1943);
#892=VERTEX_POINT('',#1945);
#893=VERTEX_POINT('',#1947);
#894=VERTEX_POINT('',#1954);
#895=VERTEX_POINT('',#1960);
#896=VERTEX_POINT('',#2032);
#897=VERTEX_POINT('',#2033);
#898=VERTEX_POINT('',#2038);
#899=VERTEX_POINT('',#2043);
#900=VERTEX_POINT('',#2082);
#901=VERTEX_POINT('',#2103);
#902=VERTEX_POINT('',#2105);
#903=ELLIPSE('',#1207,0.00104667912469995,0.001);
#904=ELLIPSE('',#1249,0.00104667912469995,0.001);
#905=ELLIPSE('',#1251,0.0169315740760285,0.005);
#906=ELLIPSE('',#1268,0.00523339562349973,0.005);
#907=EDGE_LOOP('',(#302));
#908=EDGE_LOOP('',(#303,#304,#305,#306,#307));
#909=EDGE_LOOP('',(#308,#309,#310,#311,#312,#313));
#910=EDGE_LOOP('',(#314,#315,#316,#317));
#911=EDGE_LOOP('',(#318,#319,#320,#321,#322,#323));
#912=EDGE_LOOP('',(#324));
#913=EDGE_LOOP('',(#325));
#914=EDGE_LOOP('',(#326,#327,#328,#329,#330));
#915=EDGE_LOOP('',(#331,#332,#333,#334,#335));
#916=EDGE_LOOP('',(#336,#337,#338,#339,#340,#341));
#917=EDGE_LOOP('',(#342));
#918=EDGE_LOOP('',(#343));
#919=EDGE_LOOP('',(#344,#345,#346,#347));
#920=EDGE_LOOP('',(#348,#349,#350,#351));
#921=EDGE_LOOP('',(#352));
#922=EDGE_LOOP('',(#353,#354,#355,#356));
#923=EDGE_LOOP('',(#357,#358,#359,#360,#361,#362,#363));
#924=EDGE_LOOP('',(#364,#365,#366,#367,#368,#369));
#925=EDGE_LOOP('',(#370,#371,#372,#373,#374));
#926=EDGE_LOOP('',(#375,#376,#377,#378));
#927=EDGE_LOOP('',(#379,#380,#381,#382,#383,#384));
#928=EDGE_LOOP('',(#385,#386,#387,#388,#389,#390,#391,#392,#393,#394,#395,
#396));
#929=EDGE_LOOP('',(#397,#398,#399,#400,#401,#402));
#930=EDGE_LOOP('',(#403));
#931=EDGE_LOOP('',(#404));
#932=EDGE_LOOP('',(#405,#406,#407,#408,#409,#410,#411,#412,#413,#414,#415,
#416,#417,#418,#419,#420));
#933=EDGE_LOOP('',(#421));
#934=EDGE_LOOP('',(#422));
#935=EDGE_LOOP('',(#423,#424,#425,#426,#427));
#936=EDGE_LOOP('',(#428,#429,#430,#431,#432,#433));
#937=EDGE_LOOP('',(#434,#435,#436,#437,#438,#439,#440));
#938=EDGE_LOOP('',(#441));
#939=EDGE_LOOP('',(#442));
#940=EDGE_LOOP('',(#443));
#941=EDGE_LOOP('',(#444));
#942=EDGE_LOOP('',(#445));
#943=EDGE_LOOP('',(#446));
#944=EDGE_LOOP('',(#447));
#945=EDGE_LOOP('',(#448));
#946=EDGE_LOOP('',(#449));
#947=EDGE_LOOP('',(#450));
#948=EDGE_LOOP('',(#451));
#949=EDGE_LOOP('',(#452,#453,#454,#455,#456,#457,#458,#459,#460,#461,#462));
#950=EDGE_LOOP('',(#463,#464,#465,#466,#467,#468));
#951=EDGE_LOOP('',(#469));
#952=EDGE_LOOP('',(#470));
#953=EDGE_LOOP('',(#471,#472,#473,#474));
#954=EDGE_LOOP('',(#475,#476,#477,#478));
#955=EDGE_LOOP('',(#479));
#956=EDGE_LOOP('',(#480));
#957=EDGE_LOOP('',(#481));
#958=EDGE_LOOP('',(#482));
#959=EDGE_LOOP('',(#483));
#960=EDGE_LOOP('',(#484));
#961=EDGE_LOOP('',(#485));
#962=EDGE_LOOP('',(#486));
#963=EDGE_LOOP('',(#487,#488,#489,#490,#491,#492));
#964=EDGE_LOOP('',(#493,#494,#495,#496));
#965=EDGE_LOOP('',(#497));
#966=EDGE_LOOP('',(#498,#499,#500,#501,#502,#503,#504,#505,#506,#507,#508,
#509));
#967=EDGE_LOOP('',(#510));
#968=EDGE_LOOP('',(#511));
#969=EDGE_LOOP('',(#512,#513,#514,#515,#516,#517));
#970=EDGE_LOOP('',(#518,#519,#520,#521,#522));
#971=EDGE_LOOP('',(#523,#524,#525,#526));
#972=EDGE_LOOP('',(#527,#528,#529,#530));
#973=EDGE_LOOP('',(#531,#532,#533,#534));
#974=EDGE_LOOP('',(#535,#536,#537,#538,#539));
#975=EDGE_LOOP('',(#540,#541,#542,#543,#544));
#976=EDGE_LOOP('',(#545,#546,#547,#548));
#977=EDGE_LOOP('',(#549,#550,#551,#552));
#978=EDGE_LOOP('',(#553));
#979=EDGE_LOOP('',(#554,#555,#556,#557,#558,#559,#560));
#980=EDGE_LOOP('',(#561,#562,#563,#564));
#981=EDGE_LOOP('',(#565,#566,#567));
#982=EDGE_LOOP('',(#568,#569,#570,#571,#572,#573));
#983=EDGE_LOOP('',(#574,#575,#576,#577));
#984=EDGE_LOOP('',(#578,#579,#580));
#985=EDGE_LOOP('',(#581,#582,#583,#584,#585));
#986=EDGE_LOOP('',(#586));
#987=EDGE_LOOP('',(#587,#588,#589,#590,#591,#592,#593,#594));
#988=EDGE_LOOP('',(#595,#596,#597,#598));
#989=EDGE_LOOP('',(#599,#600,#601,#602));
#990=EDGE_LOOP('',(#603,#604,#605));
#991=EDGE_LOOP('',(#606,#607,#608));
#992=EDGE_LOOP('',(#609,#610,#611,#612,#613,#614,#615));
#993=EDGE_LOOP('',(#616,#617,#618,#619,#620,#621));
#994=EDGE_LOOP('',(#622,#623,#624));
#995=EDGE_LOOP('',(#625,#626,#627));
#996=FACE_BOUND('',#907,.T.);
#997=FACE_BOUND('',#908,.T.);
#998=FACE_BOUND('',#909,.T.);
#999=FACE_BOUND('',#910,.T.);
#1000=FACE_BOUND('',#911,.T.);
#1001=FACE_BOUND('',#912,.T.);
#1002=FACE_BOUND('',#913,.T.);
#1003=FACE_BOUND('',#914,.T.);
#1004=FACE_BOUND('',#915,.T.);
#1005=FACE_BOUND('',#916,.T.);
#1006=FACE_BOUND('',#917,.T.);
#1007=FACE_BOUND('',#918,.T.);
#1008=FACE_BOUND('',#919,.T.);
#1009=FACE_BOUND('',#920,.T.);
#1010=FACE_BOUND('',#921,.T.);
#1011=FACE_BOUND('',#922,.T.);
#1012=FACE_BOUND('',#923,.T.);
#1013=FACE_BOUND('',#924,.T.);
#1014=FACE_BOUND('',#925,.T.);
#1015=FACE_BOUND('',#926,.T.);
#1016=FACE_BOUND('',#927,.T.);
#1017=FACE_BOUND('',#928,.T.);
#1018=FACE_BOUND('',#929,.T.);
#1019=FACE_BOUND('',#930,.T.);
#1020=FACE_BOUND('',#931,.T.);
#1021=FACE_BOUND('',#932,.T.);
#1022=FACE_BOUND('',#933,.T.);
#1023=FACE_BOUND('',#934,.T.);
#1024=FACE_BOUND('',#935,.T.);
#1025=FACE_BOUND('',#936,.T.);
#1026=FACE_BOUND('',#937,.T.);
#1027=FACE_BOUND('',#938,.T.);
#1028=FACE_BOUND('',#939,.T.);
#1029=FACE_BOUND('',#940,.T.);
#1030=FACE_BOUND('',#941,.T.);
#1031=FACE_BOUND('',#942,.T.);
#1032=FACE_BOUND('',#943,.T.);
#1033=FACE_BOUND('',#944,.T.);
#1034=FACE_BOUND('',#945,.T.);
#1035=FACE_BOUND('',#946,.T.);
#1036=FACE_BOUND('',#947,.T.);
#1037=FACE_BOUND('',#948,.T.);
#1038=FACE_BOUND('',#949,.T.);
#1039=FACE_BOUND('',#950,.T.);
#1040=FACE_BOUND('',#951,.T.);
#1041=FACE_BOUND('',#952,.T.);
#1042=FACE_BOUND('',#953,.T.);
#1043=FACE_BOUND('',#954,.T.);
#1044=FACE_BOUND('',#955,.T.);
#1045=FACE_BOUND('',#956,.T.);
#1046=FACE_BOUND('',#957,.T.);
#1047=FACE_BOUND('',#958,.T.);
#1048=FACE_BOUND('',#959,.T.);
#1049=FACE_BOUND('',#960,.T.);
#1050=FACE_BOUND('',#961,.T.);
#1051=FACE_BOUND('',#962,.T.);
#1052=FACE_BOUND('',#963,.T.);
#1053=FACE_BOUND('',#964,.T.);
#1054=FACE_BOUND('',#965,.T.);
#1055=FACE_BOUND('',#966,.T.);
#1056=FACE_BOUND('',#967,.T.);
#1057=FACE_BOUND('',#968,.T.);
#1058=FACE_BOUND('',#969,.T.);
#1059=FACE_BOUND('',#970,.T.);
#1060=FACE_BOUND('',#971,.T.);
#1061=FACE_BOUND('',#972,.T.);
#1062=FACE_BOUND('',#973,.T.);
#1063=FACE_BOUND('',#974,.T.);
#1064=FACE_BOUND('',#975,.T.);
#1065=FACE_BOUND('',#976,.T.);
#1066=FACE_BOUND('',#977,.T.);
#1067=FACE_BOUND('',#978,.T.);
#1068=FACE_BOUND('',#979,.T.);
#1069=FACE_BOUND('',#980,.T.);
#1070=FACE_BOUND('',#981,.T.);
#1071=FACE_BOUND('',#982,.T.);
#1072=FACE_BOUND('',#983,.T.);
#1073=FACE_BOUND('',#984,.T.);
#1074=FACE_BOUND('',#985,.T.);
#1075=FACE_BOUND('',#986,.T.);
#1076=FACE_BOUND('',#987,.T.);
#1077=FACE_BOUND('',#988,.T.);
#1078=FACE_BOUND('',#989,.T.);
#1079=FACE_BOUND('',#990,.T.);
#1080=FACE_BOUND('',#991,.T.);
#1081=FACE_BOUND('',#992,.T.);
#1082=FACE_BOUND('',#993,.T.);
#1083=FACE_BOUND('',#994,.T.);
#1084=FACE_BOUND('',#995,.T.);
#1085=PLANE('',#1206);
#1086=PLANE('',#1208);
#1087=PLANE('',#1209);
#1088=PLANE('',#1210);
#1089=PLANE('',#1211);
#1090=PLANE('',#1214);
#1091=PLANE('',#1215);
#1092=PLANE('',#1219);
#1093=PLANE('',#1220);
#1094=PLANE('',#1221);
#1095=PLANE('',#1223);
#1096=PLANE('',#1225);
#1097=PLANE('',#1226);
#1098=PLANE('',#1227);
#1099=PLANE('',#1228);
#1100=PLANE('',#1229);
#1101=PLANE('',#1237);
#1102=PLANE('',#1238);
#1103=PLANE('',#1241);
#1104=PLANE('',#1244);
#1105=PLANE('',#1247);
#1106=PLANE('',#1250);
#1107=PLANE('',#1252);
#1108=PLANE('',#1253);
#1109=PLANE('',#1255);
#1110=PLANE('',#1258);
#1111=PLANE('',#1261);
#1112=PLANE('',#1264);
#1113=PLANE('',#1265);
#1114=PLANE('',#1267);
#1115=PLANE('',#1274);
#1116=PLANE('',#1275);
#1117=PLANE('',#1276);
#1118=PLANE('',#1277);
#1119=PLANE('',#1278);
#1120=PLANE('',#1279);
#1121=PLANE('',#1280);
#1122=PLANE('',#1281);
#1123=PLANE('',#1282);
#1124=PLANE('',#1283);
#1125=PLANE('',#1284);
#1126=PLANE('',#1285);
#1127=ADVANCED_FACE('',(#996,#997),#1085,.T.);
#1128=ADVANCED_FACE('',(#998),#1086,.T.);
#1129=ADVANCED_FACE('',(#999),#1087,.T.);
#1130=ADVANCED_FACE('',(#1000),#1088,.F.);
#1131=ADVANCED_FACE('',(#1001,#1002,#1003),#1089,.F.);
#1132=ADVANCED_FACE('',(#1004),#1090,.T.);
#1133=ADVANCED_FACE('',(#1005),#1091,.T.);
#1134=ADVANCED_FACE('',(#1006,#1007),#23,.F.);
#1135=ADVANCED_FACE('',(#1008),#1092,.T.);
#1136=ADVANCED_FACE('',(#1009),#1093,.T.);
#1137=ADVANCED_FACE('',(#1010,#1011),#1094,.T.);
#1138=ADVANCED_FACE('',(#1012),#1095,.F.);
#1139=ADVANCED_FACE('',(#1013),#1096,.T.);
#1140=ADVANCED_FACE('',(#1014),#15,.F.);
#1141=ADVANCED_FACE('',(#1015),#1097,.T.);
#1142=ADVANCED_FACE('',(#1016),#1098,.T.);
#1143=ADVANCED_FACE('',(#1017),#1099,.T.);
#1144=ADVANCED_FACE('',(#1018),#16,.T.);
#1145=ADVANCED_FACE('',(#1019,#1020,#1021,#1022,#1023),#1100,.F.);
#1146=ADVANCED_FACE('',(#1024),#17,.T.);
#1147=ADVANCED_FACE('',(#1025),#1101,.F.);
#1148=ADVANCED_FACE('',(#1026),#1102,.T.);
#1149=ADVANCED_FACE('',(#1027,#1028),#24,.F.);
#1150=ADVANCED_FACE('',(#1029),#1103,.T.);
#1151=ADVANCED_FACE('',(#1030,#1031),#25,.F.);
#1152=ADVANCED_FACE('',(#1032),#1104,.T.);
#1153=ADVANCED_FACE('',(#1033,#1034),#26,.F.);
#1154=ADVANCED_FACE('',(#1035),#1105,.T.);
#1155=ADVANCED_FACE('',(#1036,#1037),#27,.F.);
#1156=ADVANCED_FACE('',(#1038),#1106,.T.);
#1157=ADVANCED_FACE('',(#1039),#1107,.T.);
#1158=ADVANCED_FACE('',(#1040,#1041,#1042),#1108,.F.);
#1159=ADVANCED_FACE('',(#1043),#1109,.T.);
#1160=ADVANCED_FACE('',(#1044,#1045),#28,.F.);
#1161=ADVANCED_FACE('',(#1046),#1110,.T.);
#1162=ADVANCED_FACE('',(#1047,#1048),#29,.F.);
#1163=ADVANCED_FACE('',(#1049),#1111,.T.);
#1164=ADVANCED_FACE('',(#1050,#1051),#30,.F.);
#1165=ADVANCED_FACE('',(#1052),#1112,.F.);
#1166=ADVANCED_FACE('',(#1053),#1113,.F.);
#1167=ADVANCED_FACE('',(#1054,#1055),#1114,.F.);
#1168=ADVANCED_FACE('',(#1056,#1057),#31,.F.);
#1169=ADVANCED_FACE('',(#1058),#32,.T.);
#1170=ADVANCED_FACE('',(#1059),#12,.T.);
#1171=ADVANCED_FACE('',(#1060),#33,.T.);
#1172=ADVANCED_FACE('',(#1061),#34,.T.);
#1173=ADVANCED_FACE('',(#1062),#35,.T.);
#1174=ADVANCED_FACE('',(#1063),#13,.T.);
#1175=ADVANCED_FACE('',(#1064),#14,.T.);
#1176=ADVANCED_FACE('',(#1065,#1066,#1067),#18,.F.);
#1177=ADVANCED_FACE('',(#1068),#19,.F.);
#1178=ADVANCED_FACE('',(#1069),#20,.F.);
#1179=ADVANCED_FACE('',(#1070),#21,.F.);
#1180=ADVANCED_FACE('',(#1071),#22,.F.);
#1181=ADVANCED_FACE('',(#1072),#1115,.T.);
#1182=ADVANCED_FACE('',(#1073),#1116,.F.);
#1183=ADVANCED_FACE('',(#1074,#1075),#1117,.T.);
#1184=ADVANCED_FACE('',(#1076),#1118,.T.);
#1185=ADVANCED_FACE('',(#1077),#1119,.F.);
#1186=ADVANCED_FACE('',(#1078),#1120,.F.);
#1187=ADVANCED_FACE('',(#1079),#1121,.T.);
#1188=ADVANCED_FACE('',(#1080),#1122,.T.);
#1189=ADVANCED_FACE('',(#1081),#1123,.T.);
#1190=ADVANCED_FACE('',(#1082),#1124,.F.);
#1191=ADVANCED_FACE('',(#1083),#1125,.T.);
#1192=ADVANCED_FACE('',(#1084),#1126,.F.);
#1193=CLOSED_SHELL('',(#1127,#1128,#1129,#1130,#1131,#1132,#1133,#1134,
#1135,#1136,#1137,#1138,#1139,#1140,#1141,#1142,#1143,#1144,#1145,#1146,
#1147,#1148,#1149,#1150,#1151,#1152,#1153,#1154,#1155,#1156,#1157,#1158,
#1159,#1160,#1161,#1162,#1163,#1164,#1165,#1166,#1167,#1168,#1169,#1170,
#1171,#1172,#1173,#1174,#1175,#1176,#1177,#1178,#1179,#1180,#1181,#1182,
#1183,#1184,#1185,#1186,#1187,#1188,#1189,#1190,#1191,#1192));
#1194=STYLED_ITEM('',(#1195),#1202);
#1195=PRESENTATION_STYLE_ASSIGNMENT((#1196));
#1196=SURFACE_STYLE_USAGE(.BOTH.,#1197);
#1197=SURFACE_SIDE_STYLE('',(#1198));
#1198=SURFACE_STYLE_FILL_AREA(#1199);
#1199=FILL_AREA_STYLE('',(#1200));
#1200=FILL_AREA_STYLE_COLOUR('',#1201);
#1201=COLOUR_RGB('',0.615686274509804,0.811764705882353,0.929411764705882);
#1202=MANIFOLD_SOLID_BREP('Part 1',#1193);
#1203=SHAPE_DEFINITION_REPRESENTATION(#2124,#1204);
#1204=SHAPE_REPRESENTATION('Part 1',(#1205),#2119);
#1205=AXIS2_PLACEMENT_3D('',#1555,#1286,#1287);
#1206=AXIS2_PLACEMENT_3D('',#1556,#1288,#1289);
#1207=AXIS2_PLACEMENT_3D('',#1557,#1290,#1291);
#1208=AXIS2_PLACEMENT_3D('',#1569,#1297,#1298);
#1209=AXIS2_PLACEMENT_3D('',#1585,#1304,#1305);
#1210=AXIS2_PLACEMENT_3D('',#1594,#1310,#1311);
#1211=AXIS2_PLACEMENT_3D('',#1607,#1316,#1317);
#1212=AXIS2_PLACEMENT_3D('',#1608,#1318,#1319);
#1213=AXIS2_PLACEMENT_3D('',#1610,#1320,#1321);
#1214=AXIS2_PLACEMENT_3D('',#1628,#1324,#1325);
#1215=AXIS2_PLACEMENT_3D('',#1641,#1327,#1328);
#1216=AXIS2_PLACEMENT_3D('',#1654,#1335,#1336);
#1217=AXIS2_PLACEMENT_3D('',#1655,#1337,#1338);
#1218=AXIS2_PLACEMENT_3D('',#1657,#1339,#1340);
#1219=AXIS2_PLACEMENT_3D('',#1659,#1341,#1342);
#1220=AXIS2_PLACEMENT_3D('',#1668,#1347,#1348);
#1221=AXIS2_PLACEMENT_3D('',#1674,#1352,#1353);
#1222=AXIS2_PLACEMENT_3D('',#1675,#1354,#1355);
#1223=AXIS2_PLACEMENT_3D('',#1682,#1359,#1360);
#1224=AXIS2_PLACEMENT_3D('',#1689,#1364,#1365);
#1225=AXIS2_PLACEMENT_3D('',#1694,#1368,#1369);
#1226=AXIS2_PLACEMENT_3D('',#1734,#1376,#1377);
#1227=AXIS2_PLACEMENT_3D('',#1739,#1381,#1382);
#1228=AXIS2_PLACEMENT_3D('',#1752,#1389,#1390);
#1229=AXIS2_PLACEMENT_3D('',#1789,#1399,#1400);
#1230=AXIS2_PLACEMENT_3D('',#1790,#1401,#1402);
#1231=AXIS2_PLACEMENT_3D('',#1792,#1403,#1404);
#1232=AXIS2_PLACEMENT_3D('',#1802,#1410,#1411);
#1233=AXIS2_PLACEMENT_3D('',#1803,#1412,#1413);
#1234=AXIS2_PLACEMENT_3D('',#1809,#1416,#1417);
#1235=AXIS2_PLACEMENT_3D('',#1810,#1418,#1419);
#1236=AXIS2_PLACEMENT_3D('',#1812,#1420,#1421);
#1237=AXIS2_PLACEMENT_3D('',#1835,#1424,#1425);
#1238=AXIS2_PLACEMENT_3D('',#1840,#1429,#1430);
#1239=AXIS2_PLACEMENT_3D('',#1857,#1432,#1433);
#1240=AXIS2_PLACEMENT_3D('',#1858,#1434,#1435);
#1241=AXIS2_PLACEMENT_3D('',#1860,#1436,#1437);
#1242=AXIS2_PLACEMENT_3D('',#1861,#1438,#1439);
#1243=AXIS2_PLACEMENT_3D('',#1862,#1440,#1441);
#1244=AXIS2_PLACEMENT_3D('',#1864,#1442,#1443);
#1245=AXIS2_PLACEMENT_3D('',#1865,#1444,#1445);
#1246=AXIS2_PLACEMENT_3D('',#1866,#1446,#1447);
#1247=AXIS2_PLACEMENT_3D('',#1868,#1448,#1449);
#1248=AXIS2_PLACEMENT_3D('',#1869,#1450,#1451);
#1249=AXIS2_PLACEMENT_3D('',#1870,#1452,#1453);
#1250=AXIS2_PLACEMENT_3D('',#1872,#1454,#1455);
#1251=AXIS2_PLACEMENT_3D('',#1873,#1456,#1457);
#1252=AXIS2_PLACEMENT_3D('',#1885,#1462,#1463);
#1253=AXIS2_PLACEMENT_3D('',#1911,#1465,#1466);
#1254=AXIS2_PLACEMENT_3D('',#1912,#1467,#1468);
#1255=AXIS2_PLACEMENT_3D('',#1917,#1471,#1472);
#1256=AXIS2_PLACEMENT_3D('',#1919,#1474,#1475);
#1257=AXIS2_PLACEMENT_3D('',#1920,#1476,#1477);
#1258=AXIS2_PLACEMENT_3D('',#1933,#1478,#1479);
#1259=AXIS2_PLACEMENT_3D('',#1934,#1480,#1481);
#1260=AXIS2_PLACEMENT_3D('',#1936,#1482,#1483);
#1261=AXIS2_PLACEMENT_3D('',#1937,#1484,#1485);
#1262=AXIS2_PLACEMENT_3D('',#1938,#1486,#1487);
#1263=AXIS2_PLACEMENT_3D('',#1940,#1488,#1489);
#1264=AXIS2_PLACEMENT_3D('',#1941,#1490,#1491);
#1265=AXIS2_PLACEMENT_3D('',#1949,#1496,#1497);
#1266=AXIS2_PLACEMENT_3D('',#1951,#1499,#1500);
#1267=AXIS2_PLACEMENT_3D('',#1952,#1501,#1502);
#1268=AXIS2_PLACEMENT_3D('',#1966,#1506,#1507);
#1269=AXIS2_PLACEMENT_3D('',#1967,#1508,#1509);
#1270=AXIS2_PLACEMENT_3D('',#1968,#1510,#1511);
#1271=AXIS2_PLACEMENT_3D('',#1986,#1512,#1513);
#1272=AXIS2_PLACEMENT_3D('',#1987,#1514,#1515);
#1273=AXIS2_PLACEMENT_3D('',#1988,#1516,#1517);
#1274=AXIS2_PLACEMENT_3D('',#2096,#1523,#1524);
#1275=AXIS2_PLACEMENT_3D('',#2097,#1525,#1526);
#1276=AXIS2_PLACEMENT_3D('',#2098,#1527,#1528);
#1277=AXIS2_PLACEMENT_3D('',#2100,#1530,#1531);
#1278=AXIS2_PLACEMENT_3D('',#2101,#1532,#1533);
#1279=AXIS2_PLACEMENT_3D('',#2107,#1537,#1538);
#1280=AXIS2_PLACEMENT_3D('',#2110,#1541,#1542);
#1281=AXIS2_PLACEMENT_3D('',#2111,#1543,#1544);
#1282=AXIS2_PLACEMENT_3D('',#2112,#1545,#1546);
#1283=AXIS2_PLACEMENT_3D('',#2114,#1548,#1549);
#1284=AXIS2_PLACEMENT_3D('',#2116,#1551,#1552);
#1285=AXIS2_PLACEMENT_3D('',#2117,#1553,#1554);
#1286=DIRECTION('',(0.,0.,1.));
#1287=DIRECTION('',(1.,0.,0.));
#1288=DIRECTION('',(0.,0.,1.));
#1289=DIRECTION('',(1.,0.,0.));
#1290=DIRECTION('',(0.,0.,1.));
#1291=DIRECTION('',(-6.30808536718839E-17,-1.,0.));
#1292=DIRECTION('',(-1.,0.,0.));
#1293=DIRECTION('',(0.,-1.,0.));
#1294=DIRECTION('',(0.286651870708476,0.958034814095673,0.));
#1295=DIRECTION('',(1.,0.,0.));
#1296=DIRECTION('',(6.30808536718839E-17,1.,0.));
#1297=DIRECTION('',(0.,-1.,0.));
#1298=DIRECTION('',(1.,0.,0.));
#1299=DIRECTION('',(0.970142500145332,0.,0.242535625036333));
#1300=DIRECTION('',(0.0372344361319113,0.,0.999306557952032));
#1301=DIRECTION('',(0.970142500145332,0.,0.242535625036333));
#1302=DIRECTION('',(0.970142500145332,0.,0.242535625036333));
#1303=DIRECTION('',(-0.242535625036333,0.,0.970142500145332));
#1304=DIRECTION('',(0.,0.,1.));
#1305=DIRECTION('',(1.,0.,0.));
#1306=DIRECTION('',(0.,-1.,0.));
#1307=DIRECTION('',(-1.,0.,0.));
#1308=DIRECTION('',(3.15404268359419E-17,1.,0.));
#1309=DIRECTION('',(0.20178920258881,0.979428975331327,0.));
#1310=DIRECTION('',(0.242535625036333,-7.64967713656791E-18,-0.970142500145332));
#1311=DIRECTION('',(-0.970142500145332,0.,-0.242535625036333));
#1312=DIRECTION('',(-0.970142500145332,0.,-0.242535625036333));
#1313=DIRECTION('',(-0.203344985749886,-0.977786527222853,-0.0508362464374713));
#1314=DIRECTION('',(-0.970142500145332,0.,-0.242535625036333));
#1315=DIRECTION('',(3.85185988877447E-34,-1.,7.88510670898548E-18));
#1316=DIRECTION('',(0.242535625036333,0.,-0.970142500145332));
#1317=DIRECTION('',(-0.970142500145332,0.,-0.242535625036333));
#1318=DIRECTION('',(-0.242535625036333,0.,0.970142500145332));
#1319=DIRECTION('',(0.970142500145332,0.,0.242535625036333));
#1320=DIRECTION('',(-0.242535625036333,0.,0.970142500145332));
#1321=DIRECTION('',(0.970142500145332,0.,0.242535625036333));
#1322=DIRECTION('',(-0.203344985749886,-0.977786527222853,-0.0508362464374714));
#1323=DIRECTION('',(0.970142500145332,0.,0.242535625036333));
#1324=DIRECTION('',(0.,-1.,0.));
#1325=DIRECTION('',(1.,0.,0.));
#1326=DIRECTION('',(0.0372344361319113,0.,0.999306557952032));
#1327=DIRECTION('',(0.,-1.,0.));
#1328=DIRECTION('',(1.,0.,0.));
#1329=DIRECTION('',(0.0540330711054615,0.,0.99853914656708));
#1330=DIRECTION('',(1.,0.,0.));
#1331=DIRECTION('',(0.,0.,-1.));
#1332=DIRECTION('',(-1.,0.,2.16840434497101E-17));
#1333=DIRECTION('',(0.,0.,-1.));
#1334=DIRECTION('',(1.,0.,0.));
#1335=DIRECTION('',(0.,0.,1.));
#1336=DIRECTION('',(1.,0.,0.));
#1337=DIRECTION('',(0.,0.,1.));
#1338=DIRECTION('',(1.,0.,0.));
#1339=DIRECTION('',(0.,0.,-1.));
#1340=DIRECTION('',(-1.,0.,0.));
#1341=DIRECTION('',(-1.86281716598319E-17,-0.29530627084926,-0.955402640982901));
#1342=DIRECTION('',(0.,0.955402640982902,-0.29530627084926));
#1343=DIRECTION('',(1.,-6.30808536718839E-17,0.));
#1344=DIRECTION('',(0.,0.955402640982902,-0.29530627084926));
#1345=DIRECTION('',(1.,-6.30808536718839E-17,0.));
#1346=DIRECTION('',(6.02676141935739E-17,0.955402640982902,-0.29530627084926));
#1347=DIRECTION('',(3.86836590547043E-17,0.61323930801441,-0.789897177552881));
#1348=DIRECTION('',(0.,0.789897177552881,0.61323930801441));
#1349=DIRECTION('',(1.,-6.30808536718839E-17,0.));
#1350=DIRECTION('',(0.,0.789897177552881,0.61323930801441));
#1351=DIRECTION('',(4.98273882730474E-17,0.789897177552881,0.61323930801441));
#1352=DIRECTION('',(-1.86281716598319E-17,-0.29530627084926,-0.955402640982902));
#1353=DIRECTION('',(0.,0.955402640982902,-0.29530627084926));
#1354=DIRECTION('',(-1.86281716598319E-17,-0.29530627084926,-0.955402640982902));
#1355=DIRECTION('',(0.,0.955402640982902,-0.29530627084926));
#1356=DIRECTION('',(1.,-6.30808536718839E-17,0.));
#1357=DIRECTION('',(0.,0.955402640982902,-0.29530627084926));
#1358=DIRECTION('',(6.02676141935739E-17,0.955402640982902,-0.29530627084926));
#1359=DIRECTION('',(-6.02676141935738E-17,-0.955402640982901,0.29530627084926));
#1360=DIRECTION('',(0.,-0.295306270849261,-0.955402640982902));
#1361=DIRECTION('',(-1.,6.97831943745216E-17,2.16840434497101E-17));
#1362=DIRECTION('',(0.,-0.295306270849261,-0.955402640982902));
#1363=DIRECTION('',(-1.86281716598319E-17,-0.295306270849261,-0.955402640982902));
#1364=DIRECTION('',(-6.02676141935738E-17,-0.955402640982901,0.29530627084926));
#1365=DIRECTION('',(0.,-0.295306270849261,-0.955402640982902));
#1366=DIRECTION('',(1.,-6.30808536718839E-17,0.));
#1367=DIRECTION('',(-1.86281716598319E-17,-0.295306270849261,-0.955402640982902));
#1368=DIRECTION('',(1.,-6.30808536718839E-17,0.));
#1369=DIRECTION('',(6.30808536718839E-17,1.,0.));
#1370=DIRECTION('',(-6.30808536718839E-17,-1.,1.36784797186593E-33));
#1371=DIRECTION('',(6.02676141935739E-17,0.955402640982902,-0.29530627084926));
#1372=DIRECTION('',(1.86281716598319E-17,0.29530627084926,0.955402640982902));
#1373=DIRECTION('',(-0.390804848691558,-0.918391394425161,-0.0618774343761635));
#1374=DIRECTION('',(-0.289494981497615,-0.936893841953825,-0.196016796720835));
#1375=DIRECTION('',(1.3010426069826E-16,0.,-1.));
#1376=DIRECTION('',(-0.955428643481612,0.295222131986895,-1.24305337310117E-16));
#1377=DIRECTION('',(-0.295222131986895,-0.955428643481612,0.));
#1378=DIRECTION('',(-0.295222131986895,-0.955428643481612,0.));
#1379=DIRECTION('',(-0.29091127823206,-0.941477409109346,-0.170267191009137));
#1380=DIRECTION('',(1.3010426069826E-16,0.,-1.));
#1381=DIRECTION('',(-2.0716992379041E-17,-0.29530627084926,-0.955402640982902));
#1382=DIRECTION('',(0.,0.955402640982902,-0.29530627084926));
#1383=DIRECTION('',(-6.02676141935739E-17,-0.955402640982902,0.295306270849261));
#1384=DIRECTION('',(1.,-6.30808536718839E-17,0.));
#1385=DIRECTION('',(6.02676141935739E-17,0.955402640982902,-0.29530627084926));
#1386=DIRECTION('',(-1.,0.,2.16840434497101E-17));
#1387=DIRECTION('',(0.25214535831143,0.924532980475244,-0.28576473941962));
#1388=DIRECTION('',(-1.,-6.85231234004385E-16,2.31296463463574E-16));
#1389=DIRECTION('',(1.,-6.30808536718839E-17,0.));
#1390=DIRECTION('',(6.30808536718839E-17,1.,0.));
#1391=DIRECTION('',(0.,-1.,0.));
#1392=DIRECTION('',(6.02676141935739E-17,0.955402640982902,-0.29530627084926));
#1393=DIRECTION('',(1.86281716598319E-17,0.29530627084926,0.955402640982902));
#1394=DIRECTION('',(-6.30808536718839E-17,-1.,1.459037836657E-32));
#1395=DIRECTION('',(0.,0.,-1.));
#1396=DIRECTION('',(6.30808536718839E-17,1.,0.));
#1397=DIRECTION('',(0.,-1.,0.));
#1398=DIRECTION('',(0.,0.,-1.));
#1399=DIRECTION('',(0.,-1.,0.));
#1400=DIRECTION('',(1.,0.,0.));
#1401=DIRECTION('',(0.,1.,0.));
#1402=DIRECTION('',(0.,0.,1.));
#1403=DIRECTION('',(0.,1.,0.));
#1404=DIRECTION('',(0.,0.,1.));
#1405=DIRECTION('',(0.,0.,-1.));
#1406=DIRECTION('',(1.3010426069826E-16,0.,-1.));
#1407=DIRECTION('',(-1.,0.,0.));
#1408=DIRECTION('',(1.3010426069826E-16,0.,-1.));
#1409=DIRECTION('',(0.,0.,-1.));
#1410=DIRECTION('',(0.,-1.,0.));
#1411=DIRECTION('',(0.,0.,-1.));
#1412=DIRECTION('',(0.,-1.,0.));
#1413=DIRECTION('',(0.,0.,-1.));
#1414=DIRECTION('',(-1.,0.,2.31296463463574E-16));
#1415=DIRECTION('',(0.,0.,-1.));
#1416=DIRECTION('',(0.,-1.,0.));
#1417=DIRECTION('',(0.,0.,-1.));
#1418=DIRECTION('',(0.,-1.,0.));
#1419=DIRECTION('',(0.,0.,1.));
#1420=DIRECTION('',(0.,-1.,0.));
#1421=DIRECTION('',(0.,0.,1.));
#1422=DIRECTION('',(0.970142500145332,0.,0.242535625036333));
#1423=DIRECTION('',(-1.,0.,2.31296463463574E-16));
#1424=DIRECTION('',(2.31296463463574E-16,0.,1.));
#1425=DIRECTION('',(1.,0.,-2.31296463463574E-16));
#1426=DIRECTION('',(-6.30808536718839E-17,-1.,1.459037836657E-32));
#1427=DIRECTION('',(-1.,0.,2.31296463463574E-16));
#1428=DIRECTION('',(0.,-1.,0.));
#1429=DIRECTION('',(-1.,0.,0.));
#1430=DIRECTION('',(0.,0.,1.));
#1431=DIRECTION('',(0.,1.,-7.88510670898549E-18));
#1432=DIRECTION('',(0.,1.,0.));
#1433=DIRECTION('',(0.,0.,1.));
#1434=DIRECTION('',(0.,1.,0.));
#1435=DIRECTION('',(0.,0.,1.));
#1436=DIRECTION('',(0.,1.,0.));
#1437=DIRECTION('',(-1.,0.,0.));
#1438=DIRECTION('',(0.,1.,0.));
#1439=DIRECTION('',(0.,0.,1.));
#1440=DIRECTION('',(0.,-1.,0.));
#1441=DIRECTION('',(0.,0.,1.));
#1442=DIRECTION('',(0.,1.,0.));
#1443=DIRECTION('',(-1.,0.,0.));
#1444=DIRECTION('',(0.,1.,0.));
#1445=DIRECTION('',(0.,0.,1.));
#1446=DIRECTION('',(0.,1.,0.));
#1447=DIRECTION('',(0.,0.,1.));
#1448=DIRECTION('',(0.,1.,0.));
#1449=DIRECTION('',(-1.,0.,0.));
#1450=DIRECTION('',(0.,1.,0.));
#1451=DIRECTION('',(0.,0.,1.));
#1452=DIRECTION('',(6.02676141935739E-17,0.955402640982902,-0.29530627084926));
#1453=DIRECTION('',(-1.94983457685092E-16,0.29530627084926,0.955402640982902));
#1454=DIRECTION('',(2.16840434497101E-17,0.,1.));
#1455=DIRECTION('',(1.,0.,-2.16840434497101E-17));
#1456=DIRECTION('',(2.16840434497101E-17,0.,1.));
#1457=DIRECTION('',(6.97831943745216E-17,1.,-1.51318181887669E-33));
#1458=DIRECTION('',(0.,-1.,0.));
#1459=DIRECTION('',(0.,-1.,0.));
#1460=DIRECTION('',(-1.,0.,2.16840434497101E-17));
#1461=DIRECTION('',(0.,-1.,0.));
#1462=DIRECTION('',(-0.242535625036333,0.,0.970142500145332));
#1463=DIRECTION('',(0.970142500145332,0.,0.242535625036333));
#1464=DIRECTION('',(0.970142500145332,0.,0.242535625036333));
#1465=DIRECTION('',(0.,0.,-1.));
#1466=DIRECTION('',(-1.,0.,0.));
#1467=DIRECTION('',(0.,0.,1.));
#1468=DIRECTION('',(1.,0.,0.));
#1469=DIRECTION('',(1.,0.,0.));
#1470=DIRECTION('',(-0.286651870708476,-0.958034814095673,0.));
#1471=DIRECTION('',(0.,-1.,0.));
#1472=DIRECTION('',(1.,0.,0.));
#1473=DIRECTION('',(0.0540330711054615,0.,0.99853914656708));
#1474=DIRECTION('',(0.,-1.,0.));
#1475=DIRECTION('',(0.,0.,-1.));
#1476=DIRECTION('',(-0.242535625036333,0.,0.970142500145332));
#1477=DIRECTION('',(0.970142500145332,0.,0.242535625036333));
#1478=DIRECTION('',(-0.242535625036333,0.,0.970142500145332));
#1479=DIRECTION('',(0.970142500145332,0.,0.242535625036333));
#1480=DIRECTION('',(-0.242535625036333,0.,0.970142500145332));
#1481=DIRECTION('',(0.970142500145332,0.,0.242535625036333));
#1482=DIRECTION('',(-0.242535625036333,0.,0.970142500145332));
#1483=DIRECTION('',(0.970142500145332,0.,0.242535625036333));
#1484=DIRECTION('',(2.16840434497101E-17,0.,1.));
#1485=DIRECTION('',(1.,0.,-2.16840434497101E-17));
#1486=DIRECTION('',(2.16840434497101E-17,0.,1.));
#1487=DIRECTION('',(1.,0.,-2.16840434497101E-17));
#1488=DIRECTION('',(0.,0.,1.));
#1489=DIRECTION('',(1.,0.,0.));
#1490=DIRECTION('',(-1.86281716598319E-17,-0.29530627084926,-0.955402640982902));
#1491=DIRECTION('',(0.,0.955402640982902,-0.29530627084926));
#1492=DIRECTION('',(6.02676141935739E-17,0.955402640982902,-0.29530627084926));
#1493=DIRECTION('',(1.,-6.30808536718839E-17,0.));
#1494=DIRECTION('',(-6.02676141935739E-17,-0.955402640982902,0.295306270849261));
#1495=DIRECTION('',(1.,-6.30808536718839E-17,-3.88522015874973E-33));
#1496=DIRECTION('',(-6.02676141935738E-17,-0.955402640982901,0.295306270849261));
#1497=DIRECTION('',(0.,-0.295306270849261,-0.955402640982902));
#1498=DIRECTION('',(6.69104929169316E-33,0.295306270849261,0.955402640982902));
#1499=DIRECTION('',(-6.02676141935738E-17,-0.955402640982901,0.295306270849261));
#1500=DIRECTION('',(0.,-0.295306270849261,-0.955402640982902));
#1501=DIRECTION('',(6.02676141935739E-17,0.955402640982902,-0.29530627084926));
#1502=DIRECTION('',(0.,0.29530627084926,0.955402640982902));
#1503=DIRECTION('',(0.,-0.29530627084926,-0.955402640982902));
#1504=DIRECTION('',(1.,-6.30808536718839E-17,0.));
#1505=DIRECTION('',(-4.31408307542741E-32,0.29530627084926,0.955402640982902));
#1506=DIRECTION('',(6.02676141935739E-17,0.955402640982902,-0.29530627084926));
#1507=DIRECTION('',(1.86281716598319E-17,0.29530627084926,0.955402640982902));
#1508=DIRECTION('',(-1.86281716598319E-17,-0.29530627084926,-0.955402640982902));
#1509=DIRECTION('',(0.,0.955402640982902,-0.29530627084926));
#1510=DIRECTION('',(6.02676141935739E-17,0.955402640982902,-0.29530627084926));
#1511=DIRECTION('',(0.,0.29530627084926,0.955402640982902));
#1512=DIRECTION('',(0.,1.,-7.88510670898549E-18));
#1513=DIRECTION('',(0.,7.88510670898549E-18,1.));
#1514=DIRECTION('',(6.30808536718839E-17,1.,0.));
#1515=DIRECTION('',(-1.,6.30808536718839E-17,0.));
#1516=DIRECTION('',(6.30808536718839E-17,1.,-1.459037836657E-32));
#1517=DIRECTION('',(-1.,6.30808536718839E-17,0.));
#1518=DIRECTION('',(-0.52514383655484,-0.842554906925714,0.119687842924269));
#1519=DIRECTION('',(-0.204926207831424,-0.963153176807693,-0.17418727665671));
#1520=DIRECTION('',(-0.622718026836034,-0.782317529551268,-0.0141965492369709));
#1521=DIRECTION('',(-0.622718026836034,-0.782317529551268,-0.0141965492369709));
#1522=DIRECTION('',(-0.390804848691558,-0.918391394425161,-0.0618774343761635));
#1523=DIRECTION('',(1.,-5.75798377662791E-17,1.77974044004862E-17));
#1524=DIRECTION('',(5.75798377662791E-17,1.,0.));
#1525=DIRECTION('',(-1.,0.,0.));
#1526=DIRECTION('',(0.,0.,1.));
#1527=DIRECTION('',(0.,0.,-1.));
#1528=DIRECTION('',(-1.,0.,0.));
#1529=DIRECTION('',(0.,-1.,0.));
#1530=DIRECTION('',(-1.,0.,0.));
#1531=DIRECTION('',(0.,0.,1.));
#1532=DIRECTION('',(6.02676141935739E-17,0.955402640982902,-0.29530627084926));
#1533=DIRECTION('',(0.,0.29530627084926,0.955402640982902));
#1534=DIRECTION('',(1.,-6.30808536718839E-17,0.));
#1535=DIRECTION('',(0.,-0.29530627084926,-0.955402640982902));
#1536=DIRECTION('',(-1.,6.97831943745216E-17,2.16840434497101E-17));
#1537=DIRECTION('',(-1.,0.,0.));
#1538=DIRECTION('',(0.,0.,1.));
#1539=DIRECTION('',(0.,-1.,0.));
#1540=DIRECTION('',(0.,-1.,0.));
#1541=DIRECTION('',(0.,0.,-1.));
#1542=DIRECTION('',(-1.,0.,0.));
#1543=DIRECTION('',(2.16840434497101E-17,0.,1.));
#1544=DIRECTION('',(1.,0.,-2.16840434497101E-17));
#1545=DIRECTION('',(0.978777425845035,-0.201654965543963,-0.0364695150451848));
#1546=DIRECTION('',(0.20178920258881,0.979428975331327,0.));
#1547=DIRECTION('',(0.,0.177964133680673,-0.984036974469602));
#1548=DIRECTION('',(0.956750034333623,-0.286267454070561,-0.0517717736085057));
#1549=DIRECTION('',(0.286651870708476,0.958034814095673,0.));
#1550=DIRECTION('',(0.,0.177964133680673,-0.984036974469602));
#1551=DIRECTION('',(-1.,0.,0.));
#1552=DIRECTION('',(0.,0.,1.));
#1553=DIRECTION('',(-1.,0.,0.));
#1554=DIRECTION('',(0.,0.,1.));
#1555=CARTESIAN_POINT('',(0.,0.,0.));
#1556=CARTESIAN_POINT('',(0.,0.,0.0175));
#1557=CARTESIAN_POINT('',(0.015,-0.0132554380499169,0.0175));
#1558=CARTESIAN_POINT('',(0.015,-0.0143021171746169,0.0175));
#1559=CARTESIAN_POINT('',(0.01,0.01,0.0175));
#1560=CARTESIAN_POINT('',(0.025,0.01,0.0175));
#1561=CARTESIAN_POINT('',(0.005,0.01,0.0175));
#1562=CARTESIAN_POINT('',(0.005,0.,0.0175));
#1563=CARTESIAN_POINT('',(0.005,0.00972872340425532,0.0175));
#1564=CARTESIAN_POINT('',(0.00191742745768104,-0.000573710015132267,0.0175));
#1565=CARTESIAN_POINT('',(-0.00449349416660479,-0.022,0.0175));
#1566=CARTESIAN_POINT('',(0.01,-0.022,0.0175));
#1567=CARTESIAN_POINT('',(0.025,-0.022,0.0175));
#1568=CARTESIAN_POINT('',(0.025,-1.5770213417971E-18,0.0175));
#1569=CARTESIAN_POINT('',(-0.0162987944885641,-0.037,0.0030429484366825));
#1570=CARTESIAN_POINT('',(-0.024646974407956,-0.037,0.00508825639801098));
#1571=CARTESIAN_POINT('',(-0.015,-0.037,0.0075));
#1572=CARTESIAN_POINT('',(-0.0342939488159121,-0.037,0.00267651279602196));
#1573=CARTESIAN_POINT('',(-0.0151676413739193,-0.037,0.00300080136172586));
#1574=CARTESIAN_POINT('',(-0.0148634477035477,-0.037,0.0111648226621377));
#1575=CARTESIAN_POINT('',(-0.0304041689637407,-0.037,0.00727964234708948));
#1576=CARTESIAN_POINT('',(-0.041049493620896,-0.037,0.00461831118280067));
#1577=CARTESIAN_POINT('',(-0.041049493620896,-0.037,0.00461831118280067));
#1578=CARTESIAN_POINT('',(-0.0407155332845776,-0.037,0.000825140578137882));
#1579=CARTESIAN_POINT('',(-0.0403801600085694,-0.037,-0.00296790547439986));
#1580=CARTESIAN_POINT('',(-0.0400432669438073,-0.037,-0.00676081673595185));
#1581=CARTESIAN_POINT('',(-0.0400432669438073,-0.037,-0.00676081673595185));
#1582=CARTESIAN_POINT('',(-0.0368282062532699,-0.037,-0.00595705156331751));
#1583=CARTESIAN_POINT('',(-0.0324115958747356,-0.037,-0.00485289896868392));
#1584=CARTESIAN_POINT('',(-0.0333527723453238,-0.037,-0.00108819308633098));
#1585=CARTESIAN_POINT('',(0.,0.,0.0175));
#1586=CARTESIAN_POINT('',(-0.005,0.,0.0175));
#1587=CARTESIAN_POINT('',(-0.005,0.01,0.0175));
#1588=CARTESIAN_POINT('',(-0.005,0.00972872340425532,0.0175));
#1589=CARTESIAN_POINT('',(0.01,0.01,0.0175));
#1590=CARTESIAN_POINT('',(-0.01,0.01,0.0175));
#1591=CARTESIAN_POINT('',(-0.01,-0.055,0.0175));
#1592=CARTESIAN_POINT('',(-0.01,-0.0145398936170213,0.0175));
#1593=CARTESIAN_POINT('',(-0.00671917289194329,0.00138433370266886,0.0175));
#1594=CARTESIAN_POINT('',(-0.00470588235294118,1.48425538051491E-19,0.0188235294117647));
#1595=CARTESIAN_POINT('',(-0.0362987944885641,-0.022,0.010925301377859));
#1596=CARTESIAN_POINT('',(-0.0382082434990592,-0.022,0.0104479391252352));
#1597=CARTESIAN_POINT('',(-0.0115514380530973,-0.022,0.0171121404867257));
#1598=CARTESIAN_POINT('',(-0.00687647305880302,0.000479618908734407,0.0182808817352993));
#1599=CARTESIAN_POINT('',(-0.02,0.01,0.015));
#1600=CARTESIAN_POINT('',(-0.0262126781251816,0.01,0.0134468304687046));
#1601=CARTESIAN_POINT('',(-0.0262126781251816,1.06029693143373E-19,0.0134468304687046));
#1602=CARTESIAN_POINT('',(-0.0262126781251816,-0.001351192234728,0.0134468304687046));
#1603=CARTESIAN_POINT('',(-0.0262126781251816,-0.001351192234728,0.0134468304687046));
#1604=CARTESIAN_POINT('',(-0.0302224719482767,-0.0082271646873491,0.0124443820129308));
#1605=CARTESIAN_POINT('',(-0.0342236265750747,-0.0151084925331369,0.0114440933562313));
#1606=CARTESIAN_POINT('',(-0.0382082434990592,-0.022,0.0104479391252352));
#1607=CARTESIAN_POINT('',(-0.0304041689637407,-0.022,0.00727964234708948));
#1608=CARTESIAN_POINT('',(-0.0233654276201472,-0.035,0.00903932768298786));
#1609=CARTESIAN_POINT('',(-0.0226378207450382,-0.035,0.00922122940176511));
#1610=CARTESIAN_POINT('',(-0.0415841745739294,-0.035,0.00448464094454231));
#1611=CARTESIAN_POINT('',(-0.0408565676988204,-0.035,0.00466654266331956));
#1612=CARTESIAN_POINT('',(-0.0125637862809693,-0.0259420535850482,0.0117397380177823));
#1613=CARTESIAN_POINT('',(-0.0117439786769991,-0.022,0.0119446899187749));
#1614=CARTESIAN_POINT('',(-0.0304041689637407,-0.022,0.00727964234708948));
#1615=CARTESIAN_POINT('',(-0.0427122967172175,-0.022,0.00420261040872029));
#1616=CARTESIAN_POINT('',(-0.0427122967172156,-0.0220000000000011,0.00420261040872041));
#1617=CARTESIAN_POINT('',(-0.0438570367476547,-0.023992082632127,0.00391642540111064));
#1618=CARTESIAN_POINT('',(-0.0450002316574635,-0.0259851068193706,0.00363062667365877));
#1619=CARTESIAN_POINT('',(-0.0461415695996337,-0.0279792625929444,0.00334529218811622));
#1620=CARTESIAN_POINT('',(-0.0461415695996337,-0.0279792625929444,0.00334529218811622));
#1621=CARTESIAN_POINT('',(-0.0461415695996335,-0.0279792625929443,0.0033452921881141));
#1622=CARTESIAN_POINT('',(-0.0466660862364715,-0.0288957027120707,0.0032141630289046));
#1623=CARTESIAN_POINT('',(-0.047220691945228,-0.0309861156736494,0.00307551160171865));
#1624=CARTESIAN_POINT('',(-0.0463861472292059,-0.0341581459197548,0.0032841477807229));
#1625=CARTESIAN_POINT('',(-0.044120659309695,-0.0364417615150604,0.00385051976060097));
#1626=CARTESIAN_POINT('',(-0.0420814945370776,-0.037,0.00436031095375526));
#1627=CARTESIAN_POINT('',(-0.041049493620896,-0.037,0.00461831118280067));
#1628=CARTESIAN_POINT('',(-0.010964646065034,-0.022,0.00414709853131608));
#1629=CARTESIAN_POINT('',(-0.0120330357930303,-0.022,0.00418690702529074));
#1630=CARTESIAN_POINT('',(-0.0382082434990593,-0.022,0.0104479391252352));
#1631=CARTESIAN_POINT('',(-0.0388388047527791,-0.022,0.0102902988118052));
#1632=CARTESIAN_POINT('',(-0.0400241362554768,-0.022,0.00980623417671469));
#1633=CARTESIAN_POINT('',(-0.0420605259244458,-0.022,0.0081721678489484));
#1634=CARTESIAN_POINT('',(-0.0428455112161441,-0.022,0.00625649962360794));
#1635=CARTESIAN_POINT('',(-0.0427609706299049,-0.022,0.00495306043575465));
#1636=CARTESIAN_POINT('',(-0.0427609706299049,-0.022,0.00495306043575466));
#1637=CARTESIAN_POINT('',(-0.0427122967172156,-0.0220000000000011,0.00420261040872041));
#1638=CARTESIAN_POINT('',(-0.0427285213547797,-0.0220000000000011,0.00445276041773176));
#1639=CARTESIAN_POINT('',(-0.0427447459923407,-0.022,0.00470291042674331));
#1640=CARTESIAN_POINT('',(-0.0427609706299048,-0.022,0.00495306043575466));
#1641=CARTESIAN_POINT('',(-0.0162987944885641,-0.037,0.0030429484366825));
#1642=CARTESIAN_POINT('',(-0.00978299791046568,-0.037,0.00269036486394676));
#1643=CARTESIAN_POINT('',(-0.0095227383520987,-0.037,0.0075));
#1644=CARTESIAN_POINT('',(-0.00925217774718289,-0.037,0.0125));
#1645=CARTESIAN_POINT('',(0.000357946235925973,-0.037,0.0075));
#1646=CARTESIAN_POINT('',(0.0102386308239506,-0.037,0.0075));
#1647=CARTESIAN_POINT('',(0.0102386308239506,-0.037,0.0035));
#1648=CARTESIAN_POINT('',(0.0102386308239506,-0.037,-0.0005));
#1649=CARTESIAN_POINT('',(0.0075,-0.037,-0.0005));
#1650=CARTESIAN_POINT('',(0.03,-0.037,-0.0005));
#1651=CARTESIAN_POINT('',(0.03,-0.037,0.0085));
#1652=CARTESIAN_POINT('',(0.03,-0.037,0.0125));
#1653=CARTESIAN_POINT('',(0.0102386308239507,-0.037,0.0125));
#1654=CARTESIAN_POINT('',(-0.000522738352098699,-0.035,-0.000502));
#1655=CARTESIAN_POINT('',(-0.000522738352098699,-0.035,0.0125));
#1656=CARTESIAN_POINT('',(0.000227261647901301,-0.035,0.0125));
#1657=CARTESIAN_POINT('',(-0.000522738352098699,-0.035,0.0075));
#1658=CARTESIAN_POINT('',(-0.0012727383520987,-0.035,0.0075));
#1659=CARTESIAN_POINT('',(3.46944695195361E-18,0.000356104620729982,0.00227683466834607));
#1660=CARTESIAN_POINT('',(3.46944695195361E-18,-0.00489860990467596,0.003901019158017));
#1661=CARTESIAN_POINT('',(0.0102386308239506,-0.00489860990467596,0.003901019158017));
#1662=CARTESIAN_POINT('',(0.03,-0.00489860990467597,0.003901019158017));
#1663=CARTESIAN_POINT('',(0.0102386308239506,0.000356104620729982,0.00227683466834607));
#1664=CARTESIAN_POINT('',(0.0102386308239506,0.00561081914613594,0.000652650178675131));
#1665=CARTESIAN_POINT('',(6.93889390390723E-18,0.00561081914613594,0.000652650178675131));
#1666=CARTESIAN_POINT('',(0.03,0.00561081914613594,0.000652650178675131));
#1667=CARTESIAN_POINT('',(0.03,0.00035610462072998,0.00227683466834607));
#1668=CARTESIAN_POINT('',(3.46944695195361E-18,-0.00682718270885787,0.00240376522990969));
#1669=CARTESIAN_POINT('',(3.46944695195361E-18,-0.00875575551303978,0.000906511301802395));
#1670=CARTESIAN_POINT('',(0.0102386308239506,-0.00875575551303978,0.000906511301802393));
#1671=CARTESIAN_POINT('',(0.03,-0.00875575551303978,0.000906511301802395));
#1672=CARTESIAN_POINT('',(0.0102386308239506,-0.00682718270885787,0.0024037652299097));
#1673=CARTESIAN_POINT('',(0.03,-0.00682718270885787,0.00240376522990969));
#1674=CARTESIAN_POINT('',(3.46944695195361E-18,-0.0188826269423513,0.00403663519813502));
#1675=CARTESIAN_POINT('',(0.015,-0.0175446666798678,0.00362308384427652));
#1676=CARTESIAN_POINT('',(0.015,-0.0165892640388849,0.00332777757342725));
#1677=CARTESIAN_POINT('',(3.46944695195361E-18,-0.0290094983716627,0.00716675909446765));
#1678=CARTESIAN_POINT('',(0.0102386308239506,-0.0290094983716627,0.00716675909446766));
#1679=CARTESIAN_POINT('',(0.03,-0.0290094983716627,0.00716675909446765));
#1680=CARTESIAN_POINT('',(0.0102386308239506,-0.0188826269423513,0.00403663519813502));
#1681=CARTESIAN_POINT('',(0.03,-0.0188826269423513,0.00403663519813502));
#1682=CARTESIAN_POINT('',(3.46944695195361E-18,-0.0307813359967583,0.0014343432485702));
#1683=CARTESIAN_POINT('',(3.38578004044434E-18,-0.0313792239099527,-0.0005));
#1684=CARTESIAN_POINT('',(0.0102386308239506,-0.0313792239099527,-0.0005));
#1685=CARTESIAN_POINT('',(3.1705347998796E-18,-0.0313792239099527,-0.0005));
#1686=CARTESIAN_POINT('',(0.0102386308239506,-0.0307813359967583,0.0014343432485702));
#1687=CARTESIAN_POINT('',(0.03,-0.0307813359967583,0.0014343432485702));
#1688=CARTESIAN_POINT('',(0.03,-0.0319625610801553,-0.00238726731536137));
#1689=CARTESIAN_POINT('',(0.025,-0.0319625610801553,-0.00238726731536137));
#1690=CARTESIAN_POINT('',(0.0295825756949558,-0.0325531736218538,-0.00429807259732724));
#1691=CARTESIAN_POINT('',(3.46944695195361E-18,-0.0325531736218538,-0.00429807259732724));
#1692=CARTESIAN_POINT('',(3.46944695195361E-18,-0.0325531736218538,-0.00429807259732724));
#1693=CARTESIAN_POINT('',(3.46944695195361E-18,-0.0307813359967583,0.0014343432485702));
#1694=CARTESIAN_POINT('',(3.46944695195361E-18,-0.0225,-1.04083408558608E-17));
#1695=CARTESIAN_POINT('',(5.22920922699125E-15,0.00136367188591498,-0.000499999999999999));
#1696=CARTESIAN_POINT('',(5.22927118176201E-15,0.00234582046430332,-0.00156312130975518));
#1697=CARTESIAN_POINT('',(6.1139957367833E-18,0.00311021122954824,-0.00280216197979903));
#1698=CARTESIAN_POINT('',(6.15236869580088E-18,0.00371852511219129,-0.0041139885841197));
#1699=CARTESIAN_POINT('',(1.04551783897122E-14,0.00136367188591498,-0.0005));
#1700=CARTESIAN_POINT('',(1.7347234759768E-18,0.00371852511219129,-0.0041139885841197));
#1701=CARTESIAN_POINT('',(3.46944695195361E-18,-0.0225,-0.0005));
#1702=CARTESIAN_POINT('',(3.46944695195361E-18,-0.0210883419300588,-0.00784174784751834));
#1703=CARTESIAN_POINT('',(3.3483638361647E-18,0.00088591881254778,-0.0146337920770513));
#1704=CARTESIAN_POINT('',(3.46944695195361E-18,0.00280540957306798,-0.00842367491066243));
#1705=CARTESIAN_POINT('',(5.23094790304003E-18,0.00415101101044403,-0.00407025849562224));
#1706=CARTESIAN_POINT('',(1.7347234759768E-18,0.00371852511219129,-0.0041139885841197));
#1707=CARTESIAN_POINT('',(1.74381245205878E-18,0.00386260965691303,-0.00409842823201703));
#1708=CARTESIAN_POINT('',(5.2218491947409E-18,0.00400677218408867,-0.00408385866464442));
#1709=CARTESIAN_POINT('',(5.23094790304003E-18,0.00415101101044403,-0.00407025849562224));
#1710=CARTESIAN_POINT('',(0.005,0.01,0.00266666666666666));
#1711=CARTESIAN_POINT('',(0.00124881355932198,0.00118471186440666,0.00207272881355931));
#1712=CARTESIAN_POINT('',(0.005,0.01,0.00488888888888888));
#1713=CARTESIAN_POINT('',(0.00159125071974954,0.00118471186440666,0.00387815254237286));
#1714=CARTESIAN_POINT('',(0.005,0.01,0.00711111111111111));
#1715=CARTESIAN_POINT('',(0.00193368788017709,0.00118471186440666,0.00568357627118642));
#1716=CARTESIAN_POINT('',(0.005,0.01,0.00933333333333333));
#1717=CARTESIAN_POINT('',(0.00227612504060464,0.00118471186440666,0.00748899999999997));
#1718=CARTESIAN_POINT('',(-0.005,-0.0135,0.00108333333333333));
#1719=CARTESIAN_POINT('',(0.005,0.01,0.00266666666666666));
#1720=CARTESIAN_POINT('',(0.00336307368143807,0.00615322315137946,0.00240748666622769));
#1721=CARTESIAN_POINT('',(0.00336307368143812,0.00615322315137959,0.0024074866662277));
#1722=CARTESIAN_POINT('',(0.00370638340470212,0.00667533148969676,0.00409666070195973));
#1723=CARTESIAN_POINT('',(0.00399783198280844,0.00720028740397019,0.005795047483433));
#1724=CARTESIAN_POINT('',(0.00424105387154269,0.00772727272727272,0.0075));
#1725=CARTESIAN_POINT('',(0.00424105387154269,0.00772727272727272,0.0075));
#1726=CARTESIAN_POINT('',(0.00229237081571037,0.0012372881355931,0.00749999999999999));
#1727=CARTESIAN_POINT('',(0.00288045009922758,0.00341857221352897,0.00749999999999998));
#1728=CARTESIAN_POINT('',(0.00353994447141023,0.0055797218024706,0.0075));
#1729=CARTESIAN_POINT('',(0.00424105387154269,0.00772727272727272,0.0075));
#1730=CARTESIAN_POINT('',(0.00229237081571037,0.0012372881355931,0.0075));
#1731=CARTESIAN_POINT('',(-0.00226136917604935,-0.0135,0.00441666666666666));
#1732=CARTESIAN_POINT('',(0.005,0.01,0.00933333333333333));
#1733=CARTESIAN_POINT('',(0.005,0.01,0.006));
#1734=CARTESIAN_POINT('',(0.00174358265302569,-0.000538757333301067,2.26847532038218E-19));
#1735=CARTESIAN_POINT('',(0.00174358265302568,-0.000538757333301067,0.0075));
#1736=CARTESIAN_POINT('',(0.005,0.01,0.016));
#1737=CARTESIAN_POINT('',(0.005,0.01,0.016));
#1738=CARTESIAN_POINT('',(0.005,0.01,0.006));
#1739=CARTESIAN_POINT('',(-3.46378711562773E-19,-0.00493738684369342,-0.0159738986119493));
#1740=CARTESIAN_POINT('',(0.01,0.00912985286925297,-0.0203219545232237));
#1741=CARTESIAN_POINT('',(0.01,0.,-0.0175));
#1742=CARTESIAN_POINT('',(0.01,-0.0105094290508118,-0.0142516310206582));
#1743=CARTESIAN_POINT('',(0.,-0.0105094290508118,-0.0142516310206582));
#1744=CARTESIAN_POINT('',(0.025,-0.0105094290508118,-0.0142516310206582));
#1745=CARTESIAN_POINT('',(0.025,-0.00493738684369342,-0.0159738986119493));
#1746=CARTESIAN_POINT('',(0.025,-0.055,-0.0005));
#1747=CARTESIAN_POINT('',(0.0075,-0.055,-0.0005));
#1748=CARTESIAN_POINT('',(-0.015,-0.055,-0.000500000000000007));
#1749=CARTESIAN_POINT('',(-0.015,-0.055,-0.000500000000000007));
#1750=CARTESIAN_POINT('',(0.,1.89242561015651E-18,-0.0175));
#1751=CARTESIAN_POINT('',(8.14763111817385E-18,5.20417042793042E-18,-0.0175));
#1752=CARTESIAN_POINT('',(0.03,-1.89242561015651E-18,0.));
#1753=CARTESIAN_POINT('',(0.03,-0.037,-0.0005));
#1754=CARTESIAN_POINT('',(0.03,-0.0380684259239715,-0.0005));
#1755=CARTESIAN_POINT('',(0.03,-0.00346085548944712,-0.0111968854070348));
#1756=CARTESIAN_POINT('',(0.03,0.00280540957306798,-0.00842367491066243));
#1757=CARTESIAN_POINT('',(0.03,0.00154545454545454,-0.0125));
#1758=CARTESIAN_POINT('',(0.03,0.01,-0.0125));
#1759=CARTESIAN_POINT('',(0.03,0.01,-0.0125));
#1760=CARTESIAN_POINT('',(0.03,0.01,0.));
#1761=CARTESIAN_POINT('',(0.03,0.01,0.0125));
#1762=CARTESIAN_POINT('',(0.03,-1.89242561015651E-18,0.0125));
#1763=CARTESIAN_POINT('',(0.03,-0.022,0.0125));
#1764=CARTESIAN_POINT('',(0.03,-0.022,0.0125));
#1765=CARTESIAN_POINT('',(-0.0451908235156407,-0.0283239040357817,-0.00952584390271196));
#1766=CARTESIAN_POINT('',(-0.03,0.,-0.0110947537260976));
#1767=CARTESIAN_POINT('',(-0.0456336701714552,-0.0283239040357817,-0.004579646109546));
#1768=CARTESIAN_POINT('',(-0.03,0.,-0.004549020250736));
#1769=CARTESIAN_POINT('',(-0.0460765168272697,-0.0283239040357817,0.000366551683619945));
#1770=CARTESIAN_POINT('',(-0.03,0.,0.00199671322462555));
#1771=CARTESIAN_POINT('',(-0.0465193634830842,-0.0283239040357817,0.0053127494767859));
#1772=CARTESIAN_POINT('',(-0.03,0.,0.00854244669998711));
#1773=CARTESIAN_POINT('',(-0.03,0.,-0.0025));
#1774=CARTESIAN_POINT('',(-0.03,0.,-0.0109783276366148));
#1775=CARTESIAN_POINT('',(-0.03,0.,0.00842602061050439));
#1776=CARTESIAN_POINT('',(-0.03,-1.36956118782519E-19,-0.0109783276366148));
#1777=CARTESIAN_POINT('',(-0.0350431211127775,-0.00939822986388875,-0.00962609890296074));
#1778=CARTESIAN_POINT('',(-0.0401363822921604,-0.0187863355592499,-0.00839079191463744));
#1779=CARTESIAN_POINT('',(-0.0452980649136446,-0.0281549741906379,-0.00730793039673887));
#1780=CARTESIAN_POINT('',(-0.0452980649136446,-0.0281549741906379,-0.00730793039673885));
#1781=CARTESIAN_POINT('',(-0.0452980649136446,-0.0281549741906379,-0.00730793039673885));
#1782=CARTESIAN_POINT('',(-0.045580790745924,-0.0280945081558569,-0.00375701139018112));
#1783=CARTESIAN_POINT('',(-0.0458618877478415,-0.028035966894911,-0.00020593014152658));
#1784=CARTESIAN_POINT('',(-0.0461415695996335,-0.0279792625929443,0.0033452921881141));
#1785=CARTESIAN_POINT('',(-0.0427609706299049,-0.022,0.00495306043575465));
#1786=CARTESIAN_POINT('',(-0.0385289467792052,-0.0146568093118577,0.00612756366972076));
#1787=CARTESIAN_POINT('',(-0.0342705412094693,-0.00732571216192647,0.00728222538941374));
#1788=CARTESIAN_POINT('',(-0.03,0.,0.00842602061050438));
#1789=CARTESIAN_POINT('',(0.,0.01,-3.46944695195361E-18));
#1790=CARTESIAN_POINT('',(-0.015,0.01,-0.005));
#1791=CARTESIAN_POINT('',(-0.015,0.01,-0.004));
#1792=CARTESIAN_POINT('',(0.015,0.01,0.005));
#1793=CARTESIAN_POINT('',(0.015,0.01,0.006));
#1794=CARTESIAN_POINT('',(-0.005,0.01,-3.46944695195361E-18));
#1795=CARTESIAN_POINT('',(-0.005,0.01,0.016));
#1796=CARTESIAN_POINT('',(-0.005,0.01,0.006));
#1797=CARTESIAN_POINT('',(-0.005,0.01,-0.004));
#1798=CARTESIAN_POINT('',(0.,0.01,-0.004));
#1799=CARTESIAN_POINT('',(0.005,0.01,-0.004));
#1800=CARTESIAN_POINT('',(0.005,0.01,0.006));
#1801=CARTESIAN_POINT('',(0.005,0.01,-3.46944695195361E-18));
#1802=CARTESIAN_POINT('',(0.025,0.01,0.0125));
#1803=CARTESIAN_POINT('',(0.025,0.01,-0.0125));
#1804=CARTESIAN_POINT('',(0.025,0.01,-0.0175));
#1805=CARTESIAN_POINT('',(0.,0.01,-0.0175));
#1806=CARTESIAN_POINT('',(-0.03,0.01,-0.0175));
#1807=CARTESIAN_POINT('',(-0.03,0.01,-0.0025));
#1808=CARTESIAN_POINT('',(-0.03,0.01,0.00859611796797793));
#1809=CARTESIAN_POINT('',(-0.025,0.01,0.00859611796797793));
#1810=CARTESIAN_POINT('',(-0.015,0.01,0.005));
#1811=CARTESIAN_POINT('',(-0.015,0.01,0.006));
#1812=CARTESIAN_POINT('',(0.015,0.01,-0.005));
#1813=CARTESIAN_POINT('',(0.015,0.01,-0.004));
#1814=CARTESIAN_POINT('',(-0.015,-0.055,-0.000500000000000007));
#1815=CARTESIAN_POINT('',(0.,0.,-0.0175));
#1816=CARTESIAN_POINT('',(-0.0295521375021799,-0.055,-0.00413803437554501));
#1817=CARTESIAN_POINT('',(-0.01,0.,-0.0175));
#1818=CARTESIAN_POINT('',(-0.0441042750043599,-0.055,-0.00777606875109001));
#1819=CARTESIAN_POINT('',(-0.02,0.,-0.0175));
#1820=CARTESIAN_POINT('',(-0.0586564125065399,-0.055,-0.011414103126635));
#1821=CARTESIAN_POINT('',(-0.03,0.,-0.0175));
#1822=CARTESIAN_POINT('',(-0.0368282062532699,-0.055,-0.00595705156331751));
#1823=CARTESIAN_POINT('',(-0.0512967739646858,-0.055,-0.00957419349117146));
#1824=CARTESIAN_POINT('',(-0.0512967739646858,-0.055,-0.00957419349117146));
#1825=CARTESIAN_POINT('',(-0.0439136667893756,-0.0417028653346141,-0.0112374959536653));
#1826=CARTESIAN_POINT('',(-0.0368336561346438,-0.028271378357059,-0.0131395047267665));
#1827=CARTESIAN_POINT('',(-0.03,-0.0147390712095063,-0.0152017923701383));
#1828=CARTESIAN_POINT('',(-0.03,-0.0147390712095063,-0.0152017923701383));
#1829=CARTESIAN_POINT('',(-0.03,0.,-0.0175));
#1830=CARTESIAN_POINT('',(-0.03,-0.00495127432552467,-0.0169521282738749));
#1831=CARTESIAN_POINT('',(-0.03,-0.00985964451985868,-0.0161595132977534));
#1832=CARTESIAN_POINT('',(-0.03,-0.0147390712095063,-0.0152017923701383));
#1833=CARTESIAN_POINT('',(-0.03,1.7347234759768E-18,-0.0175));
#1834=CARTESIAN_POINT('',(0.,0.,-0.0175));
#1835=CARTESIAN_POINT('',(0.,0.01,-0.0175));
#1836=CARTESIAN_POINT('',(0.025,0.,-0.0175));
#1837=CARTESIAN_POINT('',(0.025,0.,-0.0175));
#1838=CARTESIAN_POINT('',(0.,0.,-0.0175));
#1839=CARTESIAN_POINT('',(-0.03,0.01,-0.0175));
#1840=CARTESIAN_POINT('',(-0.03,0.01,-0.0025));
#1841=CARTESIAN_POINT('',(-0.03,-0.0147390712095063,-0.0152017923701383));
#1842=CARTESIAN_POINT('',(-0.03,-0.0133579340702438,-0.0154728783042675));
#1843=CARTESIAN_POINT('',(-0.03,-0.0105918747222855,-0.015794735347439));
#1844=CARTESIAN_POINT('',(-0.03,-0.00711515802473328,-0.0156594340346705));
#1845=CARTESIAN_POINT('',(-0.03,-0.00433668904930406,-0.0150742875421088));
#1846=CARTESIAN_POINT('',(-0.03,-0.00268520280504235,-0.0144389940235592));
#1847=CARTESIAN_POINT('',(-0.03,-0.00149998290041377,-0.0136934099584178));
#1848=CARTESIAN_POINT('',(-0.03,-0.000440358037958354,-0.0127226256314838));
#1849=CARTESIAN_POINT('',(-0.03,-6.91470072111696E-18,-0.0116968060396709));
#1850=CARTESIAN_POINT('',(-0.03,-9.55066169724419E-18,-0.0109783276366148));
#1851=CARTESIAN_POINT('',(-0.03,0.,0.00842602061050439));
#1852=CARTESIAN_POINT('',(-0.03,-3.91035351556061E-19,0.00848278336047016));
#1853=CARTESIAN_POINT('',(-0.03,-1.88873814647397E-6,0.00853948283759793));
#1854=CARTESIAN_POINT('',(-0.03,-5.69827139108292E-6,0.00859611796797793));
#1855=CARTESIAN_POINT('',(-0.03,-5.69827139108148E-6,0.00859611796797793));
#1856=CARTESIAN_POINT('',(-0.03,0.01,0.00859611796797793));
#1857=CARTESIAN_POINT('',(0.015,-0.01,0.005));
#1858=CARTESIAN_POINT('',(0.015,-0.01,0.005));
#1859=CARTESIAN_POINT('',(0.015,-0.01,0.006));
#1860=CARTESIAN_POINT('',(0.,-0.01,3.46944695195361E-18));
#1861=CARTESIAN_POINT('',(-0.015,-0.01,0.005));
#1862=CARTESIAN_POINT('',(-0.015,-0.01,0.005));
#1863=CARTESIAN_POINT('',(-0.015,-0.01,0.006));
#1864=CARTESIAN_POINT('',(0.,-0.01,3.46944695195361E-18));
#1865=CARTESIAN_POINT('',(-0.015,-0.01,-0.005));
#1866=CARTESIAN_POINT('',(-0.015,-0.01,-0.005));
#1867=CARTESIAN_POINT('',(-0.015,-0.01,-0.004));
#1868=CARTESIAN_POINT('',(0.,-0.01,3.46944695195361E-18));
#1869=CARTESIAN_POINT('',(0.015,-0.01,-0.005));
#1870=CARTESIAN_POINT('',(0.015,0.00386363636363636,-0.005));
#1871=CARTESIAN_POINT('',(0.015,0.00417272727272727,-0.004));
#1872=CARTESIAN_POINT('',(0.0075,-0.037,-0.0005));
#1873=CARTESIAN_POINT('',(0.025,-0.0380684259239715,-0.0005));
#1874=CARTESIAN_POINT('',(0.0102386308239506,0.00772927272727272,-0.0005));
#1875=CARTESIAN_POINT('',(1.04538773471052E-14,0.00136367188591498,-0.0005));
#1876=CARTESIAN_POINT('',(-0.00353103816106652,-0.00500012716553319,-0.0005));
#1877=CARTESIAN_POINT('',(-0.00679601777382858,-0.0114910117084312,-0.000499999999999999));
#1878=CARTESIAN_POINT('',(-0.00952273835209871,-0.0182390009914662,-0.000499999999999999));
#1879=CARTESIAN_POINT('',(-0.0095227383520987,-0.0182390009914663,-0.0005));
#1880=CARTESIAN_POINT('',(-0.0095227383520987,0.00772927272727272,-0.0005));
#1881=CARTESIAN_POINT('',(-0.0095227383520987,-0.037,-0.0005));
#1882=CARTESIAN_POINT('',(0.0075,-0.037,-0.0005));
#1883=CARTESIAN_POINT('',(-0.015,-0.037,-0.000500000000000007));
#1884=CARTESIAN_POINT('',(-0.015,-0.037,-0.000500000000000007));
#1885=CARTESIAN_POINT('',(-0.0368282062532699,-0.037,-0.00595705156331751));
#1886=CARTESIAN_POINT('',(-0.0368282062532699,-0.037,-0.00595705156331751));
#1887=CARTESIAN_POINT('',(-0.0400432669438073,-0.037,-0.00676081673595185));
#1888=CARTESIAN_POINT('',(-0.0409802539563628,-0.037,-0.00699506348909072));
#1889=CARTESIAN_POINT('',(-0.0428251959810658,-0.0365439366151776,-0.00745629899526647));
#1890=CARTESIAN_POINT('',(-0.0450106267730912,-0.034642266039646,-0.00800265669327282));
#1891=CARTESIAN_POINT('',(-0.046100561496584,-0.03189978546649,-0.00827514037414603));
#1892=CARTESIAN_POINT('',(-0.0459209906725808,-0.0299444418735958,-0.00823024766814522));
#1893=CARTESIAN_POINT('',(-0.0456103150949941,-0.0290329013989757,-0.00815257877374854));
#1894=CARTESIAN_POINT('',(-0.0456103150949941,-0.0290329013989757,-0.00815257877374854));
#1895=CARTESIAN_POINT('',(-0.0512967739646858,-0.055,-0.00957419349117146));
#1896=CARTESIAN_POINT('',(-0.0515896232640781,-0.055,-0.00964740581601955));
#1897=CARTESIAN_POINT('',(-0.0521755712893721,-0.0548337792258147,-0.00979389282234305));
#1898=CARTESIAN_POINT('',(-0.0527033278970712,-0.0540695121806589,-0.00992583197426783));
#1899=CARTESIAN_POINT('',(-0.052930398321437,-0.0532023609673126,-0.00998259958035926));
#1900=CARTESIAN_POINT('',(-0.0530441667691295,-0.0520223148032932,-0.0100110416922824));
#1901=CARTESIAN_POINT('',(-0.0529699517793441,-0.0505430451416581,-0.00999248794483604));
#1902=CARTESIAN_POINT('',(-0.0527181309787265,-0.0487887262937902,-0.00992953274468165));
#1903=CARTESIAN_POINT('',(-0.0523639732745547,-0.0470682403759932,-0.00984099331863871));
#1904=CARTESIAN_POINT('',(-0.051795296340101,-0.0447980557995765,-0.00969882408502527));
#1905=CARTESIAN_POINT('',(-0.0509468022115919,-0.0419988199565213,-0.009486700552898));
#1906=CARTESIAN_POINT('',(-0.049774673727505,-0.0386782595982933,-0.00919366843187628));
#1907=CARTESIAN_POINT('',(-0.0484883049037289,-0.0354148043862593,-0.00887207622593226));
#1908=CARTESIAN_POINT('',(-0.0471028912855371,-0.0321981162169237,-0.0085257228213843));
#1909=CARTESIAN_POINT('',(-0.0461179540257969,-0.0300831415514955,-0.00827948850644925));
#1910=CARTESIAN_POINT('',(-0.0456103150949928,-0.0290329013989731,-0.00815257877374823));
#1911=CARTESIAN_POINT('',(0.0102386308239507,-0.022,0.0125));
#1912=CARTESIAN_POINT('',(0.02,-0.035,0.0125));
#1913=CARTESIAN_POINT('',(0.02075,-0.035,0.0125));
#1914=CARTESIAN_POINT('',(0.0102386308239507,-0.022,0.0125));
#1915=CARTESIAN_POINT('',(-0.00476405477152061,-0.022,0.0125));
#1916=CARTESIAN_POINT('',(-0.0035312946733241,-0.0178799254001682,0.0125));
#1917=CARTESIAN_POINT('',(-0.010964646065034,-0.022,0.00414709853131608));
#1918=CARTESIAN_POINT('',(-0.0052328314367884,-0.022,0.0038369378846994));
#1919=CARTESIAN_POINT('',(0.025,-0.022,0.0125));
#1920=CARTESIAN_POINT('',(-0.0206283108811267,-0.035,-0.00190913927309448));
#1921=CARTESIAN_POINT('',(-0.0219136006192983,-0.034412308657522,0.00565351314422728));
#1922=CARTESIAN_POINT('',(-0.0216878448705348,-0.0349997951350731,0.00575683816626393));
#1923=CARTESIAN_POINT('',(-0.0219289984789058,-0.0355885108021857,0.00571472704176236));
#1924=CARTESIAN_POINT('',(-0.0224994262770414,-0.0358313453393521,0.00556943858964806));
#1925=CARTESIAN_POINT('',(-0.0230624570420815,-0.0355861013225745,0.00539828542125002));
#1926=CARTESIAN_POINT('',(-0.023282959209543,-0.0349994945384996,0.00528462390641049));
#1927=CARTESIAN_POINT('',(-0.0230372620636745,-0.0344125681664186,0.0053011757764547));
#1928=CARTESIAN_POINT('',(-0.0224688080303541,-0.034168781205564,0.00545781596562866));
#1929=CARTESIAN_POINT('',(-0.0219136006192983,-0.034412308657522,0.00565351314422728));
#1930=CARTESIAN_POINT('',(-0.0216878448705348,-0.0349997951350731,0.00575683816626393));
#1931=CARTESIAN_POINT('',(-0.0219289984789058,-0.0355885108021857,0.00571472704176236));
#1932=CARTESIAN_POINT('',(-0.0217656630967238,-0.035,0.00573259880850756));
#1933=CARTESIAN_POINT('',(-0.0368282062532699,-0.037,-0.00595705156331751));
#1934=CARTESIAN_POINT('',(-0.0388475429061589,-0.035,-0.00646188572653974));
#1935=CARTESIAN_POINT('',(-0.0381199360310499,-0.035,-0.00627998400776249));
#1936=CARTESIAN_POINT('',(-0.0388470578349088,-0.035,-0.00646382601154003));
#1937=CARTESIAN_POINT('',(0.0075,-0.037,-0.0005));
#1938=CARTESIAN_POINT('',(0.02,-0.035,-0.0005));
#1939=CARTESIAN_POINT('',(0.02075,-0.035,-0.0005));
#1940=CARTESIAN_POINT('',(0.02,-0.035,-0.000502));
#1941=CARTESIAN_POINT('',(3.46944695195361E-18,-0.0210883419300588,-0.00784174784751834));
#1942=CARTESIAN_POINT('',(0.0295825756949558,-0.0325531736218538,-0.00429807259732724));
#1943=CARTESIAN_POINT('',(0.0295825756949558,-0.00962351023826405,-0.0113854230977095));
#1944=CARTESIAN_POINT('',(3.46944695195361E-18,-0.00962351023826399,-0.0113854230977095));
#1945=CARTESIAN_POINT('',(0.01,-0.00962351023826399,-0.0113854230977095));
#1946=CARTESIAN_POINT('',(0.01,0.0100157716818007,-0.0174557466002749));
#1947=CARTESIAN_POINT('',(0.01,0.000885918812547782,-0.0146337920770513));
#1948=CARTESIAN_POINT('',(4.13239070808292E-18,0.00088591881254778,-0.0146337920770513));
#1949=CARTESIAN_POINT('',(3.46944695195361E-18,-0.0100664696445379,-0.0128185270591838));
#1950=CARTESIAN_POINT('',(0.01,-0.0100664696445379,-0.0128185270591838));
#1951=CARTESIAN_POINT('',(0.025,-0.00903289769656553,-0.00947461781574366));
#1952=CARTESIAN_POINT('',(3.46944695195361E-18,0.00280540957306798,-0.00842367491066243));
#1953=CARTESIAN_POINT('',(0.0102386308239506,0.00659890157458714,0.00384938744719372));
#1954=CARTESIAN_POINT('',(0.0102386308239506,0.00772727272727272,0.0075));
#1955=CARTESIAN_POINT('',(0.000357946235925973,0.00772727272727272,0.0075));
#1956=CARTESIAN_POINT('',(0.00336307368143807,0.00615322315137946,0.00240748666622769));
#1957=CARTESIAN_POINT('',(0.00257918441055489,0.00545488603077319,0.00014816068779563));
#1958=CARTESIAN_POINT('',(0.00154995525807802,0.00478214689106568,-0.00202834829361102));
#1959=CARTESIAN_POINT('',(0.00033537711307728,0.00413985769493943,-0.00410634275166654));
#1960=CARTESIAN_POINT('',(0.00033537711307728,0.00413985769493944,-0.00410634275166654));
#1961=CARTESIAN_POINT('',(0.00033537711307728,0.00413985769493944,-0.00410634275166654));
#1962=CARTESIAN_POINT('',(0.000223587791077274,0.00414358346209458,-0.00409428879910578));
#1963=CARTESIAN_POINT('',(0.000111795412770207,0.00414730121483601,-0.00408226077553054));
#1964=CARTESIAN_POINT('',(1.7347234759768E-18,0.00415101101044403,-0.00407025849562224));
#1965=CARTESIAN_POINT('',(0.01,0.00044295940627389,-0.0160668960385256));
#1966=CARTESIAN_POINT('',(0.025,0.00154545454545454,-0.0125));
#1967=CARTESIAN_POINT('',(0.015,0.0165319079606281,0.113870825328234));
#1968=CARTESIAN_POINT('',(0.025,-0.00346085548944712,-0.0111968854070348));
#1969=CARTESIAN_POINT('',(-0.0397482009685331,-0.0246654658453052,0.0100629497578667));
#1970=CARTESIAN_POINT('',(-0.0433164491106798,-0.022476835915331,0.00917088772233005));
#1971=CARTESIAN_POINT('',(-0.0428412163171646,-0.0221392454915601,0.00493078666842775));
#1972=CARTESIAN_POINT('',(-0.0352284173588627,-0.0168360511621092,0.0111928956602843));
#1973=CARTESIAN_POINT('',(-0.0387515953450358,-0.0147744266445858,0.0103121011638736));
#1974=CARTESIAN_POINT('',(-0.0383297988774551,-0.0143104447611711,0.00618320942700914));
#1975=CARTESIAN_POINT('',(-0.0306854731777916,-0.00902079413250771,0.0123286317055521));
#1976=CARTESIAN_POINT('',(-0.0341227501324924,-0.00696374252725496,0.0114693124667218));
#1977=CARTESIAN_POINT('',(-0.0337905464143478,-0.00649909494982204,0.00741248325464791));
#1978=CARTESIAN_POINT('',(-0.0261316830978117,-0.00121230530197126,0.0134670792255471));
#1979=CARTESIAN_POINT('',(-0.0294834159572268,0.00086454095960551,0.0126291460106933));
#1980=CARTESIAN_POINT('',(-0.0292390085069429,0.00130511244585906,0.00862968387292912));
#1981=CARTESIAN_POINT('',(-0.03,-5.69827139108148E-6,0.00859611796797793));
#1982=CARTESIAN_POINT('',(-0.03,-8.22358456087276E-5,0.00973397796721009));
#1983=CARTESIAN_POINT('',(-0.0292084542163494,-0.000443638736786834,0.0119406603746606));
#1984=CARTESIAN_POINT('',(-0.0272632520016989,-0.00105076983507667,0.0131841869995753));
#1985=CARTESIAN_POINT('',(-0.0262126781251817,-0.001351192234728,0.0134468304687046));
#1986=CARTESIAN_POINT('',(-0.025,6.77813074605334E-20,0.00859611796797793));
#1987=CARTESIAN_POINT('',(0.025,-1.5770213417971E-18,0.0125));
#1988=CARTESIAN_POINT('',(0.025,0.01,-0.0125));
#1989=CARTESIAN_POINT('',(-0.0399524899491208,-0.037,-0.00778241163905733));
#1990=CARTESIAN_POINT('',(-0.0499247249166886,-0.037,-0.00866888888768411));
#1991=CARTESIAN_POINT('',(-0.0452229443422917,-0.0281710771418715,-0.00825092626237558));
#1992=CARTESIAN_POINT('',(-0.0403221196759949,-0.037,-0.00362434159993568));
#1993=CARTESIAN_POINT('',(-0.0504529072492785,-0.0369999999999287,-0.00447427206373018));
#1994=CARTESIAN_POINT('',(-0.0455547475356742,-0.0280997877225562,-0.00408792735262829));
#1995=CARTESIAN_POINT('',(-0.0406899111087782,-0.037,0.000533891677549169));
#1996=CARTESIAN_POINT('',(-0.0509742254331088,-0.036999999999882,-0.000328139226580594));
#1997=CARTESIAN_POINT('',(-0.0458842758626643,-0.02803115638441,7.51776296548382E-5));
#1998=CARTESIAN_POINT('',(-0.0410560053577638,-0.037,0.0046922744977861));
#1999=CARTESIAN_POINT('',(-0.0514893232458959,-0.037,0.00377374971528973));
#2000=CARTESIAN_POINT('',(-0.0462118748131928,-0.0279650411368912,0.00423836387022681));
#2001=CARTESIAN_POINT('',(-0.0452980649136446,-0.0281549741906379,-0.00730793039673885));
#2002=CARTESIAN_POINT('',(-0.0454248106765968,-0.0284360549815386,-0.00759197305462057));
#2003=CARTESIAN_POINT('',(-0.0455292477905352,-0.0287291612365386,-0.00787407028811511));
#2004=CARTESIAN_POINT('',(-0.0456103150949941,-0.0290329013989757,-0.00815257877374854));
#2005=CARTESIAN_POINT('',(-0.0581405445664702,-0.0511429550927017,-0.00500837265020639));
#2006=CARTESIAN_POINT('',(-0.0573537356028854,-0.052407338578711,-0.0117829759269508));
#2007=CARTESIAN_POINT('',(-0.0515579050806608,-0.0554699968322422,-0.00951549792664449));
#2008=CARTESIAN_POINT('',(-0.0533065490026223,-0.0426172110592825,-0.00570574591961455));
#2009=CARTESIAN_POINT('',(-0.0527611116750422,-0.043625357402039,-0.0127606543472847));
#2010=CARTESIAN_POINT('',(-0.0467975523250448,-0.046907661173494,-0.0105830694086149));
#2011=CARTESIAN_POINT('',(-0.0437691151854673,-0.0254940183248966,-0.00749948010055505));
#2012=CARTESIAN_POINT('',(-0.0438847106374143,-0.026617938609521,-0.0146612881803787));
#2013=CARTESIAN_POINT('',(-0.0375399891963577,-0.0296650385951686,-0.0129185649790583));
#2014=CARTESIAN_POINT('',(-0.0344418019523613,-0.00827989882143573,-0.00978445184453451));
#2015=CARTESIAN_POINT('',(-0.0348752063914463,-0.00933237667815547,-0.016597789477731));
#2016=CARTESIAN_POINT('',(-0.0287004759610303,-0.0122523287574342,-0.015565460163471));
#2017=CARTESIAN_POINT('',(-0.0298185960851294,0.000338105119989062,-0.0110270257292686));
#2018=CARTESIAN_POINT('',(-0.0302511771160692,-0.000458234115817694,-0.0175905025072337));
#2019=CARTESIAN_POINT('',(-0.0243986475356848,-0.00349686323711265,-0.0169461885188351));
#2020=CARTESIAN_POINT('',(-0.005,0.01,0.016));
#2021=CARTESIAN_POINT('',(-0.015,-0.037,0.0075));
#2022=CARTESIAN_POINT('',(-0.005,0.01,0.00933333333333333));
#2023=CARTESIAN_POINT('',(-0.0214313162719707,-0.037,0.00589217093200731));
#2024=CARTESIAN_POINT('',(-0.005,0.01,0.00266666666666667));
#2025=CARTESIAN_POINT('',(-0.0278626325439414,-0.037,0.00428434186401463));
#2026=CARTESIAN_POINT('',(-0.005,0.01,-0.004));
#2027=CARTESIAN_POINT('',(-0.0342939488159121,-0.037,0.00267651279602196));
#2028=CARTESIAN_POINT('',(-0.00587527351865846,0.00772727272727272,0.0075));
#2029=CARTESIAN_POINT('',(-0.00712489220862714,0.00446394492906911,0.0075));
#2030=CARTESIAN_POINT('',(-0.00834772167849384,0.00119067445949922,0.0074999999999999));
#2031=CARTESIAN_POINT('',(-0.00952273835209871,-0.00210034146583717,0.0074999999999999));
#2032=CARTESIAN_POINT('',(-0.00587527351865846,0.00772727272727272,0.0075));
#2033=CARTESIAN_POINT('',(-0.0095227383520987,-0.00210034146583722,0.0075));
#2034=CARTESIAN_POINT('',(-0.00587527351865846,0.00772727272727272,0.0075));
#2035=CARTESIAN_POINT('',(-0.00632496119045273,0.00689389924563143,0.00480379167704287));
#2036=CARTESIAN_POINT('',(-0.00691682630263429,0.00606947288445041,0.00213652992028076));
#2037=CARTESIAN_POINT('',(-0.00765963760373107,0.00525454545454545,-0.0005));
#2038=CARTESIAN_POINT('',(-0.00765963760373107,0.00525454545454545,-0.0005));
#2039=CARTESIAN_POINT('',(-0.0095227383520987,0.00203036540792506,-0.0005));
#2040=CARTESIAN_POINT('',(-0.00889522117487664,0.00310134552838119,-0.0005));
#2041=CARTESIAN_POINT('',(-0.00827451136381982,0.00417625930291795,-0.000500000000000124));
#2042=CARTESIAN_POINT('',(-0.00765963760373105,0.00525454545454552,-0.000500000000000124));
#2043=CARTESIAN_POINT('',(-0.0095227383520987,0.00203036540792506,-0.0005));
#2044=CARTESIAN_POINT('',(-0.0095227383520987,0.00203036540792506,-0.0005));
#2045=CARTESIAN_POINT('',(-0.0095227383520987,0.00156809362718598,0.000942752402028325));
#2046=CARTESIAN_POINT('',(-0.00952273835209869,0.000498744173042709,0.00375053763176767));
#2047=CARTESIAN_POINT('',(-0.0095227383520987,-0.00110235421580092,0.00634562137480445));
#2048=CARTESIAN_POINT('',(-0.0095227383520987,-0.00210034146583723,0.0075));
#2049=CARTESIAN_POINT('',(-0.019646974407956,-0.0135,-0.000661743601989022));
#2050=CARTESIAN_POINT('',(-0.005,0.01,0.016));
#2051=CARTESIAN_POINT('',(-0.005,0.01,-0.004));
#2052=CARTESIAN_POINT('',(-0.0342939488159121,-0.037,0.00267651279602196));
#2053=CARTESIAN_POINT('',(-0.00166666666666667,0.01,-0.004));
#2054=CARTESIAN_POINT('',(-0.0336664978355199,-0.037,0.000166708874453329));
#2055=CARTESIAN_POINT('',(0.00166666666666667,0.01,-0.004));
#2056=CARTESIAN_POINT('',(-0.0330390468551278,-0.037,-0.0023430950471153));
#2057=CARTESIAN_POINT('',(0.005,0.01,-0.004));
#2058=CARTESIAN_POINT('',(-0.0324115958747356,-0.037,-0.00485289896868392));
#2059=CARTESIAN_POINT('',(-0.0137057979373678,-0.0135,-0.00442644948434196));
#2060=CARTESIAN_POINT('',(-0.0137057979373678,-0.0135,-0.00442644948434196));
#2061=CARTESIAN_POINT('',(0.005,0.01,-0.004));
#2062=CARTESIAN_POINT('',(0.000307389375755744,0.00410469684110907,-0.00410698080817653));
#2063=CARTESIAN_POINT('',(0.005,0.01,-0.00177777777777778));
#2064=CARTESIAN_POINT('',(0.00103537970314341,0.00410469684110907,-0.00198149874211642));
#2065=CARTESIAN_POINT('',(0.005,0.01,0.000444444444444444));
#2066=CARTESIAN_POINT('',(0.00176337003053108,0.00410469684110907,0.000143983323943689));
#2067=CARTESIAN_POINT('',(0.005,0.01,0.00266666666666666));
#2068=CARTESIAN_POINT('',(0.00249136035791875,0.00410469684110907,0.0022694653900038));
#2069=CARTESIAN_POINT('',(-0.00948987478221129,-0.0240512057381965,0.000372436492816544));
#2070=CARTESIAN_POINT('',(-0.015,-0.037,-0.0005));
#2071=CARTESIAN_POINT('',(-0.00816712752508632,-0.0240512057381965,0.000984672628126398));
#2072=CARTESIAN_POINT('',(-0.0131742461173662,-0.037,-0.0005));
#2073=CARTESIAN_POINT('',(-0.00684438026796135,-0.0240512057381965,0.00159690876343626));
#2074=CARTESIAN_POINT('',(-0.0113484922347325,-0.037,-0.0005));
#2075=CARTESIAN_POINT('',(-0.00552163301083639,-0.0240512057381965,0.00220914489874611));
#2076=CARTESIAN_POINT('',(-0.0095227383520987,-0.037,-0.0005));
#2077=CARTESIAN_POINT('',(-0.0095227383520987,-0.037,-0.0005));
#2078=CARTESIAN_POINT('',(-0.0095227383520987,-0.0348845948940893,-5.74152437988211E-5));
#2079=CARTESIAN_POINT('',(-0.00952273835209869,-0.0306125487907665,0.000627594697676413));
#2080=CARTESIAN_POINT('',(-0.0095227383520987,-0.0262743640171732,0.000641836123373061));
#2081=CARTESIAN_POINT('',(-0.0095227383520987,-0.024128435127432,0.000367233094251038));
#2082=CARTESIAN_POINT('',(-0.0095227383520987,-0.024128435127432,0.000367233094251037));
#2083=CARTESIAN_POINT('',(-0.005,-0.0135,0.00108333333333333));
#2084=CARTESIAN_POINT('',(0.00019446957524842,0.00396283626286444,-0.00410955512181232));
#2085=CARTESIAN_POINT('',(-0.0324115958747356,-0.037,-0.00485289896868392));
#2086=CARTESIAN_POINT('',(0.000939977768302413,0.00396283626286444,-0.00198640094528099));
#2087=CARTESIAN_POINT('',(-0.0266077305831571,-0.037,-0.00340193264578928));
#2088=CARTESIAN_POINT('',(0.00168548596135641,0.00396283626286444,0.000136753231250325));
#2089=CARTESIAN_POINT('',(-0.0208038652915786,-0.037,-0.00195096632289464));
#2090=CARTESIAN_POINT('',(0.0024309941544104,0.00396283626286444,0.00225990740778164));
#2091=CARTESIAN_POINT('',(-0.015,-0.037,-0.000500000000000007));
#2092=CARTESIAN_POINT('',(-0.0095227383520987,-0.024128435127432,0.000367233094251035));
#2093=CARTESIAN_POINT('',(-0.0095227383520987,-0.0221519599478172,0.000168683434829958));
#2094=CARTESIAN_POINT('',(-0.0095227383520987,-0.0201862731165611,-0.000103130572452292));
#2095=CARTESIAN_POINT('',(-0.0095227383520987,-0.0182390009914662,-0.000499999999999994));
#2096=CARTESIAN_POINT('',(0.01,0.00957281227552682,-0.0188888505617493));
#2097=CARTESIAN_POINT('',(-0.0095227383520987,0.00772927272727272,0.0035));
#2098=CARTESIAN_POINT('',(0.000357946235925973,0.00772927272727272,0.0075));
#2099=CARTESIAN_POINT('',(0.0102386308239506,0.00772927272727272,0.0075));
#2100=CARTESIAN_POINT('',(0.0102386308239506,0.00772927272727272,0.0035));
#2101=CARTESIAN_POINT('',(3.46944695195361E-18,0.00280540957306798,-0.00842367491066243));
#2102=CARTESIAN_POINT('',(0.000357946235925973,0.00772727272727272,0.0075));
#2103=CARTESIAN_POINT('',(-0.0095227383520987,0.00772727272727272,0.0075));
#2104=CARTESIAN_POINT('',(-0.0095227383520987,0.00659890157458714,0.00384938744719372));
#2105=CARTESIAN_POINT('',(-0.0095227383520987,0.00525454545454545,-0.0005));
#2106=CARTESIAN_POINT('',(0.0075,0.00525454545454545,-0.0005));
#2107=CARTESIAN_POINT('',(-0.0095227383520987,0.00772927272727272,0.0035));
#2108=CARTESIAN_POINT('',(-0.0095227383520987,0.00772927272727272,-0.0005));
#2109=CARTESIAN_POINT('',(-0.0095227383520987,0.00772927272727272,0.0075));
#2110=CARTESIAN_POINT('',(0.000357946235925973,0.00772927272727272,0.0075));
#2111=CARTESIAN_POINT('',(0.0075,0.00772927272727272,-0.0005));
#2112=CARTESIAN_POINT('',(-0.005,0.00555089665798318,0.0406009243617401));
#2113=CARTESIAN_POINT('',(-0.005,0.00555089665798318,0.0406009243617401));
#2114=CARTESIAN_POINT('',(0.005,0.00555089665798318,0.0406009243617401));
#2115=CARTESIAN_POINT('',(0.005,0.00555089665798318,0.0406009243617401));
#2116=CARTESIAN_POINT('',(0.005,0.0301518210197232,0.0450500277037569));
#2117=CARTESIAN_POINT('',(-0.005,0.0301518210197232,0.0450500277037569));
#2118=MECHANICAL_DESIGN_GEOMETRIC_PRESENTATION_REPRESENTATION('',(#1194),
#2119);
#2119=(
GEOMETRIC_REPRESENTATION_CONTEXT(3)
GLOBAL_UNCERTAINTY_ASSIGNED_CONTEXT((#2120))
GLOBAL_UNIT_ASSIGNED_CONTEXT((#2123,#2122,#2121))
REPRESENTATION_CONTEXT('Part 1','TOP_LEVEL_ASSEMBLY_PART')
);
#2120=UNCERTAINTY_MEASURE_WITH_UNIT(LENGTH_MEASURE(2.E-5),#2123,
'DISTANCE_ACCURACY_VALUE','Maximum Tolerance applied to model');
#2121=(
NAMED_UNIT(*)
SI_UNIT($,.STERADIAN.)
SOLID_ANGLE_UNIT()
);
#2122=(
NAMED_UNIT(*)
PLANE_ANGLE_UNIT()
SI_UNIT($,.RADIAN.)
);
#2123=(
LENGTH_UNIT()
NAMED_UNIT(*)
SI_UNIT($,.METRE.)
);
#2124=PRODUCT_DEFINITION_SHAPE('','',#2125);
#2125=PRODUCT_DEFINITION('','',#2127,#2126);
#2126=PRODUCT_DEFINITION_CONTEXT('',#2133,'design');
#2127=PRODUCT_DEFINITION_FORMATION_WITH_SPECIFIED_SOURCE('','',#2129,
 .NOT_KNOWN.);
#2128=PRODUCT_RELATED_PRODUCT_CATEGORY('','',(#2129));
#2129=PRODUCT('Part 1','Part 1','Part 1',(#2131));
#2130=PRODUCT_CATEGORY('','');
#2131=PRODUCT_CONTEXT('',#2133,'mechanical');
#2132=APPLICATION_PROTOCOL_DEFINITION('international standard',
'ap242_managed_model_based_3d_engineering',2020,#2133);
#2133=APPLICATION_CONTEXT('managed model based 3d engineering');
ENDSEC;
END-ISO-10303-21;
